#        weight    minuslogpost              H0         omega_b       omega_cdm               w         Omega_m    Omega_k_1000       chi2__BAO        chi2__SN   minuslogprior minuslogprior__0            chi2 chi2__sn.pantheonplus chi2__bao.desi_dr2.desi_bao_all
             34       1261.6023       77.874111     0.015137688      0.13978939      -2.1836788      0.25652914               0        369.7849       2158.9172      -2.7487472       -2.7487472       2528.7021             2158.9172                        369.7849
              2       1260.8985       77.736472     0.015121045      0.13980817       -2.183363      0.25744189               0       374.92985       2152.3646      -2.7487472       -2.7487472       2527.2945             2152.3646                       374.92985
             19       1262.8791       78.093765     0.015043883      0.13922803      -2.1834016      0.25401381               0       354.97214       2176.2836      -2.7487472       -2.7487472       2531.2557             2176.2836                       354.97214
             11       1258.6997       78.232142     0.015056912      0.13978008      -2.1834062      0.25403928               0       346.78716       2176.1097      -2.7487472       -2.7487472       2522.8968             2176.1097                       346.78716
              5       1257.0903       78.137758     0.015076346      0.13996709      -2.1826195      0.25499151               0       350.90039       2168.7777      -2.7487472       -2.7487472       2519.6781             2168.7777                       350.90039
              8       1256.9277       78.068471     0.015051879      0.13994298      -2.1829841      0.25536462               0       352.89103       2166.4619      -2.7487472       -2.7487472        2519.353             2166.4619                       352.89103
             43       1257.5409       77.378298     0.015007099      0.13984809      -2.1830557      0.25970713               0       383.90354       2136.6757      -2.7487472       -2.7487472       2520.5793             2136.6757                       383.90354
              5       1256.9595       77.368848     0.015008225      0.13992436       -2.183029      0.25989987               0       384.06327       2135.3533      -2.7487472       -2.7487472       2519.4165             2135.3533                       384.06327
             11       1257.2244       77.337023      0.01501207      0.13992714      -2.1831141      0.26012489               0        386.0446       2133.9017      -2.7487472       -2.7487472       2519.9463             2133.9017                        386.0446
             29       1257.0257       77.432113     0.015033765      0.13998253      -2.1829095      0.25961496               0       382.36317       2137.1856      -2.7487472       -2.7487472       2519.5488             2137.1856                       382.36317
             26       1257.7566       77.350508     0.015021815      0.13968424       -2.181195      0.25964455               0       385.36217       2135.6485      -2.7487472       -2.7487472       2521.0107             2135.6485                       385.36217
             22       1258.9868       77.202542     0.015007345      0.13953785      -2.1812568      0.26037089               0       392.66604       2130.8051      -2.7487472       -2.7487472       2523.4712             2130.8051                       392.66604
             26        1258.894       77.190647     0.015006012      0.13954421      -2.1812164      0.26045958               0       393.10699       2130.1785      -2.7487472       -2.7487472       2523.2855             2130.1785                       393.10699
              2       1258.6447       77.210672     0.015001279      0.13955462      -2.1812773      0.26033402               0       391.71824       2131.0687      -2.7487472       -2.7487472       2522.7869             2131.0687                       391.71824
              1       1258.4964       77.172622     0.015004535      0.13959532      -2.1812254      0.26066461               0       393.67951       2128.8109      -2.7487472       -2.7487472       2522.4904             2128.8109                       393.67951
              8       1257.9711       77.791285     0.015084468      0.13964258      -2.1799506      0.25674522               0       366.98991       2154.4498      -2.7487472       -2.7487472       2521.4397             2154.4498                       366.98991
             19       1258.5562        77.88239     0.015108342      0.13959152      -2.1794783      0.25610007               0       364.07978       2158.5302      -2.7487472       -2.7487472       2522.6099             2158.5302                       364.07978
             11       1258.5123       77.887324     0.015107146      0.13959313      -2.1794923      0.25606833               0        363.7609       2158.7613      -2.7487472       -2.7487472       2522.5222             2158.7613                        363.7609
              2        1257.566       78.081613     0.015109393      0.13938989      -2.1767302      0.25446594               0       352.94172       2167.6878      -2.7487472       -2.7487472       2520.6295             2167.6878                       352.94172
              2       1256.2655       78.472654      0.01503013      0.13919187      -2.1760053      0.25148589               0       329.86391       2188.1646      -2.7487472       -2.7487472       2518.0285             2188.1646                       329.86391
             29       1251.6924       78.900379      0.01503474      0.13992329      -2.1766781      0.24994893               0       309.09816        2199.784      -2.7487472       -2.7487472       2508.8822              2199.784                       309.09816
              4       1251.8567       78.769536     0.015043481      0.13992852      -2.1769321      0.25080251               0       315.37227       2193.8386      -2.7487472       -2.7487472       2509.2109             2193.8386                       315.37227
             18       1252.2234       78.970619     0.015009383      0.13983729      -2.1770738      0.24932593               0       305.30743       2204.6368      -2.7487472       -2.7487472       2509.9443             2204.6368                       305.30743
             34       1251.3492       78.730731     0.015013384       0.1399186      -2.1772497      0.25098524               0       315.40612       2192.7898      -2.7487472       -2.7487472       2508.1959             2192.7898                       315.40612
             22       1251.9129       78.348296     0.015026877      0.13983762      -2.1771748      0.25333153               0       333.30214       2176.0211      -2.7487472       -2.7487472       2509.3232             2176.0211                       333.30214
              3       1251.7072       78.326812     0.015029126      0.13987335       -2.177204      0.25353241               0       334.28345       2174.6285      -2.7487472       -2.7487472       2508.9119             2174.6285                       334.28345
             45       1248.5073       78.486765     0.015001706      0.13979115      -2.1735317      0.25232219               0       322.34406        2180.168      -2.7487472       -2.7487472       2502.5121              2180.168                       322.34406
             12       1251.5734        77.39383     0.015001237      0.13943697       -2.172891      0.25890693               0       374.50788       2134.1365      -2.7487472       -2.7487472       2508.6444             2134.1365                       374.50788
              1       1250.8335        77.29449     0.015131076       0.1398142      -2.1705352      0.26042163               0       384.99937       2122.1651      -2.7487472       -2.7487472       2507.1645             2122.1651                       384.99937
             11       1248.6353       76.928488     0.015059324      0.13992977      -2.1702199       0.2629796               0       397.68407       2105.0839      -2.7487472       -2.7487472        2502.768             2105.0839                       397.68407
             10        1249.243       76.914287     0.015058141      0.13986353      -2.1702841      0.26296274               0       398.74119       2105.2423      -2.7487472       -2.7487472       2503.9835             2105.2423                       398.74119
              2        1248.668       76.898664     0.015047402      0.13990782      -2.1703625      0.26312634               0        398.5976       2104.2358      -2.7487472       -2.7487472       2502.8334             2104.2358                        398.5976
             16        1248.129       76.950475      0.01503748      0.13989774      -2.1702736      0.26273834               0       395.05679       2106.6986      -2.7487472       -2.7487472       2501.7554             2106.6986                       395.05679
              2       1249.2893       76.935097     0.015044132      0.13977651      -2.1701713      0.26264983               0       396.87748       2107.1987      -2.7487472       -2.7487472       2504.0761             2107.1987                       396.87748
              1       1250.6748       77.254976      0.01503798      0.13943427      -2.1701341      0.25989555               0       381.49088       2125.3562      -2.7487472       -2.7487472       2506.8471             2125.3562                       381.49088
              2       1250.8109       77.253233     0.015038224       0.1394232      -2.1701719      0.25988915               0       381.69109       2125.4283      -2.7487472       -2.7487472       2507.1194             2125.4283                       381.69109
              8       1248.7431       77.282587     0.015011927      0.13957303      -2.1702381      0.25989858               0       377.56638       2125.4172      -2.7487472       -2.7487472       2502.9836             2125.4172                       377.56638
              7        1250.033       77.304724     0.015034899      0.13946101      -2.1699299      0.25960075               0       378.39703       2127.1665      -2.7487472       -2.7487472       2505.5635             2127.1665                       378.39703
             22       1249.9484       77.294843     0.015035124      0.13947584      -2.1699293      0.25969232               0        378.8403        2126.554      -2.7487472       -2.7487472       2505.3943              2126.554                        378.8403
              2       1246.7461       77.370759     0.015046067       0.1398901      -2.1699094      0.25989325               0         373.791       2125.1986      -2.7487472       -2.7487472       2498.9897             2125.1986                         373.791
              1       1246.6668       77.380661     0.015042113      0.13990239      -2.1700992      0.25984065               0       373.13397       2125.6972      -2.7487472       -2.7487472       2498.8311             2125.6972                       373.13397
             34       1245.1559       77.499338      0.01500605      0.13990585      -2.1699991      0.25899118               0       364.50219       2131.3072      -2.7487472       -2.7487472       2495.8093             2131.3072                       364.50219
             14       1245.7257       78.102517     0.015121431      0.13998215      -2.1683433      0.25532053               0       341.97068       2154.9783      -2.7487472       -2.7487472        2496.949             2154.9783                       341.97068
              9       1246.9467       77.670952     0.015130847      0.13999054      -2.1688649      0.25819522               0       363.61304       2135.7778      -2.7487472       -2.7487472       2499.3909             2135.7778                       363.61304
              1       1247.6644       77.876329     0.015107799      0.13976277      -2.1687807      0.25642162               0       353.06186       2147.7645      -2.7487472       -2.7487472       2500.8263             2147.7645                       353.06186
              1       1247.1224       77.869032     0.015100998      0.13980619      -2.1687782      0.25653007               0       352.72143       2147.0209      -2.7487472       -2.7487472       2499.7423             2147.0209                       352.72143
              9       1247.6047        77.67061     0.015103507      0.13962561      -2.1672612      0.25754729               0       361.81451       2138.8924      -2.7487472       -2.7487472       2500.7069             2138.8924                       361.81451
              8       1246.5247        77.51467     0.015113073      0.13985787      -2.1674293      0.25898705               0       369.22281       2129.3241      -2.7487472       -2.7487472       2498.5469             2129.3241                       369.22281
              6       1244.2608       77.542407     0.015056446      0.13999255      -2.1681219       0.2589316               0       363.78083       2130.2383      -2.7487472       -2.7487472       2494.0192             2130.2383                       363.78083
              5        1245.035       77.728614     0.015075595      0.13985588      -2.1674988      0.25749798               0       356.15216       2139.4154      -2.7487472       -2.7487472       2495.5675             2139.4154                       356.15216
              5       1245.6537       78.345931     0.015060845      0.13944057      -2.1653127      0.25275551               0       326.45493         2170.35      -2.7487472       -2.7487472       2496.8049               2170.35                       326.45493
              1       1244.8639       77.985808     0.015029381      0.13972751       -2.168007      0.25551529               0       341.86079       2153.3645      -2.7487472       -2.7487472       2495.2252             2153.3645                       341.86079
              3       1244.7255       78.181542     0.015047755      0.13985078      -2.1684393      0.25446917               0       334.00278       2160.9457      -2.7487472       -2.7487472       2494.9485             2160.9457                       334.00278
             47       1245.4823       78.153522     0.015064027      0.13981319      -2.1684316      0.25461678               0       336.54678       2159.9154      -2.7487472       -2.7487472       2496.4622             2159.9154                       336.54678
              7       1246.3973       78.389503     0.015110908      0.13983021      -2.1681022       0.2531901               0       328.70003       2169.5921      -2.7487472       -2.7487472       2498.2922             2169.5921                       328.70003
             51       1243.6477         78.2475     0.015045485       0.1399136      -2.1678434      0.25413927               0       330.03819       2162.7548      -2.7487472       -2.7487472       2492.7929             2162.7548                       330.03819
             21       1242.8893       78.418763     0.015029151       0.1398807      -2.1670944      0.25295036               0        320.8291        2170.447      -2.7487472       -2.7487472       2491.2761              2170.447                        320.8291
             12       1242.8898       78.418129     0.015029159      0.13988082      -2.1670963      0.25295465               0       320.85855       2170.4184      -2.7487472       -2.7487472        2491.277             2170.4184                       320.85855
             79       1242.3182       78.406833     0.015013892      0.13989781      -2.1670803      0.25303035               0       320.25945       2169.8745      -2.7487472       -2.7487472        2490.134             2169.8745                       320.25945
             16       1242.6883       77.632272     0.015022113      0.13976377      -2.1656549      0.25789594               0       355.60806       2135.2661      -2.7487472       -2.7487472       2490.8742             2135.2661                       355.60806
              2       1242.1671       77.458575     0.015010974      0.13982865      -2.1656541      0.25914346               0       362.94311       2126.8885      -2.7487472       -2.7487472       2489.8316             2126.8885                       362.94311
              3       1243.3022       77.456981      0.01500013      0.13962306      -2.1654634      0.25879339               0       363.02082        2129.081      -2.7487472       -2.7487472       2492.1018              2129.081                       363.02082
              8       1244.1633        77.85166     0.015023825      0.13953542      -2.1655366      0.25607054               0       346.25213       2147.5719      -2.7487472       -2.7487472        2493.824             2147.5719                       346.25213
              8       1244.0257        77.84716      0.01502446      0.13955385      -2.1655209      0.25613161               0       346.40713       2147.1418      -2.7487472       -2.7487472       2493.5489             2147.1418                       346.40713
              1       1244.2172       77.808258     0.015040917      0.13977399      -2.1671292      0.25677856               0       349.92122       2144.0106      -2.7487472       -2.7487472       2493.9318             2144.0106                       349.92122
             13       1244.1844       78.495096     0.015036758      0.13976338      -2.1672014      0.25228057               0       318.62206       2175.2443      -2.7487472       -2.7487472       2493.8663             2175.2443                       318.62206
             39       1242.8918       78.364921     0.015012613      0.13976165      -2.1665773       0.2530773               0         322.148        2169.133      -2.7487472       -2.7487472        2491.281              2169.133                         322.148
             25       1242.9279         78.4464     0.015008524      0.13975609      -2.1666189      0.25253617               0       318.38854       2172.9648      -2.7487472       -2.7487472       2491.3533             2172.9648                       318.38854
              5       1243.9456       78.328255     0.015077883      0.13947482      -2.1631421      0.25295322               0       326.20356       2167.1851      -2.7487472       -2.7487472       2493.3886             2167.1851                       326.20356
              2       1243.2022        78.40738     0.015094772      0.13983857      -2.1650188      0.25306206               0       323.93839       2167.9636      -2.7487472       -2.7487472       2491.9019             2167.9636                       323.93839
             18       1243.8237       78.433627     0.015091762      0.13975324      -2.1650337      0.25274913               0       322.97805       2170.1668      -2.7487472       -2.7487472       2493.1448             2170.1668                       322.97805
              5       1244.0481       78.158035     0.015132526      0.13975563      -2.1640545      0.25460537               0       337.14255       2156.4511      -2.7487472       -2.7487472       2493.5937             2156.4511                       337.14255
             40       1242.6697       78.265551     0.015138009      0.13995943      -2.1641705      0.25424797               0       331.81893        2159.018      -2.7487472       -2.7487472       2490.8369              2159.018                       331.81893
              9        1241.505       78.836857     0.015044521      0.13991609      -2.1646537      0.25035625               0       301.72843        2186.779      -2.7487472       -2.7487472       2488.5074              2186.779                       301.72843
              3       1241.9922       78.806085     0.015017305      0.13973134      -2.1644121       0.2502105               0       301.86538       2187.6166      -2.7487472       -2.7487472        2489.482             2187.6166                       301.86538
             15       1242.0275        78.80787      0.01501725      0.13972724      -2.1644127      0.25019247               0       301.80648       2187.7459      -2.7487472       -2.7487472       2489.5524             2187.7459                       301.80648
              5       1241.4082       78.930388     0.015010478      0.13983573      -2.1645606      0.24957962               0       296.05467       2192.2591      -2.7487472       -2.7487472       2488.3138             2192.2591                       296.05467
              5       1240.9866         78.6036     0.015013207      0.13978401      -2.1642658      0.25157988               0       309.70621       2177.7645      -2.7487472       -2.7487472       2487.4707             2177.7645                       309.70621
             18       1240.5518       78.662448      0.01507008      0.13986482      -2.1626695      0.25142613               0       309.07299       2177.5281      -2.7487472       -2.7487472       2486.6011             2177.5281                       309.07299
              4       1242.0843       78.820777     0.015098355      0.13975264      -2.1622647      0.25028201               0       304.35708        2185.309      -2.7487472       -2.7487472       2489.6661              2185.309                       304.35708
             10       1240.8134       78.722908     0.015118233      0.13995735      -2.1622502      0.25126709               0        308.8193       2178.3049      -2.7487472       -2.7487472       2487.1242             2178.3049                        308.8193
              2        1240.714       78.654923     0.015103853      0.13990443      -2.1622021      0.25159286               0       310.96178       2175.9637      -2.7487472       -2.7487472       2486.9254             2175.9637                       310.96178
             17       1241.1377       78.845759     0.015069577      0.13975339      -2.1619737      0.25007835               0        301.2557       2186.5173      -2.7487472       -2.7487472        2487.773             2186.5173                        301.2557
              9       1239.7014       78.667875     0.015040534      0.13984936      -2.1624287      0.25131873               0       306.81304       2178.0873      -2.7487472       -2.7487472       2484.9003             2178.0873                       306.81304
             16       1239.6943       78.671358     0.015035024      0.13982553      -2.1623631      0.25124906               0       306.36073       2178.5253      -2.7487472       -2.7487472       2484.8861             2178.5253                       306.36073
             34       1239.5827       78.694977      0.01503536      0.13984242      -2.1623316      0.25112608               0       305.29324       2179.3696      -2.7487472       -2.7487472       2484.6629             2179.3696                       305.29324
             24       1239.1771       78.621888     0.015042131      0.13996405      -2.1628972      0.25180092               0       308.77973        2175.072      -2.7487472       -2.7487472       2483.8517              2175.072                       308.77973
             18       1239.1671       78.629869     0.015043993       0.1399705      -2.1628742      0.25176325               0        308.5132       2175.3185      -2.7487472       -2.7487472       2483.8317             2175.3185                        308.5132
             21       1239.3791       77.681677     0.015014512      0.13991543      -2.1635998      0.25780677               0       350.00984       2134.2458      -2.7487472       -2.7487472       2484.2556             2134.2458                       350.00984
             15       1239.1479       77.725781     0.015018387      0.13998888      -2.1639334      0.25764227               0       348.17426        2135.619      -2.7487472       -2.7487472       2483.7933              2135.619                       348.17426
            136        1239.087       77.726674     0.015017926      0.13999285      -2.1639165      0.25764216               0       348.06515       2135.6064      -2.7487472       -2.7487472       2483.6716             2135.6064                       348.06515
             20       1241.9409       77.116794     0.015058426      0.13991537      -2.1634253      0.26167126               0       380.93161       2108.4477      -2.7487472       -2.7487472       2489.3793             2108.4477                       380.93161
             11       1241.6291       77.162309     0.015071867       0.1399822      -2.1633587      0.26149747               0         379.221       2109.5348      -2.7487472       -2.7487472       2488.7558             2109.5348                         379.221
              3       1241.3284       77.854412     0.015066351      0.13996471      -2.1647697      0.25683086               0       346.37643       2141.7778      -2.7487472       -2.7487472       2488.1542             2141.7778                       346.37643
             43       1240.7181        78.03694     0.015023294      0.13989437      -2.1650077      0.25544459               0       335.49413       2151.4396      -2.7487472       -2.7487472       2486.9337             2151.4396                       335.49413
             14        1240.612       78.046768     0.015020547       0.1398956      -2.1649902      0.25537777               0       334.83676       2151.8846      -2.7487472       -2.7487472       2486.7214             2151.8846                       334.83676
              6       1242.0648       78.346603     0.015028625      0.13969824      -2.1645596      0.25311847               0       322.43482       2167.1923      -2.7487472       -2.7487472       2489.6272             2167.1923                       322.43482
             70       1240.6647       78.288111     0.015024923      0.13999848      -2.1658257      0.25398063               0       324.60918       2162.2176      -2.7487472       -2.7487472       2486.8268             2162.2176                       324.60918
              7        1239.745       77.606716     0.015024811      0.13993439      -2.1637041      0.25835362               0       354.33714       2130.6503      -2.7487472       -2.7487472       2484.9875             2130.6503                       354.33714
              5       1240.2049       77.658245     0.015019862      0.13983768      -2.1636221      0.25784232               0       351.88386       2134.0235      -2.7487472       -2.7487472       2485.9074             2134.0235                       351.88386
             20       1240.3256       77.640744     0.015009728       0.1397781      -2.1635367      0.25784293               0        352.1969       2133.9518      -2.7487472       -2.7487472       2486.1487             2133.9518                        352.1969
              9       1240.4113       77.639492     0.015011079      0.13977331      -2.1635431      0.25784554               0       352.38078       2133.9392      -2.7487472       -2.7487472         2486.32             2133.9392                       352.38078
              4       1240.8584       77.757492     0.015035866      0.13979209      -2.1635738      0.25713561               0       348.45521       2138.7591      -2.7487472       -2.7487472       2487.2143             2138.7591                       348.45521
             27        1240.362       77.792918     0.015031389      0.13982305      -2.1634851      0.25694523               0       346.24234       2139.9791      -2.7487472       -2.7487472       2486.2214             2139.9791                       346.24234
             12       1240.4603       77.788412      0.01502941       0.1398041      -2.1634869      0.25694041               0       346.40502       2140.0132      -2.7487472       -2.7487472       2486.4182             2140.0132                       346.40502
              7       1240.1311       77.903125     0.015062796      0.13993366      -2.1632989      0.25645276               0       342.58247       2143.1773      -2.7487472       -2.7487472       2485.7598             2143.1773                       342.58247
             22       1240.2588       77.914094     0.015064512       0.1399241      -2.1633127      0.25636765               0       342.24727       2143.7678      -2.7487472       -2.7487472       2486.0151             2143.7678                       342.24727
             28       1241.0574         77.5737     0.015053353      0.13983741      -2.1632823      0.25845987               0       358.00643       2129.6059      -2.7487472       -2.7487472       2487.6124             2129.6059                       358.00643
              4       1240.0379        77.44301     0.015027098      0.13990052      -2.1632894       0.2593944               0       362.20427        2123.369      -2.7487472       -2.7487472       2485.5732              2123.369                       362.20427
              2       1239.7309       77.411562     0.015023506      0.13991982      -2.1631577      0.25963142               0       363.26911       2121.6903      -2.7487472       -2.7487472       2484.9594             2121.6903                       363.26911
              9       1239.5033       77.438815      0.01501171      0.13991205      -2.1633084      0.25941607               0        361.2646       2123.2396      -2.7487472       -2.7487472       2484.5042             2123.2396                        361.2646
             26       1239.5868       77.420059     0.015014862      0.13993234       -2.163428      0.25958088               0       362.43446       2122.2366      -2.7487472       -2.7487472       2484.6711             2122.2366                       362.43446
             72       1239.4233       77.473627     0.015011371      0.13996076      -2.1637492      0.25926358               0       359.74483       2124.5993      -2.7487472       -2.7487472       2484.3442             2124.5993                       359.74483
              2       1239.9646       77.975858     0.015039891      0.13976855      -2.1624369      0.25566536               0       337.56665       2147.8601      -2.7487472       -2.7487472       2485.4267             2147.8601                       337.56665
              7       1240.1379       77.879291     0.015018288        0.139704      -2.1626875      0.25615773               0       341.07564       2144.6977      -2.7487472       -2.7487472       2485.7734             2144.6977                       341.07564
              8       1240.0283       77.533189     0.015058697      0.13992282       -2.162606      0.25888102               0       359.29605        2126.258      -2.7487472       -2.7487472       2485.5541              2126.258                       359.29605
             24       1239.7883       77.393443     0.015032266      0.13988255      -2.1625369      0.25970541               0       364.35823       2120.7158      -2.7487472       -2.7487472        2485.074             2120.7158                       364.35823
             19       1239.1065       77.338521     0.015044373      0.13994184      -2.1617163      0.26019378               0        366.8654       2116.8451      -2.7487472       -2.7487472       2483.7105             2116.8451                        366.8654
              4       1240.7291       76.931142     0.015054063      0.13959895      -2.1586509       0.2623938               0       386.86123       2100.0944      -2.7487472       -2.7487472       2486.9557             2100.0944                       386.86123
              4       1240.5695       76.914455     0.015029043      0.13948936      -2.1583363      0.26228013               0       386.04566       2100.5908      -2.7487472       -2.7487472       2486.6365             2100.5908                       386.04566
             16       1240.8089       76.886942     0.015027732      0.13946274      -2.1582942      0.26242063               0        387.4669       2099.6484      -2.7487472       -2.7487472       2487.1153             2099.6484                        387.4669
             42       1237.3768       77.646298     0.015064557      0.13990812      -2.1595019      0.25811271               0       351.29211       2128.9591      -2.7487472       -2.7487472       2480.2512             2128.9591                       351.29211
             12       1237.6578       77.661714     0.015065585      0.13980807      -2.1589216      0.25784608               0       350.52461       2130.2885      -2.7487472       -2.7487472       2480.8131             2130.2885                       350.52461
             28       1236.5116       77.809969      0.01501056      0.13968981      -2.1586067      0.25657824               0       339.93797       2138.5828      -2.7487472       -2.7487472       2478.5207             2138.5828                       339.93797
             18       1235.0665        77.75718     0.015004078      0.13985438      -2.1585839       0.2571882               0       341.18571       2134.4449      -2.7487472       -2.7487472       2475.6306             2134.4449                       341.18571
             11       1236.0059       77.749681     0.015007818       0.1396733      -2.1579026      0.25694446               0       341.96231        2135.547      -2.7487472       -2.7487472       2477.5093              2135.547                       341.96231
              2       1236.9434       77.438448     0.015052894      0.13977359       -2.157749      0.25925642               0       359.42157       2119.9627      -2.7487472       -2.7487472       2479.3843             2119.9627                       359.42157
             25       1236.4225       77.508815     0.015113349      0.13996572      -2.1569637      0.25920633               0        358.6599       2119.6826      -2.7487472       -2.7487472       2478.3425             2119.6826                        358.6599
             20       1236.9423       77.436895     0.015124127      0.13994542      -2.1568074      0.25967216               0       362.90302       2116.4791      -2.7487472       -2.7487472       2479.3821             2116.4791                       362.90302
              1       1237.1382       77.420384     0.015117612      0.13989346       -2.156747      0.25968537               0       363.42925       2116.3447      -2.7487472       -2.7487472        2479.774             2116.3447                       363.42925
             26       1237.3868       77.376476     0.015118501      0.13988504      -2.1567927       0.2599676               0       365.75216       2114.5189      -2.7487472       -2.7487472        2480.271             2114.5189                       365.75216
              7       1236.9359       77.363194     0.015116354      0.13993356      -2.1567479      0.26013435               0       365.98293       2113.3863      -2.7487472       -2.7487472       2479.3693             2113.3863                       365.98293
              5       1236.8144       77.825274     0.015119912      0.13971195      -2.1555487      0.25669447               0       343.76428       2135.3621      -2.7487472       -2.7487472       2479.1264             2135.3621                       343.76428
             30       1236.0743       77.866398     0.015115308       0.1397771       -2.155494      0.25652328               0       341.17179       2136.4744      -2.7487472       -2.7487472       2477.6462             2136.4744                       341.17179
             14       1236.8285       78.011172     0.015161424      0.13980594       -2.155249      0.25569519               0       337.26541        2141.889      -2.7487472       -2.7487472       2479.1545              2141.889                       337.26541
             19       1237.8001       76.887061     0.015113943      0.13992052      -2.1558269      0.26334006               0       389.24618       2091.8515      -2.7487472       -2.7487472       2481.0977             2091.8515                       389.24618
              3       1235.9943       76.595941      0.01503887      0.13989838      -2.1548891      0.26517996               0       398.05693       2079.4291      -2.7487472       -2.7487472        2477.486             2079.4291                       398.05693
              5        1236.002       76.554228     0.015029778       0.1399032      -2.1550475      0.26546172               0       399.73394       2077.7675      -2.7487472       -2.7487472       2477.5014             2077.7675                       399.73394
             39       1235.9458       76.537132     0.015028138      0.13991057      -2.1550139      0.26559012               0       400.45624       2076.9329      -2.7487472       -2.7487472       2477.3891             2076.9329                       400.45624
              9       1236.1337       76.452073     0.015008873      0.13979456      -2.1544386      0.26595001               0       403.52382        2074.241      -2.7487472       -2.7487472       2477.7648              2074.241                       403.52382
             22       1237.0959       76.441776      0.01502449      0.13971469      -2.1541627       0.2659117               0       405.41237        2074.277      -2.7487472       -2.7487472       2479.6894              2074.277                       405.41237
              6       1239.1896       76.627175     0.015136671      0.13983524      -2.1544195      0.26502286               0       403.80415       2080.0726      -2.7487472       -2.7487472       2483.8767             2080.0726                       403.80415
              9       1239.7924       76.604883      0.01514851      0.13982558      -2.1544305      0.26518084               0       406.00042       2079.0819      -2.7487472       -2.7487472       2485.0823             2079.0819                       406.00042
              5       1240.4484       76.255845     0.015090947      0.13967592      -2.1538046      0.26725763               0       420.79248       2065.6017      -2.7487472       -2.7487472       2486.3942             2065.6017                       420.79248
              3       1239.4336       76.505351     0.015237044      0.13984444      -2.1502367      0.26605483               0       413.89053       2070.4741      -2.7487472       -2.7487472       2484.3646             2070.4741                       413.89053
              5       1240.4977       76.619802     0.015215073      0.13972712      -2.1519409      0.26502329               0        408.2724       2078.2206      -2.7487472       -2.7487472        2486.493             2078.2206                        408.2724
             43        1228.304       77.589512     0.015032012      0.13982795       -2.149431      0.25830361               0       342.34147        2119.764      -2.7487472       -2.7487472       2462.1055              2119.764                       342.34147
              4        1228.901         77.6176     0.015032499      0.13974682      -2.1494269      0.25798283               0       341.41065       2121.8888      -2.7487472       -2.7487472       2463.2995             2121.8888                       341.41065
             32       1227.7037       77.686249     0.015009609      0.13982484       -2.149608      0.25761844               0       336.44876       2124.4562      -2.7487472       -2.7487472       2460.9049             2124.4562                       336.44876
              4       1226.4974        78.02052     0.015019307      0.13996652      -2.1494024      0.25566435               0       321.08409       2137.4081      -2.7487472       -2.7487472       2458.4922             2137.4081                       321.08409
             24       1226.8981         78.0333     0.015024224      0.13992398      -2.1493323      0.25551884               0       320.95778       2138.3359      -2.7487472       -2.7487472       2459.2937             2138.3359                       320.95778
             13       1227.6626       78.085136     0.015036242      0.13987758       -2.149423      0.25512331               0       319.73292       2141.0898      -2.7487472       -2.7487472       2460.8227             2141.0898                       319.73292
              3       1227.7431       78.081251     0.015036469      0.13986742      -2.1494185      0.25513241               0       319.95928       2141.0243      -2.7487472       -2.7487472       2460.9836             2141.0243                       319.95928
              6       1227.5825       77.942181     0.015040705      0.13993566      -2.1496725      0.25616298               0       326.40344       2134.2591      -2.7487472       -2.7487472       2460.6626             2134.2591                       326.40344
              4       1226.8266       77.909555     0.015025225      0.13992928      -2.1492248      0.25634155               0       326.45096       2132.6996      -2.7487472       -2.7487472       2459.1506             2132.6996                       326.45096
             13       1227.5057       77.949716     0.015033505      0.13986622      -2.1492008      0.25598733               0       325.44319       2135.0656      -2.7487472       -2.7487472       2460.5088             2135.0656                       325.44319
              8       1227.0289        77.80501     0.015002447      0.13989515      -2.1498195      0.25693689               0       330.37821       2129.1771      -2.7487472       -2.7487472       2459.5553             2129.1771                       330.37821
             15       1226.6041       77.838863     0.015002763      0.13996342      -2.1499528      0.25682664               0        328.6836        2130.022      -2.7487472       -2.7487472       2458.7056              2130.022                        328.6836
              3       1227.3309       77.659895     0.015002385      0.13987086      -2.1497914      0.25785765               0       337.15063       2123.0086      -2.7487472       -2.7487472       2460.1593             2123.0086                       337.15063
             18       1226.8884       77.692458     0.015001068      0.13991557      -2.1497658      0.25771342               0       335.32588       2123.9485      -2.7487472       -2.7487472       2459.2743             2123.9485                       335.32588
              2       1226.9237       77.708632     0.015001702      0.13991753      -2.1498226      0.25761045               0       334.66559       2124.6793      -2.7487472       -2.7487472       2459.3449             2124.6793                       334.66559
              1        1227.831       77.734944      0.01504055      0.13986436      -2.1491475      0.25741239               0       335.69348        2125.466      -2.7487472       -2.7487472       2461.1595              2125.466                       335.69348
              7       1227.2415       78.806927     0.015044085      0.13993818      -2.1482552      0.25058158               0       288.49629       2171.4842      -2.7487472       -2.7487472       2459.9805             2171.4842                       288.49629
              1       1227.2474       78.813073     0.015044092      0.13993904      -2.1482531       0.2505439               0       288.24539        2171.747      -2.7487472       -2.7487472       2459.9923              2171.747                       288.24539
              1       1227.5684       78.854674     0.015052689      0.13992034      -2.1480981      0.25026336               0       287.04541        2173.589      -2.7487472       -2.7487472       2460.6344              2173.589                       287.04541
              1       1225.9494       78.865911      0.01504384      0.13993157      -2.1465137       0.2501959               0       284.65836       2172.7379      -2.7487472       -2.7487472       2457.3962             2172.7379                       284.65836
              5       1225.9972       79.146024     0.015053459      0.13998038      -2.1457709      0.24852133               0       273.53992        2183.952      -2.7487472       -2.7487472       2457.4919              2183.952                       273.53992
              2       1226.2789       79.140765     0.015051395      0.13996649      -2.1460576      0.24852889               0       273.91408       2184.1412      -2.7487472       -2.7487472       2458.0553             2184.1412                       273.91408
              7       1224.3942       78.156088     0.015042012      0.13984324      -2.1451338       0.2546136               0       313.19759       2141.0883      -2.7487472       -2.7487472       2454.2859             2141.0883                       313.19759
              1       1224.4215       78.163663     0.015041247      0.13982834      -2.1450536      0.25453861               0       312.80784       2141.5326      -2.7487472       -2.7487472       2454.3404             2141.5326                       312.80784
              5       1222.3362       78.058183      0.01506695      0.13982461      -2.1418164      0.25526311               0       316.14801       2134.0219      -2.7487472       -2.7487472         2450.17             2134.0219                       316.14801
              3       1216.8409       77.833203     0.015004792      0.13971474      -2.1363833      0.25645707               0        317.4903       2121.6891      -2.7487472       -2.7487472       2439.1794             2121.6891                        317.4903
              1       1215.8872       78.737105     0.015094905      0.13979671      -2.1323185      0.25088022               0       281.14056       2156.1313      -2.7487472       -2.7487472       2437.2719             2156.1313                       281.14056
              2        1214.716       79.479069     0.015074327      0.13972903      -2.1278319      0.24607832               0       248.92723       2186.0022      -2.7487472       -2.7487472       2434.9294             2186.0022                       248.92723
              3       1210.7617       79.213756     0.015124157      0.13997729      -2.1253339      0.24820457               0       258.16676       2168.8542      -2.7487472       -2.7487472       2427.0209             2168.8542                       258.16676
              7       1209.0954       78.560106     0.015127684      0.13968153      -2.1227429      0.25187862               0       282.31847       2141.3697      -2.7487472       -2.7487472       2423.6882             2141.3697                       282.31847
              3        1205.508       78.192488     0.015071458      0.13934721      -2.1177856      0.25361389               0       290.87691       2125.6365      -2.7487472       -2.7487472       2416.5134             2125.6365                       290.87691
              1       1205.3519       78.438915     0.015096168      0.13934842      -2.1165375        0.252065               0       281.20486       2134.9964      -2.7487472       -2.7487472       2416.2012             2134.9964                       281.20486
              4        1203.263       79.452421     0.015066609      0.13924054      -2.1098796      0.24545761               0       237.14331       2174.8802      -2.7487472       -2.7487472       2412.0235             2174.8802                       237.14331
              4       1192.5976       78.679443     0.015003676      0.13930171      -2.1028251      0.25030151               0       255.16935       2135.5233      -2.7487472       -2.7487472       2390.6926             2135.5233                       255.16935
              2       1192.6538       78.682355     0.015004078      0.13929946       -2.102852      0.25027999               0       255.11433       2135.6907      -2.7487472       -2.7487472       2390.8051             2135.6907                       255.11433
              2       1192.5549       78.793224     0.015003592      0.13929026      -2.1022408      0.24956056               0       250.56624       2140.0411      -2.7487472       -2.7487472       2390.6074             2140.0411                       250.56624
             10       1192.0425       78.528624     0.015036463      0.13921178      -2.1009678      0.25117124               0       261.43876       2128.1437      -2.7487472       -2.7487472       2389.5824             2128.1437                       261.43876
              2        1182.932       78.076003     0.015021222      0.13904464      -2.0900212      0.25379281               0       269.43842        2101.923      -2.7487472       -2.7487472       2371.3615              2101.923                       269.43842
              4       1181.6658       77.908073     0.015005564      0.13909924        -2.08963      0.25495226               0       274.70346       2094.1257      -2.7487472       -2.7487472       2368.8291             2094.1257                       274.70346
              3       1178.6458       77.567565     0.015046401      0.13889716      -2.0831995      0.25692765               0       286.34037       2076.4487      -2.7487472       -2.7487472       2362.7891             2076.4487                       286.34037
              3       1176.4376       77.046024     0.015010281      0.13903993        -2.08221      0.26059751               0       305.44237       2052.9303      -2.7487472       -2.7487472       2358.3727             2052.9303                       305.44237
              6        1176.166       76.890788     0.015021279      0.13903403      -2.0810848      0.26165945               0        312.2177       2045.6118      -2.7487472       -2.7487472       2357.8295             2045.6118                        312.2177
              1       1175.6143       76.255625     0.015042786      0.13892986      -2.0762304      0.26589444               0       339.91817        2016.808      -2.7487472       -2.7487472       2356.7262              2016.808                       339.91817
              1       1172.4556       77.008877     0.015047876      0.13880436      -2.0742995      0.26051524               0       303.05017       2047.3585      -2.7487472       -2.7487472       2350.4087             2047.3585                       303.05017
              2       1171.1814        77.60509     0.015111708      0.13904257      -2.0736312      0.25702923               0       279.59889       2068.2614      -2.7487472       -2.7487472       2347.8603             2068.2614                       279.59889
              3        1171.073       77.667277     0.015093562      0.13904894      -2.0741032      0.25659826               0       276.32151       2071.3219      -2.7487472       -2.7487472       2347.6434             2071.3219                       276.32151
              2       1172.0566       77.429733     0.015085573      0.13886841      -2.0738902      0.25786067               0       286.30625       2063.3044      -2.7487472       -2.7487472       2349.6106             2063.3044                       286.30625
              2        1171.832       77.471968     0.015076201      0.13885537       -2.073833      0.25754224               0       283.92958       2065.2319      -2.7487472       -2.7487472       2349.1615             2065.2319                       283.92958
              2       1166.6088       77.368308     0.015013955      0.13910826      -2.0715343      0.25855136               0       281.50804        2057.207      -2.7487472       -2.7487472        2338.715              2057.207                       281.50804
             10       1166.7617       78.094284     0.015015744      0.13925179      -2.0723864      0.25400489               0       252.72078       2086.3001      -2.7487472       -2.7487472       2339.0209             2086.3001                       252.72078
              1       1168.1922       78.514813     0.015006428      0.13917016      -2.0724376      0.25114371               0       237.13976        2104.742      -2.7487472       -2.7487472       2341.8818              2104.742                       237.13976
              2       1159.0333       77.795429     0.015024141      0.13951742      -2.0654419      0.25641303               0        257.9431       2065.6209      -2.7487472       -2.7487472        2323.564             2065.6209                        257.9431
              2        1160.018       78.176069     0.015035448      0.13967294      -2.0669486      0.25419511               0       244.82317       2080.7102      -2.7487472       -2.7487472       2325.5334             2080.7102                       244.82317
              5       1160.2823       78.181115     0.015030279      0.13965894      -2.0672826      0.25413093               0       244.67723        2081.385      -2.7487472       -2.7487472       2326.0622              2081.385                       244.67723
              2       1160.5503       78.312564     0.015027087      0.13962672      -2.0670513      0.25322078               0       239.62604       2086.9721      -2.7487472       -2.7487472       2326.5981             2086.9721                       239.62604
              2       1159.8002       78.827001     0.015004539      0.13976345      -2.0656423      0.25011023               0       219.26123       2105.8366      -2.7487472       -2.7487472       2325.0979             2105.8366                       219.26123
              3       1159.8079       78.815847     0.015004627      0.13975743      -2.0656588      0.25017146               0       219.66146       2105.4519      -2.7487472       -2.7487472       2325.1134             2105.4519                       219.66146
              4       1155.8231       78.584619     0.015013547      0.13966673      -2.0607973      0.25151348               0       224.37598       2092.7677      -2.7487472       -2.7487472       2317.1437             2092.7677                       224.37598
              3       1153.0529       79.570197     0.015090971      0.13978217       -2.049951      0.24562614               0       189.58012       2122.0231      -2.7487472       -2.7487472       2311.6033             2122.0231                       189.58012
              1       1148.7144       78.782047     0.015090194      0.13968897      -2.0491577      0.25041391               0       212.72672       2090.1996      -2.7487472       -2.7487472       2302.9264             2090.1996                       212.72672
              1       1148.0701       78.311104     0.015189422      0.13938177      -2.0453092      0.25309575               0       231.51499       2070.1228      -2.7487472       -2.7487472       2301.6378             2070.1228                       231.51499
              1       1147.9945       77.513558     0.015188537      0.13941625      -2.0466068      0.25838671               0       262.68503       2038.8014      -2.7487472       -2.7487472       2301.4864             2038.8014                       262.68503
              4          1148.7       77.452268     0.015179746      0.13935074      -2.0471591      0.25867195               0       265.37625       2037.5212      -2.7487472       -2.7487472       2302.8975             2037.5212                       265.37625
              3       1148.1299       78.847222     0.015183772        0.138988      -2.0399518      0.24902319               0       210.33167       2091.4256      -2.7487472       -2.7487472       2301.7573             2091.4256                       210.33167
              2       1147.0969       78.633608     0.015137072      0.13901029      -2.0410377      0.25033853               0        215.7365       2083.9548      -2.7487472       -2.7487472       2299.6913             2083.9548                        215.7365
              1       1147.8281        78.61344     0.015140177      0.13895251       -2.041493      0.25037852               0       217.07587       2084.0779      -2.7487472       -2.7487472       2301.1538             2084.0779                       217.07587
              2       1147.9171       78.633666     0.015136836      0.13894985      -2.0415677      0.25024002               0       216.31352       2085.0182      -2.7487472       -2.7487472       2301.3317             2085.0182                       216.31352
              1       1147.9908       78.702089     0.015136242      0.13901894      -2.0419203      0.24991568               0       214.10675       2087.3723      -2.7487472       -2.7487472        2301.479             2087.3723                       214.10675
              2       1141.5047       78.579494     0.015052677      0.13906643      -2.0367065      0.25063772               0       210.02199       2078.4849      -2.7487472       -2.7487472       2288.5069             2078.4849                       210.02199
              3       1140.4224        78.75094     0.015082847      0.13912994      -2.0342121      0.24969867               0       203.99707       2082.3452      -2.7487472       -2.7487472       2286.3423             2082.3452                       203.99707
              1       1140.0934       78.704667      0.01508195      0.13913308      -2.0341041        0.249996               0       205.30715       2080.3772      -2.7487472       -2.7487472       2285.6844             2080.3772                       205.30715
              7       1139.7083        78.62634     0.015063052      0.13908698      -2.0340968      0.25038919               0       207.02046       2077.8936      -2.7487472       -2.7487472        2284.914             2077.8936                       207.02046
              1       1138.6331       77.994301     0.015106454      0.13881252      -2.0319066      0.25408396               0        229.5512       2053.2125      -2.7487472       -2.7487472       2282.7637             2053.2125                        229.5512
              1         1137.56       77.176768     0.015081174      0.13887479      -2.0325054      0.25955761               0        259.6671       2020.9504      -2.7487472       -2.7487472       2280.6175             2020.9504                        259.6671
              1       1133.7822        77.39261      0.01506144      0.13893161      -2.0289496      0.25817379               0       246.72651       2026.3355      -2.7487472       -2.7487472        2273.062             2026.3355                       246.72651
              2       1133.7111        77.39623     0.015057917      0.13892492      -2.0289053      0.25813261               0       246.37574        2026.544      -2.7487472       -2.7487472       2272.9197              2026.544                       246.37574
              1       1133.7116       77.397317     0.015057692       0.1389264      -2.0289236      0.25812744               0       246.33192       2026.5887      -2.7487472       -2.7487472       2272.9206             2026.5887                       246.33192
              4       1132.8921       77.797006     0.015046924      0.13893004      -2.0277222      0.25547018               0       229.80786       2041.4738      -2.7487472       -2.7487472       2271.2817             2041.4738                       229.80786
              2       1132.4533       77.795852     0.015055014      0.13893427      -2.0269987      0.25549813               0       229.67239       2040.7316      -2.7487472       -2.7487472        2270.404             2040.7316                       229.67239
              2       1131.9167       77.909801     0.015048443       0.1387928      -2.0250655      0.25450743               0       224.17104       2045.1598      -2.7487472       -2.7487472       2269.3308             2045.1598                       224.17104
              1       1132.2059       77.737241     0.015070141      0.13878212      -2.0251726      0.25565682               0       231.57801       2038.3313      -2.7487472       -2.7487472       2269.9093             2038.3313                       231.57801
              1         1130.74       78.258231     0.015083193      0.13889473      -2.0223521      0.25246938               0       211.61323       2055.3642      -2.7487472       -2.7487472       2266.9775             2055.3642                       211.61323
              1       1130.9762       78.453749     0.015076019      0.13888629      -2.0218528      0.25118719               0       204.61241       2062.8375      -2.7487472       -2.7487472       2267.4499             2062.8375                       204.61241
              2       1129.9691       78.326533     0.015038292      0.13892399      -2.0223818      0.25200376               0       207.19366       2058.2421      -2.7487472       -2.7487472       2265.4358             2058.2421                       207.19366
              4       1124.9074       78.297152      0.01502496      0.13912447      -2.0179818      0.25249823               0        203.6709       2051.6413      -2.7487472       -2.7487472       2255.3122             2051.6413                        203.6709
              1       1123.7301       78.254178     0.015011649      0.13930174      -2.0184345      0.25304337               0       204.26255       2048.6952      -2.7487472       -2.7487472       2252.9577             2048.6952                       204.26255
              5       1123.8858       79.016767     0.015028125      0.13917766      -2.0123032      0.24801041               0       178.59993       2074.6692      -2.7487472       -2.7487472       2253.2692             2074.6692                       178.59993
              1       1118.8259       78.330596     0.015096299      0.13913367      -2.0083667      0.25241402               0       198.79574       2044.3536      -2.7487472       -2.7487472       2243.1493             2044.3536                       198.79574
              1       1117.8677       78.051075      0.01508062      0.13910647      -2.0085072      0.25415479               0       207.19826       2034.0347      -2.7487472       -2.7487472       2241.2329             2034.0347                       207.19826
              2       1117.6658        77.12725     0.015107256      0.13969719        -2.01375      0.26131752               0       244.32979       1996.4994      -2.7487472       -2.7487472       2240.8291             1996.4994                       244.32979
              1        1119.103       77.494415     0.015157659      0.13982477      -2.0151103      0.25914353               0       233.72969       2009.9739      -2.7487472       -2.7487472       2243.7036             2009.9739                       233.72969
              1       1119.1654       77.327532     0.015163838      0.13983187      -2.0151408      0.26028547               0       240.39348       2003.4348      -2.7487472       -2.7487472       2243.8282             2003.4348                       240.39348
              1       1115.8138       77.737322     0.015168472      0.13983477      -2.0104165      0.25756104               0       221.61983       2015.5052      -2.7487472       -2.7487472        2237.125             2015.5052                       221.61983
              1       1114.5108       77.106969     0.015235698      0.13987517      -2.0075471      0.26197044               0       246.37867       1988.1405      -2.7487472       -2.7487472       2234.5191             1988.1405                       246.37867
              1       1109.5175       77.940414     0.015185384      0.13993137      -2.0021778      0.25640743               0       208.76337       2015.7691      -2.7487472       -2.7487472       2224.5325             2015.7691                       208.76337
              2       1109.4397        77.92573      0.01518405      0.13993642      -2.0021947      0.25651019               0       209.19164       2015.1852      -2.7487472       -2.7487472       2224.3768             2015.1852                       209.19164
              1        1107.466       77.971206     0.015279726       0.1398237      -1.9962729      0.25618308               0       207.99683       2012.4327      -2.7487472       -2.7487472       2220.4295             2012.4327                       207.99683
              2       1104.2016       78.107308     0.015203926      0.13971108        -1.99248      0.25498225               0       197.49487       2016.4059      -2.7487472       -2.7487472       2213.9008             2016.4059                       197.49487
              1       1105.4745       78.324859     0.015209911      0.13966864       -1.992681      0.25350834               0       191.25791       2025.1886      -2.7487472       -2.7487472       2216.4465             2025.1886                       191.25791
              3        1106.042       77.957937     0.015249057      0.13971184      -1.9943409      0.25603579               0       205.81587       2011.7656      -2.7487472       -2.7487472       2217.5815             2011.7656                       205.81587
              1       1103.1775        78.66394     0.015349452      0.13969981      -1.9849429      0.25160347               0       181.66896       2030.1836      -2.7487472       -2.7487472       2211.8525             2030.1836                       181.66896
              1       1099.2216       77.955951     0.015280187      0.13973849       -1.984954        0.256144               0       200.16985       2003.7708      -2.7487472       -2.7487472       2203.9407             2003.7708                       200.16985
              1       1099.4974       78.000563     0.015275168      0.13971711       -1.985113      0.25580768               0       198.67067       2005.8217      -2.7487472       -2.7487472       2204.4923             2005.8217                       198.67067
              1       1099.4978       78.003641     0.015275033      0.13971793      -1.9851123      0.25578862               0       198.56271       2005.9304      -2.7487472       -2.7487472       2204.4932             2005.9304                       198.56271
              5       1096.2337       78.404006     0.015235108      0.13961818      -1.9790242      0.25295578               0        180.5051       2017.4599      -2.7487472       -2.7487472        2197.965             2017.4599                        180.5051
              1       1097.3114       78.622662      0.01524674      0.13963287      -1.9789533      0.25159333               0        174.7441       2025.3761      -2.7487472       -2.7487472       2200.1202             2025.3761                        174.7441
              1       1094.7311       78.625225     0.015256381       0.1394653      -1.9739059      0.25132149               0       172.08948       2022.8701      -2.7487472       -2.7487472       2194.9596             2022.8701                       172.08948
              1       1095.2611       78.621822     0.015260323      0.13942932      -1.9742788      0.25129142               0       172.67022       2023.3496      -2.7487472       -2.7487472       2196.0198             2023.3496                       172.67022
              1       1095.0503       78.496353      0.01527487      0.13943824      -1.9746008      0.25213348               0       176.91208        2018.686      -2.7487472       -2.7487472       2195.5981              2018.686                       176.91208
              3       1095.5021       78.645819     0.015217694       0.1391954      -1.9734041      0.25069098               0       170.33757       2026.1642      -2.7487472       -2.7487472       2196.5017             2026.1642                       170.33757
              1       1096.6945       78.066787     0.015303349      0.13898514      -1.9747904      0.25421914               0        192.1161       2006.7705      -2.7487472       -2.7487472       2198.8866             2006.7705                        192.1161
              1       1097.0843        77.77996     0.015295095      0.13894743      -1.9761753      0.25602157               0        202.0856       1997.5805      -2.7487472       -2.7487472       2199.6661             1997.5805                        202.0856
              4       1095.7634       77.036828     0.015319781      0.13879397      -1.9734643      0.26076783               0       227.92346       1969.1009      -2.7487472       -2.7487472       2197.0243             1969.1009                       227.92346
              1       1093.9153       76.809587     0.015318374      0.13896957      -1.9722643      0.26260834               0       235.08484       1958.2432      -2.7487472       -2.7487472        2193.328             1958.2432                       235.08484
              2       1093.7157        76.85348     0.015321715      0.13896359      -1.9719415        0.262304               0       233.29033       1959.6385      -2.7487472       -2.7487472       2192.9288             1959.6385                       233.29033
              1       1092.5905       77.826746     0.015269929      0.13878743      -1.9695493      0.25540818               0       194.82946       1995.8491      -2.7487472       -2.7487472       2190.6786             1995.8491                       194.82946
              1       1092.5279       77.576081     0.015202627      0.13886181      -1.9723843      0.25707315               0       201.85921        1988.694      -2.7487472       -2.7487472       2190.5532              1988.694                       201.85921
              2       1093.1112       77.709611     0.015209606       0.1388867      -1.9728013      0.25624321               0       198.03545       1993.6844      -2.7487472       -2.7487472       2191.7198             1993.6844                       198.03545
              2       1091.6766        77.31037     0.015211341      0.13897306      -1.9724139        0.259044               0       211.09182        1977.759      -2.7487472       -2.7487472       2188.8508              1977.759                       211.09182
              1       1090.9465       76.791219     0.015149081      0.13887109      -1.9724523      0.26227989               0       227.24209       1960.1484      -2.7487472       -2.7487472       2187.3905             1960.1484                       227.24209
              4        1087.292       77.136304     0.015123863      0.13883941       -1.968177      0.25984281               0       209.93832       1970.1432      -2.7487472       -2.7487472       2180.0815             1970.1432                       209.93832
              1       1087.1822       76.789697     0.015068317      0.13881861      -1.9694602      0.26206435               0       220.78748       1959.0745      -2.7487472       -2.7487472        2179.862             1959.0745                       220.78748
              6       1086.2863       77.424251     0.015097268      0.13892134      -1.9676497      0.25800598               0       198.23399       1979.8361      -2.7487472       -2.7487472       2178.0701             1979.8361                       198.23399
              3       1087.7704       77.481156     0.015141662      0.13856884      -1.9656463      0.25711392               0       197.80486       1983.2334      -2.7487472       -2.7487472       2181.0383             1983.2334                       197.80486
              1       1087.2374       77.615546     0.015117163      0.13857509      -1.9651726      0.25619402               0       191.97726        1987.995      -2.7487472       -2.7487472       2179.9722              1987.995                       191.97726
              5       1087.3444       77.581363     0.015115893      0.13856724      -1.9653956      0.25640469               0       193.19508       1986.9911      -2.7487472       -2.7487472       2180.1862             1986.9911                       193.19508
              2       1086.3772        77.20059     0.015109921      0.13855551      -1.9650943      0.25891053               0       205.36033       1972.8916      -2.7487472       -2.7487472       2178.2519             1972.8916                       205.36033
              1       1085.1549       77.309428     0.015076459      0.13851817      -1.9638418      0.25806358               0        199.2239       1976.5834      -2.7487472       -2.7487472       2175.8073             1976.5834                        199.2239
              1       1085.5724       77.885027     0.015114269      0.13846137      -1.9610261      0.25423202               0       180.87652       1995.7657      -2.7487472       -2.7487472       2176.6422             1995.7657                       180.87652
              2        1082.521       78.005502     0.015095537      0.13872935      -1.9588012      0.25385696               0       174.41857       1996.1209      -2.7487472       -2.7487472       2170.5394             1996.1209                       174.41857
              1       1082.8192       77.955654     0.015091002      0.13885376      -1.9605573      0.25437897               0       176.57067       1994.5652      -2.7487472       -2.7487472       2171.1358             1994.5652                       176.57067
              2       1083.2686       77.464218     0.015331818      0.13911808      -1.9594094      0.25845859               0       201.02147       1971.0133      -2.7487472       -2.7487472       2172.0347             1971.0133                       201.02147
              4       1083.2268       77.460408     0.015331272      0.13911838      -1.9593776      0.25848362               0         201.099       1970.8522      -2.7487472       -2.7487472       2171.9512             1970.8522                         201.099
              2       1083.1383       77.106764     0.015345269      0.13914442      -1.9594363      0.26092742               0       214.10534       1957.6687      -2.7487472       -2.7487472       2171.7741             1957.6687                       214.10534
              1       1080.8164       77.702796      0.01538407      0.13908461      -1.9541418      0.25690504               0       191.66372       1975.4666      -2.7487472       -2.7487472       2167.1303             1975.4666                       191.66372
              2       1077.1708       77.794525     0.015321169       0.1392511      -1.9517315      0.25647073               0       183.85562       1975.9835      -2.7487472       -2.7487472       2159.8391             1975.9835                       183.85562
              1        1075.667       77.713028     0.015345457      0.13926462      -1.9495685      0.25707154               0       185.81972       1971.0119      -2.7487472       -2.7487472       2156.8316             1971.0119                       185.81972
              1       1077.4026       77.937618     0.015374766      0.13924568      -1.9502325      0.25560915               0       180.73741       1979.5652      -2.7487472       -2.7487472       2160.3027             1979.5652                       180.73741
              1       1079.8916        76.71885     0.015399297      0.13888422      -1.9516279      0.26322252               0       225.57571        1939.705      -2.7487472       -2.7487472       2165.2807              1939.705                       225.57571
              1       1079.6422       77.094009     0.015437671      0.13898481      -1.9513659      0.26090073               0       213.03625       1951.7457      -2.7487472       -2.7487472        2164.782             1951.7457                       213.03625
              2       1080.3131       76.985941     0.015444601      0.13899251      -1.9520524      0.26165841               0       217.88144       1948.2422      -2.7487472       -2.7487472       2166.1236             1948.2422                       217.88144
              1       1078.7719       77.205873     0.015380494      0.13923066      -1.9535231      0.26046176               0       207.33139       1955.7099      -2.7487472       -2.7487472       2163.0413             1955.7099                       207.33139
              1       1079.9593       76.542367      0.01542539      0.13928809      -1.9535577      0.26517161               0       234.41424       1931.0018      -2.7487472       -2.7487472        2165.416             1931.0018                       234.41424
              3       1079.7802       77.079918     0.015480424      0.13918946      -1.9519375      0.26141255               0       215.59934       1949.4585      -2.7487472       -2.7487472       2165.0579             1949.4585                       215.59934
              9       1079.8465       77.759253     0.015400058      0.13940506      -1.9547691      0.25708852               0       190.24517       1974.9453      -2.7487472       -2.7487472       2165.1905             1974.9453                       190.24517
              1       1078.8119       77.672994     0.015352627      0.13920142      -1.9532136      0.25724371               0       190.23173       1972.8895      -2.7487472       -2.7487472       2163.1212             1972.8895                       190.23173
              4       1079.0447       77.571129     0.015340752      0.13921932      -1.9542119      0.25792978               0       193.67793        1969.909      -2.7487472       -2.7487472       2163.5869              1969.909                       193.67793
              1       1075.3346       78.615142     0.015201408      0.13937693       -1.947542      0.25115421               0       153.73158        2002.435      -2.7487472       -2.7487472       2156.1666              2002.435                       153.73158
              2       1075.0701       78.566023     0.015199084      0.13939115      -1.9477498      0.25148762               0       154.93329       2000.7044      -2.7487472       -2.7487472       2155.6376             2000.7044                       154.93329
              1       1068.1655       77.786525     0.015156485      0.13925715      -1.9432548      0.25626136               0       171.29114       1970.5373      -2.7487472       -2.7487472       2141.8284             1970.5373                       171.29114
              2       1068.0002        76.99434     0.015112783      0.13929172      -1.9468111      0.26154635               0       196.57764       1944.9202      -2.7487472       -2.7487472       2141.4978             1944.9202                       196.57764
              2       1067.5439       77.108726     0.015107718      0.13930132      -1.9462173      0.26077857               0       192.05845       1948.5268      -2.7487472       -2.7487472       2140.5853             1948.5268                       192.05845
              1        1067.665       77.140391     0.015110064      0.13898392      -1.9438781       0.2600351               0       190.12378       1950.7038      -2.7487472       -2.7487472       2140.8275             1950.7038                       190.12378
              9       1066.3087       76.900587     0.015021843      0.13894784      -1.9443785       0.2614492               0       194.50137       1943.6134      -2.7487472       -2.7487472       2138.1148             1943.6134                       194.50137
              2       1064.3638       76.057845     0.015049664      0.13896183      -1.9407175      0.26734748               0       223.50984       1910.7153      -2.7487472       -2.7487472       2134.2252             1910.7153                       223.50984
             14       1060.4731       76.585256     0.015023813      0.13933021       -1.939656      0.26426192               0        200.8918       1925.5518      -2.7487472       -2.7487472       2126.4436             1925.5518                        200.8918
              3       1060.3268       76.518923     0.015013316      0.13935168      -1.9398892      0.26473903               0       202.86487       1923.2863      -2.7487472       -2.7487472       2126.1511             1923.2863                       202.86487
             13       1056.7596       76.927259     0.015001221      0.13950416      -1.9361444      0.26217322               0       185.30244       1933.7142      -2.7487472       -2.7487472       2119.0167             1933.7142                       185.30244
              1       1056.5584        76.29725     0.015024595      0.13950708      -1.9355955      0.26656595               0       207.64663       1910.9677      -2.7487472       -2.7487472       2118.6143             1910.9677                       207.64663
              1       1056.6085       76.326641     0.015028082       0.1393626      -1.9345583      0.26611869               0       206.25194       1912.4626      -2.7487472       -2.7487472       2118.7145             1912.4626                       206.25194
              4        1055.242       76.430271     0.015017029      0.13938012      -1.9332307      0.26540861               0       200.90927       1915.0723      -2.7487472       -2.7487472       2115.9816             1915.0723                       200.90927
              3       1053.0389       76.246767     0.015006454      0.13940296      -1.9306191      0.26670879               0       204.87782       1906.6976      -2.7487472       -2.7487472       2111.5754             1906.6976                       204.87782
              1       1053.7939       76.098744     0.015038379      0.13935001      -1.9301566      0.26771107               0       211.67417       1901.4111      -2.7487472       -2.7487472       2113.0853             1901.4111                       211.67417
              2       1052.3497       77.785083     0.015064959       0.1395053      -1.9249497      0.25652982               0       155.30302       1954.8938      -2.7487472       -2.7487472       2110.1969             1954.8938                       155.30302
              2       1052.3742       77.736045     0.015052569      0.13945084      -1.9251322      0.25674295               0       156.34747       1953.8984      -2.7487472       -2.7487472       2110.2458             1953.8984                       156.34747
              1        1052.015        77.66041     0.015048836      0.13946189       -1.925254      0.25725542               0       158.26025       1951.2672      -2.7487472       -2.7487472       2109.5275             1951.2672                       158.26025
              2       1051.2393       77.285694     0.015073334      0.13939848      -1.9250558      0.25969091               0        169.6649       1938.3112      -2.7487472       -2.7487472       2107.9761             1938.3112                        169.6649
              1        1051.171       77.248492     0.015072391      0.13939232      -1.9250806       0.2599292               0       170.74954         1937.09      -2.7487472       -2.7487472       2107.8395               1937.09                       170.74954
              1       1050.2971       76.737856      0.01513087      0.13947881      -1.9243577      0.26364619               0       188.58083       1917.5108      -2.7487472       -2.7487472       2106.0916             1917.5108                       188.58083
              1       1045.3726       76.914876     0.015074325      0.13945898      -1.9185546      0.26230494               0       176.20891       1920.0339      -2.7487472       -2.7487472       2096.2428             1920.0339                       176.20891
              1       1046.4664       76.622952     0.015063737      0.13925177      -1.9192859      0.26393648               0        186.0798       1912.3505      -2.7487472       -2.7487472       2098.4303             1912.3505                        186.0798
              2       1046.2501       76.538497     0.015056036      0.13926039      -1.9193095      0.26452083               0       188.54996       1909.4478      -2.7487472       -2.7487472       2097.9977             1909.4478                       188.54996
              9       1045.9066       76.527734     0.015055271      0.13925248      -1.9188131      0.26458045               0       188.51964        1908.791      -2.7487472       -2.7487472       2097.3106              1908.791                       188.51964
              1       1046.2373        77.30832     0.015063762       0.1395904      -1.9196144      0.25984406               0       164.55345       1933.4186      -2.7487472       -2.7487472       2097.9721             1933.4186                       164.55345
              1       1045.8518       77.205921     0.015062285      0.13960321      -1.9196295      0.26055279               0       167.42509        1929.776      -2.7487472       -2.7487472       2097.2011              1929.776                       167.42509
              2       1045.9463       77.212434     0.015128696      0.13960131      -1.9182705      0.26061706               0       168.96022       1928.4299      -2.7487472       -2.7487472       2097.3901             1928.4299                       168.96022
              1       1044.3824       77.245418     0.015114595       0.1397549      -1.9174018      0.26062831               0       166.53894       1927.7234      -2.7487472       -2.7487472       2094.2624             1927.7234                       166.53894
              4       1045.1112       76.872273     0.015136409      0.13978933      -1.9192366      0.26325986               0       180.00634       1915.7135      -2.7487472       -2.7487472       2095.7199             1915.7135                       180.00634
              2       1044.6519       77.083334     0.015105437      0.13978047      -1.9187362      0.26175313               0       171.83001       1922.9713      -2.7487472       -2.7487472       2094.8013             1922.9713                       171.83001
              1       1042.0054       77.597301       0.0151226       0.1395802      -1.9108105       0.2579931               0       153.16655       1936.3417      -2.7487472       -2.7487472       2089.5083             1936.3417                       153.16655
              1       1039.3739       77.102612      0.01513285      0.13964503      -1.9097101      0.26144058               0       166.37841       1917.8669      -2.7487472       -2.7487472       2084.2453             1917.8669                       166.37841
              3       1039.2548       77.116482      0.01512865      0.13965519        -1.90966      0.26135657               0       165.75304        1918.254      -2.7487472       -2.7487472        2084.007              1918.254                       165.75304
              1       1038.3209       77.135165     0.015122028      0.13971862      -1.9088851      0.26132546               0       164.30278       1917.8365      -2.7487472       -2.7487472       2082.1393             1917.8365                       164.30278
              1       1037.9581       77.317348     0.015098209      0.13968057      -1.9078029       0.2599919               0       157.62192       1923.7918      -2.7487472       -2.7487472       2081.4138             1923.7918                       157.62192
              3       1035.3979       76.252188     0.015078221      0.13955543      -1.9061605      0.26705666               0        188.6912       1887.6022      -2.7487472       -2.7487472       2076.2934             1887.6022                        188.6912
              4       1036.0112       76.207153     0.015109845      0.13971459      -1.9072727      0.26770089               0        192.2278       1885.2922      -2.7487472       -2.7487472         2077.52             1885.2922                        192.2278
              4       1032.9744       76.619785     0.015113888      0.13971075      -1.9028721      0.26482565               0       175.37808       1896.0683      -2.7487472       -2.7487472       2071.4464             1896.0683                       175.37808
              1       1032.0335       76.627566     0.015093148       0.1397501      -1.9023177      0.26480355               0       173.78763       1895.7768      -2.7487472       -2.7487472       2069.5644             1895.7768                       173.78763
              1       1026.7695       77.351953     0.015136646      0.13961866      -1.8902557      0.25972018               0       147.00955       1912.0269      -2.7487472       -2.7487472       2059.0365             1912.0269                       147.00955
              2       1026.6637       77.320946     0.015139164      0.13962837      -1.8903035      0.25994898               0        147.9051       1910.9197      -2.7487472       -2.7487472       2058.8248             1910.9197                        147.9051
              1       1026.9129       77.385176     0.015151344      0.13966856      -1.8903511      0.25960509               0        146.6491       1912.6742      -2.7487472       -2.7487472       2059.3233             1912.6742                        146.6491
              2       1023.7712       75.997582     0.015151851      0.13972034       -1.889343      0.26926212               0        187.6437       1865.3961      -2.7487472       -2.7487472       2053.0398             1865.3961                        187.6437
              1        1023.622       76.157315     0.015126681      0.13968081      -1.8896454      0.26802225               0       181.35293       1871.3886      -2.7487472       -2.7487472       2052.7415             1871.3886                       181.35293
              1       1024.3871       76.408599     0.015162373      0.13950779      -1.8886014      0.26602705               0       174.20247       1880.0692      -2.7487472       -2.7487472       2054.2717             1880.0692                       174.20247
              1        1020.057       76.320499     0.015107938      0.13946311      -1.8836047      0.26647144               0       171.18849       1874.4229      -2.7487472       -2.7487472       2045.6114             1874.4229                       171.18849
              2       1020.5716       76.012865     0.015105607      0.13942192      -1.8840995      0.26855737               0       181.61741       1865.0232      -2.7487472       -2.7487472       2046.6406             1865.0232                       181.61741
              2       1020.9145       76.153111     0.015096151      0.13960018      -1.8860922      0.26786018               0       177.66702       1869.6595      -2.7487472       -2.7487472       2047.3266             1869.6595                       177.66702
              1        1017.886       75.986957     0.015155154      0.13982659      -1.8818747      0.26952721               0        182.2603       1859.0091      -2.7487472       -2.7487472       2041.2694             1859.0091                        182.2603
              6       1017.4591       75.308985     0.015159323      0.13947178      -1.8769465      0.27378368               0       203.90694       1836.5088      -2.7487472       -2.7487472       2040.4158             1836.5088                       203.90694
              3       1015.6259       75.469914     0.015115116      0.13937122      -1.8756407      0.27236314               0       194.81584       1841.9335      -2.7487472       -2.7487472       2036.7494             1841.9335                       194.81584
              2       1013.8328       76.006152     0.015132803      0.13942978      -1.8741326      0.26866555               0        175.5612       1857.6019      -2.7487472       -2.7487472       2033.1631             1857.6019                        175.5612
              2       1013.8651       75.955626     0.015134579      0.13945677      -1.8742836      0.26907296               0       177.38314       1855.8445      -2.7487472       -2.7487472       2033.2276             1855.8445                       177.38314
              1        1013.923       76.549002     0.015131507      0.13953957       -1.874538       0.2650537               0       158.68725       1874.6563      -2.7487472       -2.7487472       2033.3436             1874.6563                       158.68725
              1       1009.7852        77.40287     0.015051995      0.13936934      -1.8641303      0.25882127               0       128.14336       1896.9245      -2.7487472       -2.7487472       2025.0678             1896.9245                       128.14336
              1       1006.6973       77.138464     0.015045503      0.13956512      -1.8629982      0.26091674               0        132.9408       1885.9512      -2.7487472       -2.7487472        2018.892             1885.9512                        132.9408
              1       1005.3309       76.709913     0.015052027      0.13948838       -1.862749      0.26372087               0       143.68593       1872.4733      -2.7487472       -2.7487472       2016.1592             1872.4733                       143.68593
              1       1002.9889       76.670588     0.015104745      0.13968427      -1.8597605      0.26441441               0       144.38153       1867.0937      -2.7487472       -2.7487472       2011.4752             1867.0937                       144.38153
              1       1001.8902       76.642521     0.015080209      0.13969266      -1.8587929      0.26458062               0       143.64677       1865.6312      -2.7487472       -2.7487472        2009.278             1865.6312                       143.64677
              2       1001.8127       76.484585     0.015077688      0.13973011      -1.8595757      0.26573414               0       148.26248       1860.8605      -2.7487472       -2.7487472        2009.123             1860.8605                       148.26248
              3       1001.8875       76.477979     0.015081004      0.13972581      -1.8596084      0.26577837               0       148.59228       1860.6802      -2.7487472       -2.7487472       2009.2725             1860.6802                       148.59228
              1       1003.1983        76.13534     0.015127064      0.13971242      -1.8611085      0.26823231               0         161.351       1850.5431      -2.7487472       -2.7487472       2011.8941             1850.5431                         161.351
              1       1002.8319       76.359092     0.015143056      0.13965704      -1.8595107      0.26659509               0       154.29324        1856.868      -2.7487472       -2.7487472       2011.1612              1856.868                       154.29324
              1       1000.7056       74.825621     0.015088555      0.13959231      -1.8546557      0.27742128               0       200.59704       1806.3116      -2.7487472       -2.7487472       2006.9087             1806.3116                       200.59704
              1       999.84807       74.904765     0.015095744      0.13967699      -1.8542451      0.27699911               0       197.38161        1807.812      -2.7487472       -2.7487472       2005.1936              1807.812                       197.38161
              1       998.40366       75.603526     0.015089585      0.13965043      -1.8545906      0.27184522               0       172.24961       1830.0552      -2.7487472       -2.7487472       2002.3048             1830.0552                       172.24961
              2        995.7453       75.546834     0.015011218      0.13960192      -1.8523504      0.27203108               0       169.24569       1827.7424      -2.7487472       -2.7487472       1996.9881             1827.7424                       169.24569
              1       995.63853        75.55127     0.015022645      0.13950406      -1.8512832      0.27184771               0       168.95255        1827.822      -2.7487472       -2.7487472       1996.7746              1827.822                       168.95255
              1       995.78396       75.467868     0.015031754      0.13953413      -1.8513395       0.2725177               0        172.1067       1824.9587      -2.7487472       -2.7487472       1997.0654             1824.9587                        172.1067
              1       996.77753       76.039406     0.015068587      0.13956949      -1.8522863      0.26856127               0       156.08712       1842.9654      -2.7487472       -2.7487472       1999.0525             1842.9654                       156.08712
              2       997.36522       76.063239     0.015015249      0.13980116      -1.8558626      0.26870122               0       155.42085       1844.8071      -2.7487472       -2.7487472       2000.2279             1844.8071                       155.42085
              1       997.68564       75.642311     0.015049768      0.13993305      -1.8564543      0.27199086               0       170.19592       1830.6729      -2.7487472       -2.7487472       2000.8688             1830.6729                       170.19592
              1       997.63024       75.677203     0.015049996       0.1399397      -1.8564496      0.27175211               0       169.04528       1831.7127      -2.7487472       -2.7487472        2000.758             1831.7127                       169.04528
              2       997.34174       75.655323     0.015042051      0.13995027      -1.8562792      0.27191392               0       169.28987       1830.8911      -2.7487472       -2.7487472        2000.181             1830.8911                       169.28987
              1       997.60226       76.104791     0.015032446      0.13989202      -1.8563764      0.26859444               0       155.06199         1845.64      -2.7487472       -2.7487472        2000.702               1845.64                       155.06199
              1       997.00127       76.331948     0.015112401       0.1396811      -1.8518587      0.26677344               0       148.80528       1850.6947      -2.7487472       -2.7487472          1999.5             1850.6947                       148.80528
              2       996.89748       76.150118     0.015103301      0.13962624      -1.8519153      0.26793867               0       153.80082       1845.4916      -2.7487472       -2.7487472       1999.2925             1845.4916                       153.80082
              2       995.53457       76.024072     0.015082412      0.13966536      -1.8508255      0.26885941               0       155.93377       1840.6329      -2.7487472       -2.7487472       1996.5666             1840.6329                       155.93377
              1       993.35106       76.298196     0.015100801       0.1393823      -1.8447604      0.26647634               0       145.13382       1847.0658      -2.7487472       -2.7487472       1992.1996             1847.0658                       145.13382
              1       993.84831       76.741794     0.015108546      0.13945646      -1.8439973      0.26354365               0       133.35703       1859.8371      -2.7487472       -2.7487472       1993.1941             1859.8371                       133.35703
              4       994.71549       76.605658     0.015130459      0.13954098      -1.8461636      0.26466252               0       138.66465       1856.2638      -2.7487472       -2.7487472       1994.9285             1856.2638                       138.66465
              1       995.41547       76.222557     0.015139968      0.13963267      -1.8488581      0.26750381               0       151.01105       1845.3174      -2.7487472       -2.7487472       1996.3284             1845.3174                       151.01105
              1       995.41316         74.9126     0.015040664      0.13941097      -1.8480331      0.27636901               0       189.88997       1806.4338      -2.7487472       -2.7487472       1996.3238             1806.4338                       189.88997
             10        992.6408       74.831689     0.015015199      0.13957129      -1.8455148      0.27720781               0       189.45071       1801.3284      -2.7487472       -2.7487472       1990.7791             1801.3284                       189.45071
              2       993.12554       74.697565     0.015029697      0.13957738      -1.8451232      0.27824109               0       194.92234       1796.8262      -2.7487472       -2.7487472       1991.7486             1796.8262                       194.92234
              2        991.8895       74.791482     0.015020154      0.13971836      -1.8450554      0.27777771               0       190.59119       1798.6853      -2.7487472       -2.7487472       1989.2765             1798.6853                       190.59119
              2       991.86874       74.957921     0.015045347      0.13996099      -1.8466382      0.27702216               0       186.41559       1802.8194      -2.7487472       -2.7487472        1989.235             1802.8194                       186.41559
             12       991.27196       76.610364     0.015094541      0.13990662      -1.8441325       0.2651918               0       135.62216       1852.4192      -2.7487472       -2.7487472       1988.0414             1852.4192                       135.62216
              1       991.23124        76.31774     0.015103805      0.13991236      -1.8450723       0.2672551               0       144.16177       1843.7982      -2.7487472       -2.7487472         1987.96             1843.7982                       144.16177
              1       992.25137       76.255894     0.015065936      0.13979507      -1.8467687      0.26742194               0       145.76831       1844.2319      -2.7487472       -2.7487472       1990.0002             1844.2319                       145.76831
              4       993.31592       76.459172     0.015051819      0.13966646      -1.8470837      0.26575773               0       140.19182       1851.9375      -2.7487472       -2.7487472       1992.1293             1851.9375                       140.19182
              5       991.70021       76.163804     0.015043176      0.13988208      -1.8472509      0.26817979               0       147.70894        1841.189      -2.7487472       -2.7487472       1988.8979              1841.189                       147.70894
              3       993.88263       75.864753     0.015046889      0.13989719      -1.8508908      0.27033091               0       159.08254       1834.1802      -2.7487472       -2.7487472       1993.2628             1834.1802                       159.08254
              2       994.07056        76.47153     0.015023087      0.13990443      -1.8503769      0.26602964               0       140.61497       1853.0236      -2.7487472       -2.7487472       1993.6386             1853.0236                       140.61497
              4       991.65926       76.771655     0.015033954      0.13980991      -1.8442779       0.2638118               0       130.00672       1858.8093      -2.7487472       -2.7487472        1988.816             1858.8093                       130.00672
              7        991.7399       76.813857     0.015034401      0.13976171      -1.8437872      0.26344107               0       128.81937       1860.1579      -2.7487472       -2.7487472       1988.9773             1860.1579                       128.81937
              5       990.82067       74.912686     0.015027712      0.13977153      -1.8442641       0.2769878               0       185.70389        1801.435      -2.7487472       -2.7487472       1987.1388              1801.435                       185.70389
              1       991.63743       74.816407     0.015069202      0.13972856      -1.8435403      0.27769852               0       190.72926       1798.0431      -2.7487472       -2.7487472       1988.7723             1798.0431                       190.72926
              1       989.54119       75.170821     0.015050994      0.13960312      -1.8417444      0.27483189               0       175.80557       1808.7743      -2.7487472       -2.7487472       1984.5799             1808.7743                       175.80557
              2       987.22716       75.400276     0.015028098      0.13963048      -1.8397053       0.2731696               0       165.51621       1814.4356      -2.7487472       -2.7487472       1979.9518             1814.4356                       165.51621
              1       987.23066       75.607059     0.015009258      0.13935332      -1.8385323      0.27115961               0       157.73449       1822.2243      -2.7487472       -2.7487472       1979.9588             1822.2243                       157.73449
              2       987.28331       75.658044     0.015009008       0.1393573      -1.8386405      0.27080079               0       156.22348       1823.8406      -2.7487472       -2.7487472       1980.0641             1823.8406                       156.22348
              3       987.51605        75.59859     0.015012043      0.13932322      -1.8386853      0.27117257               0       158.25815       1822.2714      -2.7487472       -2.7487472       1980.5296             1822.2714                       158.25815
              2       987.51428       75.598739      0.01501195      0.13932219      -1.8386782      0.27116954               0       158.24636       1822.2797      -2.7487472       -2.7487472       1980.5261             1822.2797                       158.24636
              1       989.67023       77.647176      0.01506448       0.1394203      -1.8295132      0.25730051               0       106.53462       1878.3033      -2.7487472       -2.7487472       1984.8379             1878.3033                       106.53462
              1       985.05459       77.225885     0.015038038       0.1394453      -1.8273293      0.26011306               0       112.05853       1863.5481      -2.7487472       -2.7487472       1975.6067             1863.5481                       112.05853
              1       987.17432       76.727079     0.015104564      0.13958316      -1.8347594      0.26385322               0       128.01883       1851.8273      -2.7487472       -2.7487472       1979.8461             1851.8273                       128.01883
              3        984.1706       75.924561     0.015055713      0.13965037       -1.834695      0.26949238               0       147.01994       1826.8188      -2.7487472       -2.7487472       1973.8387             1826.8188                       147.01994
              1       985.17519       74.939812      0.01507476      0.13965726      -1.8344742      0.27666765               0       179.38634       1796.4615      -2.7487472       -2.7487472       1975.8479             1796.4615                       179.38634
              2       984.83475       75.427707     0.015159022      0.13990134      -1.8348279      0.27367716               0       166.08829       1809.0787      -2.7487472       -2.7487472        1975.167             1809.0787                       166.08829
              2       988.49742       75.277646     0.015205665      0.13980196      -1.8378722      0.27467628               0       175.59679       1806.8955      -2.7487472       -2.7487472       1982.4923             1806.8955                       175.59679
              1       986.64267       75.566129     0.015215015       0.1397086      -1.8350666      0.27243595               0       164.31761       1814.4652      -2.7487472       -2.7487472       1978.7828             1814.4652                       164.31761
              1       985.26011       75.319246     0.015227267      0.13987308      -1.8333034      0.27453642               0       171.52475        1804.493      -2.7487472       -2.7487472       1976.0177              1804.493                       171.52475
              3       982.39763       75.704446     0.015164109      0.13993258      -1.8316512      0.27174335               0       155.16928       1815.1235      -2.7487472       -2.7487472       1970.2928             1815.1235                       155.16928
              2       982.46387       75.712812     0.015191871      0.13963947      -1.8292244      0.27122042               0       154.70877       1815.7165      -2.7487472       -2.7487472       1970.4252             1815.7165                       154.70877
              2       981.67063       75.458065     0.015148395      0.13940939      -1.8274329      0.27257437               0       160.02417       1808.8146      -2.7487472       -2.7487472       1968.8388             1808.8146                       160.02417
              1       979.65982       76.669464     0.015182648       0.1393736       -1.820565      0.26402631               0       123.84999       1840.9671      -2.7487472       -2.7487472       1964.8171             1840.9671                       123.84999
              4       975.52842       76.275316     0.015133444       0.1395032      -1.8179687      0.26690024               0        129.9952       1826.5591      -2.7487472       -2.7487472       1956.5543             1826.5591                        129.9952
              1        974.9599        76.27532     0.015145824      0.13953069       -1.817037      0.26696874               0       129.79806       1825.6192      -2.7487472       -2.7487472       1955.4173             1825.6192                       129.79806
              3       974.88354       75.462777     0.015190891      0.13978663      -1.8189106      0.27327744               0       154.99187       1800.2727      -2.7487472       -2.7487472       1955.2646             1800.2727                       154.99187
              2       971.31434       75.740063     0.015189006      0.13981878      -1.8138559      0.27133292               0        143.1518       1804.9744      -2.7487472       -2.7487472       1948.1262             1804.9744                        143.1518
              3       971.92244       75.952533     0.015199198      0.13991145      -1.8148414      0.26999529               0       138.11602       1811.2264      -2.7487472       -2.7487472       1949.3424             1811.2264                       138.11602
              1       972.05883       76.788975     0.015242669      0.13979688      -1.8095523      0.26402479               0       116.42702       1833.1881      -2.7487472       -2.7487472       1949.6151             1833.1881                       116.42702
              2        964.3735       75.841117     0.015140003      0.13974871      -1.8036211      0.27040333               0       132.25199       1801.9925      -2.7487472       -2.7487472       1934.2445             1801.9925                       132.25199
              2       965.08299       75.991439      0.01511074      0.13959067      -1.8038064      0.26901024               0       127.76064       1807.9028      -2.7487472       -2.7487472       1935.6635             1807.9028                       127.76064
              2       964.65109       75.984968     0.015113684      0.13958344      -1.8030486      0.26904865               0        127.5698       1807.2299      -2.7487472       -2.7487472       1934.7997             1807.2299                        127.5698
              3       964.66308       75.959554      0.01511455      0.13957696      -1.8031001      0.26921899               0       128.26905       1806.5546      -2.7487472       -2.7487472       1934.8237             1806.5546                       128.26905
              3       962.39087       76.278563     0.015069876      0.13964421      -1.7991674      0.26701067               0        117.1468       1813.1324      -2.7487472       -2.7487472       1930.2792             1813.1324                        117.1468
              1       962.40305       76.279908     0.015069494      0.13965327      -1.7992458      0.26701617               0       117.14052       1813.1631      -2.7487472       -2.7487472       1930.3036             1813.1631                       117.14052
              2       962.05773       76.173674      0.01509282      0.13967498      -1.7990501      0.26783908               0        120.0421       1809.5708      -2.7487472       -2.7487472       1929.6129             1809.5708                        120.0421
              1       962.15296       76.104462     0.015092598      0.13964761      -1.7993818      0.26827883               0       121.84611       1807.9573      -2.7487472       -2.7487472       1929.8034             1807.9573                       121.84611
              1       962.33062       76.216311     0.015087875      0.13962946       -1.799038      0.26745263               0       118.97512       1811.1836      -2.7487472       -2.7487472       1930.1587             1811.1836                       118.97512
              1       958.93104       75.728913     0.015027664      0.13961425      -1.7967455      0.27077488               0          127.48       1795.8796      -2.7487472       -2.7487472       1923.3596             1795.8796                          127.48
              1       958.91478        75.72561     0.015028506      0.13961228       -1.796701      0.27079654               0       127.56545       1795.7616      -2.7487472       -2.7487472       1923.3271             1795.7616                       127.56545
              3       958.10149       75.185926     0.015064821      0.13946673      -1.7944678      0.27450482               0        142.2913       1779.4092      -2.7487472       -2.7487472       1921.7005             1779.4092                        142.2913
              1       957.16884       75.140955      0.01505529      0.13952371      -1.7935866      0.27491753               0       142.62008       1777.2151      -2.7487472       -2.7487472       1919.8352             1777.2151                       142.62008
              1       956.76742       75.546878     0.015061382       0.1395065      -1.7924497      0.27195165               0       130.76177       1788.2706      -2.7487472       -2.7487472       1919.0323             1788.2706                       130.76177
              1         956.456       75.419625     0.015070322       0.1394813      -1.7918228      0.27284156               0       134.11366       1784.2958      -2.7487472       -2.7487472       1918.4095             1784.2958                       134.11366
              7       955.59453       75.380204     0.015036733      0.13941746      -1.7908295      0.27295554               0       133.49339       1783.1932      -2.7487472       -2.7487472       1916.6866             1783.1932                       133.49339
              3       955.44127       75.165597     0.015054838      0.13925638       -1.789318      0.27426335               0       139.34068       1777.0394      -2.7487472       -2.7487472         1916.38             1777.0394                       139.34068
              1       955.41668       75.141871     0.015056878      0.13926131      -1.7892603      0.27444892               0       140.05765       1776.2732      -2.7487472       -2.7487472       1916.3309             1776.2732                       140.05765
              2       955.04402       75.200733     0.015051584      0.13927495       -1.788894      0.27403421               0       137.91841       1777.6671      -2.7487472       -2.7487472       1915.5855             1777.6671                       137.91841
              2       955.27202       75.235175     0.015054358      0.13930367      -1.7893561        0.273839               0       137.30635       1778.7352      -2.7487472       -2.7487472       1916.0415             1778.7352                       137.30635
              5       954.52931       75.154698     0.015053683      0.13938096      -1.7887084      0.27456144               0        139.0791        1775.477      -2.7487472       -2.7487472       1914.5561              1775.477                        139.0791
              3       954.22831       74.469987     0.015022738      0.13932577      -1.7871752      0.27947821               0       158.32162       1755.6325      -2.7487472       -2.7487472       1913.9541             1755.6325                       158.32162
              1       953.11495       74.503596     0.015024607      0.13914505      -1.7845446      0.27890392               0       155.56123       1756.1662      -2.7487472       -2.7487472       1911.7274             1756.1662                       155.56123
              1       952.64089       75.955995     0.015058259       0.1392397      -1.7826698      0.26856212               0       115.30205       1795.4772      -2.7487472       -2.7487472       1910.7793             1795.4772                       115.30205
              1       952.83355       75.386363     0.015180323       0.1393175       -1.782913      0.27298774               0       133.25356        1777.911      -2.7487472       -2.7487472       1911.1646              1777.911                       133.25356
              1        951.4959       75.961595     0.015133677      0.13932622       -1.780043      0.26880318               0       115.75907       1792.7302      -2.7487472       -2.7487472       1908.4893             1792.7302                       115.75907
              2       951.71057        75.91722     0.015117142      0.13932594      -1.7809006      0.26908833               0       116.76788       1792.1508      -2.7487472       -2.7487472       1908.9186             1792.1508                       116.76788
              1       949.56735       75.065625     0.015079467      0.13902784      -1.7783169      0.27463252               0       136.10095       1768.5312      -2.7487472       -2.7487472       1904.6322             1768.5312                       136.10095
              1       948.89627       75.171278     0.015079311      0.13908798      -1.7776328      0.27396723               0       132.62295       1770.6671      -2.7487472       -2.7487472         1903.29             1770.6671                       132.62295
              8         948.909       75.143272     0.015081464      0.13908684      -1.7776111      0.27417327               0       133.46087       1769.8546      -2.7487472       -2.7487472       1903.3155             1769.8546                       133.46087
              2       950.16253       74.544601     0.015049637      0.13933875      -1.7808039       0.2789908               0       152.29749       1753.5251      -2.7487472       -2.7487472       1905.8226             1753.5251                       152.29749
              3        947.2912       75.263405     0.015035878       0.1394864      -1.7783788      0.27392361               0       128.76236       1771.3175      -2.7487472       -2.7487472       1900.0799             1771.3175                       128.76236
              2       947.32658       75.258336     0.015031753      0.13949336      -1.7785685      0.27396552               0       128.87377       1771.2769      -2.7487472       -2.7487472       1900.1506             1771.2769                       128.87377
              1       947.51411       75.172298     0.015032771      0.13942905      -1.7785361        0.274481               0       131.26768        1769.258      -2.7487472       -2.7487472       1900.5257              1769.258                       131.26768
              8       945.73289       75.548126     0.015069586      0.13940518      -1.7740637      0.27177958               0       120.07343       1776.8898      -2.7487472       -2.7487472       1896.9633             1776.8898                       120.07343
              3       945.80979        74.14811     0.015031675      0.13948381      -1.7738406      0.28221366               0       159.68839       1737.4287      -2.7487472       -2.7487472       1897.1171             1737.4287                       159.68839
              4       946.77595       73.908477     0.015024408      0.13951379      -1.7741704      0.28408825               0       168.14863       1730.9008      -2.7487472       -2.7487472       1899.0494             1730.9008                       168.14863
              6       946.82274       74.623936     0.015129864      0.13920135      -1.7732899      0.27829527               0       147.67318       1751.4698      -2.7487472       -2.7487472        1899.143             1751.4698                       147.67318
              1       945.58209         75.1713     0.015142771       0.1391737      -1.7716435      0.27423108               0       130.85859       1765.8031      -2.7487472       -2.7487472       1896.6617             1765.8031                       130.85859
              1       945.74051       75.172297     0.015146937      0.13917589      -1.7718173      0.27423506               0       131.07931       1765.8992      -2.7487472       -2.7487472       1896.9785             1765.8992                       131.07931
              2       943.94184       74.795485     0.015086577      0.13891788      -1.7685994      0.27643607               0       137.88463       1755.4965      -2.7487472       -2.7487472       1893.3812             1755.4965                       137.88463
              2       943.38076       74.819044     0.015097511      0.13892487      -1.7675611      0.27629404               0        136.8817       1755.3773      -2.7487472       -2.7487472        1892.259             1755.3773                        136.8817
              1       943.38949       74.988405     0.015094465      0.13885703      -1.7673442      0.27492136               0       131.85383       1760.4226      -2.7487472       -2.7487472       1892.2765             1760.4226                       131.85383
              2       944.89445       75.063024      0.01511622      0.13887748      -1.7693561      0.27444995               0       131.78588       1763.5005      -2.7487472       -2.7487472       1895.2864             1763.5005                       131.78588
              2        945.9517       74.582085     0.015068982      0.13883748       -1.771163      0.27784407               0       145.57128       1751.8296      -2.7487472       -2.7487472       1897.4009             1751.8296                       145.57128
              1        945.9873       74.480037      0.01508428      0.13886537      -1.7706991      0.27868383               0       149.04898       1748.4231      -2.7487472       -2.7487472       1897.4721             1748.4231                       149.04898
              1        945.6283       74.938768     0.015079535      0.13917922       -1.773075      0.27583281               0       136.15603       1760.5981      -2.7487472       -2.7487472       1896.7541             1760.5981                       136.15603
              2       943.97566       75.377047     0.015060957      0.13919031       -1.770537       0.2726213               0       122.14444       1771.3044      -2.7487472       -2.7487472       1893.4488             1771.3044                       122.14444
             14       943.62651       75.694996     0.015012605      0.13926648      -1.7701282      0.27038443               0       112.95468       1779.7958      -2.7487472       -2.7487472       1892.7505             1779.7958                       112.95468
              1       943.41817       75.651618     0.015002277      0.13929271      -1.7703417      0.27072237               0        113.7301       1778.6037      -2.7487472       -2.7487472       1892.3338             1778.6037                        113.7301
              2       944.95116       74.767463     0.015059142      0.13944228      -1.7738457       0.2775323               0       140.73166       1754.6681      -2.7487472       -2.7487472       1895.3998             1754.6681                       140.73166
              4        943.7579       74.619807     0.015120516      0.13933208      -1.7696129      0.27854406               0       144.74276       1748.2705      -2.7487472       -2.7487472       1893.0133             1748.2705                       144.74276
              1       944.18187       74.777721     0.015120058       0.1392651      -1.7702435      0.27724825               0       140.37846       1753.4828      -2.7487472       -2.7487472       1893.8612             1753.4828                       140.37846
              3        940.6252       74.654018      0.01508536      0.13900243      -1.7637754      0.27763427               0       138.73001       1748.0179      -2.7487472       -2.7487472       1886.7479             1748.0179                       138.73001
              3       940.61365       74.656133     0.015086103      0.13900381       -1.763753      0.27762236               0       138.67681        1748.048      -2.7487472       -2.7487472       1886.7248              1748.048                       138.67681
              1       939.27198       74.725064     0.015058115      0.13897464      -1.7622355      0.27700803               0       134.66421       1749.3772      -2.7487472       -2.7487472       1884.0414             1749.3772                       134.66421
              2       938.05934        74.98785     0.015089235      0.13901773      -1.7600184      0.27520192               0       126.89868       1754.7175      -2.7487472       -2.7487472       1881.6162             1754.7175                       126.89868
              1       935.53592       75.519512     0.015068652      0.13908266      -1.7553598      0.27141846               0       110.49036        1766.079      -2.7487472       -2.7487472       1876.5693              1766.079                       110.49036
              3       934.45174       75.042085     0.015088149      0.13880655      -1.7529368      0.27442736               0       121.27378       1753.1272      -2.7487472       -2.7487472        1874.401             1753.1272                       121.27378
              2       934.80764       75.362405     0.015072996      0.13879997      -1.7529578       0.2720612               0       113.05094       1762.0618      -2.7487472       -2.7487472       1875.1128             1762.0618                       113.05094
              4       934.87343       75.352884      0.01507359      0.13879662      -1.7530701       0.2721251               0       113.35299       1761.8914      -2.7487472       -2.7487472       1875.2443             1761.8914                       113.35299
              6       934.58122       75.123234     0.015069906      0.13900891      -1.7545966      0.27416105               0       119.48015       1755.1798      -2.7487472       -2.7487472       1874.6599             1755.1798                       119.48015
              2       931.95245       75.683586     0.015006693      0.13912907      -1.7495884      0.27021579               0         102.478       1766.9244      -2.7487472       -2.7487472       1869.4024             1766.9244                         102.478
              5       901.48672       74.805496     0.015074255      0.13937904      -1.7010169       0.2771643               0       97.312841       1711.1581      -2.7487472       -2.7487472       1808.4709             1711.1581                       97.312841
              3       874.80054       74.788529     0.015266118      0.13961687      -1.6487287      0.27805837               0       77.995807       1677.1028      -2.7487472       -2.7487472       1755.0986             1677.1028                       77.995807
              6       846.50092       73.709478     0.015469326      0.13982226      -1.5948878      0.28701119               0       76.855611       1621.6437      -2.7487472       -2.7487472       1698.4993             1621.6437                       76.855611
              2       844.20825       73.563506     0.015455292      0.13980658      -1.5905748      0.28809645               0       77.343893       1616.5701      -2.7487472       -2.7487472        1693.914             1616.5701                       77.343893
              6       827.36573       72.212531      0.01566677      0.13998618       -1.549057      0.29972688               0       91.291562       1568.9374      -2.7487472       -2.7487472        1660.229             1568.9374                       91.291562
              1       818.69754       73.199672     0.015523685        0.139895      -1.5339841      0.29129328               0       62.293791       1580.5988      -2.7487472       -2.7487472       1642.8926             1580.5988                       62.293791
              4       815.91112       74.780531     0.015856947      0.13996394      -1.4930133      0.27979518               0       50.775398       1586.5443      -2.7487472       -2.7487472       1637.3197             1586.5443                       50.775398
              1       813.85567       74.236596     0.015721634      0.13969048      -1.5020004      0.28317395               0       49.858274       1583.3506      -2.7487472       -2.7487472       1633.2088             1583.3506                       49.858274
              2       788.64928       73.366717     0.015824759      0.13908201      -1.4303488      0.28898437               0       45.365601       1537.4305      -2.7487472       -2.7487472       1582.7961             1537.4305                       45.365601
              1         785.035        72.63915     0.015858073      0.13888203      -1.4369981      0.29448653               0       45.307726       1530.2598      -2.7487472       -2.7487472       1575.5675             1530.2598                       45.307726
              1       782.98841       72.752466     0.015852939      0.13856979      -1.4251848      0.29297027               0       43.513965       1527.9604      -2.7487472       -2.7487472       1571.4743             1527.9604                       43.513965
              1       780.26847       72.054275     0.015622925      0.13851289      -1.4276882      0.29812279               0        45.96367       1520.0708      -2.7487472       -2.7487472       1566.0344             1520.0708                        45.96367
              1       736.49876       69.565272     0.015733168      0.13846152      -1.2483459      0.31995941               0       41.251275       1437.2437      -2.7487472       -2.7487472        1478.495             1437.2437                       41.251275
              1       730.48774       68.170848     0.015726378      0.13756137      -1.2184061      0.33123117               0       42.620392       1423.8526      -2.7487472       -2.7487472        1466.473             1423.8526                       42.620392
              1       730.88807       68.161219     0.015723843      0.13756948      -1.2212018      0.33133675               0       42.993085       1424.2805      -2.7487472       -2.7487472       1467.2736             1424.2805                       42.993085
              1       730.39143        68.04305     0.015674174      0.13758368      -1.2163333      0.33241201               0       43.431189       1422.8492      -2.7487472       -2.7487472       1466.2804             1422.8492                       43.431189
              1       730.53976       68.091121     0.015671374      0.13757417      -1.2179523      0.33191626               0       43.182138       1423.3949      -2.7487472       -2.7487472        1466.577             1423.3949                       43.182138
              2       731.79328       67.786314     0.015606012      0.13765644      -1.2214666      0.33494475               0       46.734368       1422.3497      -2.7487472       -2.7487472        1469.084             1422.3497                       46.734368
              1       728.53105        68.13472     0.015610637      0.13803111      -1.1914893      0.33234507               0       43.677938       1418.8817      -2.7487472       -2.7487472       1462.5596             1418.8817                       43.677938
              5       728.50518       68.084444     0.015553312      0.13771528      -1.1641808      0.33203107               0       47.433948       1415.0739      -2.7487472       -2.7487472       1462.5078             1415.0739                       47.433948
              3       726.48962       66.424146     0.015693967       0.1377054      -1.0839365      0.34913342               0       54.239558       1404.2372      -2.7487472       -2.7487472       1458.4767             1404.2372                       54.239558
              1        726.7973       66.575542     0.015644797      0.13848225      -1.0978728      0.34918909               0       54.276663       1404.8154      -2.7487472       -2.7487472       1459.0921             1404.8154                       54.276663
              3       726.78088       66.605283     0.015637451       0.1384624       -1.099064      0.34881603               0       54.147518       1404.9117      -2.7487472       -2.7487472       1459.0592             1404.9117                       54.147518
              1       727.05967       67.444392     0.015590809      0.13893138      -1.1573427      0.34111889               0       48.580267       1411.0366      -2.7487472       -2.7487472       1459.6168             1411.0366                       48.580267
              1       727.62982       67.582411     0.015606269      0.13896622      -1.1412535      0.33983716               0       51.012355       1409.7448      -2.7487472       -2.7487472       1460.7571             1409.7448                       51.012355
              3       727.69319       67.344255     0.015553119      0.13882425      -1.1286068      0.34181478               0       52.811608       1408.0723      -2.7487472       -2.7487472       1460.8839             1408.0723                       52.811608
              7       727.06907       67.064821     0.015566937      0.13898681      -1.1255892       0.3450613               0       52.500169       1407.1355      -2.7487472       -2.7487472       1459.6356             1407.1355                       52.500169
              7       727.42854       66.503628     0.015435088      0.13900861      -1.1217436      0.35066067               0       54.443542        1405.911      -2.7487472       -2.7487472       1460.3546              1405.911                       54.443542
              2       727.34626       65.757989     0.015426528      0.13762939      -1.0956503      0.35544873               0       55.956653       1404.2334      -2.7487472       -2.7487472         1460.19             1404.2334                       55.956653
              9       727.33022       65.757501     0.015425652      0.13762148      -1.0946101      0.35543368               0       55.956162       1404.2018      -2.7487472       -2.7487472       1460.1579             1404.2018                       55.956162
              2       727.50218       67.418657      0.01544639      0.13876346      -1.1613753       0.3406922               0       48.891308       1411.6105      -2.7487472       -2.7487472       1460.5018             1411.6105                       48.891308
              3       727.47801       67.414289     0.015446169      0.13876634      -1.1594974      0.34074222               0       49.066224       1411.3873      -2.7487472       -2.7487472       1460.4535             1411.3873                       49.066224
              1       727.34493       66.863949      0.01558804      0.13862275      -1.1055117      0.34637057               0       54.625391        1405.562      -2.7487472       -2.7487472       1460.1874              1405.562                       54.625391
              2        727.4155       66.712322     0.015577286      0.13867467      -1.1008839      0.34803934               0       55.237619       1405.0909      -2.7487472       -2.7487472       1460.3285             1405.0909                       55.237619
              1       726.89982       67.495433     0.015740962      0.13881107      -1.1668807      0.34066869               0       47.056782       1412.2403      -2.7487472       -2.7487472       1459.2971             1412.2403                       47.056782
              4       727.86881       67.240105     0.015707374      0.13831343       -1.176444      0.34208585               0       48.366049       1412.8691      -2.7487472       -2.7487472       1461.2351             1412.8691                       48.366049
              8       727.69287       67.202648     0.015705949      0.13825332       -1.174152      0.34233105               0       48.365076       1412.5182      -2.7487472       -2.7487472       1460.8832             1412.5182                       48.365076
              3       726.65629       67.634775     0.015704457      0.13838783        -1.14495      0.33826142               0       48.232736       1410.5773      -2.7487472       -2.7487472       1458.8101             1410.5773                       48.232736
              1       726.16945       66.816458     0.015473851      0.13777778      -1.1201875      0.34471468               0       51.036785       1406.7996      -2.7487472       -2.7487472       1457.8364             1406.7996                       51.036785
              8       726.38538       67.296423     0.015462775      0.13770118      -1.1495906      0.33962154               0       47.605393       1410.6629      -2.7487472       -2.7487472       1458.2683             1410.6629                       47.605393
              3       726.01561        67.08305     0.015292564      0.13673993      -1.1479965      0.33927117               0       46.930163       1410.5985      -2.7487472       -2.7487472       1457.5287             1410.5985                       46.930163
              5       725.51706       66.743045     0.015388378       0.1367112      -1.1195057      0.34288722               0       49.430145       1407.1015      -2.7487472       -2.7487472       1456.5316             1407.1015                       49.430145
              3       725.17867       66.492469     0.015442178       0.1366783      -1.1103718      0.34552369               0       49.868061       1405.9868      -2.7487472       -2.7487472       1455.8548             1405.9868                       49.868061
              7        725.7161       66.323706     0.015460383      0.13681299        -1.13194      0.34763191               0       49.819286       1407.1104      -2.7487472       -2.7487472       1456.9297             1407.1104                       49.819286
              1       725.67361       66.574481     0.015434278      0.13689402      -1.1416212      0.34514182               0       48.422065       1408.4227      -2.7487472       -2.7487472       1456.8447             1408.4227                       48.422065
              9       725.38777       66.845735     0.015376136      0.13644326      -1.1244731      0.34120751               0       48.415527       1407.8575      -2.7487472       -2.7487472        1456.273             1407.8575                       48.415527
              2       725.34736       66.251427     0.015321837       0.1364209      -1.1070678       0.3471819               0       50.652972       1405.5392      -2.7487472       -2.7487472       1456.1922             1405.5392                       50.652972
              2       726.28859       66.659686     0.015280443       0.1365136      -1.1103466      0.34305774               0        51.67749       1406.3972      -2.7487472       -2.7487472       1458.0747             1406.3972                        51.67749
              2       725.91507       67.014683     0.015333493      0.13688951      -1.1389694      0.34038797               0       47.956758       1409.3709      -2.7487472       -2.7487472       1457.3276             1409.3709                       47.956758
              3       725.68542       66.839919     0.015327616      0.13690602      -1.1375546      0.34219409               0       48.094872       1408.7735      -2.7487472       -2.7487472       1456.8683             1408.7735                       48.094872
              3       725.39827       65.968251     0.015692427      0.13670539      -1.0791806      0.35167423               0       52.359985        1403.934      -2.7487472       -2.7487472        1456.294              1403.934                       52.359985
              1       724.50395       66.310512     0.015765926      0.13649416      -1.0866344      0.34774004               0       50.050082       1404.4553      -2.7487472       -2.7487472       1454.5054             1404.4553                       50.050082
              3       724.74971       66.230737     0.015846242      0.13672516       -1.079983      0.34928798               0       50.909443       1404.0875      -2.7487472       -2.7487472       1454.9969             1404.0875                       50.909443
              1       724.58008       66.352063     0.015840286      0.13671938      -1.0844099      0.34798512               0       50.313914       1404.3437      -2.7487472       -2.7487472       1454.6577             1404.3437                       50.313914
              4       723.48981       66.508574     0.016100873      0.13626885       -1.116961      0.34591987               0       46.120447       1406.3567      -2.7487472       -2.7487472       1452.4771             1406.3567                       46.120447
              1       723.51346       66.568136     0.016093423       0.1363054      -1.1201646      0.34536678               0       45.847014       1406.6774      -2.7487472       -2.7487472       1452.5244             1406.6774                       45.847014
              4       723.09054       66.693726     0.015990714      0.13636843      -1.1137897      0.34397809               0       45.202867       1406.4757      -2.7487472       -2.7487472       1451.6786             1406.4757                       45.202867
              2       723.66353       66.679603     0.016025131      0.13647947      -1.1256442      0.34445096               0       45.563272       1407.2613      -2.7487472       -2.7487472       1452.8246             1407.2613                       45.563272
              2       723.21685       67.343958     0.016077146      0.13653524      -1.1244989      0.33792605               0        43.29436       1408.6368      -2.7487472       -2.7487472       1451.9312             1408.6368                        43.29436
              5       723.61641       66.971202      0.01615034      0.13713293      -1.0982419      0.34319406               0       47.146275        1405.584      -2.7487472       -2.7487472       1452.7303              1405.584                       47.146275
              5       723.72686       66.943281     0.016140095      0.13713209      -1.0961811      0.34345568               0       47.527819       1405.4234      -2.7487472       -2.7487472       1452.9512             1405.4234                       47.527819
              2       724.58769       67.297878     0.016367799      0.13743673      -1.1506338      0.34102123               0       44.313121       1410.3598      -2.7487472       -2.7487472       1454.6729             1410.3598                       44.313121
              3       724.84982       67.106936      0.01641696      0.13671453      -1.1500067      0.34147011               0       45.030737       1410.1664      -2.7487472       -2.7487472       1455.1971             1410.1664                       45.030737
              1       722.66394       67.562698     0.016304866      0.13652658      -1.1254088      0.33622137               0       41.663441       1409.1619      -2.7487472       -2.7487472       1450.8254             1409.1619                       41.663441
              2       722.11998       67.142768     0.016311978      0.13641138      -1.1151497      0.34020041               0       42.429398       1407.3081      -2.7487472       -2.7487472       1449.7375             1407.3081                       42.429398
              2       722.08241       67.152323     0.016337115      0.13642307      -1.1098567      0.34018528               0       42.765761       1406.8965      -2.7487472       -2.7487472       1449.6623             1406.8965                       42.765761
              1        722.6555       66.651016     0.016088358      0.13430629      -1.1352811      0.33999687               0       41.688511         1409.12      -2.7487472       -2.7487472       1450.8085               1409.12                       41.688511
              6       720.85949       66.590219     0.016101384      0.13421837      -1.1047025       0.3404491               0       40.752809       1406.4637      -2.7487472       -2.7487472       1447.2165             1406.4637                       40.752809
              2       720.80029        66.68995     0.016091717      0.13413979      -1.1079881       0.3392332               0       40.157401       1406.9407      -2.7487472       -2.7487472       1447.0981             1406.9407                       40.157401
              4       720.44333       66.462468      0.01612966      0.13366874      -1.0867021       0.3405789               0       41.115315       1405.2688      -2.7487472       -2.7487472       1446.3842             1405.2688                       41.115315
              1       720.77915       66.598447     0.016079075      0.13377033      -1.0895481      0.33930452               0       41.427107       1405.6287      -2.7487472       -2.7487472       1447.0558             1405.6287                       41.427107
              4       720.88858       66.082985     0.015968669      0.13331002      -1.0967873      0.34331158               0       41.795521       1405.4791      -2.7487472       -2.7487472       1447.2747             1405.4791                       41.795521
              1       721.19479       65.820903     0.016117923      0.13296506      -1.0896303      0.34559925               0       43.084136       1404.8029      -2.7487472       -2.7487472       1447.8871             1404.8029                       43.084136
              2       720.88121       65.805536     0.016184861      0.13323395      -1.0747939      0.34653619               0       43.169761       1404.0902      -2.7487472       -2.7487472       1447.2599             1404.0902                       43.169761
              4       721.05403       66.515853     0.016294496      0.13286027      -1.1234905      0.33857766               0       39.221635       1408.3839      -2.7487472       -2.7487472       1447.6056             1408.3839                       39.221635
              4       719.63198       66.371316     0.016351348      0.13287887      -1.0994388      0.34022518               0       38.628757       1406.1327      -2.7487472       -2.7487472       1444.7615             1406.1327                       38.628757
              3       719.18673       66.123585     0.016322083       0.1324184      -1.0824272      0.34165917               0       38.979367       1404.8916      -2.7487472       -2.7487472        1443.871             1404.8916                       38.979367
              4       721.12308       66.234084     0.016302999      0.13239413      -1.0462467      0.34042134               0       44.198881       1403.5448      -2.7487472       -2.7487472       1447.7437             1403.5448                       44.198881
              1       719.98052       65.983782     0.016371782      0.13241557      -1.0481948      0.34321615               0       41.976792       1403.4818      -2.7487472       -2.7487472       1445.4585             1403.4818                       41.976792
              1       721.52429        66.35491     0.016411194      0.13252681      -1.0426995      0.33972978               0       45.064495       1403.4816      -2.7487472       -2.7487472       1448.5461             1403.4816                       45.064495
              1       721.70684       67.949404     0.016383937      0.13267805      -1.1542576      0.32424124               0       31.975267       1416.9359      -2.7487472       -2.7487472       1448.9112             1416.9359                       31.975267
              2       722.62879       68.254177     0.016454173      0.13199484      -1.1369347       0.3200363               0       34.579674       1416.1754      -2.7487472       -2.7487472       1450.7551             1416.1754                       34.579674
              2       723.34882       68.369686     0.016470948      0.13203893      -1.1368235      0.31908602               0       35.624554       1416.5706      -2.7487472       -2.7487472       1452.1951             1416.5706                       35.624554
              2       722.47628       68.251428      0.01644709      0.13232703      -1.1584365      0.32075998               0       31.249113       1419.2009      -2.7487472       -2.7487472       1450.4501             1419.2009                       31.249113
              1         717.744       66.746552     0.016674518      0.13150626      -1.0700514        0.334055               0       35.785301       1405.2002      -2.7487472       -2.7487472       1440.9855             1405.2002                       35.785301
              5       717.18058       66.566475     0.016519166      0.13092725      -1.0904186      0.33420752               0       33.283916       1406.5747      -2.7487472       -2.7487472       1439.8586             1406.5747                       33.283916
              3       717.52772       66.590318     0.016441869      0.13076167      -1.0761652      0.33342051               0       34.862544       1405.6904      -2.7487472       -2.7487472       1440.5529             1405.6904                       34.862544
              3       718.72705       66.976145     0.016637487      0.13159582      -1.0715586      0.33188576               0       37.319439       1405.6322      -2.7487472       -2.7487472       1442.9516             1405.6322                       37.319439
              3       718.75511       67.324865     0.016728581      0.13174528       -1.084538      0.32898726               0       35.834939       1407.1728      -2.7487472       -2.7487472       1443.0077             1407.1728                       35.834939
              1       718.20746       67.157034     0.016702934      0.13190164      -1.0853005      0.33092347               0       35.085367       1406.8271      -2.7487472       -2.7487472       1441.9124             1406.8271                       35.085367
              3       718.09688       67.395902     0.016814653      0.13214108      -1.0956192      0.32935498               0       33.619403       1408.0719      -2.7487472       -2.7487472       1441.6913             1408.0719                       33.619403
              5       717.71515       66.443109     0.017024772      0.13167708      -1.0851627       0.3382935               0       35.421378       1405.5064      -2.7487472       -2.7487472       1440.9278             1405.5064                       35.421378
              3       716.99938       66.716833     0.017036107      0.13177332      -1.0875435      0.33576501               0       33.419368       1406.0769      -2.7487472       -2.7487472       1439.4963             1406.0769                       33.419368
              1       717.69303       66.093649     0.017035894      0.13126382      -1.0679915      0.34095974               0       36.609186       1404.2744      -2.7487472       -2.7487472       1440.8836             1404.2744                       36.609186
              1       718.68756       66.299903     0.017197889      0.13120606      -1.0180458      0.33907877               0        39.78794       1403.0847      -2.7487472       -2.7487472       1442.8726             1403.0847                        39.78794
              2       719.30789       66.887472     0.017185843      0.13111904      -1.0326317      0.33292629               0       40.561191       1403.5521      -2.7487472       -2.7487472       1444.1133             1403.5521                       40.561191
              3       721.65142       66.690279     0.017224401      0.13110427      -1.0120793       0.3349515               0       45.772469       1403.0279      -2.7487472       -2.7487472       1448.8003             1403.0279                       45.772469
              1       719.29146       67.979576     0.017413438      0.13215745      -1.0740296      0.32505472               0       36.948061       1407.1324      -2.7487472       -2.7487472       1444.0804             1407.1324                       36.948061
              3       717.46019        68.27279     0.017581748      0.13251534      -1.1163727      0.32339755               0       28.351728       1412.0661      -2.7487472       -2.7487472       1440.4179             1412.0661                       28.351728
              1       717.14058       68.068244     0.017558062      0.13269813      -1.1134763      0.32568749               0       28.818293       1410.9604      -2.7487472       -2.7487472       1439.7786             1410.9604                       28.818293
              4       716.82065       67.921137     0.017527391      0.13264425      -1.0974562      0.32691654               0       30.269181       1408.8696      -2.7487472       -2.7487472       1439.1388             1408.8696                       30.269181
              1       717.09052       67.550566     0.017580331      0.13237776      -1.0619023       0.3300452               0       34.389149       1405.2894      -2.7487472       -2.7487472       1439.6785             1405.2894                       34.389149
              8       716.77941       67.631687     0.017337582      0.13166693       -1.082924      0.32716917               0       31.619347        1407.437      -2.7487472       -2.7487472       1439.0563              1407.437                       31.619347
              1       716.32577       67.141081     0.017253969      0.13166269      -1.0697469      0.33177304               0       32.619588       1405.5295      -2.7487472       -2.7487472        1438.149             1405.5295                       32.619588
              1       716.58819       67.503059     0.017209186       0.1317297      -1.0965203      0.32827317               0       30.248735       1408.4251      -2.7487472       -2.7487472       1438.6739             1408.4251                       30.248735
             10       716.02945       67.397151     0.017162206      0.13068149       -1.094945      0.32689462               0       28.931013       1408.6254      -2.7487472       -2.7487472       1437.5564             1408.6254                       28.931013
              6        715.6752       66.790367     0.017252562      0.13103542      -1.0755375      0.33385717               0       31.269863        1405.578      -2.7487472       -2.7487472       1436.8479              1405.578                       31.269863
              7       715.54002       66.985894     0.017295816        0.131119      -1.0729743      0.33219367               0       30.900354       1405.6772      -2.7487472       -2.7487472       1436.5775             1405.6772                       30.900354
              3       715.64181       66.781534     0.017282381      0.13105629      -1.0743533      0.33405916               0       31.311945       1405.4692      -2.7487472       -2.7487472       1436.7811             1405.4692                       31.311945
              5       715.82474       67.032494     0.017209595      0.13124004      -1.0796633      0.33180945               0       30.928308       1406.2187      -2.7487472       -2.7487472        1437.147             1406.2187                       30.928308
              4       715.81897       67.025516     0.017210893      0.13124007      -1.0788525      0.33188149               0       30.989646       1406.1458      -2.7487472       -2.7487472       1437.1354             1406.1458                       30.989646
              1       715.75702       66.705787     0.017197241      0.13094539      -1.0745015      0.33437769               0       31.582092       1405.4295      -2.7487472       -2.7487472       1437.0115             1405.4295                       31.582092
              4       715.99076       67.262168     0.017152163      0.13091067      -1.0932972      0.32869236               0       29.461714       1408.0173      -2.7487472       -2.7487472        1437.479             1408.0173                       29.461714
              3       715.99616       67.246889     0.017143168      0.13087215      -1.0849092      0.32873665               0       30.230636       1407.2592      -2.7487472       -2.7487472       1437.4898             1407.2592                       30.230636
              1       716.23847       67.410586     0.017195588      0.13068476      -1.0818096      0.32684499               0       30.562481       1407.4119      -2.7487472       -2.7487472       1437.9744             1407.4119                       30.562481
              2       715.37908       66.486161     0.017024113      0.13000375      -1.0667101      0.33406859               0       31.256745       1404.9989      -2.7487472       -2.7487472       1436.2557             1404.9989                       31.256745
              2       715.46817       66.566344     0.016976285      0.12995999      -1.0640753      0.33305757               0       31.450104       1404.9837      -2.7487472       -2.7487472       1436.4338             1404.9837                       31.450104
              1       715.59819       66.504754     0.016983934       0.1299289      -1.0567932      0.33362173               0       32.182368       1404.5115      -2.7487472       -2.7487472       1436.6939             1404.5115                       32.182368
              2       715.58156       66.972285     0.016974463       0.1299067      -1.0815474      0.32890939               0       29.722104       1406.9385      -2.7487472       -2.7487472       1436.6606             1406.9385                       29.722104
              4         715.972       67.200253     0.017103116      0.12991958      -1.0738708      0.32699502               0        30.73517       1406.7063      -2.7487472       -2.7487472       1437.4415             1406.7063                        30.73517
              5       716.97739        67.51663     0.017124605      0.13005884      -1.0795491       0.3242903               0       31.649731       1407.8026      -2.7487472       -2.7487472       1439.4523             1407.8026                       31.649731
              1       716.35586       67.539133     0.017124041      0.13008891      -1.0922447      0.32413892               0       29.121099       1409.0881      -2.7487472       -2.7487472       1438.2092             1409.0881                       29.121099
              8        716.1982       67.444437     0.017081122       0.1302669      -1.0979466      0.32534672               0       28.546302       1409.3476      -2.7487472       -2.7487472       1437.8939             1409.3476                       28.546302
              6       716.20002       67.403852     0.017067048      0.13029504      -1.1022729      0.32576959               0       28.211647       1409.6859      -2.7487472       -2.7487472       1437.8975             1409.6859                       28.211647
              2       716.85084       65.628903     0.017258522      0.12985238      -1.0291245      0.34304572               0       36.004833       1403.1943      -2.7487472       -2.7487472       1439.1992             1403.1943                       36.004833
              1       716.52204        65.70816     0.017261416      0.12984958      -1.0270435      0.34221887               0       35.369063       1403.1725      -2.7487472       -2.7487472       1438.5416             1403.1725                       35.369063
              2       715.92337       66.299159     0.017193991      0.13066443       -1.056985       0.3378453               0       33.255743       1404.0885      -2.7487472       -2.7487472       1437.3442             1404.0885                       33.255743
              1       715.87264       66.342776     0.017179347      0.13064831      -1.0598978      0.33733132               0       32.979778        1404.263      -2.7487472       -2.7487472       1437.2428              1404.263                       32.979778
              4       716.47193       66.691147     0.017410216       0.1311309       -1.037152      0.33542044               0       34.897967       1403.5434      -2.7487472       -2.7487472       1438.4414             1403.5434                       34.897967
              3       715.81603       67.246162     0.017298252      0.13035408      -1.1017651      0.32794107               0       28.101124       1409.0284      -2.7487472       -2.7487472       1437.1296             1409.0284                       28.101124
              3        715.5798       67.057207     0.017256282      0.13033242      -1.0936907      0.32965031               0       28.832553       1407.8245      -2.7487472       -2.7487472       1436.6571             1407.8245                       28.832553
              4       715.34112        67.11181      0.01730444      0.13040456      -1.0899744      0.32938121               0       28.624486       1407.5552      -2.7487472       -2.7487472       1436.1797             1407.5552                       28.624486
              1       715.39554       66.316749     0.017369162      0.13015207      -1.0575027      0.33689942               0       32.090833       1404.1978      -2.7487472       -2.7487472       1436.2886             1404.1978                       32.090833
              1       714.99448       66.149347     0.017089053      0.12919124      -1.0452522      0.33577076               0       31.690545       1403.7959      -2.7487472       -2.7487472       1435.4865             1403.7959                       31.690545
              3       715.02445       66.429749     0.017190204       0.1294195      -1.0443426      0.33368863               0       31.617567       1403.9288      -2.7487472       -2.7487472       1435.5464             1403.9288                       31.617567
              7       714.77459       66.446719     0.017177094      0.12949769      -1.0546422       0.3336656               0       30.648735       1404.3979      -2.7487472       -2.7487472       1435.0467             1404.3979                       30.648735
              1       715.51033       66.091897     0.016999801      0.12943279      -1.0600118      0.33670343               0        32.18682       1404.3313      -2.7487472       -2.7487472       1436.5182             1404.3313                        32.18682
              6       715.35416       65.815145     0.017018194      0.12886859      -1.0373479        0.338281               0       32.799292       1403.4065      -2.7487472       -2.7487472       1436.2058             1403.4065                       32.799292
              3       717.23688       65.697171     0.017063652      0.12879341      -1.0052235      0.33942814               0       36.895057       1403.0762      -2.7487472       -2.7487472       1439.9713             1403.0762                       36.895057
              4       715.36618       65.683195     0.017073951      0.12860296      -1.0326183      0.33915503               0       32.955558       1403.2743      -2.7487472       -2.7487472       1436.2298             1403.2743                       32.955558
              4       714.78921       66.755717     0.016940917      0.12866556      -1.0843026      0.32818653               0       27.747671       1407.3282      -2.7487472       -2.7487472       1435.0759             1407.3282                       27.747671
              2        714.8151       66.759916     0.016941959      0.12866335      -1.0854387      0.32814264               0       27.690502       1407.4372      -2.7487472       -2.7487472       1435.1277             1407.4372                       27.690502
              1       715.24044       67.024978     0.016921492      0.12825462      -1.0772353      0.32459698               0       28.460334        1407.518      -2.7487472       -2.7487472       1435.9784              1407.518                       28.460334
              2       715.57854       67.136445     0.016923828      0.12827595      -1.0793544      0.32357251               0       28.696868       1407.9577      -2.7487472       -2.7487472       1436.6546             1407.9577                       28.696868
              3       715.78656       66.322662     0.016956857      0.12742915       -1.029954      0.32971172               0       33.382966       1403.6877      -2.7487472       -2.7487472       1437.0706             1403.6877                       33.382966
             10       714.61858       66.546463     0.016866174      0.12781622      -1.0869892      0.32816705               0       27.166278       1407.5684      -2.7487472       -2.7487472       1434.7347             1407.5684                       27.166278
              1       714.58724       66.548434     0.016867031      0.12781387      -1.0864831      0.32814423               0        27.14327       1407.5287      -2.7487472       -2.7487472        1434.672             1407.5287                        27.14327
              5        714.5895       66.189241     0.016729426      0.12717593      -1.0817498      0.32994516               0       27.936223       1406.7403      -2.7487472       -2.7487472       1434.6765             1406.7403                       27.936223
              2        714.1623       65.846591     0.016785723      0.12727151      -1.0453992       0.3337383               0       29.853992       1403.9681      -2.7487472       -2.7487472       1433.8221             1403.9681                       29.853992
              2       713.50079        65.89606     0.017000235      0.12682145      -1.0501438      0.33269496               0       28.215382       1404.2837      -2.7487472       -2.7487472       1432.4991             1404.2837                       28.215382
              2       713.19608       66.247138     0.017157704      0.12696026      -1.0434107      0.32985315               0       27.625519       1404.2641      -2.7487472       -2.7487472       1431.8897             1404.2641                       27.625519
              1       714.58374       67.255874     0.017120058      0.12721323      -1.0977947      0.32050878               0       23.891862       1410.7731      -2.7487472       -2.7487472        1434.665             1410.7731                       23.891862
              5       714.91575       67.275558     0.017098326      0.12745624      -1.0818639      0.32081016               0       26.408845       1408.9202      -2.7487472       -2.7487472        1435.329             1408.9202                       26.408845
              1       714.33835       66.839679     0.016979006      0.12782622      -1.0748295      0.32556903               0       27.086417       1407.0878      -2.7487472       -2.7487472       1434.1742             1407.0878                       27.086417
              4       717.31848       67.118584     0.016698392      0.12713452      -1.1304836      0.32071058               0        25.18245        1414.952      -2.7487472       -2.7487472       1440.1345              1414.952                        25.18245
              2       716.65926       67.495623     0.016775743      0.12718064      -1.1169458      0.31740854               0       24.461515       1414.3545      -2.7487472       -2.7487472        1438.816             1414.3545                       24.461515
              1        715.4937        67.17058     0.016772292      0.12732345      -1.0999631      0.32079678               0       25.547785       1410.9371      -2.7487472       -2.7487472       1436.4849             1410.9371                       25.547785
              2       715.68414       67.223426     0.016769003      0.12720327      -1.1064262      0.32001939               0       24.880927       1411.9848      -2.7487472       -2.7487472       1436.8658             1411.9848                       24.880927
              6       715.18113       67.095698     0.017123806      0.12701603      -1.0610501      0.32161117               0        29.09539       1406.7644      -2.7487472       -2.7487472       1435.8598             1406.7644                        29.09539
              2        714.2874       67.019332     0.017042606      0.12708845      -1.0755217      0.32232498               0       26.172879       1407.8994      -2.7487472       -2.7487472       1434.0723             1407.8994                       26.172879
              1       714.90968       67.299968     0.017032354      0.12716588      -1.0958376      0.31979075               0       24.546324       1410.7705      -2.7487472       -2.7487472       1435.3169             1410.7705                       24.546324
              2        714.0018       66.569726     0.017272863       0.1279627      -1.0439369      0.32918596               0       29.134878       1404.3662      -2.7487472       -2.7487472       1433.5011             1404.3662                       29.134878
              2       713.74424       66.686652     0.017233603      0.12820331      -1.0618947      0.32848538               0       27.449618       1405.5364      -2.7487472       -2.7487472        1432.986             1405.5364                       27.449618
              6       712.43492       67.678979     0.018375182      0.12601897      -1.0877244      0.31664677               0       19.558746       1410.8086      -2.7487472       -2.7487472       1430.3673             1410.8086                       19.558746
              7       710.78031       67.236577     0.018348686      0.12622848      -1.0490363      0.32123224               0       21.179534       1405.8786      -2.7487472       -2.7487472       1427.0581             1405.8786                       21.179534
              1       710.66922       67.226921     0.018351879      0.12598468      -1.0482259      0.32079215               0       20.937523       1405.8984      -2.7487472       -2.7487472       1426.8359             1405.8984                       20.937523
             10       709.69566       66.566321     0.018611667      0.12500511      -1.0171814       0.3255664               0       21.359688       1403.5291      -2.7487472       -2.7487472       1424.8888             1403.5291                       21.359688
              2        709.1909       66.964792     0.018747856      0.12430728      -1.0209454      0.32045091               0       19.683683       1404.1956      -2.7487472       -2.7487472       1423.8793             1404.1956                       19.683683
              3         709.354       66.832156     0.018870219      0.12473569      -1.0306155      0.32295723               0       19.795225       1404.4103      -2.7487472       -2.7487472       1424.2055             1404.4103                       19.795225
              3       709.49441       66.758283     0.018890062      0.12435605      -1.0329334      0.32286505               0       19.933912       1404.5524      -2.7487472       -2.7487472       1424.4863             1404.5524                       19.933912
              8       706.02746       66.826144     0.020606202      0.11954877     -0.98555258      0.31528775               0       14.393581       1403.1588      -2.7487472       -2.7487472       1417.5524             1403.1588                       14.393581
             13       706.06324       66.839224     0.020606457      0.11955097     -0.98664052      0.31516986               0       14.421254       1403.2027      -2.7487472       -2.7487472        1417.624             1403.2027                       14.421254
              1       707.43902         65.8604     0.021759685      0.11499294     -0.92963499      0.31675814               0       17.380057       1402.9955      -2.7487472       -2.7487472       1420.3755             1402.9955                       17.380057
             13       704.39702        66.81115      0.02192676      0.11656304     -0.93369484      0.31169884               0       11.646229       1402.6453      -2.7487472       -2.7487472       1414.2915             1402.6453                       11.646229
             10       704.61797       66.973751      0.02175117      0.11670724     -0.95918181      0.31011718               0       11.995518       1402.7379      -2.7487472       -2.7487472       1414.7334             1402.7379                       11.995518
              1       705.42779       66.707631     0.021822449      0.11653246     -0.91739459      0.31236385               0       13.332107        1403.021      -2.7487472       -2.7487472       1416.3531              1403.021                       13.332107
             16       703.42014       67.187574     0.022190271      0.11364454     -0.94101034      0.30233452               0       9.6712083       1402.6666      -2.7487472       -2.7487472       1412.3378             1402.6666                       9.6712083
              3       703.75639       66.975637     0.022217024      0.11348854     -0.92471634      0.30396283               0       10.487675       1402.5226      -2.7487472       -2.7487472       1413.0103             1402.5226                       10.487675
             16       703.58371         66.8583     0.021933735      0.11423437     -0.94022482      0.30606543               0       10.096455       1402.5685      -2.7487472       -2.7487472       1412.6649             1402.5685                       10.096455
             14       703.90126       67.293413     0.021682643      0.11574228     -0.95726774      0.30489566               0       10.364058        1402.936      -2.7487472       -2.7487472          1413.3              1402.936                       10.364058
              3       704.14373       67.043521     0.021638183      0.11621592     -0.94449411      0.30812762               0        11.20265       1402.5823      -2.7487472       -2.7487472       1413.7849             1402.5823                        11.20265
             18       704.07451       67.346321     0.021865337      0.11588053      -0.9472773      0.30512442               0       10.960857       1402.6857      -2.7487472       -2.7487472       1413.6465             1402.6857                       10.960857
              6       704.11517       67.457046     0.021842325      0.11572851     -0.95215443      0.30373892               0       10.870053       1402.8578      -2.7487472       -2.7487472       1413.7278             1402.8578                       10.870053
              3       704.48271       67.282626     0.022057834      0.11402828     -0.93257002      0.30203604               0       11.909836       1402.5531      -2.7487472       -2.7487472       1414.4629             1402.5531                       11.909836
              3         703.234       67.182266     0.022455498      0.11239059      -0.9368718      0.30019169               0       9.2993576       1402.6661      -2.7487472       -2.7487472       1411.9655             1402.6661                       9.2993576
             13        703.3095       67.092032     0.022427516      0.11253947     -0.94074183      0.30126828               0       9.4146893       1402.7018      -2.7487472       -2.7487472       1412.1165             1402.7018                       9.4146893
              3       703.56474       67.271697     0.022293047      0.11285019     -0.93659306      0.30005069               0       9.9609121       1402.6661      -2.7487472       -2.7487472        1412.627             1402.6661                       9.9609121
             21       703.83491       67.316757     0.022142519      0.11364368     -0.96066002      0.30106799               0       9.8179785       1403.3493      -2.7487472       -2.7487472       1413.1673             1403.3493                       9.8179785
              7        703.1799       67.243831     0.022759787      0.11275225     -0.93319469      0.30111504               0       9.2787674       1402.5785      -2.7487472       -2.7487472       1411.8573             1402.5785                       9.2787674
              1       703.37991       67.608968     0.022763218      0.11294866     -0.94418011      0.29830853               0       9.3049836       1402.9523      -2.7487472       -2.7487472       1412.2573             1402.9523                       9.3049836
              4       703.80981       67.218253     0.023385984      0.11471936     -0.91828266      0.30708382               0       10.436827       1402.6803      -2.7487472       -2.7487472       1413.1171             1402.6803                       10.436827
             33       703.26761       67.334108     0.022937602      0.11368469     -0.93306376      0.30275696               0       9.4856886        1402.547      -2.7487472       -2.7487472       1412.0327              1402.547                       9.4856886
              2       703.29302       67.324427     0.022930105      0.11368794     -0.93389228      0.30283465               0       9.5299259       1402.5536      -2.7487472       -2.7487472       1412.0835             1402.5536                       9.5299259
              6       703.93629       67.440112     0.022904128      0.11394822     -0.94945337      0.30231175               0       10.507162       1402.8629      -2.7487472       -2.7487472       1413.3701             1402.8629                       10.507162
              1       704.04652       67.477162      0.02291215      0.11388946     -0.95181918      0.30186843               0       10.631004       1402.9595      -2.7487472       -2.7487472       1413.5905             1402.9595                       10.631004
              3       705.06998       67.396433     0.023370545      0.11361363     -0.89700838      0.30299394               0        12.67548        1402.962      -2.7487472       -2.7487472       1415.6375              1402.962                        12.67548
              1       703.62123       67.624275     0.023248995      0.11589843     -0.93732429      0.30568612               0       10.189976         1402.55      -2.7487472       -2.7487472         1412.74               1402.55                       10.189976
              4       703.59715       67.819425     0.023768778      0.11414399     -0.93777147      0.30124509               0        10.04642       1402.6454      -2.7487472       -2.7487472       1412.6918             1402.6454                        10.04642
              1       703.46677       67.846429     0.023784132      0.11414211     -0.93653154       0.3010346               0       9.8002376       1402.6308      -2.7487472       -2.7487472        1412.431             1402.6308                       9.8002376
             11       703.24653       67.952267     0.023734532      0.11429337     -0.93661122      0.30031775               0       9.3339401       1402.6566      -2.7487472       -2.7487472       1411.9906             1402.6566                       9.3339401
              4       704.36452        67.64234     0.023457592      0.11564412     -0.94365561      0.30542296               0       11.608001       1402.6185      -2.7487472       -2.7487472       1414.2265             1402.6185                       11.608001
              4       704.08854       67.560587     0.023480021      0.11579089     -0.93551119      0.30653326               0       11.134775       1402.5398      -2.7487472       -2.7487472       1413.6746             1402.5398                       11.134775
              4       703.86113        67.62099     0.023486575      0.11583413     -0.93502154      0.30609477               0       10.682009       1402.5378      -2.7487472       -2.7487472       1413.2198             1402.5378                       10.682009
              1       705.91438       67.170042     0.023136376      0.11699399      -0.9381509      0.31201305               0       14.713184       1402.6131      -2.7487472       -2.7487472       1417.3263             1402.6131                       14.713184
             15       704.41726       67.536863     0.023018614      0.11832422     -0.92585317      0.31129112               0       11.586261       1402.7458      -2.7487472       -2.7487472        1414.332             1402.7458                       11.586261
              3        704.5278       67.531246     0.023048372      0.11833934     -0.92296253       0.3114413               0       11.739945       1402.8131      -2.7487472       -2.7487472       1414.5531             1402.8131                       11.739945
              3       703.81789         68.0376     0.023098725      0.11823258     -0.94218907      0.30670104               0       10.554934       1402.5783      -2.7487472       -2.7487472       1413.1333             1402.5783                       10.554934
              5       703.72053       68.157086     0.023105259      0.11804777     -0.95447101      0.30524286               0       10.098949       1402.8396      -2.7487472       -2.7487472       1412.9386             1402.8396                       10.098949
              1       703.72826       68.187072     0.023105779      0.11803338     -0.95584084      0.30494464               0       10.061671       1402.8924      -2.7487472       -2.7487472        1412.954             1402.8924                       10.061671
              8       703.83989       68.205779     0.023112573      0.11796091     -0.96022464      0.30463619               0        10.13161       1403.0457      -2.7487472       -2.7487472       1413.1773             1403.0457                        10.13161
             10       703.83679       68.210744     0.023113802       0.1180234     -0.96006015       0.3047288               0       10.137182       1403.0339      -2.7487472       -2.7487472       1413.1711             1403.0339                       10.137182
              5       704.10952       68.077834     0.022711527      0.11906773     -0.95243123      0.30730517               0       11.009671       1402.7069      -2.7487472       -2.7487472       1413.7165             1402.7069                       11.009671
              5       705.67371       67.623109     0.022606284      0.12010382     -0.96296444      0.31348753               0       14.138342       1402.7066      -2.7487472       -2.7487472       1416.8449             1402.7066                       14.138342
              1       704.46771       67.955117     0.022750317      0.11854139     -0.93933113      0.30736029               0       11.879349       1402.5536      -2.7487472       -2.7487472       1414.4329             1402.5536                       11.879349
              2       704.45781       67.957679      0.02274966      0.11854299      -0.9395585      0.30733914               0       11.858404       1402.5547      -2.7487472       -2.7487472       1414.4131             1402.5547                       11.858404
             35       704.71948       67.105782     0.022851199      0.11705356     -0.91453574      0.31210991               0       11.845454        1403.091      -2.7487472       -2.7487472       1414.9364              1403.091                       11.845454
             18       704.74354       67.568732     0.022282196      0.11983109     -0.94536011      0.31268508               0       12.389967       1402.5946      -2.7487472       -2.7487472       1414.9846             1402.5946                       12.389967
             23       704.73722       67.474774     0.022300712       0.1196822     -0.95014705      0.31327016               0       12.370039       1402.6019      -2.7487472       -2.7487472       1414.9719             1402.6019                       12.370039
              3       704.75835       67.448361     0.022306064      0.11966656     -0.94726913      0.31349295               0       12.410935       1402.6033      -2.7487472       -2.7487472       1415.0142             1402.6033                       12.410935
              1       707.46409       66.471517     0.021671574      0.11925774     -0.91197329      0.32041337               0       16.355039       1404.0706      -2.7487472       -2.7487472       1420.4257             1404.0706                       16.355039
              3       707.91508       67.539633     0.022121882      0.11638503     -0.91902298      0.30504865               0       18.737585       1402.5901      -2.7487472       -2.7487472       1421.3277             1402.5901                       18.737585
             12       708.83092       67.395527     0.022118085      0.11638151      -0.9102358      0.30633844               0       20.349638       1402.8097      -2.7487472       -2.7487472       1423.1593             1402.8097                       20.349638
              9       708.58678       67.438506     0.022105865      0.11635635     -0.91303117      0.30586592               0       19.950249       1402.7208      -2.7487472       -2.7487472        1422.671             1402.7208                       19.950249
              2       709.01187       66.859378     0.022158201      0.11707797     -0.89290715      0.31291897               0       19.362856       1404.1584      -2.7487472       -2.7487472       1423.5212             1404.1584                       19.362856
              4       706.28419       66.396122     0.023259624       0.1116911      -0.8665784      0.30757979               0       12.909673       1405.1562      -2.7487472       -2.7487472       1418.0659             1405.1562                       12.909673
              4       706.13528       66.740267     0.023039596      0.11130624     -0.93859783      0.30305791               0       15.162885       1402.6052      -2.7487472       -2.7487472       1417.7681             1402.6052                       15.162885
             16       704.61123       67.939391     0.022486235       0.1130985     -0.97411381       0.2951385               0       9.8351362       1404.8848      -2.7487472       -2.7487472         1414.72             1404.8848                       9.8351362
             10       704.80739       68.143734     0.022488136      0.11312211     -0.97342297      0.29342602               0       9.9873436       1405.1249      -2.7487472       -2.7487472       1415.1123             1405.1249                       9.9873436
              4       703.49436       66.496082     0.022527796      0.11165992     -0.91029593      0.30493015               0       9.7563934       1402.7298      -2.7487472       -2.7487472       1412.4862             1402.7298                       9.7563934
              3       704.34202       67.400888     0.022230594      0.11346287     -0.96742087      0.30011273               0       10.412089       1403.7694      -2.7487472       -2.7487472       1414.1815             1403.7694                       10.412089
             17       703.99054       67.174364     0.022337523      0.11250346     -0.92512267      0.30025101               0       10.964378       1402.5142      -2.7487472       -2.7487472       1413.4786             1402.5142                       10.964378
              6       703.49018       67.062986     0.022292548      0.11217712     -0.92879909      0.30042354               0       9.9361139       1402.5417      -2.7487472       -2.7487472       1412.4779             1402.5417                       9.9361139
              6       703.49512       67.078991     0.022317289      0.11206348     -0.92862275      0.30008262               0       9.9419221       1402.5458      -2.7487472       -2.7487472       1412.4877             1402.5458                       9.9419221
             39       703.28982       67.103828     0.022290523      0.11216453     -0.93617871      0.30002549               0       9.4181092        1402.659      -2.7487472       -2.7487472       1412.0771              1402.659                       9.4181092
             12       703.53112       66.793306     0.022246533      0.11275148     -0.92123703      0.30403865               0       10.018089       1402.5416      -2.7487472       -2.7487472       1412.5597             1402.5416                       10.018089
             21       704.22749       67.769125     0.021949713       0.1148083     -0.96774922      0.29917809               0       10.054113       1403.8984      -2.7487472       -2.7487472       1413.9525             1403.8984                       10.054113
             30       704.16933       67.731059     0.021941205      0.11493389     -0.97184625      0.29976969               0       9.7811349        1404.055      -2.7487472       -2.7487472       1413.8362              1404.055                       9.7811349
             24       704.36214       66.150803     0.022030844      0.11304203     -0.91646095      0.31014446               0       11.331128       1402.8907      -2.7487472       -2.7487472       1414.2218             1402.8907                       11.331128
              4       705.60954       67.913745     0.022613319      0.11378764     -0.93384972      0.29713112               0        13.98432       1402.7323      -2.7487472       -2.7487472       1416.7166             1402.7323                        13.98432
             13       704.30466       67.286297     0.022511822      0.11347736      -0.9209698      0.30178897               0       11.600005       1402.5068      -2.7487472       -2.7487472       1414.1068             1402.5068                       11.600005
              2       703.77402       67.665511     0.022495162      0.11346442     -0.94538616       0.2983512               0       10.056731       1402.9888      -2.7487472       -2.7487472       1413.0455             1402.9888                       10.056731
              2       706.95868       69.014339     0.023295052      0.11325484     -0.99234132      0.28804247               0       11.328127       1408.0867      -2.7487472       -2.7487472       1419.4149             1408.0867                       11.328127
             12       706.21689       67.957105     0.024008538      0.10753342     -0.90502444      0.28623058               0       15.331918       1402.5994      -2.7487472       -2.7487472       1417.9313             1402.5994                       15.331918
              4        704.2285       67.677625     0.024007161      0.10788535     -0.90525117      0.28936483               0       11.443646       1402.5109      -2.7487472       -2.7487472       1413.9545             1402.5109                       11.443646
              1       704.06744       67.188643     0.024425301       0.1106226     -0.90447069      0.30058177               0       10.994143       1402.6382      -2.7487472       -2.7487472       1413.6324             1402.6382                       10.994143
              8       703.95212        67.05924     0.024417286      0.11066714     -0.89563609      0.30182416               0       10.479317       1402.9224      -2.7487472       -2.7487472       1413.4017             1402.9224                       10.479317
              5       703.61471       67.457746     0.024464899      0.11059586     -0.91090624      0.29821663               0       10.229081       1402.4978      -2.7487472       -2.7487472       1412.7269             1402.4978                       10.229081
              2       703.14339       67.601113     0.024414513      0.11083955     -0.91013205      0.29737607               0       9.2940672       1402.4902      -2.7487472       -2.7487472       1411.7843             1402.4902                       9.2940672
              1       704.80848        67.41442     0.024496739      0.11062317     -0.87440647      0.29873022               0       11.613247       1403.5012      -2.7487472       -2.7487472       1415.1145             1403.5012                       11.613247
              8       707.18805       67.601385     0.024245596      0.11070281     -0.87345172      0.29670483               0       16.524773       1403.3488      -2.7487472       -2.7487472       1419.8736             1403.3488                       16.524773
              4       704.22594       68.363186     0.024372596      0.10940116     -0.93292134      0.28761564               0       10.535483       1403.4139      -2.7487472       -2.7487472       1413.9494             1403.4139                       10.535483
              1       705.62862       68.641865      0.02429237      0.10939053     -0.95450541      0.28509216               0       11.629108       1405.1256      -2.7487472       -2.7487472       1416.7547             1405.1256                       11.629108
             14       704.92076       66.958633     0.024702511      0.10627724     -0.85879479      0.29357669               0       11.564321       1403.7747      -2.7487472       -2.7487472        1415.339             1403.7747                       11.564321
              6       703.99552       67.706116        0.024703      0.10598526     -0.91069037      0.28649436               0       10.782234       1402.7063      -2.7487472       -2.7487472       1413.4885             1402.7063                       10.782234
              4       703.99766       67.707247     0.024701664      0.10598612     -0.91074991      0.28648375               0       10.784541       1402.7083      -2.7487472       -2.7487472       1413.4928             1402.7083                       10.784541
              7       703.51787       67.192919     0.024693713      0.10580008     -0.88160691      0.29045663               0       9.8834041       1402.6498      -2.7487472       -2.7487472       1412.5332             1402.6498                       9.8834041
             17       703.50791       67.190157     0.024711371      0.10548272     -0.88297024      0.28981665               0       9.9153544        1402.598      -2.7487472       -2.7487472       1412.5133              1402.598                       9.9153544
             13       704.12332       66.794498     0.025297714      0.10380178     -0.85466073      0.29080688               0       10.040294       1403.7038      -2.7487472       -2.7487472       1413.7441             1403.7038                       10.040294
             11       703.65476       67.319513     0.025243724      0.10574403       -0.886052      0.29045523               0       10.238619       1402.5684      -2.7487472       -2.7487472        1412.807             1402.5684                       10.238619
              4       703.56133       67.283834     0.025244076      0.10572838      -0.8822541      0.29072956               0       9.9721902        1402.648      -2.7487472       -2.7487472       1412.6201              1402.648                       9.9721902
              4       704.49771       66.772846     0.025254135      0.10651967     -0.86992119      0.29699359               0       10.946383       1403.5465      -2.7487472       -2.7487472       1414.4929             1403.5465                       10.946383
             12       704.40317       66.826826     0.025265451      0.10650753     -0.87163485      0.29651212               0       10.888909       1403.4149      -2.7487472       -2.7487472       1414.3038             1403.4149                       10.888909
              5       703.34468       67.186474     0.024824833      0.10794053      -0.8807807      0.29554461               0       9.2240923       1402.9628      -2.7487472       -2.7487472       1412.1868             1402.9628                       9.2240923
              5       703.70549       66.982622     0.024627995      0.10916437     -0.87525007      0.29963525               0       9.3557777       1403.5527      -2.7487472       -2.7487472       1412.9085             1403.5527                       9.3557777
              7       703.68022       67.173894      0.02458985      0.10903637     -0.89788223      0.29756311               0        10.22747       1402.6305      -2.7487472       -2.7487472       1412.8579             1402.6305                        10.22747
             11       705.58675        67.24187     0.023171813      0.11729645     -0.93675601      0.31209413               0       14.044075       1402.6269      -2.7487472       -2.7487472        1416.671             1402.6269                       14.044075
              3        705.7823       66.904761     0.023180013      0.11742456     -0.90978955      0.31555164               0       13.460383       1403.6017      -2.7487472       -2.7487472       1417.0621             1403.6017                       13.460383
              4        705.5346       67.229445     0.023123072      0.11751691     -0.93597493      0.31258942               0       13.915679        1402.651      -2.7487472       -2.7487472       1416.5667              1402.651                       13.915679
              2       704.81626       67.238369     0.023200309      0.11763755     -0.91852538      0.31294415               0       12.099453       1403.0306      -2.7487472       -2.7487472         1415.13             1403.0306                       12.099453
              2        704.7877       67.423431     0.023463177      0.11635931     -0.93416981        0.308995               0       12.505257       1402.5676      -2.7487472       -2.7487472       1415.0729             1402.5676                       12.505257
             10       706.56483        67.64332     0.023448049      0.11651044     -0.89514855      0.30728657               0       15.229275       1403.3979      -2.7487472       -2.7487472       1418.6272             1403.3979                       15.229275
              9       703.58686       68.082983     0.023505862      0.11641319     -0.93086476      0.30324555               0       10.144484       1402.5267      -2.7487472       -2.7487472       1412.6712             1402.5267                       10.144484
              5       703.64835       67.236926     0.023573668      0.11407446     -0.90800683       0.3059019               0       9.9547348       1402.8395      -2.7487472       -2.7487472       1412.7942             1402.8395                       9.9547348
             19       704.00235       67.063873     0.023599242      0.11404747     -0.90229388      0.30747951               0       10.370467       1403.1317      -2.7487472       -2.7487472       1413.5022             1403.1317                       10.370467
              6       704.22704       67.293407     0.023571303      0.11408813     -0.92731104      0.30541359               0        11.41703       1402.5345      -2.7487472       -2.7487472       1413.9516             1402.5345                        11.41703
             10       703.98551       67.356202     0.023970262      0.10701127     -0.89631675      0.29012517               0       10.998457       1402.4701      -2.7487472       -2.7487472       1413.4685             1402.4701                       10.998457
              5       703.76208       66.719837     0.023685784      0.10891562     -0.88125743      0.29932483               0       9.7743568       1403.2473      -2.7487472       -2.7487472       1413.0216             1403.2473                       9.7743568
              3       703.20707         67.0793     0.023709295      0.10905274     -0.91240122      0.29648237               0       9.4302876       1402.4814      -2.7487472       -2.7487472       1411.9116             1402.4814                       9.4302876
             10       705.87489       67.248646     0.023568006      0.10821932     -0.88650322      0.29283574               0       14.596557       1402.6507      -2.7487472       -2.7487472       1417.2473             1402.6507                       14.596557
             17       704.60273       67.461263     0.023382148      0.10939231      -0.9460814      0.29316183               0       11.237473       1403.4655      -2.7487472       -2.7487472        1414.703             1403.4655                       11.237473
              1       703.85838       67.297872     0.023544574      0.10827488     -0.90324306      0.29247844               0       10.743567       1402.4707      -2.7487472       -2.7487472       1413.2142             1402.4707                       10.743567
              1       703.58514       67.515886     0.023521677      0.10831375      -0.9217949      0.29062765               0       9.9009048       1402.7669      -2.7487472       -2.7487472       1412.6678             1402.7669                       9.9009048
              5       703.58248       67.189058     0.023502557      0.10848059     -0.92615905      0.29378916               0         9.95064       1402.7118      -2.7487472       -2.7487472       1412.6625             1402.7118                         9.95064
              2        703.4681       66.539248     0.023484697      0.10933177     -0.89088685      0.30143753               0       9.3823327       1403.0514      -2.7487472       -2.7487472       1412.4337             1403.0514                       9.3823327
              7        703.9916       66.436564     0.023463729      0.10890173     -0.87734135      0.30134824               0       9.8519785       1403.6287      -2.7487472       -2.7487472       1413.4807             1403.6287                       9.8519785
             11        704.5636       66.430791     0.023463203      0.10807926     -0.90867756      0.29953569               0        12.08229       1402.5424      -2.7487472       -2.7487472       1414.6247             1402.5424                        12.08229
              4       704.10858       66.143097     0.023530655      0.10784429     -0.88579983      0.30176417               0       10.438415       1403.2762      -2.7487472       -2.7487472       1413.7147             1403.2762                       10.438415
             19       703.41952       66.447129      0.02362323       0.1068275     -0.89372023      0.29691574               0       9.6515798       1402.6849      -2.7487472       -2.7487472       1412.3365             1402.6849                       9.6515798
              1       704.54143       66.634592     0.023431953      0.10747594     -0.91871466      0.29627709               0       12.066809       1402.5135      -2.7487472       -2.7487472       1414.5804             1402.5135                       12.066809
             19        705.7899       65.378699     0.023531807      0.10373406     -0.87296503      0.29924848               0       13.448714       1403.6286      -2.7487472       -2.7487472       1417.0773             1403.6286                       13.448714
             17       704.25158       65.415935     0.023407213      0.10327643     -0.85778334      0.29754733               0       9.6799417       1404.3207      -2.7487472       -2.7487472       1414.0007             1404.3207                       9.6799417
              5       707.16674       66.805675     0.023067262      0.10762896     -0.87755907      0.29428727               0       16.847121       1402.9839      -2.7487472       -2.7487472        1419.831             1402.9839                       16.847121
              1        703.3261       66.953168     0.023004152      0.10760051     -0.91351271      0.29278787               0       9.6230503       1402.5266      -2.7487472       -2.7487472       1412.1497             1402.5266                       9.6230503
              3       704.15919       66.614041      0.02303159      0.10784555     -0.88808477      0.29639061               0       11.021221       1402.7947      -2.7487472       -2.7487472       1413.8159             1402.7947                       11.021221
             16       703.88461       67.396818      0.02284087      0.10895655     -0.93033585      0.29157178               0       10.302421       1402.9643      -2.7487472       -2.7487472       1413.2667             1402.9643                       10.302421
             24         704.165       67.427289      0.02277865      0.10900366     -0.94979988      0.29127509               0       9.9536706       1403.8738      -2.7487472       -2.7487472       1413.8275             1403.8738                       9.9536706
             18       703.29555       67.102707     0.022785293      0.10888659     -0.92985709       0.2938545               0       9.2862265       1402.8024      -2.7487472       -2.7487472       1412.0886             1402.8024                       9.2862265
              1       703.91304       66.940534     0.022700812      0.10890784     -0.94081365      0.29513892               0       10.257602        1403.066      -2.7487472       -2.7487472       1413.3236              1403.066                       10.257602
             21        703.2982       66.798391       0.0226876      0.10855503     -0.91271371      0.29557602               0       9.6103477       1402.4836      -2.7487472       -2.7487472       1412.0939             1402.4836                       9.6103477
             14       703.21106       66.909137     0.022641301      0.10874347     -0.92217823      0.29491588               0       9.3312566       1402.5884      -2.7487472       -2.7487472       1411.9196             1402.5884                       9.3312566
              6         703.259       66.812587      0.02257471      0.10910551     -0.91643574      0.29643072               0       9.5202899       1402.4952      -2.7487472       -2.7487472       1412.0155             1402.4952                       9.5202899
              2       703.86079       66.663453     0.022371952      0.10698615     -0.91250897      0.29253323               0       10.698103        1402.521      -2.7487472       -2.7487472       1413.2191              1402.521                       10.698103
             19       703.74249        66.75041     0.022348269      0.10710776     -0.91937745      0.29199135               0       10.338098       1402.6444      -2.7487472       -2.7487472       1412.9825             1402.6444                       10.338098
              8       704.35599       66.906352      0.02238775      0.10689969     -0.91994611      0.29025519               0       11.470347       1402.7391      -2.7487472       -2.7487472       1414.2095             1402.7391                       11.470347
              3       704.42655       66.941612     0.022388538      0.10686012     -0.92141584      0.28986295               0       11.550442       1402.8002      -2.7487472       -2.7487472       1414.3506             1402.8002                       11.550442
              1       704.95197       67.071254     0.022511386      0.10621237     -0.94950466      0.28757668               0       11.042513       1404.3589      -2.7487472       -2.7487472       1415.4014             1404.3589                       11.042513
              3       703.97453       66.743861     0.023646059      0.10324178      -0.9049924      0.28628358               0       10.849946       1402.5966      -2.7487472       -2.7487472       1413.4466             1402.5966                       10.849946
              2         704.159       65.614813     0.023604991      0.10357888     -0.85751641      0.29690823               0       9.5609979       1404.2545      -2.7487472       -2.7487472       1413.8155             1404.2545                       9.5609979
              2       705.29183       66.569953     0.022774692        0.103777     -0.89372277      0.28702277               0       13.612041       1402.4691      -2.7487472       -2.7487472       1416.0812             1402.4691                       13.612041
              2        704.9062       66.402086      0.02254744       0.1052776     -0.89100197      0.29136373               0       12.782984       1402.5269      -2.7487472       -2.7487472       1415.3099             1402.5269                       12.782984
              8       705.50059       66.639385     0.022669119      0.10412507     -0.89758103      0.28697104               0       14.011432       1402.4872      -2.7487472       -2.7487472       1416.4987             1402.4872                       14.011432
             12       704.72417        66.70048        0.023017      0.10652771      -0.8892427        0.292628               0       12.354891       1402.5909      -2.7487472       -2.7487472       1414.9458             1402.5909                       12.354891
              5       704.87108       66.808227     0.023042707      0.10653669     -0.89188681      0.29176258               0       12.713108       1402.5265      -2.7487472       -2.7487472       1415.2397             1402.5265                       12.713108
              2       705.64785       67.514214     0.022515966      0.10890073     -0.92990599      0.28972341               0       13.702343       1403.0908      -2.7487472       -2.7487472       1416.7932             1403.0908                       13.702343
              4       705.63451        67.49166     0.022550291      0.10882891     -0.92777775      0.28983476               0       13.762703       1403.0038      -2.7487472       -2.7487472       1416.7665             1403.0038                       13.762703
              6       705.41547       67.196311     0.022724372      0.10940964     -0.90781459      0.29405987               0       13.853402        1402.475      -2.7487472       -2.7487472       1416.3284              1402.475                       13.853402
              3       705.50317       67.300818     0.022762506      0.10983787     -0.90983557      0.29417695               0        14.02384         1402.48      -2.7487472       -2.7487472       1416.5038               1402.48                        14.02384
             10       704.77832       66.939706     0.022620127      0.10972622     -0.90389538      0.29679254               0       12.532683       1402.5214      -2.7487472       -2.7487472       1415.0541             1402.5214                       12.532683
              7       705.01678        66.93913     0.022627226      0.11107686     -0.95097527      0.29982773               0       12.457156       1403.0739      -2.7487472       -2.7487472       1415.5311             1403.0739                       12.457156
              6       703.35709       66.400716     0.022653979      0.11035183     -0.90536483      0.30312605               0       9.4689897       1402.7427      -2.7487472       -2.7487472       1412.2117             1402.7427                       9.4689897
              1       704.36039       66.489414     0.022658739      0.11081612     -0.92770166      0.30337883               0       11.702652       1402.5156      -2.7487472       -2.7487472       1414.2183             1402.5156                       11.702652
              4       704.37426       66.691131     0.022760404      0.11040842        -0.93446      0.30085832               0       11.643205       1402.6028      -2.7487472       -2.7487472        1414.246             1402.6028                       11.643205
              2       703.35524       66.376724     0.022834981      0.10974802     -0.90084829      0.30238558               0       9.3973255       1402.8106      -2.7487472       -2.7487472        1412.208             1402.8106                       9.3973255
              5       703.33833       66.405386     0.022835833      0.10976613     -0.90024124       0.3021676               0       9.3607686       1402.8134      -2.7487472       -2.7487472       1412.1742             1402.8134                       9.3607686
              2       703.49042       67.259115     0.023220201      0.10989134     -0.93378967      0.29567181               0       9.6715662       1402.8068      -2.7487472       -2.7487472       1412.4783             1402.8068                       9.6715662
              9       703.14587       67.260329     0.023213187      0.10995658     -0.92690894      0.29578986               0       9.1479915       1402.6412      -2.7487472       -2.7487472       1411.7892             1402.6412                       9.1479915
             12       703.23624       67.314772     0.023207984       0.1099543     -0.93035766      0.29529507               0       9.2317132       1402.7383      -2.7487472       -2.7487472         1411.97             1402.7383                       9.2317132
              1       703.12822       67.208486     0.023206305      0.11000176     -0.92584337      0.29633115               0       9.1510512       1402.6029      -2.7487472       -2.7487472       1411.7539             1402.6029                       9.1510512
             21       703.05163        67.22125      0.02327732      0.10996349     -0.92075369      0.29629109               0       9.0672845       1402.5335      -2.7487472       -2.7487472       1411.6007             1402.5335                       9.0672845
              1       703.24454       66.969537     0.022952774      0.11162034     -0.91229541      0.30149318               0       9.4286908       1402.5579      -2.7487472       -2.7487472       1411.9866             1402.5579                       9.4286908
              9        703.1528       67.079976     0.022946765      0.11163368     -0.91765621      0.30051756               0       9.3017176       1402.5014      -2.7487472       -2.7487472       1411.8031             1402.5014                       9.3017176
              2       703.17318       67.365943     0.022981394      0.11174303     -0.93477407      0.29828886               0       9.1436718       1402.7002      -2.7487472       -2.7487472       1411.8439             1402.7002                       9.1436718
             10       703.17769       67.363298     0.022980386      0.11170427     -0.93491941      0.29822464               0       9.1466777       1402.7062      -2.7487472       -2.7487472       1411.8529             1402.7062                       9.1466777
              3       703.68672       66.838698     0.022965759      0.11184172     -0.90202511      0.30319932               0       10.041769       1402.8292      -2.7487472       -2.7487472       1412.8709             1402.8292                       10.041769
             10       703.16594       66.521402     0.023450836      0.10637082     -0.89730106       0.2948315               0       9.2859299       1402.5434      -2.7487472       -2.7487472       1411.8294             1402.5434                       9.2859299
              5       703.42192       66.845212      0.02332686      0.10636277     -0.91567746       0.2916865               0       9.7535901       1402.5877      -2.7487472       -2.7487472       1412.3413             1402.5877                       9.7535901
              9       703.91149        66.97356     0.023523193      0.10507142     -0.89976836      0.28812835               0       10.834773       1402.4857      -2.7487472       -2.7487472       1413.3205             1402.4857                       10.834773
             23       704.10271       67.529498     0.023281655      0.10764456      -0.9358152      0.28851672               0        10.24478       1403.4581      -2.7487472       -2.7487472       1413.7029             1403.4581                        10.24478
              3       703.03984        66.92828     0.023110825      0.11005521     -0.91599124      0.29872377               0       9.0875601       1402.4896      -2.7487472       -2.7487472       1411.5772             1402.4896                       9.0875601
              3        703.5955       67.072256     0.022381958      0.11293021     -0.94614265      0.30221327               0       9.9066542       1402.7818      -2.7487472       -2.7487472       1412.6885             1402.7818                       9.9066542
             26       703.62904       66.520389     0.022342269      0.11115443     -0.92954494      0.30314573               0       10.234713       1402.5209      -2.7487472       -2.7487472       1412.7556             1402.5209                       10.234713
              1       703.52841       66.301078     0.023150464      0.10897898     -0.89353416       0.3020442               0       9.5479565       1403.0064      -2.7487472       -2.7487472       1412.5543             1403.0064                       9.5479565
              4       703.43046       66.400696     0.023145237      0.10902251      -0.9001991      0.30122546               0       9.5987116       1402.7597      -2.7487472       -2.7487472       1412.3584             1402.7597                       9.5987116
              7       703.50679       66.883625     0.023762219      0.10721976     -0.90936824      0.29424051               0       10.032929       1402.4782      -2.7487472       -2.7487472       1412.5111             1402.4782                       10.032929
              2       703.91045       66.547891     0.023667905      0.10900114      -0.8772341      0.30102634               0       9.7187342       1403.5997      -2.7487472       -2.7487472       1413.3184             1403.5997                       9.7187342
             12       704.84474       66.543732     0.023655607       0.1091131     -0.90791972      0.30128904               0        12.57766       1402.6093      -2.7487472       -2.7487472        1415.187             1402.6093                        12.57766
              3        704.9964        67.03247     0.023566169      0.10919415     -0.93165318      0.29689296               0       12.797141       1402.6931      -2.7487472       -2.7487472       1415.4903             1402.6931                       12.797141
              3       703.32665       66.690056     0.023642838      0.10831767     -0.88756295       0.2981512               0        9.228757        1402.922      -2.7487472       -2.7487472       1412.1508              1402.922                        9.228757
              8       703.27778       66.645479     0.023652171      0.10822365     -0.88851301      0.29835953               0       9.1467521       1402.9063      -2.7487472       -2.7487472       1412.0531             1402.9063                       9.1467521
             12       704.39257       67.093986     0.023801547       0.1075199     -0.92395676      0.29315243               0       11.591351       1402.6913      -2.7487472       -2.7487472       1414.2826             1402.6913                       11.591351
              4       705.23416        66.54025     0.023838574       0.1071171     -0.90876639      0.29722573               0        13.47153       1402.4943      -2.7487472       -2.7487472       1415.9658             1402.4943                        13.47153
              2       705.39173       65.756198     0.023974559      0.10626432     -0.84689502      0.30269823               0       10.303344       1405.9776      -2.7487472       -2.7487472        1416.281             1405.9776                       10.303344
              1       704.49031         66.1447     0.024548154      0.10535495     -0.85545043      0.29838542               0       9.8829499       1404.5952      -2.7487472       -2.7487472       1414.4781             1404.5952                       9.8829499
              2       704.06156       66.909821     0.024560666      0.10512387     -0.89543043      0.29111209               0       11.137613        1402.483      -2.7487472       -2.7487472       1413.6206              1402.483                       11.137613
              5       703.88236       66.893738     0.024566869      0.10511736     -0.89264694       0.2912514               0       10.755462       1402.5068      -2.7487472       -2.7487472       1413.2622             1402.5068                       10.755462
             10       703.81974       66.967309     0.024588568      0.10498827     -0.89363633      0.29037235               0       10.653045       1402.4839      -2.7487472       -2.7487472        1413.137             1402.4839                       10.653045
              3       703.74957       66.969744     0.024590229      0.10500789      -0.8926848      0.29039868               0       10.505834       1402.4908      -2.7487472       -2.7487472       1412.9966             1402.4908                       10.505834
              5       703.90779        66.63323     0.024441822      0.10606137     -0.86450291      0.29537771               0       9.6551091        1403.658      -2.7487472       -2.7487472       1413.3131              1403.658                       9.6551091
             18       703.65451       66.681436     0.024459646      0.10592754      -0.8691052      0.29468988               0       9.4465477         1403.36      -2.7487472       -2.7487472       1412.8065               1403.36                       9.4465477
              1       703.44369       67.056972     0.024335181      0.10629541      -0.8986661      0.29193975               0       9.9083415       1402.4765      -2.7487472       -2.7487472       1412.3849             1402.4765                       9.9083415
              4       703.72185       66.573535     0.024462793      0.10622072     -0.87623433      0.29631451               0        9.747327       1403.1939      -2.7487472       -2.7487472       1412.9412             1403.1939                        9.747327
             12       704.12507       66.342539     0.024383235      0.10648662     -0.86222195      0.29880494               0       9.5522809       1404.1953      -2.7487472       -2.7487472       1413.7476             1404.1953                       9.5522809
             13        703.2843       66.790851     0.023580895      0.10983126      -0.9004141      0.30050607               0       9.3499815       1402.7161      -2.7487472       -2.7487472       1412.0661             1402.7161                       9.3499815
              2       703.26468       66.802482     0.023576544      0.10985415     -0.89608486      0.30044296               0       9.2073156       1402.8195      -2.7487472       -2.7487472       1412.0268             1402.8195                       9.2073156
              3       703.11127       67.127542      0.02382157      0.10861039     -0.89980303      0.29532388               0       9.1926773       1402.5274      -2.7487472       -2.7487472         1411.72             1402.5274                       9.1926773
             22       703.09949       67.124725      0.02380659      0.10859723     -0.90047657       0.2952862               0       9.1770272       1402.5194      -2.7487472       -2.7487472       1411.6965             1402.5194                       9.1770272
              2       704.55654       66.296997      0.02331781      0.10823187     -0.87061574      0.30076232               0       10.682218       1403.9284      -2.7487472       -2.7487472       1414.6106             1403.9284                       10.682218
             24       703.83112       66.359753     0.023263621      0.10853398     -0.88038807      0.30075671               0       9.7400521       1403.4197      -2.7487472       -2.7487472       1413.1597             1403.4197                       9.7400521
              7       705.78011       66.882837     0.023614644      0.10705534     -0.87416727      0.29354997               0       14.005904       1403.0518      -2.7487472       -2.7487472       1417.0577             1403.0518                       14.005904
             17       704.07067       66.474906     0.023734188      0.10564329     -0.90174553       0.2942389               0       11.149411       1402.4894      -2.7487472       -2.7487472       1413.6388             1402.4894                       11.149411
             18       703.33915       66.842918     0.023966911      0.10528464     -0.89599376      0.29072603               0       9.7000512       1402.4757      -2.7487472       -2.7487472       1412.1758             1402.4757                       9.7000512
              1       706.12096        67.51673     0.024303382      0.10387889     -0.88924375      0.28260646               0       15.242546       1402.4969      -2.7487472       -2.7487472       1417.7394             1402.4969                       15.242546
             12       705.19341       67.198756       0.0244516      0.10214386      -0.9073706      0.28177328               0        12.98774       1402.8966      -2.7487472       -2.7487472       1415.8843             1402.8966                        12.98774
              7       704.49221       67.036833     0.024472564      0.10210215     -0.89551337      0.28308997               0       11.927742       1402.5542      -2.7487472       -2.7487472       1414.4819             1402.5542                       11.927742
             11       705.16897       67.031138     0.024405182      0.10259983     -0.90779557      0.28409574               0       13.073253       1402.7622      -2.7487472       -2.7487472       1415.8354             1402.7622                       13.073253
              2        704.2409         66.5529      0.02442748      0.10256074     -0.88663039      0.28815543               0       11.476807       1402.5025      -2.7487472       -2.7487472       1413.9793             1402.5025                       11.476807
             33       704.09115       66.495385     0.024342987      0.10324611     -0.88592335      0.29001308               0       11.123187       1402.5566      -2.7487472       -2.7487472       1413.6798             1402.5566                       11.123187
              6       703.82478        66.24564      0.02434267      0.10322162     -0.87005697      0.29214736               0       10.046217       1403.1008      -2.7487472       -2.7487472        1413.147             1403.1008                       10.046217
              1       706.46602       65.576964     0.024252288      0.10333779     -0.82608821      0.29819564               0       11.247152       1407.1824      -2.7487472       -2.7487472       1418.4295             1407.1824                       11.247152
              3        704.4353       66.564581     0.022974963      0.11352773     -0.90521903      0.30952759               0       11.168094          1403.2      -2.7487472       -2.7487472       1414.3681                1403.2                       11.168094
              3       705.31284       67.208484     0.021763648      0.11924727     -0.96622033      0.31360564               0       13.367615       1402.7556      -2.7487472       -2.7487472       1416.1232             1402.7556                       13.367615
              4       704.41371       67.575137     0.021724202       0.1185955     -0.97014384      0.30869801               0       11.229307       1403.0956      -2.7487472       -2.7487472       1414.3249             1403.0956                       11.229307
             16       705.28463       67.337314     0.021230085      0.12030054     -0.96501542      0.31355297               0       13.330112       1402.7366      -2.7487472       -2.7487472       1416.0668             1402.7366                       13.330112
              1       705.36433       67.332236     0.021223783      0.12023021     -0.96260208      0.31343124               0       13.523571       1402.7026      -2.7487472       -2.7487472       1416.2262             1402.7026                       13.523571
              9       705.24593       67.379773      0.02112568        0.117101     -0.96119611      0.30588058               0       12.995331        1402.994      -2.7487472       -2.7487472       1415.9894              1402.994                       12.995331
              4       703.94442       67.265983     0.021600913      0.11477707     -0.96731131      0.30283055               0       9.9125251       1403.4738      -2.7487472       -2.7487472       1413.3863             1403.4738                       9.9125251
              6       703.79076       66.952352     0.021382689      0.11456403     -0.95838418      0.30471227               0       10.097911       1402.9811      -2.7487472       -2.7487472        1413.079             1402.9811                       10.097911
              3       703.90545       67.186945     0.021477259      0.11413416       -0.959049       0.3018453               0       10.093024       1403.2154      -2.7487472       -2.7487472       1413.3084             1403.2154                       10.093024
              4       705.86612       67.130737     0.021622339       0.1138407     -0.98466913      0.30202174               0       12.699826       1404.5299      -2.7487472       -2.7487472       1417.2297             1404.5299                       12.699826
              3       703.49268       66.707733     0.021884602      0.11327428     -0.93860537       0.3051807               0       9.9179035       1402.5649      -2.7487472       -2.7487472       1412.4829             1402.5649                       9.9179035
              7       703.30809       66.737899     0.023110803      0.10841223     -0.91794094      0.29674166               0         9.61214       1402.5015      -2.7487472       -2.7487472       1412.1137             1402.5015                         9.61214
              1       703.45655       66.612573     0.023872477      0.10821367     -0.88258458      0.29912835               0       9.2347085       1403.1759      -2.7487472       -2.7487472       1412.4106             1403.1759                       9.2347085
              7       703.34183       66.969989     0.023819573      0.10862889     -0.89014542      0.29675187               0       9.4203024       1402.7608      -2.7487472       -2.7487472       1412.1811             1402.7608                       9.4203024
             19        703.1355       66.988714     0.023677791      0.10929855     -0.90726338       0.2977623               0       9.2551962       1402.5133      -2.7487472       -2.7487472       1411.7685             1402.5133                       9.2551962
              9       703.82711       67.306853     0.023606225      0.10976228     -0.93057544      0.29581977               0       10.433817       1402.7179      -2.7487472       -2.7487472       1413.1517             1402.7179                       10.433817
              4       704.48011       66.333601     0.023435653       0.1108669     -0.88075497      0.30668681               0       10.391431       1404.0663      -2.7487472       -2.7487472       1414.4577             1404.0663                       10.391431
              9       705.69092       66.326589     0.023441038      0.11057718     -0.86440123      0.30610532               0       11.790668       1405.0887      -2.7487472       -2.7487472       1416.8793             1405.0887                       11.790668
              5       705.40034       66.389515     0.023366617      0.11090225     -0.86926624        0.306094               0       11.569704       1404.7285      -2.7487472       -2.7487472       1416.2982             1404.7285                       11.569704
             10       705.86157       66.562877     0.023367421      0.11377777     -0.87629809      0.31099357               0       12.252138       1404.9685      -2.7487472       -2.7487472       1417.2206             1404.9685                       12.252138
              2         704.554       66.869753     0.024133258      0.10933882     -0.86942026      0.29993133               0       10.707347       1403.8981      -2.7487472       -2.7487472       1414.6055             1403.8981                       10.707347
             13       704.27919       66.888399     0.024137701      0.10935462     -0.87209467      0.29980939               0       10.320679       1403.7352      -2.7487472       -2.7487472       1414.0559             1403.7352                       10.320679
              7       704.74592       66.846575     0.024146062       0.1094729     -0.86732407      0.30046808               0       10.901589       1404.0878      -2.7487472       -2.7487472       1414.9893             1404.0878                       10.901589
              1       703.53463       67.394724     0.024274673      0.10626116     -0.90161726      0.28881232               0       10.077862       1402.4889      -2.7487472       -2.7487472       1412.5667             1402.4889                       10.077862
              8       703.56044       67.419053     0.024267104      0.10628867     -0.90271411       0.2886478               0       10.117877       1402.5005      -2.7487472       -2.7487472       1412.6184             1402.5005                       10.117877
             15       703.40524       67.242626      0.02432538      0.10614625     -0.89452362      0.28997835               0       9.8331333       1402.4748      -2.7487472       -2.7487472        1412.308             1402.4748                       9.8331333
              4       703.26797       67.080576     0.024146198       0.1070163     -0.90146161      0.29291641               0       9.5579897       1402.4754      -2.7487472       -2.7487472       1412.0334             1402.4754                       9.5579897
              1       703.87949       66.462363      0.02422532      0.10694511     -0.86723583      0.29840896               0       9.4114009       1403.8451      -2.7487472       -2.7487472       1413.2565             1403.8451                       9.4114009
              9       703.36754       66.787191     0.024199235       0.1074745     -0.88817221      0.29664165               0       9.4255405        1402.807      -2.7487472       -2.7487472       1412.2326              1402.807                       9.4255405
              1       705.68087        67.13812     0.024486046      0.10459242     -0.91599185      0.28779106               0       14.087877       1402.7714      -2.7487472       -2.7487472       1416.8592             1402.7714                       14.087877
              2        704.0447       67.104934     0.024428846      0.10465986     -0.90330732      0.28809851               0       11.069135       1402.5178      -2.7487472       -2.7487472       1413.5869             1402.5178                       11.069135
              3        705.6735       65.672828     0.024242058      0.10495241     -0.85710637      0.30104569               0       11.982659       1404.8618      -2.7487472       -2.7487472       1416.8445             1404.8618                       11.982659
              7       706.68172        65.63327     0.024336133      0.10316521     -0.82426317      0.29747823               0        11.62601       1407.2349      -2.7487472       -2.7487472       1418.8609             1407.2349                        11.62601
              2       706.82437       68.049569     0.023842305      0.10740505     -0.95938029      0.28481708               0        13.57094       1405.5753      -2.7487472       -2.7487472       1419.1462             1405.5753                        13.57094
              6       703.44418       66.755136     0.024326845      0.10720578     -0.87781075      0.29660997               0       9.2311117       1403.1548      -2.7487472       -2.7487472       1412.3859             1403.1548                       9.2311117
              3       704.03118       67.691858     0.024424639      0.10686904     -0.90006173       0.2879363               0       11.069173       1402.4907      -2.7487472       -2.7487472       1413.5599             1402.4907                       11.069173
              6       703.51887        66.90106     0.024547316      0.10650117     -0.87420673      0.29423576               0       9.4315578       1403.1037      -2.7487472       -2.7487472       1412.5352             1403.1037                       9.4315578
              8        703.8912        67.93917     0.024805801      0.10886199     -0.89468735      0.29098736               0       10.794112       1402.4858      -2.7487472       -2.7487472       1413.2799             1402.4858                       10.794112
             16       705.24427       67.486644     0.024474913      0.11091675      -0.8741058      0.29868785               0       12.474442       1403.5116      -2.7487472       -2.7487472        1415.986             1403.5116                       12.474442
             10       706.50996       67.540282     0.024328149      0.11134999     -0.87217239      0.29884161               0       14.892386        1403.625      -2.7487472       -2.7487472       1418.5174              1403.625                       14.892386
              7       704.92157       66.877533     0.024903213      0.10853351     -0.85403282      0.29978252               0       10.438059       1404.9026      -2.7487472       -2.7487472       1415.3406             1404.9026                       10.438059
             15       703.83197       67.604689       0.0248975      0.10863258     -0.90895793      0.29357254               0       10.681299       1402.4801      -2.7487472       -2.7487472       1413.1614             1402.4801                       10.681299
             47       703.66707       67.203124     0.025064898       0.1082207     -0.88478814       0.2965501               0       9.9305327       1402.9011      -2.7487472       -2.7487472       1412.8316             1402.9011                       9.9305327
             10        704.6436        68.62369     0.025215164      0.10990923     -0.93622665      0.28830421               0       11.283605       1403.5011      -2.7487472       -2.7487472       1414.7847             1403.5011                       11.283605
             16       704.63741       67.665522     0.024813261      0.11170473     -0.91746702      0.29957069               0       12.278733       1402.4936      -2.7487472       -2.7487472       1414.7723             1402.4936                       12.278733
             14       703.06791       68.089457     0.024718101      0.11308743     -0.91568826      0.29862913               0       9.1441042       1402.4892      -2.7487472       -2.7487472       1411.6333             1402.4892                       9.1441042
              3       703.16806       67.852215     0.024667687      0.11302152     -0.90766198      0.30046841               0       9.2504369       1402.5832      -2.7487472       -2.7487472       1411.8336             1402.5832                       9.2504369
              1       703.04138        68.11507     0.024715139      0.11333654      -0.9112505      0.29893513               0       9.0729261       1402.5073      -2.7487472       -2.7487472       1411.5803             1402.5073                       9.0729261
              7       703.05303       68.106627     0.024718893      0.11331822     -0.91014506      0.29897785               0       9.0878075       1402.5157      -2.7487472       -2.7487472       1411.6035             1402.5157                       9.0878075
             13       703.21513        68.62044     0.024611281      0.11432091     -0.92878279      0.29641813               0       9.2742455       1402.6535      -2.7487472       -2.7487472       1411.9278             1402.6535                       9.2742455
              7        703.5615       68.904202     0.024632587      0.11432068     -0.94238201      0.29402614               0       9.4008903       1403.2196      -2.7487472       -2.7487472       1412.6205             1403.2196                       9.4008903
              4       704.74378       69.346053     0.024562776      0.11505661     -0.96690014      0.29167636               0       10.050268       1404.9348      -2.7487472       -2.7487472        1414.985             1404.9348                       10.050268
              2       703.90639       68.746123     0.024696956      0.11447153     -0.94827337      0.29583528               0       10.007134       1403.3031      -2.7487472       -2.7487472       1413.3103             1403.3031                       10.007134
              7       703.70554       68.717162     0.024700215      0.11426321     -0.94498221      0.29565042               0       9.7249335       1403.1837      -2.7487472       -2.7487472       1412.9086             1403.1837                       9.7249335
             12       703.08739       68.147651     0.024732828      0.11412004      -0.9128973      0.30037453               0       9.1484046       1402.5239      -2.7487472       -2.7487472       1411.6723             1402.5239                       9.1484046
              7       703.22029       68.284328     0.024747141      0.11403728     -0.92503954       0.2990265               0       9.4099389       1402.5281      -2.7487472       -2.7487472       1411.9381             1402.5281                       9.4099389
              1       703.05934       68.371408      0.02549354      0.11266828     -0.90120725       0.2969334               0       9.0607953       1402.5554      -2.7487472       -2.7487472       1411.6162             1402.5554                       9.0607953
             12       703.08476       68.429551     0.025474775      0.11279263     -0.90997732      0.29665451               0       9.1834807       1402.4835      -2.7487472       -2.7487472        1411.667             1402.4835                       9.1834807
             18       703.42678       68.144218     0.025864691      0.11244694     -0.89084868      0.29923925               0       9.4580514        1402.893      -2.7487472       -2.7487472       1412.3511              1402.893                       9.4580514
              2       703.69915        68.93957     0.025745094      0.11397216     -0.90148165      0.29533201               0       10.384937       1402.5109      -2.7487472       -2.7487472       1412.8958             1402.5109                       10.384937
             22        703.7127       68.911779     0.025741662      0.11396961     -0.90038128      0.29555766               0       10.396054       1402.5268      -2.7487472       -2.7487472       1412.9229             1402.5268                       10.396054
             13       703.79898       68.671486     0.025369246       0.1156961     -0.89935889      0.30050106               0       10.355884       1402.7396      -2.7487472       -2.7487472       1413.0955             1402.7396                       10.355884
              4       704.40638        68.41615     0.025359874      0.11572824     -0.88762055       0.3027969               0       11.017043       1403.2932      -2.7487472       -2.7487472       1414.3103             1403.2932                       11.017043
              5       703.50946       69.110954     0.024850796      0.11812333     -0.94872896      0.30068786               0       9.5765548       1402.9399      -2.7487472       -2.7487472       1412.5164             1402.9399                       9.5765548
             10       703.28281       68.985228     0.024810281      0.11819152       -0.939588      0.30184301               0        9.405352       1402.6578      -2.7487472       -2.7487472       1412.0631             1402.6578                        9.405352
              4       703.28054       68.994037     0.024810042      0.11819254     -0.93969501      0.30176758               0        9.396193       1402.6624      -2.7487472       -2.7487472       1412.0586             1402.6624                        9.396193
              1       703.51918       68.982919     0.024347031      0.11765259     -0.94348458      0.29975719               0       9.6935428       1402.8423      -2.7487472       -2.7487472       1412.5359             1402.8423                       9.6935428
              2       704.47392        68.84348     0.024059754      0.11907797     -0.93212246      0.30337408               0       11.912031       1402.5333      -2.7487472       -2.7487472       1414.4453             1402.5333                       11.912031
             12       704.36748       68.911654     0.023860605      0.11859436     -0.97271093      0.30133638               0       10.324743       1403.9077      -2.7487472       -2.7487472       1414.2325             1403.9077                       10.324743
              5       704.45262       68.910624     0.023865614      0.11853057     -0.97357944       0.3012216               0       10.432968       1403.9698      -2.7487472       -2.7487472       1414.4027             1403.9698                       10.432968
             16       703.84797       68.696458     0.024093764      0.11811621     -0.95676127      0.30270811               0       10.128675       1403.0648      -2.7487472       -2.7487472       1413.1934             1403.0648                       10.128675
             23       704.12314       68.508351     0.023778187      0.12096279     -0.94085261      0.30976541               0       11.179286       1402.5645      -2.7487472       -2.7487472       1413.7438             1402.5645                       11.179286
              1       703.80252       69.023689     0.024051682      0.12061066     -0.95900605      0.30499212               0       10.119527        1402.983      -2.7487472       -2.7487472       1413.1025              1402.983                       10.119527
             39       704.15768       69.100993     0.024011405      0.12095434     -0.94820558      0.30494553               0       11.102789       1402.7101      -2.7487472       -2.7487472       1413.8128             1402.7101                       11.102789
             15       704.37498       68.995715     0.023956776      0.12094663     -0.97027876      0.30574591               0       10.915991       1403.3315      -2.7487472       -2.7487472       1414.2475             1403.3315                       10.915991
             13       704.28995       68.853427     0.023956964      0.12091467     -0.96428532      0.30694385               0       11.054545       1403.0228      -2.7487472       -2.7487472       1414.0774             1403.0228                       11.054545
              2       703.91441       69.065609     0.023985466       0.1205072     -0.96464472      0.30426631               0       10.093331        1403.233      -2.7487472       -2.7487472       1413.3263              1403.233                       10.093331
             42       703.82307       69.030098     0.023985242      0.12051657     -0.96068859      0.30459862               0       10.079602        1403.064      -2.7487472       -2.7487472       1413.1436              1403.064                       10.079602
              5       703.81091       69.024914     0.023984374      0.12053261     -0.95984875      0.30467622               0       10.088607       1403.0307      -2.7487472       -2.7487472       1413.1193             1403.0307                       10.088607
              5       703.95439       69.073589     0.023955608      0.12058098     -0.95281326      0.30428806               0        10.56006       1402.8462      -2.7487472       -2.7487472       1413.4063             1402.8462                        10.56006
              6       704.19257        69.24561     0.023897302      0.12092463     -0.97418219      0.30337319               0       10.135353       1403.7473      -2.7487472       -2.7487472       1413.8826             1403.7473                       10.135353
             15       704.62124       68.637234     0.023594118      0.12078503     -0.93846149      0.30783515               0        12.18949       1402.5505      -2.7487472       -2.7487472         1414.74             1402.5505                        12.18949
              4        704.4703       68.696702     0.023250533      0.12214622     -0.96951337      0.30945869               0       11.412396       1403.0257      -2.7487472       -2.7487472       1414.4381             1403.0257                       11.412396
             22       704.80046       69.198879     0.023209206      0.12224511     -0.98818563      0.30510373               0       10.786842       1404.3116      -2.7487472       -2.7487472       1415.0984             1404.3116                       10.786842
              6       704.39134       68.939322     0.023260376      0.12193006     -0.97400028      0.30685024               0       10.892856       1403.3873      -2.7487472       -2.7487472       1414.2802             1403.3873                       10.892856
              2       705.33212       69.214917      0.02339202      0.12152948     -0.99573527      0.30385014               0        11.16275        1404.999      -2.7487472       -2.7487472       1416.1617              1404.999                        11.16275
             18       704.58304       68.307576     0.023428477       0.1214297     -0.95324253      0.31184024               0       12.043227       1402.6203      -2.7487472       -2.7487472       1414.6636             1402.6203                       12.043227
             37       704.23737       68.494445     0.023417449      0.12136232     -0.95504485      0.30997389               0       11.299468       1402.6728      -2.7487472       -2.7487472       1413.9722             1402.6728                       11.299468
              3       705.87217       69.715033     0.023604809      0.12199792      -1.0062105      0.30090796               0       10.842473       1406.3994      -2.7487472       -2.7487472       1417.2418             1406.3994                       10.842473
             10       706.16227       69.879019     0.023634122      0.12193632      -1.0100122      0.29943122               0       10.735985        1407.086      -2.7487472       -2.7487472        1417.822              1407.086                       10.735985
              8       706.41394       69.921669     0.023625708      0.12199195      -1.0130925      0.29916261               0       10.868921       1407.4565      -2.7487472       -2.7487472       1418.3254             1407.4565                       10.868921
              2       707.04306       69.867201     0.023543145      0.12207732      -1.0194453        0.299635               0       11.587846       1407.9958      -2.7487472       -2.7487472       1419.5836             1407.9958                       11.587846
              4       707.44078       69.685795     0.023437415      0.12059366     -0.96742268      0.29792408               0       16.340389       1404.0387      -2.7487472       -2.7487472       1420.3791             1404.0387                       16.340389
              6       705.54374        69.44404     0.023445869      0.12032317     -0.97054378      0.29945865               0       12.564071       1404.0209      -2.7487472       -2.7487472        1416.585             1404.0209                       12.564071
              4        705.3398       69.556797     0.023466727      0.12021443     -0.98218418      0.29830691               0       11.232191       1404.9449      -2.7487472       -2.7487472       1416.1771             1404.9449                       11.232191
             13       705.02875       68.498879     0.024115576      0.11680314     -0.96264691       0.3017049               0       12.178985        1403.376      -2.7487472       -2.7487472        1415.555              1403.376                       12.178985
              2       704.75523       67.824118     0.023733621      0.11919756     -0.91451868      0.31211272               0       11.916422       1403.0915      -2.7487472       -2.7487472       1415.0079             1403.0915                       11.916422
              7       704.81421       67.860071     0.023693224      0.11911902     -0.91345622      0.31152381               0       12.046862        1403.079      -2.7487472       -2.7487472       1415.1259              1403.079                       12.046862
              4       704.46351       67.915671     0.023713033       0.1191076     -0.91908604      0.31103214               0       11.544321       1402.8802      -2.7487472       -2.7487472       1414.4245             1402.8802                       11.544321
              6        704.2316       67.978038     0.023684572      0.11905619     -0.92401637      0.31028884               0       11.231195       1402.7295      -2.7487472       -2.7487472       1413.9607             1402.7295                       11.231195
              8       703.80654       68.461493      0.02348997      0.11949001     -0.94811471      0.30643238               0       10.451362       1402.6592      -2.7487472       -2.7487472       1413.1106             1402.6592                       10.451362
              7       703.45465       68.448788     0.026308048      0.11313627     -0.88234217      0.29899975               0        9.232794        1403.174      -2.7487472       -2.7487472       1412.4068              1403.174                        9.232794
             24       703.40468       68.338556     0.026136564      0.11299706     -0.88575444      0.29929983               0       9.2387869       1403.0681      -2.7487472       -2.7487472       1412.3069             1403.0681                       9.2387869
             13        703.7111       68.085042     0.025942306      0.11307131     -0.88055266      0.30127399               0       9.4571182       1403.4626      -2.7487472       -2.7487472       1412.9197             1403.4626                       9.4571182
             12       706.40939       68.031725     0.024941602      0.11916401     -0.92031136      0.31274821               0       15.352348       1402.9639      -2.7487472       -2.7487472       1418.3163             1402.9639                       15.352348
              1       705.95738       68.405031     0.025488929      0.11814659     -0.92433878      0.30833939               0       14.773671       1402.6386      -2.7487472       -2.7487472       1417.4123             1402.6386                       14.773671
              5       705.51338       68.870395     0.025882172      0.12212475     -0.89439106      0.31340278               0       12.389521       1404.1347      -2.7487472       -2.7487472       1416.5243             1404.1347                       12.389521
              3       706.73155        70.95813     0.026371978      0.13463907     -0.95837288      0.32105935               0       16.232559        1402.728      -2.7487472       -2.7487472       1418.9606              1402.728                       16.232559
              4       706.42779       70.202098     0.026879602      0.12915893     -0.90805968      0.31792215               0       14.392945       1403.9601      -2.7487472       -2.7487472       1418.3531             1403.9601                       14.392945
              4       707.23722       69.873963     0.028223319      0.12556507     -0.87343886      0.31630644               0       13.865783       1406.1062      -2.7487472       -2.7487472       1419.9719             1406.1062                       13.865783
              7       706.10756       70.292811     0.028475623      0.12450868     -0.90645548      0.31092082               0       14.436019       1403.2766      -2.7487472       -2.7487472       1417.7126             1403.2766                       14.436019
              7         704.412       71.815813     0.029464966      0.12716662     -0.89675092        0.304945               0       11.201005       1403.1205      -2.7487472       -2.7487472       1414.3215             1403.1205                       11.201005
              7       703.28055       72.093618     0.029312355      0.12711618     -0.93219775      0.30220871               0       9.5116363        1402.547      -2.7487472       -2.7487472       1412.0586              1402.547                       9.5116363
             16       705.80189       73.161825     0.029201566      0.13256669     -0.98605372      0.30342411               0       12.684078       1404.4172      -2.7487472       -2.7487472       1417.1013             1404.4172                       12.684078
              9       704.91265       71.737491     0.028794949      0.13003722      -0.9078804       0.3098873               0        12.18996       1403.1328      -2.7487472       -2.7487472       1415.3228             1403.1328                        12.18996
              2       706.25623       71.491414     0.028606432      0.13009257      -0.8964489      0.31176374               0       14.192112       1403.8178      -2.7487472       -2.7487472         1418.01             1403.8178                       14.192112
             19       706.45935       71.649683     0.029587778      0.12541543     -0.87660445      0.30318882               0       14.542369       1403.8738      -2.7487472       -2.7487472       1418.4162             1403.8738                       14.542369
             10       704.20399       71.706546     0.028759571      0.12980304     -0.91719585      0.30963059               0       11.067554       1402.8379      -2.7487472       -2.7487472       1413.9055             1402.8379                       11.067554
             13       705.28561       71.533615     0.028662425      0.12950257     -0.90233053      0.31035242               0       12.679338       1403.3894      -2.7487472       -2.7487472       1416.0687             1403.3894                       12.679338
              5       705.37584       72.087654      0.02962171      0.13049528     -0.89607438      0.30935651               0       12.683035       1403.5661      -2.7487472       -2.7487472       1416.2492             1403.5661                       12.683035
             14       704.99127       73.024476     0.029166645      0.13415055     -0.93519618      0.30747127               0       12.936004        1402.544      -2.7487472       -2.7487472         1415.48              1402.544                       12.936004
              5       704.69685       73.670899     0.029420432      0.13519979     -0.98283505      0.30449997               0       10.811641       1404.0796      -2.7487472       -2.7487472       1414.8912             1404.0796                       10.811641
              9       703.73284       73.522758     0.029916419      0.13317671      -0.9599163      0.30290326               0       9.7988311       1403.1643      -2.7487472       -2.7487472       1412.9632             1403.1643                       9.7988311
             12       704.51642       73.088872     0.028989378      0.13520239     -0.97091167      0.30856687               0       11.398283        1403.132      -2.7487472       -2.7487472       1414.5303              1403.132                       11.398283
              9       704.75175       73.328517     0.028813506      0.13618494      -0.9817415      0.30805353               0        11.38542       1403.6156      -2.7487472       -2.7487472        1415.001             1403.6156                        11.38542
              8       704.73802       73.321674     0.028820173      0.13600062     -0.98179351      0.30778057               0        11.32746       1403.6461      -2.7487472       -2.7487472       1414.9735             1403.6461                        11.32746
              8       704.10783       72.962591     0.029036644      0.13471449     -0.95625284      0.30880821               0       10.985435       1402.7277      -2.7487472       -2.7487472       1413.7131             1402.7277                       10.985435
              4       705.11221       72.263478      0.02879921      0.13425505     -0.92641997      0.31347774               0       12.866394       1402.8555      -2.7487472       -2.7487472       1415.7219             1402.8555                       12.866394
              1       707.49059          72.008     0.028256202      0.13716112        -0.92067      0.32026343               0       16.849913       1403.6288      -2.7487472       -2.7487472       1420.4787             1403.6288                       16.849913
              1       707.57248        73.10645     0.027696261       0.1384229      -1.0175236      0.31202479               0       15.451531       1405.1909      -2.7487472       -2.7487472       1420.6425             1405.1909                       15.451531
              4       706.50449       71.942218     0.027190424       0.1373271     -0.97461523      0.31911086               0       15.750028       1402.7564      -2.7487472       -2.7487472       1418.5065             1402.7564                       15.750028
              1       708.86458       70.471101     0.025589016      0.13570189     -0.97037213      0.32607592               0       20.419882       1402.8068      -2.7487472       -2.7487472       1423.2267             1402.8068                       20.419882
              6       709.01109       70.945978     0.024728392      0.13851073      -1.0045035      0.32559598               0       20.388447       1403.1312      -2.7487472       -2.7487472       1423.5197             1403.1312                       20.388447
              1       708.64843       70.387245     0.024994973      0.13626141      -0.9723125      0.32678363               0       19.976936       1402.8174      -2.7487472       -2.7487472       1422.7943             1402.8174                       19.976936
              3       708.77656       70.679234     0.024728283      0.13644263      -1.0031936      0.32391812               0       19.870875       1403.1797      -2.7487472       -2.7487472       1423.0506             1403.1797                       19.870875
             27       708.53044       70.482431     0.025470004        0.136148     -0.96221826      0.32662953               0       19.633362        1402.925      -2.7487472       -2.7487472       1422.5584              1402.925                       19.633362
             12       705.27919       71.937975     0.026696002      0.13454234     -0.98187394      0.31281201               0       12.849123       1403.2067      -2.7487472       -2.7487472       1416.0559             1403.2067                       12.849123
              5        705.1002       71.989569     0.027012874      0.13447961     -0.97562839      0.31285419               0       12.692311       1403.0056      -2.7487472       -2.7487472       1415.6979             1403.0056                       12.692311
              1       705.64492       72.430693     0.027059401      0.13587051     -0.99545738      0.31179497               0       12.906043       1403.8813      -2.7487472       -2.7487472       1416.7873             1403.8813                       12.906043
              1       705.06744        72.77367     0.027780806      0.13360482     -0.99243454      0.30594703               0       11.175785       1404.4566      -2.7487472       -2.7487472       1415.6324             1404.4566                       11.175785
             21       705.16289       72.816264     0.027720691      0.13371351      -0.9950257      0.30568081               0       11.161099       1404.6622      -2.7487472       -2.7487472       1415.8233             1404.6622                       11.161099
              4       705.10058       72.559493      0.02731844      0.13311242     -0.99434537      0.30594238               0       11.120067       1404.5786      -2.7487472       -2.7487472       1415.6987             1404.5786                       11.120067
              4       705.38645        72.07822     0.027220005      0.13229862     -0.95278083      0.30828574               0        13.58785       1402.6825      -2.7487472       -2.7487472       1416.2704             1402.6825                        13.58785
              4       707.01373       71.726956     0.027167443      0.13211431     -0.93090026      0.31085221               0       16.877809       1402.6471      -2.7487472       -2.7487472        1419.525             1402.6471                       16.877809
              8       707.21398       74.214363     0.028350269      0.13565102     -0.99624791      0.29893291               0       13.984653       1405.9408      -2.7487472       -2.7487472       1419.9255             1405.9408                       13.984653
             11       706.61788       73.954253     0.028564022      0.13424494     -0.98073398      0.29885935               0       13.978763       1404.7545      -2.7487472       -2.7487472       1418.7333             1404.7545                       13.978763
              3       706.67367       74.135113      0.02848662      0.13467102     -0.99506773      0.29803735               0       12.824572       1406.0203      -2.7487472       -2.7487472       1418.8448             1406.0203                       12.824572
             31       706.24961       73.150885     0.028196432      0.13320368     -0.95798854      0.30282691               0       14.896736          1403.1      -2.7487472       -2.7487472       1417.9967                1403.1                       14.896736
              4       705.63473       72.491458     0.027485249       0.1310756     -0.95905157      0.30295839               0       13.638938        1403.128      -2.7487472       -2.7487472        1416.767              1403.128                       13.638938
             16        704.7605       72.481789     0.027690358      0.12802053     -0.96828755      0.29761445               0       10.886934       1404.1316      -2.7487472       -2.7487472       1415.0185             1404.1316                       10.886934
              7       705.07646       71.315648      0.02628188      0.13245185     -0.97036988      0.31337066               0       12.803837       1402.8466      -2.7487472       -2.7487472       1415.6504             1402.8466                       12.803837
              5       705.27594       71.442579     0.026221787       0.1327448     -0.98222698      0.31271435               0       12.823181       1403.2262      -2.7487472       -2.7487472       1416.0494             1403.2262                       12.823181
              1       705.18233       71.182052     0.026149746      0.13206765     -0.96154203      0.31352902               0        13.17586       1402.6863      -2.7487472       -2.7487472       1415.8622             1402.6863                        13.17586
              9       705.07876       70.552357     0.026501635      0.12930183      -0.9321097      0.31430107               0       12.871271       1402.7837      -2.7487472       -2.7487472        1415.655             1402.7837                       12.871271
              4       707.24053       69.346718     0.027022719      0.12153036     -0.92138459      0.31024793               0       17.199347       1402.7792      -2.7487472       -2.7487472       1419.9786             1402.7792                       17.199347
              4        709.4819        69.23414     0.026550555      0.12326104     -0.93585049      0.31388324               0       21.758939       1402.7024      -2.7487472       -2.7487472       1424.4613             1402.7024                       21.758939
              2       707.33718       69.362284     0.025608845       0.1266172     -0.94613127      0.31774301               0       17.444106       1402.7278      -2.7487472       -2.7487472       1420.1719             1402.7278                       17.444106
              2       706.55734       69.518315     0.024976602      0.12812253     -0.96017419      0.31812488               0       15.953094       1402.6591      -2.7487472       -2.7487472       1418.6122             1402.6591                       15.953094
              1       705.63047       69.237876     0.025759468      0.12457048     -0.90653272      0.31493066               0       13.075312       1403.6831      -2.7487472       -2.7487472       1416.7584             1403.6831                       13.075312
              6       704.76947       70.146274     0.026003563      0.12374777     -0.96301651      0.30565079               0       11.967491       1403.0689      -2.7487472       -2.7487472       1415.0364             1403.0689                       11.967491
              5       703.67874       69.618136     0.026006154      0.12226707     -0.92511034      0.30725611               0       10.263075       1402.5919      -2.7487472       -2.7487472        1412.855             1402.5919                       10.263075
              2       703.87063       69.270625     0.025769619      0.12114438     -0.91424983      0.30751403               0       10.455991       1402.7828      -2.7487472       -2.7487472       1413.2388             1402.7828                       10.455991
             22       703.28243       70.371044     0.026673144      0.12054072     -0.93137771      0.29857733               0       9.4392585       1402.6231      -2.7487472       -2.7487472       1412.0624             1402.6231                       9.4392585
              1       704.48892       70.058031     0.025150878      0.12606588     -0.96817589      0.30940697               0       11.486607       1402.9887      -2.7487472       -2.7487472       1414.4753             1402.9887                       11.486607
              2       705.36636       68.831679     0.023465099      0.12504663     -0.95278708      0.31482094               0       13.612246        1402.618      -2.7487472       -2.7487472       1416.2302              1402.618                       13.612246
              2       706.78418       68.140984     0.023546249      0.12446993      -0.9245867      0.32016825               0       15.608611       1403.4573      -2.7487472       -2.7487472       1419.0659             1403.4573                       15.608611
              4       705.96753        68.27614     0.023387466      0.12441528     -0.93981062      0.31844405               0        14.56737       1402.8652      -2.7487472       -2.7487472       1417.4326             1402.8652                        14.56737
              3       706.18302       68.221788     0.023430659      0.12439896     -0.93508381      0.31900942               0       14.851653       1403.0119      -2.7487472       -2.7487472       1417.8635             1403.0119                       14.851653
              1       708.21953        68.11106     0.022992254      0.12658005     -0.93128822      0.32380398               0       18.371716       1403.5648      -2.7487472       -2.7487472       1421.9365             1403.5648                       18.371716
             42       707.50024       68.217595      0.02366533      0.12584156     -0.94259992      0.32265284               0       17.415765       1403.0822      -2.7487472       -2.7487472        1420.498             1403.0822                       17.415765
              1       707.43217       68.307574     0.023706675      0.12595921     -0.94706119      0.32214413               0       17.420954       1402.9409      -2.7487472       -2.7487472       1420.3618             1402.9409                       17.420954
              5       704.94636       68.824401     0.024928928      0.12094003     -0.94450131      0.30930828               0       12.815673       1402.5745      -2.7487472       -2.7487472       1415.3902             1402.5745                       12.815673
              9       704.68337       68.678322     0.025152007      0.11962431     -0.93298978      0.30830896               0       12.304223         1402.56      -2.7487472       -2.7487472       1414.8642               1402.56                       12.304223
              8       703.96637       67.921415     0.026804376      0.10632482     -0.85920769      0.28997202               0       10.044899       1403.3853      -2.7487472       -2.7487472       1413.4302             1403.3853                       10.044899
              1       703.86375       67.884784     0.026733549      0.10721885     -0.86166651      0.29207138               0       9.7596288       1403.4654      -2.7487472       -2.7487472        1413.225             1403.4654                       9.7596288
              4       703.84723       67.889639     0.026728073      0.10720805     -0.86260774      0.29199429               0       9.7799143        1403.412      -2.7487472       -2.7487472        1413.192              1403.412                       9.7799143
             44        703.7235       68.041438     0.026757864      0.10754279     -0.86810908      0.29148028               0       9.8198837       1403.1246      -2.7487472       -2.7487472       1412.9445             1403.1246                       9.8198837
              3        703.7112       68.207934     0.026970263      0.10804757     -0.86864329      0.29160053               0       9.8070712       1403.1128      -2.7487472       -2.7487472       1412.9199             1403.1128                       9.8070712
              5       703.51664       68.791446     0.026934004      0.11062778     -0.87840631      0.29205038               0       9.7206804       1402.8101      -2.7487472       -2.7487472       1412.5308             1402.8101                       9.7206804
              2       704.29134       69.230762      0.02592981      0.11385276     -0.93902253       0.2929891               0       10.906295       1403.1739      -2.7487472       -2.7487472       1414.0802             1403.1739                       10.906295
              6       703.92044         69.4743     0.026379237      0.11191346     -0.92362849      0.28785187               0       10.330883       1403.0075      -2.7487472       -2.7487472       1413.3384             1403.0075                       10.330883
             12       703.57027       69.288095     0.026382075      0.11188831     -0.91068176       0.2893546               0       10.053651       1402.5844      -2.7487472       -2.7487472        1412.638             1402.5844                       10.053651
              3       703.96905       69.203035     0.025564231      0.11225717     -0.93460924      0.28912884               0       10.094998       1403.3406      -2.7487472       -2.7487472       1413.4356             1403.3406                       10.094998
              3       704.41661       68.193047     0.025019545      0.11394122     -0.88780721      0.30020677               0       11.265982       1403.0647      -2.7487472       -2.7487472       1414.3307             1403.0647                       11.265982
              1       703.15174       68.481461     0.024756013      0.11473292     -0.91762575      0.29880964               0       9.3102878       1402.4907      -2.7487472       -2.7487472        1411.801             1402.4907                       9.3102878
              9       703.65566       68.464115     0.024978796      0.11614521     -0.92841806      0.30244934               0       10.290506       1402.5183      -2.7487472       -2.7487472       1412.8088             1402.5183                       10.290506
             18        703.5314       68.337121     0.024837356      0.11702282     -0.91890178      0.30515089               0       9.9655023       1402.5948      -2.7487472       -2.7487472       1412.5603             1402.5948                       9.9655023
              6       704.03449       69.641626      0.02625428       0.1135739      -0.9364694      0.28963627               0       10.191122       1403.3754      -2.7487472       -2.7487472       1413.5665             1403.3754                       10.191122
              1       704.05295       67.542388     0.021947275      0.11297679     -0.96198861      0.29717002               0       9.7764935       1403.8269      -2.7487472       -2.7487472       1413.6034             1403.8269                       9.7764935
              7       704.81139       67.822337     0.021961617      0.11294947     -0.97752829      0.29469363               0       9.9034262       1405.2168      -2.7487472       -2.7487472       1415.1203             1405.2168                       9.9034262
              4       705.16125       67.677491      0.02173182      0.11652128     -0.95331299      0.30325299               0       12.901632       1402.9184      -2.7487472       -2.7487472         1415.82             1402.9184                       12.901632
              1       704.57839       67.914224     0.022125863      0.11590519     -0.95739762      0.30066112               0        11.40378       1403.2505      -2.7487472       -2.7487472       1414.6543             1403.2505                        11.40378
              2       705.59361        67.00386     0.021803567      0.11854932     -0.96133003      0.31405832               0       14.010209       1402.6745      -2.7487472       -2.7487472       1416.6847             1402.6745                       14.010209
              3       707.41057       69.038928     0.021428383      0.12242505       -1.025559      0.30316039               0       12.587049       1407.7316      -2.7487472       -2.7487472       1420.3186             1407.7316                       12.587049
              2       707.25983       67.831484     0.022437198      0.12549573     -0.94982114      0.32291567               0        17.08472       1402.9324      -2.7487472       -2.7487472       1420.0172             1402.9324                        17.08472
              6       706.75531       68.034306     0.022513243      0.12555497     -0.95949034      0.32128549               0       16.280557       1402.7276      -2.7487472       -2.7487472       1419.0081             1402.7276                       16.280557
              3       706.56145       68.027766     0.022610351      0.12510075     -0.95902664       0.3205756               0       15.910705       1402.7097      -2.7487472       -2.7487472       1418.6204             1402.7097                       15.910705
              2       705.89774       68.414052     0.023275903      0.12507612     -0.95206845      0.31833505               0       14.602635       1402.6903      -2.7487472       -2.7487472        1417.293             1402.6903                       14.602635
              4       705.61434       68.885109     0.023971959      0.11825772      -0.9279121       0.3010939               0       14.201024       1402.5252      -2.7487472       -2.7487472       1416.7262             1402.5252                       14.201024
              6       704.54295        69.31414     0.023828347      0.11789292     -0.97199463      0.29631987               0       10.033194       1404.5502      -2.7487472       -2.7487472       1414.5834             1404.5502                       10.033194
             10       703.68108       69.362538      0.02601658      0.11876762     -0.90706849       0.3022728               0       10.195191       1402.6645      -2.7487472       -2.7487472       1412.8596             1402.6645                       10.195191
              7       703.26277        69.89685     0.026030765      0.11897072      -0.9402768       0.2981139               0       9.1757542       1402.8473      -2.7487472       -2.7487472        1412.023             1402.8473                       9.1757542
             16       703.73361       69.452567     0.026180138      0.11903739     -0.90548684      0.30238801               0       10.263509       1402.7012      -2.7487472       -2.7487472       1412.9647             1402.7012                       10.263509
              8       703.13289       69.859069     0.026432068      0.11883645     -0.93057449       0.2989836               0       9.1660728       1402.5972      -2.7487472       -2.7487472       1411.7633             1402.5972                       9.1660728
              9       703.52316       71.618355     0.028741344      0.12176599     -0.93804246      0.29468885               0       9.5410163       1403.0028      -2.7487472       -2.7487472       1412.5438             1403.0028                       9.5410163
             16       703.43222        71.61375     0.028710814      0.12189911     -0.93701286      0.29492678               0       9.4107227       1402.9512      -2.7487472       -2.7487472       1412.3619             1402.9512                       9.4107227
             10       703.75023        71.74896     0.029250799      0.12277671     -0.93531899      0.29656996               0       10.199118       1402.7988      -2.7487472       -2.7487472       1412.9979             1402.7988                       10.199118
             15       705.14504       70.912846     0.029847825      0.11985998     -0.86119146      0.29899176               0       11.503818       1404.2838      -2.7487472       -2.7487472       1415.7876             1404.2838                       11.503818
              6       703.48115       71.670664     0.028483538      0.12253747      -0.9424219      0.29525886               0       9.3422003       1403.1176      -2.7487472       -2.7487472       1412.4598             1403.1176                       9.3422003
              7       703.78507       72.192273      0.02803799       0.1282241     -0.96269292      0.30106393               0       9.6273319       1403.4403      -2.7487472       -2.7487472       1413.0676             1403.4403                       9.6273319
              1        703.8197       71.843036     0.027778401      0.12676172     -0.96265756      0.30066183               0       9.6586417       1403.4783      -2.7487472       -2.7487472       1413.1369             1403.4783                       9.6586417
              3        704.6598       73.006602     0.029344568      0.12763198     -0.93813108      0.29572561               0       11.883845       1402.9332      -2.7487472       -2.7487472       1414.8171             1402.9332                       11.883845
              9       704.82366       72.935829     0.028346486      0.13584627     -0.97904624      0.30986503               0       11.813187       1403.3316      -2.7487472       -2.7487472       1415.1448             1403.3316                       11.813187
              1       704.65609       72.178537     0.027880287      0.13267637     -0.97050575      0.30942187               0       11.749804       1403.0599      -2.7487472       -2.7487472       1414.8097             1403.0599                       11.749804
             18       706.11593       72.448503     0.027603174      0.13358035     -0.99756558      0.30831449               0       13.290093       1404.4393      -2.7487472       -2.7487472       1417.7294             1404.4393                       13.290093
              2       704.41663       72.335804     0.028900538      0.13365184     -0.94005244      0.31189201               0        11.73315       1402.5976      -2.7487472       -2.7487472       1414.3307             1402.5976                        11.73315
             12       704.47374        72.76754     0.028785471      0.13422536     -0.96598011      0.30906783               0       11.499603       1402.9454      -2.7487472       -2.7487472        1414.445             1402.9454                       11.499603
             19        703.6922        72.82499      0.02950403      0.13236689     -0.94589422      0.30643103               0       10.255676       1402.6262      -2.7487472       -2.7487472       1412.8819             1402.6262                       10.255676
              4       704.61224       72.223789      0.02941576      0.12734155     -0.90671531      0.30175062               0       12.074645       1402.6473      -2.7487472       -2.7487472        1414.722             1402.6473                       12.074645
             12       704.45939       72.272444     0.029405885      0.12743421       -0.909571      0.30150297               0       11.824447       1402.5918      -2.7487472       -2.7487472       1414.4163             1402.5918                       11.824447
              1         704.488       72.205595     0.029218431      0.12799681     -0.91149677      0.30278104               0       11.862992       1402.6105      -2.7487472       -2.7487472       1414.4735             1402.6105                       11.862992
             13       703.25998       71.875656     0.029329524      0.12593682     -0.91413895      0.30179473               0       9.4709221       1402.5465      -2.7487472       -2.7487472       1412.0174             1402.5465                       9.4709221
             11       703.27588       71.861037      0.02933437       0.1259535     -0.91341304      0.30195923               0       9.4907448       1402.5585      -2.7487472       -2.7487472       1412.0492             1402.5585                       9.4907448
             12       705.71991       71.812104     0.027817415       0.1317999     -0.97128171       0.3107662               0       13.937213       1403.0001      -2.7487472       -2.7487472       1416.9373             1403.0001                       13.937213
              2       705.06675        71.63538     0.028047694      0.13112045     -0.95385758      0.31142611               0       13.000204       1402.6308      -2.7487472       -2.7487472        1415.631             1402.6308                       13.000204
              8       704.27695       71.263517     0.028092033      0.12916284     -0.92438152      0.31091731               0        11.29753       1402.7539      -2.7487472       -2.7487472       1414.0514             1402.7539                        11.29753
              4       703.88626        71.33984     0.028009024      0.12795703     -0.93854503      0.30772002               0       10.719626       1402.5504      -2.7487472       -2.7487472         1413.27             1402.5504                       10.719626
              1       703.85872        71.31039     0.028016456      0.12788038     -0.93635014      0.30783813               0       10.667723       1402.5472      -2.7487472       -2.7487472       1413.2149             1402.5472                       10.667723
              4       704.53792       72.220548     0.028211561      0.12838217     -0.97274136      0.30146408               0       10.678132       1403.8952      -2.7487472       -2.7487472       1414.5733             1403.8952                       10.678132
              5        704.6727       71.236022     0.028379449      0.12820719     -0.90578509      0.30984055               0       11.638167       1403.2047      -2.7487472       -2.7487472       1414.8429             1403.2047                       11.638167
              1       703.79268         71.7977     0.028143467      0.12907141     -0.94985032      0.30623041               0       10.386954       1402.6959      -2.7487472       -2.7487472       1413.0829             1402.6959                       10.386954
              4       704.76906       72.049327     0.028356746      0.12710932     -0.96850043      0.30072632               0       11.278747       1403.7569      -2.7487472       -2.7487472       1415.0356             1403.7569                       11.278747
             12       705.47044        70.80983     0.028523804      0.12054984     -0.88109559      0.29859758               0       13.249306       1403.1891      -2.7487472       -2.7487472       1416.4384             1403.1891                       13.249306
             18       703.58327       71.648594     0.028061092      0.12532065     -0.95169753      0.30003944               0       9.5790889       1403.0849      -2.7487472       -2.7487472        1412.664             1403.0849                       9.5790889
              8       703.22995       71.454745     0.028586382      0.12360511     -0.93231535      0.29933841               0       9.3430161       1402.6144      -2.7487472       -2.7487472       1411.9574             1402.6144                       9.3430161
              3       703.19085       71.458467     0.028607688      0.12359384     -0.93108305      0.29932688               0       9.2839705       1402.5952      -2.7487472       -2.7487472       1411.8792             1402.5952                       9.2839705
             11       703.86325       70.842209     0.029499665      0.11915525     -0.87564119      0.29749033               0       9.9017666       1403.3222      -2.7487472       -2.7487472        1413.224             1403.3222                       9.9017666
              9       703.49642       70.766293     0.029956064      0.11794508     -0.87730223      0.29662377               0       9.3152823        1403.175      -2.7487472       -2.7487472       1412.4903              1403.175                       9.3152823
             31       703.46018       70.762726     0.029816111      0.11836859     -0.87887317      0.29721996               0       9.2559817       1403.1619      -2.7487472       -2.7487472       1412.4178             1403.1619                       9.2559817
             11       703.64251       70.394335     0.028400635      0.12157948     -0.89811482      0.30396213               0       9.7861417       1402.9964      -2.7487472       -2.7487472       1412.7825             1402.9964                       9.7861417
              2       703.80532       70.448496     0.026682394      0.12207989     -0.92392535       0.3010411               0       10.603309       1402.5048      -2.7487472       -2.7487472       1413.1081             1402.5048                       10.603309
              1       704.72032       71.266868     0.028296753      0.11601438     -0.92770417      0.28540308               0       11.542758       1403.3954      -2.7487472       -2.7487472       1414.9381             1403.3954                       11.542758
              5       704.48177       70.783539     0.028038136      0.11486877     -0.91302248      0.28651133               0       11.695835       1402.7652      -2.7487472       -2.7487472        1414.461             1402.7652                       11.695835
              5       704.49465       70.775308     0.028017579      0.11493082     -0.91257931      0.28666081               0       11.741593       1402.7452      -2.7487472       -2.7487472       1414.4868             1402.7452                       11.741593
             19       704.83335       71.055406     0.027849168      0.11554319     -0.93453809      0.28528457               0       11.405743       1403.7584      -2.7487472       -2.7487472       1415.1642             1403.7584                       11.405743
              6       704.69691       70.996891     0.027881008       0.1156576     -0.92582428      0.28604517               0       11.643461       1403.2478      -2.7487472       -2.7487472       1414.8913             1403.2478                       11.643461
             19       704.33584       70.278158     0.028081757      0.11352248      -0.9206246      0.28800935               0       11.274451       1402.8947      -2.7487472       -2.7487472       1414.1692             1402.8947                       11.274451
              4       703.37101       69.784446       0.0276887      0.11415423     -0.90642101      0.29258913               0       9.7631474       1402.4764      -2.7487472       -2.7487472       1412.2395             1402.4764                       9.7631474
              2       703.36781       69.443813     0.027237885      0.11368236     -0.88969972      0.29355323               0        9.615556       1402.6176      -2.7487472       -2.7487472       1412.2331             1402.6176                        9.615556
              8       703.28931       69.561079     0.027202141      0.11364567     -0.89677241      0.29241463               0        9.582635       1402.4935      -2.7487472       -2.7487472       1412.0761             1402.4935                        9.582635
              8       704.32475       69.921037     0.027337615      0.11531621     -0.92916288      0.29310572               0       11.319687       1402.8273      -2.7487472       -2.7487472        1414.147             1402.8273                       11.319687
             10       703.32802       69.504394     0.025352907      0.11833444     -0.93703269       0.2987697               0       9.4239771       1402.7296      -2.7487472       -2.7487472       1412.1535             1402.7296                       9.4239771
              6       703.33185       69.534199     0.025350516      0.11836245     -0.93927271      0.29856662               0       9.3664984       1402.7947      -2.7487472       -2.7487472       1412.1612             1402.7947                       9.3664984
              6       703.26263       69.490903     0.025449234      0.11802617     -0.93553079      0.29844683               0       9.3125495       1402.7102      -2.7487472       -2.7487472       1412.0228             1402.7102                       9.3125495
              4       703.41042       69.588188     0.025382362      0.11778881     -0.94460865      0.29698469               0       9.2561725       1403.0622      -2.7487472       -2.7487472       1412.3183             1403.0622                       9.2561725
              4       703.98478       69.757529     0.025393493      0.11660486     -0.95375854      0.29313437               0       9.6006252       1403.8664      -2.7487472       -2.7487472       1413.4671             1403.8664                       9.6006252
              6       703.37436       69.431566     0.025350651      0.11998631     -0.93241424       0.3028187               0       9.7054279       1402.5408      -2.7487472       -2.7487472       1412.2462             1402.5408                       9.7054279
             16       703.13023       69.194748      0.02549671      0.11590973     -0.92822834      0.29668578               0       9.1251608       1402.6328      -2.7487472       -2.7487472        1411.758             1402.6328                       9.1251608
              4       704.47063       69.270057     0.025748826      0.11183446     -0.93951153      0.28807337               0       10.742829       1403.6959      -2.7487472       -2.7487472       1414.4387             1403.6959                       10.742829
              4       703.84063       68.995273      0.02571855      0.11144247     -0.92800195      0.28948548               0       10.139578       1403.0392      -2.7487472       -2.7487472       1413.1788             1403.0392                       10.139578
             10       703.61569       69.065906     0.025825836      0.11171822     -0.92269611      0.28969668               0       9.8810251       1402.8478      -2.7487472       -2.7487472       1412.7289             1402.8478                       9.8810251
              1       707.26048       68.282838     0.025991977      0.11402204     -0.92158471      0.30167671               0       17.513691       1402.5048      -2.7487472       -2.7487472       1420.0185             1402.5048                       17.513691
              5       705.24349       67.774314      0.02710037      0.11047569     -0.85072773       0.3009132               0       10.644264       1405.3402      -2.7487472       -2.7487472       1415.9845             1405.3402                       10.644264
             18        703.1696       68.444247     0.025541311      0.11230312     -0.89874872      0.29562422               0       9.2888571       1402.5478      -2.7487472       -2.7487472       1411.8367             1402.5478                       9.2888571
              3        703.2622       68.968043     0.025246877       0.1176708     -0.93149971       0.3018166               0       9.4758021       1402.5461      -2.7487472       -2.7487472       1412.0219             1402.5461                       9.4758021
             11       703.69718         66.7661     0.023271779      0.10890025      -0.9193423      0.29794693               0       10.392848        1402.499      -2.7487472       -2.7487472       1412.8918              1402.499                       10.392848
              2       703.34676       67.123182     0.024404378      0.10968333     -0.89176901      0.29903718               0       9.3382386       1402.8528      -2.7487472       -2.7487472        1412.191             1402.8528                       9.3382386
             12       705.48757       66.682163     0.024366113      0.10870397     -0.89800154      0.30071717               0       13.687241       1402.7854      -2.7487472       -2.7487472       1416.4726             1402.7854                       13.687241
              3       705.18397        66.61178     0.024441733      0.10866337     -0.88964035      0.30143192               0       12.769482       1403.0959      -2.7487472       -2.7487472       1415.8654             1403.0959                       12.769482
              6       704.77955       66.519893     0.024594159       0.1082505     -0.87549148      0.30167668               0       11.294394       1403.7622      -2.7487472       -2.7487472       1415.0566             1403.7622                       11.294394
              6       704.73582       66.546913     0.024629705      0.10841283     -0.87429973      0.30187856               0       11.118234       1403.8509      -2.7487472       -2.7487472       1414.9691             1403.8509                       11.118234
             15       704.57108       66.670065     0.025172064      0.10715608     -0.85297233      0.29915713               0       9.7505417       1404.8891      -2.7487472       -2.7487472       1414.6396             1404.8891                       9.7505417
              6       703.87362       67.118789     0.025391433       0.1071024     -0.86248599      0.29553824               0       9.4589095       1403.7858      -2.7487472       -2.7487472       1413.2447             1403.7858                       9.4589095
             12       705.45681       67.966753     0.026126132      0.10665496     -0.90299687      0.28883173               0       13.911394       1402.4997      -2.7487472       -2.7487472       1416.4111             1402.4997                       13.911394
              3       704.80228       66.599633     0.025061521      0.10132313     -0.84997084      0.28639041               0       11.597291       1403.5048      -2.7487472       -2.7487472        1415.102             1403.5048                       11.597291
              6       703.46255       67.155042     0.024427417      0.10550093     -0.88960428      0.28953057               0       9.9215801        1402.501      -2.7487472       -2.7487472       1412.4226              1402.501                       9.9215801
             14       703.86547       67.768927     0.025120859       0.1056585     -0.89818279      0.28616188               0       10.721698       1402.5067      -2.7487472       -2.7487472       1413.2284             1402.5067                       10.721698
              3       704.28963       67.384487     0.024841958      0.10563983     -0.87608694      0.28878105               0       11.378893       1402.6979      -2.7487472       -2.7487472       1414.0767             1402.6979                       11.378893
             10       703.58597        67.38186     0.024328055      0.10686304     -0.89334444      0.29036583               0       10.183759       1402.4857      -2.7487472       -2.7487472       1412.6694             1402.4857                       10.183759
              3       703.63794       69.079922     0.025422642      0.11855267     -0.93613718      0.30305608               0       10.199683       1402.5737      -2.7487472       -2.7487472       1412.7734             1402.5737                       10.199683
              1       703.78214       68.561717     0.025028844      0.11847994     -0.92313981      0.30666209               0       10.467143       1402.5946      -2.7487472       -2.7487472       1413.0618             1402.5946                       10.467143
             22       703.64192       68.448242     0.024975964      0.11790035     -0.91616748      0.30632975               0       10.098386        1402.683      -2.7487472       -2.7487472       1412.7813              1402.683                       10.098386
              5       704.15227       68.476291     0.025206816      0.11896946     -0.90598482      0.30885122               0        10.68778       1403.1142      -2.7487472       -2.7487472        1413.802             1403.1142                        10.68778
              4        704.1805       66.846659     0.024104219       0.1074305     -0.90575498      0.29580301               0       11.368914       1402.4896      -2.7487472       -2.7487472       1413.8585             1402.4896                       11.368914
              5       707.01396       66.646329     0.022621211      0.10868971     -0.95313656      0.29708011               0       16.127827       1403.3976      -2.7487472       -2.7487472       1419.5254             1403.3976                       16.127827
              3       704.36882       66.717937     0.025686677      0.10331971     -0.85502756       0.2912655               0       10.502264       1403.7329      -2.7487472       -2.7487472       1414.2351             1403.7329                       10.502264
              9       703.63898       67.987738     0.026162558      0.10848314     -0.88634471      0.29268737               0       10.128057       1402.6474      -2.7487472       -2.7487472       1412.7755             1402.6474                       10.128057
             39       704.06296       67.554742     0.026476494       0.1060825     -0.86330224      0.29187893               0        10.25508       1403.3683      -2.7487472       -2.7487472       1413.6234             1403.3683                        10.25508
              4       704.09529       68.077469     0.026600937      0.10595622     -0.86536504      0.28740984               0       10.758042         1402.93      -2.7487472       -2.7487472       1413.6881               1402.93                       10.758042
              1       708.20359       68.730665     0.028385177      0.10380405     -0.83001283      0.28119402               0       17.787285       1404.1174      -2.7487472       -2.7487472       1421.9047             1404.1174                       17.787285
              5       706.89423       68.742228     0.028411827      0.10263586     -0.84036781      0.27868372               0       16.000782       1403.2852      -2.7487472       -2.7487472        1419.286             1403.2852                       16.000782
             18       707.51105       69.410755     0.028780166      0.10217835     -0.86251627      0.27315622               0       18.007144       1402.5124      -2.7487472       -2.7487472       1420.5196             1402.5124                       18.007144
             28       706.62637       69.251873     0.027759188      0.10783215     -0.91095475      0.28407118               0       15.895396       1402.8548      -2.7487472       -2.7487472       1418.7502             1402.8548                       15.895396
              2       707.52156       68.599199     0.026210114      0.11275924     -0.93103399       0.2966807               0       17.851384       1402.6892      -2.7487472       -2.7487472       1420.5406             1402.6892                       17.851384
              8       703.18843       69.149269     0.025638827      0.11831835     -0.92148569      0.30241062               0       9.3619991       1402.5123      -2.7487472       -2.7487472       1411.8743             1402.5123                       9.3619991
              4       703.28607       68.482769     0.025231105      0.11513988      -0.9190673      0.30067897               0       9.5697753       1402.4999      -2.7487472       -2.7487472       1412.0696             1402.4999                       9.5697753
              1       703.37986        68.58848      0.02525832      0.11604588     -0.92217377      0.30173657               0       9.7525139       1402.5047      -2.7487472       -2.7487472       1412.2572             1402.5047                       9.7525139
              7       703.47214       68.656086     0.025253129       0.1166308     -0.92520923       0.3023725               0       9.9328466       1402.5089      -2.7487472       -2.7487472       1412.4418             1402.5089                       9.9328466
              1       704.55849       68.895716     0.025124962       0.1130051     -0.94815056      0.29236427               0        10.95925       1403.6552      -2.7487472       -2.7487472       1414.6145             1403.6552                        10.95925
              8       704.80996       68.838086     0.025943337      0.10885785      -0.8966349       0.2858291               0       12.618334       1402.4991      -2.7487472       -2.7487472       1415.1174             1402.4991                       12.618334
              5       705.77635       69.684635     0.026349716      0.10991831     -0.91946823      0.28194733               0       13.690403       1403.3598      -2.7487472       -2.7487472       1417.0502             1403.3598                       13.690403
              7       703.63735       69.898109     0.026734189      0.12166445      -0.9264969      0.30505635               0       10.240297       1402.5319      -2.7487472       -2.7487472       1412.7722             1402.5319                       10.240297
             16       704.47414       67.474358     0.023837885      0.11697645     -0.90861454      0.31070728               0       11.268107       1403.1777      -2.7487472       -2.7487472       1414.4458             1403.1777                       11.268107
              1        703.5105        67.84543     0.023487515      0.11638527     -0.92738348      0.30527233               0       9.9863366       1402.5322      -2.7487472       -2.7487472       1412.5185             1402.5322                       9.9863366
             20       703.71174       67.723913     0.023276052      0.11672316     -0.92675659      0.30664446               0       10.359707       1402.5613      -2.7487472       -2.7487472        1412.921             1402.5613                       10.359707
              1        703.3514       67.832481     0.024654613       0.1115834     -0.91597365      0.29748934               0       9.7126861       1402.4876      -2.7487472       -2.7487472       1412.2003             1402.4876                       9.7126861
              3       703.70416       67.643904     0.025084666       0.1121559     -0.88174514      0.30134137               0       9.4918272        1403.414      -2.7487472       -2.7487472       1412.9058              1403.414                       9.4918272
              6       703.87886       67.940672     0.025481056      0.10960887     -0.87745498       0.2940554               0       10.284682       1402.9705      -2.7487472       -2.7487472       1413.2552             1402.9705                       10.284682
              1       703.74175       67.105182     0.025294502      0.10449361     -0.86823949      0.28964956               0       9.9984079       1402.9826      -2.7487472       -2.7487472        1412.981             1402.9826                       9.9984079
             10       703.71506       67.253426     0.025208677      0.10481829      -0.8838916      0.28890212               0       10.374612        1402.553      -2.7487472       -2.7487472       1412.9276              1402.553                       10.374612
              7        704.1905       67.021949     0.025161897      0.10516237     -0.85923853        0.291563               0       10.340695       1403.5378      -2.7487472       -2.7487472       1413.8785             1403.5378                       10.340695
              6       703.71947       66.824644     0.024938935      0.10488059     -0.87538756      0.29215699               0        10.02659       1402.9099      -2.7487472       -2.7487472       1412.9364             1402.9099                        10.02659
             12       703.65817       66.867528     0.024988427      0.10471383     -0.87345968      0.29152008               0       9.8828217        1402.931      -2.7487472       -2.7487472       1412.8138              1402.931                       9.8828217
             22       704.43849       69.066805     0.027181459      0.10815081     -0.88073231      0.28505248               0       11.873126       1402.5013      -2.7487472       -2.7487472       1414.3745             1402.5013                       11.873126
             16       704.27437       70.010496     0.029226432      0.11040606     -0.88523464      0.28619301               0       11.562979       1402.4833      -2.7487472       -2.7487472       1414.0462             1402.4833                       11.562979
              7       705.46041       70.339388     0.029091656      0.11323656     -0.91024113      0.28897141               0       13.827831       1402.5905      -2.7487472       -2.7487472       1416.4183             1402.5905                       13.827831
              6       704.05119        70.72564     0.027988257      0.11827749     -0.90283449      0.29369548               0       11.122209       1402.4777      -2.7487472       -2.7487472       1413.5999             1402.4777                       11.122209
             33       704.57721       72.003624     0.029092944      0.12397941     -0.91008107      0.29649115               0       12.169939        1402.482      -2.7487472       -2.7487472       1414.6519              1402.482                       12.169939
              3       703.83289       72.246215     0.029167006      0.12467396      -0.9236433      0.29597594               0       10.583861       1402.5794      -2.7487472       -2.7487472       1413.1633             1402.5794                       10.583861
              5        703.5022       72.229525     0.028755123      0.12523007     -0.94717461      0.29638918               0       9.2929237        1403.209      -2.7487472       -2.7487472       1412.5019              1403.209                       9.2929237
             20       703.51839       72.236987      0.02874999      0.12524834     -0.94782495      0.29635313               0       9.2957273       1403.2386      -2.7487472       -2.7487472       1412.5343             1403.2386                       9.2957273
             15       703.60938       72.706057     0.029317197      0.13167293     -0.94540899      0.30576815               0       10.080694       1402.6356      -2.7487472       -2.7487472       1412.7163             1402.6356                       10.080694
             19       703.49414       72.610206     0.029329709      0.13087804     -0.94029375      0.30509201               0        9.902206       1402.5836      -2.7487472       -2.7487472       1412.4858             1402.5836                        9.902206
             17       704.19018       72.627306     0.029627316      0.13144504     -0.91898433      0.30658749               0       11.231416       1402.6464      -2.7487472       -2.7487472       1413.8778             1402.6464                       11.231416
              1       704.18205       72.590051      0.02954259      0.13145161     -0.92004843      0.30675395               0       11.224472       1402.6371      -2.7487472       -2.7487472       1413.8616             1402.6371                       11.224472
              2       705.75584       71.614906     0.029805397      0.12861699     -0.87995744      0.31015011               0        12.42618        1404.583      -2.7487472       -2.7487472       1417.0092              1404.583                        12.42618
              5       706.40753       72.377589     0.027189701      0.13822377     -0.96489875      0.31699364               0       15.634471       1402.6781      -2.7487472       -2.7487472       1418.3125             1402.6781                       15.634471
              2       703.28008       71.658917     0.029195714      0.12124605     -0.91338816      0.29422764               0       9.5578143       1402.4998      -2.7487472       -2.7487472       1412.0577             1402.4998                       9.5578143
              4       703.54187       71.843884     0.029193515       0.1204657     -0.92904489      0.29119844               0       9.6325477       1402.9487      -2.7487472       -2.7487472       1412.5812             1402.9487                       9.6325477
              1       704.83711       71.797152     0.028740497      0.11813074     -0.94331916      0.28616918               0       11.008217       1404.1635      -2.7487472       -2.7487472       1415.1717             1404.1635                       11.008217
             12       705.22008       71.796007     0.029069453      0.11872683     -0.91040076      0.28797287               0       13.305441       1402.6322      -2.7487472       -2.7487472       1415.9377             1402.6322                       13.305441
              3       704.19392       71.696197     0.028466675      0.12077992     -0.92586498      0.29159665               0        11.06148       1402.8239      -2.7487472       -2.7487472       1413.8853             1402.8239                        11.06148
              4       704.27608       71.754115     0.028542962      0.12090166     -0.92502727      0.29151074               0       11.244404       1402.8053      -2.7487472       -2.7487472       1414.0497             1402.8053                       11.244404
              2       705.43944       69.590946     0.024897742      0.11759573     -0.93233664      0.29556178               0       13.601731       1402.7746      -2.7487472       -2.7487472       1416.3764             1402.7746                       13.601731
              7       706.72592       70.031168     0.023518993       0.1246539       -1.020781      0.30343795               0       11.759804       1407.1895      -2.7487472       -2.7487472       1418.9493             1407.1895                       11.759804
             10        705.7417       69.951412     0.023432122      0.12511436      -1.0060185      0.30489378               0       11.393423       1405.5875      -2.7487472       -2.7487472       1416.9809             1405.5875                       11.393423
              6       706.22128       69.861477     0.023126652      0.12518652      -1.0152789      0.30520124               0       11.647222       1406.2928      -2.7487472       -2.7487472         1417.94             1406.2928                       11.647222
              9       706.12137       69.941118     0.023202725      0.12536612      -1.0126486      0.30502925               0       11.637515       1406.1027      -2.7487472       -2.7487472       1417.7402             1406.1027                       11.637515
              7       704.72456       68.022373     0.025834552      0.10517985     -0.87666844      0.28454141               0       12.411154       1402.5355      -2.7487472       -2.7487472       1414.9466             1402.5355                       12.411154
             12       704.36862       68.235411     0.025409503      0.10766143     -0.89120492      0.28718432               0       11.766896       1402.4678      -2.7487472       -2.7487472       1414.2347             1402.4678                       11.766896
              1       703.63018       67.526158     0.024650555      0.10703149     -0.88999961      0.29020286               0       10.247131       1402.5107      -2.7487472       -2.7487472       1412.7578             1402.5107                       10.247131
              2       703.88665        68.17685     0.022806151      0.11681351     -0.95490766      0.30176699               0       10.201951       1403.0688      -2.7487472       -2.7487472       1413.2708             1403.0688                       10.201951
              8       704.82559       67.430025     0.022983973      0.11396417     -0.90917619      0.30261288               0       12.506858       1402.6418      -2.7487472       -2.7487472       1415.1487             1402.6418                       12.506858
              4       704.48594       67.462965     0.022806574      0.11434999     -0.91755868       0.3027754               0       11.928477       1402.5409      -2.7487472       -2.7487472       1414.4694             1402.5409                       11.928477
              4       703.85025       69.192698     0.024245797      0.11790378     -0.96246633      0.29825555               0       9.4722644       1403.7257      -2.7487472       -2.7487472        1413.198             1403.7257                       9.4722644
              4       703.75978       69.178933     0.024578834      0.11617392     -0.94579473      0.29545555               0       9.7834886       1403.2336      -2.7487472       -2.7487472       1413.0171             1403.2336                       9.7834886
              3       704.27997       66.239471     0.021203017      0.11193473     -0.92122845      0.30490434               0       11.494623       1402.5628      -2.7487472       -2.7487472       1414.0574             1402.5628                       11.494623
              3       706.91038       67.081041      0.02109217      0.11054738     -0.99821932      0.29397249               0        12.10759       1407.2107      -2.7487472       -2.7487472       1419.3183             1407.2107                        12.10759
              3       705.15143       66.772804      0.02139724      0.10751039     -0.96840066      0.29056554               0       10.558778       1405.2416      -2.7487472       -2.7487472       1415.8003             1405.2416                       10.558778
              8       704.09797       66.188614     0.021914147      0.10314156     -0.92121474      0.28692484               0       10.702207       1402.9912      -2.7487472       -2.7487472       1413.6934             1402.9912                       10.702207
             10       704.03236       66.292907     0.021998738      0.10366875     -0.92266745      0.28741485               0       10.556577       1403.0056      -2.7487472       -2.7487472       1413.5622             1403.0056                       10.556577
              1       704.74118       65.763232     0.020196672      0.10414371     -0.94693194      0.28899472               0       10.980974       1403.9989      -2.7487472       -2.7487472       1414.9799             1403.9989                       10.980974
              4       705.02507       65.795227     0.020316417      0.10356519     -0.94282924      0.28765396               0       11.616077       1403.9316      -2.7487472       -2.7487472       1415.5476             1403.9316                       11.616077
              5       705.11783       65.581443     0.020135674      0.10322766     -0.95969968      0.28832741               0       10.771941       1404.9612      -2.7487472       -2.7487472       1415.7332             1404.9612                       10.771941
              1       704.98626       65.519549     0.019957171      0.10356202     -0.96150656      0.28923545               0        10.52735       1404.9427      -2.7487472       -2.7487472         1415.47             1404.9427                        10.52735
             22       703.37305       64.736577      0.02007709      0.10245357     -0.92780967      0.29391543               0       9.4986723       1402.7449      -2.7487472       -2.7487472       1412.2436             1402.7449                       9.4986723
              2       703.95499       65.610226     0.021031438      0.10471111     -0.90922361       0.2936015               0       10.926453        1402.481      -2.7487472       -2.7487472       1413.4075              1402.481                       10.926453
              6       704.11069       65.851848     0.021518729      0.10239419     -0.91564936      0.28723172               0       10.924687       1402.7942      -2.7487472       -2.7487472       1413.7189             1402.7942                       10.924687
              3       703.73749       65.961506      0.02125616      0.10460543     -0.92576359      0.29075624               0       10.100327       1402.8721      -2.7487472       -2.7487472       1412.9725             1402.8721                       10.100327
             10       703.26557       65.805063     0.021694822       0.1042156     -0.91071201      0.29225313               0       9.5204501       1402.5082      -2.7487472       -2.7487472       1412.0286             1402.5082                       9.5204501
              3       705.08278       67.551543     0.021026919      0.11757634     -0.99456764      0.30515221               0        10.95329       1404.7098      -2.7487472       -2.7487472        1415.663             1404.7098                        10.95329
              1       705.11766       67.588676     0.021074407      0.11759367     -0.99538527       0.3049589               0       10.937915       1404.7949      -2.7487472       -2.7487472       1415.7328             1404.7949                       10.937915
              2       706.16465       67.375693      0.02068315       0.1222637     -0.98748911      0.31631565               0       14.672235       1403.1546      -2.7487472       -2.7487472       1417.8268             1403.1546                       14.672235
              3        707.9317       66.660753     0.021157602      0.12028667     -0.92465242      0.31975563               0       17.946693       1403.4142      -2.7487472       -2.7487472       1421.3609             1403.4142                       17.946693
             30       705.84284       69.108006     0.022416904      0.12324239      -0.9904243      0.30633583               0       12.905016       1404.2782      -2.7487472       -2.7487472       1417.1832             1404.2782                       12.905016
              8       705.05142       70.125351      0.02470246      0.11992911      -0.9678272      0.29542204               0       11.191029       1404.4093      -2.7487472       -2.7487472       1415.6003             1404.4093                       11.191029
             33       704.29459       69.673744      0.02514985      0.11897086     -0.93515869      0.29821179               0       11.374229       1402.7124      -2.7487472       -2.7487472       1414.0867             1402.7124                       11.374229
              5       704.25836       70.144618      0.02498726      0.12207354      -0.9615925      0.30019697               0       10.538948       1403.4753      -2.7487472       -2.7487472       1414.0142             1403.4753                       10.538948
              2       706.29891       69.111647     0.023509385      0.12301751     -0.94481563      0.30811996               0       15.510176       1402.5851      -2.7487472       -2.7487472       1418.0953             1402.5851                       15.510176
              6       705.15484       70.142953     0.024107625      0.12398621      -0.9950862      0.30231087               0       10.593785       1405.2134      -2.7487472       -2.7487472       1415.8072             1405.2134                       10.593785
              3       705.43251       70.191971     0.024073078      0.12397303      -1.0008093      0.30179192               0       10.605626       1405.7569      -2.7487472       -2.7487472       1416.3625             1405.7569                       10.605626
              6       705.70209       69.463075     0.025103474      0.12004042     -0.91651449      0.30214392               0       14.367183       1402.5345      -2.7487472       -2.7487472       1416.9017             1402.5345                       14.367183
             11        704.5612       69.750748     0.025165177      0.11850889     -0.93660742      0.29663566               0       11.789901         1402.83      -2.7487472       -2.7487472       1414.6199               1402.83                       11.789901
              3       704.74898       69.613851     0.025259568      0.11848095      -0.9257906      0.29794062               0       12.438116       1402.5573      -2.7487472       -2.7487472       1414.9955             1402.5573                       12.438116
             18       704.49607       69.727463     0.025013101      0.11969112     -0.97226226      0.29895264               0       10.300867       1404.1888      -2.7487472       -2.7487472       1414.4896             1404.1888                       10.300867
              5       705.81695       67.761041      0.02502958       0.1036464     -0.88382181      0.28164754               0       14.651746       1402.4797      -2.7487472       -2.7487472       1417.1314             1402.4797                       14.651746
              1       708.53777       69.141564     0.025423586       0.1101091     -0.96607929      0.28485563               0       16.410382       1406.1627      -2.7487472       -2.7487472        1422.573             1406.1627                       16.410382
              8        704.5617       68.425509     0.023728721      0.11862559     -0.92598931      0.30541844               0       12.080587       1402.5403      -2.7487472       -2.7487472       1414.6209             1402.5403                       12.080587
             12        704.5544       68.419132     0.023709443      0.11862078     -0.92636665      0.30542391               0       12.067732       1402.5386      -2.7487472       -2.7487472       1414.6063             1402.5386                       12.067732
              5       704.60727       68.227387     0.023638485      0.11818107     -0.92145298        0.306046               0       12.118084        1402.594      -2.7487472       -2.7487472        1414.712              1402.594                       12.118084
              1       703.84164       69.174167     0.024248673      0.11740293     -0.96013397      0.29737471               0       9.4752954       1403.7055      -2.7487472       -2.7487472       1413.1808             1403.7055                       9.4752954
              3       705.29558        66.74165     0.023342693      0.10209364     -0.89284163      0.28304398               0       13.567163       1402.5215      -2.7487472       -2.7487472       1416.0886             1402.5215                       13.567163
             11       705.40514        66.27444     0.023464886      0.10233706     -0.86602069      0.28788117               0       13.368425       1402.9393      -2.7487472       -2.7487472       1416.3078             1402.9393                       13.368425
              4       706.31552       68.020248     0.022345718      0.11711436     -0.93870019      0.30281318               0       15.515406       1402.6131      -2.7487472       -2.7487472       1418.1285             1402.6131                       15.515406
              3       706.07711       68.894826     0.022134763      0.11901237     -0.99767125      0.29872824               0       11.550337       1406.1014      -2.7487472       -2.7487472       1417.6517             1406.1014                       11.550337
              9       703.98384       64.989315     0.020354282      0.10255797     -0.93590393      0.29253732               0       10.376148        1403.089      -2.7487472       -2.7487472       1413.4652              1403.089                       10.376148
             12       704.01804       66.271351     0.023469389      0.10114807     -0.89124753      0.28521101               0       11.059554        1402.474      -2.7487472       -2.7487472       1413.5336              1402.474                       11.059554
              3       704.96351       65.211841     0.023590104       0.1028728     -0.84891511      0.29889364               0       10.258393       1405.1661      -2.7487472       -2.7487472       1415.4245             1405.1661                       10.258393
              7       705.89415       65.741422     0.025064746      0.10000634     -0.84956124       0.2908772               0       13.273906       1404.0119      -2.7487472       -2.7487472       1417.2858             1404.0119                       13.273906
              3       705.92916       66.055869     0.025048316      0.10095608     -0.86430176      0.29025342               0       14.173781        1403.182      -2.7487472       -2.7487472       1417.3558              1403.182                       14.173781
              2       705.02054       66.250392     0.024882426      0.10240306     -0.86952121      0.29147023               0        12.46949       1403.0691      -2.7487472       -2.7487472       1415.5386             1403.0691                        12.46949
              4       703.82578        67.77555     0.023880716      0.11000109     -0.93671344      0.29285991               0       10.054617       1403.0944      -2.7487472       -2.7487472       1413.1491             1403.0944                       10.054617
             11       703.66385       67.708965     0.024169416       0.1079515     -0.92209789      0.28959524               0       9.9890472       1402.8361      -2.7487472       -2.7487472       1412.8252             1402.8361                       9.9890472
              8       704.06892       69.585521     0.025252237      0.11973994      -0.9296198      0.30076821               0       11.090975       1402.5444      -2.7487472       -2.7487472       1413.6353             1402.5444                       11.090975
             13       703.09179       68.888746     0.025611892      0.11516521     -0.92100663      0.29800124               0       9.1721525       1402.5089      -2.7487472       -2.7487472       1411.6811             1402.5089                       9.1721525
              6       705.65343       69.426732     0.029288011       0.1135362     -0.83592759      0.29764778               0       10.720221       1406.0841      -2.7487472       -2.7487472       1416.8044             1406.0841                       10.720221
              6       704.89165       69.760869     0.028120877      0.11661803     -0.90764904      0.29873766               0       12.748976       1402.5318      -2.7487472       -2.7487472       1415.2808             1402.5318                       12.748976
              1       704.30998       69.928399     0.029276222       0.1160664     -0.87648257      0.29854259               0       10.733951       1403.3835      -2.7487472       -2.7487472       1414.1175             1403.3835                       10.733951
              2       704.35513       69.950543     0.029249563      0.11632218     -0.87846739      0.29882186               0       10.887247       1403.3205      -2.7487472       -2.7487472       1414.2077             1403.3205                       10.887247
              6       704.51827       71.021197     0.029768848      0.11930703     -0.86948999      0.29682732               0       10.984571       1403.5495      -2.7487472       -2.7487472        1414.534             1403.5495                       10.984571
             11       704.63562       69.173449     0.025829013      0.12154408     -0.90245331       0.3093381               0       11.480229       1403.2885      -2.7487472       -2.7487472       1414.7687             1403.2885                       11.480229
              6       704.59466       69.153327     0.025764253      0.12159861     -0.90400255      0.30949674               0       11.444482       1403.2423      -2.7487472       -2.7487472       1414.6868             1403.2423                       11.444482
              4       704.75743       67.643209     0.024018555      0.11693467     -0.89771861      0.30946159               0       11.509337        1403.503      -2.7487472       -2.7487472       1415.0123              1403.503                       11.509337
              4       705.13768       67.633625     0.024002849      0.11721544     -0.89484601      0.31012876               0       12.060476       1403.7124      -2.7487472       -2.7487472       1415.7729             1403.7124                       12.060476
              4       704.41282       67.411796     0.023210023      0.11767661     -0.92470436      0.31144336               0       11.546889       1402.7763      -2.7487472       -2.7487472       1414.3231             1402.7763                       11.546889
              8       704.62982       67.254816     0.023163535      0.11741661     -0.91736937      0.31222135               0       11.746298       1403.0108      -2.7487472       -2.7487472       1414.7571             1403.0108                       11.746298
             22       704.86366       67.496047     0.022372008      0.11836005     -0.96274403      0.31032703               0       12.422367       1402.8024      -2.7487472       -2.7487472       1415.2248             1402.8024                       12.422367
              5       704.71958       67.484329     0.022402875      0.11824657     -0.96007457      0.31025342               0       12.186365       1402.7503      -2.7487472       -2.7487472       1414.9367             1402.7503                       12.186365
              9       704.14173       68.282425     0.022928013      0.11936137     -0.96708385      0.30656052               0       10.637495       1403.1435      -2.7487472       -2.7487472        1413.781             1403.1435                       10.637495
              6       703.82897       68.177554     0.023336978      0.11799903     -0.93747475      0.30545327               0       10.602587       1402.5528      -2.7487472       -2.7487472       1413.1554             1402.5528                       10.602587
              3       703.74349       67.988584     0.023211048      0.11809323     -0.94023467      0.30708497               0       10.424871       1402.5596      -2.7487472       -2.7487472       1412.9845             1402.5596                       10.424871
              3       703.79298       69.904594     0.028527792      0.11186329     -0.89412634      0.28861316               0       10.615799       1402.4677      -2.7487472       -2.7487472       1413.0834             1402.4677                       10.615799
             13       703.69173       69.882641     0.028672018      0.11180106     -0.88820853      0.28896242               0       10.378139       1402.5028      -2.7487472       -2.7487472        1412.881             1402.5028                       10.378139
              8       704.20747       70.218562     0.029263428      0.11062598     -0.87493491      0.28502053               0       11.338893       1402.5735      -2.7487472       -2.7487472       1413.9124             1402.5735                       11.338893
             12       705.21282        68.62426     0.028324567       0.1086434      -0.8365017      0.29221417               0       10.791659       1405.1315      -2.7487472       -2.7487472       1415.9231             1405.1315                       10.791659
              1       705.35481        68.92571     0.028520377      0.10342265     -0.86104518      0.27908659               0       13.577379       1402.6297      -2.7487472       -2.7487472       1416.2071             1402.6297                       13.577379
             11       704.94329       69.325183     0.023969477      0.12513445     -0.97454457      0.31158689               0       12.335991       1403.0481      -2.7487472       -2.7487472       1415.3841             1403.0481                       12.335991
              6       704.77116       69.653414     0.024298134      0.12621907     -0.96352504      0.31157021               0        12.26819       1402.7716      -2.7487472       -2.7487472       1415.0398             1402.7716                        12.26819
             18       707.27133         68.8299     0.024024827      0.12517287     -0.92018933      0.31628514               0       16.787822       1403.2523      -2.7487472       -2.7487472       1420.0401             1403.2523                       16.787822
              1       706.27147       72.233299     0.028448995      0.11892184     -0.95532319      0.28368133               0       12.587697       1405.4527      -2.7487472       -2.7487472       1418.0404             1405.4527                       12.587697
              2       706.33698       72.251335     0.028422423      0.11901157     -0.95736542      0.28366069               0       12.541406         1405.63      -2.7487472       -2.7487472       1418.1714               1405.63                       12.541406
              3       705.84716       68.618169     0.024280399      0.11800039     -0.96669899      0.30354964               0       13.812793        1403.379      -2.7487472       -2.7487472       1417.1918              1403.379                       13.812793
              5        704.8873       67.883011      0.02452398      0.11496522     -0.93020029        0.304102               0       12.749855       1402.5222      -2.7487472       -2.7487472       1415.2721             1402.5222                       12.749855
              1       703.71513       67.580888     0.024505618      0.11398488      -0.9034425      0.30464038               0       10.045508       1402.8822      -2.7487472       -2.7487472       1412.9277             1402.8822                       10.045508
              2       704.31472       67.703571     0.024955401      0.11010925     -0.91470367      0.29606346               0       11.637897        1402.489      -2.7487472       -2.7487472       1414.1269              1402.489                       11.637897
             19       703.22405       67.786543     0.024743154      0.10968558     -0.89733477      0.29395522               0       9.4256621       1402.5199      -2.7487472       -2.7487472       1411.9456             1402.5199                       9.4256621
             14       704.10707       68.328514     0.025264762       0.1075593     -0.90737551      0.28587346               0       11.050834       1402.6608      -2.7487472       -2.7487472       1413.7116             1402.6608                       11.050834
             10       704.47678       67.437198     0.024724712      0.11220996     -0.87444701       0.3025189               0       10.533146       1403.9179      -2.7487472       -2.7487472       1414.4511             1403.9179                       10.533146
             18       704.88962       67.773538      0.02420699      0.11763082      -0.8972984      0.31019837               0       11.676253       1403.6005      -2.7487472       -2.7487472       1415.2767             1403.6005                       11.676253
              2       705.43785       67.653414     0.023928219      0.11800062      -0.8961709      0.31149979               0       12.570265       1403.8029      -2.7487472       -2.7487472       1416.3732             1403.8029                       12.570265
             15       703.15676       67.100754     0.023420852       0.1107318     -0.91748037      0.29938135               0       9.3184889       1402.4925      -2.7487472       -2.7487472        1411.811             1402.4925                       9.3184889
              2       705.33955       66.496004     0.022186535      0.10880002     -0.95024564      0.29769125               0       12.958198       1403.2184      -2.7487472       -2.7487472       1416.1766             1403.2184                       12.958198
              1       705.01851       66.473588     0.022007322      0.10961653      -0.9515511      0.29933432               0       12.401609       1403.1329      -2.7487472       -2.7487472       1415.5345             1403.1329                       12.401609
              5        706.5866       68.732933     0.023934383      0.11521466     -0.98281414      0.29590768               0       13.258218       1405.4125      -2.7487472       -2.7487472       1418.6707             1405.4125                       13.258218
              7       705.02055       68.477408     0.024050956      0.11389161     -0.96378656      0.29554726               0       11.401298       1404.1373      -2.7487472       -2.7487472       1415.5386             1404.1373                       11.401298
              4       704.56881       69.443967     0.025643205      0.12434126     -0.93021088      0.31234776               0       11.915032       1402.7201      -2.7487472       -2.7487472       1414.6351             1402.7201                       11.915032
             11       704.25483       71.888551     0.029765606      0.12272916     -0.93323038      0.29632349               0        11.24924       1402.7579      -2.7487472       -2.7487472       1414.0072             1402.7579                        11.24924
              7       704.42208        71.26165     0.029419575       0.1265623     -0.89194546      0.30842683               0       10.676886       1403.6648      -2.7487472       -2.7487472       1414.3417             1403.6648                       10.676886
              1       704.70314       70.747044     0.028969417      0.12526572     -0.89141092      0.30944019               0       11.096093       1403.8077      -2.7487472       -2.7487472       1414.9038             1403.8077                       11.096093
              4       703.08851       69.965341     0.027509961      0.11720064     -0.91058058      0.29693629               0       9.1900761       1402.4844      -2.7487472       -2.7487472       1411.6745             1402.4844                       9.1900761
             13       703.26656       69.562077     0.027139304      0.11549695     -0.91095143      0.29610223               0       9.5509784       1402.4796      -2.7487472       -2.7487472       1412.0306             1402.4796                       9.5509784
             11       703.42666       69.216743     0.025956084       0.1179751     -0.92627981      0.30176707               0       9.8392705       1402.5115      -2.7487472       -2.7487472       1412.3508             1402.5115                       9.8392705
             21       703.44633       69.281645     0.025620182       0.1177075     -0.93786988      0.29994464               0       9.6937919       1402.6964      -2.7487472       -2.7487472       1412.3902             1402.6964                       9.6937919
              1       703.69279       69.254012     0.024611872      0.12148087     -0.94775715      0.30594924               0       10.215444       1402.6676      -2.7487472       -2.7487472       1412.8831             1402.6676                       10.215444
             28       703.98081        70.07253     0.025270633       0.1241502     -0.96419856      0.30562137               0       10.347599       1403.1115      -2.7487472       -2.7487472       1413.4591             1403.1115                       10.347599
              6       703.97128       70.071777     0.025275393      0.12420144     -0.96363206        0.305742               0       10.356732       1403.0833      -2.7487472       -2.7487472       1413.4401             1403.0833                       10.356732
              8        704.3343       69.377759     0.025300771      0.12269067     -0.94708649      0.30880351               0       11.568365       1402.5977      -2.7487472       -2.7487472       1414.1661             1402.5977                       11.568365
              4       704.55102       68.986393      0.02564479      0.12081617     -0.90193811       0.3091013               0       11.312322       1403.2872      -2.7487472       -2.7487472       1414.5995             1403.2872                       11.312322
             25       705.86173       68.259319     0.026128524      0.11663762     -0.90025987      0.30779133               0       13.986579       1403.2344      -2.7487472       -2.7487472       1417.2209             1403.2344                       13.986579
              7       706.86187       69.110267     0.026243045      0.12005788     -0.93568805      0.30765915               0       16.675457       1402.5458      -2.7487472       -2.7487472       1419.2212             1402.5458                       16.675457
              7       704.99601       69.024634     0.027023228      0.11966963     -0.88704666      0.30924564               0       11.466122       1404.0234      -2.7487472       -2.7487472       1415.4895             1404.0234                       11.466122
              4       704.84036        70.87234     0.029991254      0.11963958     -0.86021657      0.29918037               0       10.804906       1404.3733      -2.7487472       -2.7487472       1415.1782             1404.3733                       10.804906
              9       703.55917       70.739845      0.02981557      0.11670246     -0.87350414      0.29408168               0        9.498188       1403.1177      -2.7487472       -2.7487472       1412.6158             1403.1177                        9.498188
              3       703.38354       70.752321     0.029790384      0.11596529     -0.87972145      0.29245506               0       9.4686547       1402.7959      -2.7487472       -2.7487472       1412.2646             1402.7959                       9.4686547
              3       703.37278       70.631563     0.029449212      0.11507244     -0.88866274      0.29098235               0       9.6971454       1402.5459      -2.7487472       -2.7487472       1412.2431             1402.5459                       9.6971454
              4       703.84807       69.597158     0.029090095       0.1122616     -0.86292919       0.2931518               0       9.6854534       1403.5082      -2.7487472       -2.7487472       1413.1936             1403.5082                       9.6854534
              8       703.70477       69.960986     0.028199938      0.11848497     -0.89777207      0.30100695               0       10.099355       1402.8077      -2.7487472       -2.7487472        1412.907             1402.8077                       10.099355
             11       704.15197       68.666243     0.027545615      0.11303217     -0.86385362      0.29951291               0       9.6199779       1404.1814      -2.7487472       -2.7487472       1413.8014             1404.1814                       9.6199779
             13       704.35585       69.282732     0.027669113      0.11113394      -0.9017638      0.29050912               0       11.736808       1402.4724      -2.7487472       -2.7487472       1414.2092             1402.4724                       11.736808
              7       705.57013       70.672598     0.027989032      0.12045832      -0.8878772       0.2985044               0       13.702437       1402.9353      -2.7487472       -2.7487472       1416.6378             1402.9353                       13.702437
              1       706.51184       69.501896     0.027562247      0.11614504     -0.86010788      0.29883246               0       14.186496       1404.3347      -2.7487472       -2.7487472       1418.5212             1404.3347                       14.186496
              1       708.33812       70.110615     0.029300409      0.11762972     -0.83622245      0.30022238               0       15.644539       1406.5292      -2.7487472       -2.7487472       1422.1737             1406.5292                       15.644539
              7       710.48354       68.053023     0.020836514      0.12408869      -1.0463068      0.31432222               0       19.396583        1407.068      -2.7487472       -2.7487472       1426.4646              1407.068                       19.396583
              4        708.0627       68.309489     0.021269622      0.12673767      -1.0208492      0.31857156               0       17.197202       1404.4257      -2.7487472       -2.7487472       1421.6229             1404.4257                       17.197202
              1       709.33761       68.759826     0.021822404      0.12883723      -1.0292523      0.32002228               0       19.447503       1404.7252      -2.7487472       -2.7487472       1424.1727             1404.7252                       19.447503
              6       705.56361       67.838969      0.02260816      0.11738544      -0.9790291      0.30559299               0        12.88077       1403.7439      -2.7487472       -2.7487472       1416.6247             1403.7439                        12.88077
             21       704.82705       64.140149     0.021440973      0.10098452     -0.85102203      0.29915135               0       10.111467       1405.0401      -2.7487472       -2.7487472       1415.1516             1405.0401                       10.111467
              2       703.97519       63.013439      0.01892351      0.10064748     -0.89917821      0.30275599               0       10.566854        1402.881      -2.7487472       -2.7487472       1413.4479              1402.881                       10.566854
              7       706.06513       64.507343     0.020594715      0.10301426      -0.9277142      0.29859942               0       15.061658       1402.5661      -2.7487472       -2.7487472       1417.6277             1402.5661                       15.061658
              4       704.90671       65.545416     0.019920065      0.11039831     -0.97001854      0.30483326               0       11.909425       1403.4015      -2.7487472       -2.7487472       1415.3109             1403.4015                       11.909425
              7       705.57878       67.781626     0.021863951      0.11844944     -0.99228433      0.30680632               0       12.330115       1404.3249      -2.7487472       -2.7487472       1416.6551             1404.3249                       12.330115
             10       704.73692        69.42812      0.02373924      0.12109037     -0.98715947      0.30179624               0       10.239927       1404.7314      -2.7487472       -2.7487472       1414.9713             1404.7314                       10.239927
              1       704.82793       69.501419     0.023762091       0.1236485     -0.98728145      0.30650315               0       11.078467       1404.0749      -2.7487472       -2.7487472       1415.1534             1404.0749                       11.078467
              2       704.60029        69.26078     0.023630218      0.12303739     -0.98079237      0.30708784               0       11.028584       1403.6695      -2.7487472       -2.7487472       1414.6981             1403.6695                       11.028584
              2       705.22588       67.271644     0.021749932      0.11766698      -0.9374903      0.30949475               0       13.384821       1402.5644      -2.7487472       -2.7487472       1415.9493             1402.5644                       13.384821
              3       705.21109       67.420238     0.021483986      0.11877091     -0.95280016      0.30997556               0        13.27772        1402.642      -2.7487472       -2.7487472       1415.9197              1402.642                        13.27772
              6        707.7444       67.057183     0.023747548      0.11526916     -0.86814043      0.31058756               0       15.455746       1405.5305      -2.7487472       -2.7487472       1420.9863             1405.5305                       15.455746
              5       705.13114       67.821618     0.024789797      0.11445419     -0.87846967       0.3041197               0       11.878143       1403.8816      -2.7487472       -2.7487472       1415.7598             1403.8816                       11.878143
              4       704.48939       67.515647     0.025047293      0.11381269     -0.87728095      0.30603997               0       10.285352       1404.1909      -2.7487472       -2.7487472       1414.4763             1404.1909                       10.285352
             11       704.55252       66.803536     0.024155591      0.11127998     -0.87264263        0.304926               0       10.267843       1404.3347      -2.7487472       -2.7487472       1414.6025             1404.3347                       10.267843
              3       704.23358       65.494921     0.021751127      0.10974627     -0.89750347      0.30805203               0        10.59257       1403.3721      -2.7487472       -2.7487472       1413.9647             1403.3721                        10.59257
              5       704.87171       72.611447     0.029253106       0.1270985     -0.92262973      0.29776778               0       12.715072       1402.5258      -2.7487472       -2.7487472       1415.2409             1402.5258                       12.715072
              3       704.72097       72.593613     0.028851559      0.12374415     -0.94728004      0.29078692               0       11.143955       1403.7955      -2.7487472       -2.7487472       1414.9394             1403.7955                       11.143955
              9       704.44975       72.276999     0.028678726      0.12400329     -0.93543299      0.29350535               0       11.397485       1402.9995      -2.7487472       -2.7487472        1414.397             1402.9995                       11.397485
              7       703.92442       72.741641     0.029280757      0.12550448     -0.94421554      0.29374258               0       10.021744       1403.3246      -2.7487472       -2.7487472       1413.3463             1403.3246                       10.021744
              3       704.16165       68.737478     0.024601549      0.11865059     -0.91703185      0.30455263               0       11.222877       1402.5979      -2.7487472       -2.7487472       1413.8208             1402.5979                       11.222877
              4       703.86369       68.832341     0.024652688      0.11884001     -0.92210438      0.30422151               0       10.685451       1402.5394      -2.7487472       -2.7487472       1413.2249             1402.5394                       10.685451
              9       703.22561       69.195045     0.025122277      0.11757543     -0.93380905      0.29938015               0       9.3101886       1402.6385      -2.7487472       -2.7487472       1411.9487             1402.6385                       9.3101886
             10       703.22568       69.196686     0.025101498       0.1174853     -0.93526144       0.2991343               0       9.2733883       1402.6755      -2.7487472       -2.7487472       1411.9489             1402.6755                       9.2733883
             13       703.22607       69.195971     0.025093224      0.11747472      -0.9357528      0.29910112               0       9.2627301       1402.6869      -2.7487472       -2.7487472       1411.9496             1402.6869                       9.2627301
              9       706.23572       68.816121     0.023140876      0.12438363     -0.94809238      0.31287865               0       15.373065       1402.5959      -2.7487472       -2.7487472       1417.9689             1402.5959                       15.373065
              1       703.98796       71.374487     0.027412828      0.12131311     -0.95245506       0.2932092               0       9.6873249       1403.7861      -2.7487472       -2.7487472       1413.4734             1403.7861                       9.6873249
             16       703.78199       70.490216     0.027590138      0.11635928     -0.93198861      0.29099883               0       9.9942031       1403.0673      -2.7487472       -2.7487472       1413.0615             1403.0673                       9.9942031
             16       704.67065       66.498731     0.022792924      0.10491112      -0.9299472      0.29024382               0       11.788483       1403.0503      -2.7487472       -2.7487472       1414.8388             1403.0503                       11.788483
              1       704.62237       64.352652     0.018127029      0.10356368     -0.94457376      0.29540462               0       11.555343       1403.1869      -2.7487472       -2.7487472       1414.7422             1403.1869                       11.555343
              1       705.20867       64.185978     0.018822049      0.10386505     -0.90750475      0.29935929               0       13.364081       1402.5507      -2.7487472       -2.7487472       1415.9148             1402.5507                       13.364081
             11       703.26159       63.793444     0.018492413      0.10082888      -0.9264176      0.29478408               0       9.3490164       1402.6717      -2.7487472       -2.7487472       1412.0207             1402.6717                       9.3490164
             17       703.21302       63.884721     0.018580895      0.10150131     -0.92698809      0.29580671               0       9.2819278       1402.6416      -2.7487472       -2.7487472       1411.9235             1402.6416                       9.2819278
              5        704.8182       64.470174     0.018313018      0.10331237     -0.97305941      0.29417146               0       10.167012       1404.9669      -2.7487472       -2.7487472       1415.1339             1404.9669                       10.167012
             22       703.52763       63.104856     0.017289079        0.100033     -0.93055221      0.29623207               0       9.8552002       1402.6975      -2.7487472       -2.7487472       1412.5527             1402.6975                       9.8552002
             16       703.52599       63.103959     0.017316487      0.10058414     -0.92805486      0.29769338               0       9.9540191       1402.5955      -2.7487472       -2.7487472       1412.5495             1402.5955                       9.9540191
             34       703.92676       62.992055     0.017270665      0.10101735     -0.91903114      0.29972827               0       10.856513       1402.4945      -2.7487472       -2.7487472        1413.351             1402.4945                       10.856513
              3       703.93097        63.05868     0.016633243      0.10238752     -0.94528503      0.30093801               0       10.534878       1402.8246      -2.7487472       -2.7487472       1413.3594             1402.8246                       10.534878
              4       704.06963       64.270423     0.018412777      0.10539155     -0.93230184      0.30127787               0       11.072994       1402.5638      -2.7487472       -2.7487472       1413.6368             1402.5638                       11.072994
             12       703.53473       65.320919     0.019738217      0.10623909     -0.94763489      0.29675818               0       9.3733639       1403.1936      -2.7487472       -2.7487472        1412.567             1403.1936                       9.3733639
              2         703.586       65.362182     0.019596581       0.1074847     -0.95085263      0.29896768               0       9.5339006       1403.1356      -2.7487472       -2.7487472       1412.6695             1403.1356                       9.5339006
              9       703.34523       64.994298     0.019713784      0.10691553     -0.93016277      0.30129179               0       9.6467573       1402.5412      -2.7487472       -2.7487472       1412.1879             1402.5412                       9.6467573
              4       703.18501       65.195962     0.021044699      0.10315225     -0.90510812      0.29370823               0       9.3941395       1402.4734      -2.7487472       -2.7487472       1411.8675             1402.4734                       9.3941395
              1       703.72452       65.337723     0.021418929       0.1007319     -0.90431715      0.28764218               0       10.404991       1402.5415      -2.7487472       -2.7487472       1412.9465             1402.5415                       10.404991
             10       703.92526       66.079652     0.021541891      0.10388982     -0.92484987      0.28873298               0       10.364878       1402.9831      -2.7487472       -2.7487472        1413.348             1402.9831                       10.364878
              3       704.56265       66.997535     0.022672825      0.10577866      -0.9185214      0.28760329               0       11.767489       1402.8553      -2.7487472       -2.7487472       1414.6228             1402.8553                       11.767489
              9       704.86391       69.223209     0.028460677      0.11091183     -0.84911407      0.29219731               0       11.025062       1404.2003      -2.7487472       -2.7487472       1415.2253             1404.2003                       11.025062
              1       704.83606       70.587416     0.025259996      0.12896991     -0.97661609      0.31083082               0       12.003323       1403.1663      -2.7487472       -2.7487472       1415.1696             1403.1663                       12.003323
              2       705.16326       70.040508     0.025341322       0.1171467     -0.94493245      0.29176867               0       12.265599       1403.5584      -2.7487472       -2.7487472        1415.824             1403.5584                       12.265599
             10       703.58734       67.099069     0.022127527      0.11022438     -0.94052963      0.29539675               0       9.6360507       1403.0361      -2.7487472       -2.7487472       1412.6722             1403.0361                       9.6360507
              2       703.84288       67.044691     0.023546828      0.11313588      -0.9125592      0.30551086               0       10.470723       1402.7125      -2.7487472       -2.7487472       1413.1833             1402.7125                       10.470723
              3       704.84305       68.519965     0.027770806       0.1039229     -0.86917118      0.28187061               0        12.61064       1402.5729      -2.7487472       -2.7487472       1415.1836             1402.5729                        12.61064
              6       704.83924       68.522682     0.027778437      0.10392692     -0.86896892      0.28187307               0       12.599715       1402.5763      -2.7487472       -2.7487472        1415.176             1402.5763                       12.599715
              1       704.87417       68.495369     0.027852833      0.10389339     -0.86779558      0.28218501               0       12.639573       1402.6063      -2.7487472       -2.7487472       1415.2458             1402.6063                       12.639573
              7        704.4967       69.499774     0.027857675      0.11001453     -0.90344202      0.28677034               0       11.935538       1402.5553      -2.7487472       -2.7487472       1414.4909             1402.5553                       11.935538
              6        704.6185       69.950547     0.027565976      0.11112941     -0.91931247      0.28476859               0       11.641083       1403.0934      -2.7487472       -2.7487472       1414.7345             1403.0934                       11.641083
              9       703.65183       67.543645     0.025246932      0.10744031     -0.89539694      0.29225595               0       10.299356       1402.5018      -2.7487472       -2.7487472       1412.8011             1402.5018                       10.299356
              5       705.71682       67.783723      0.02298301      0.12204897     -0.93168208      0.31705713               0       13.968874       1402.9623      -2.7487472       -2.7487472       1416.9311             1402.9623                       13.968874
              2       705.32476       67.626826     0.023040548      0.12065763     -0.92751772      0.31561356               0       13.176849       1402.9702      -2.7487472       -2.7487472        1416.147             1402.9702                       13.176849
              8       704.58011         68.1783     0.023750058      0.11963476      -0.9481106      0.30985425               0       12.062095       1402.5956      -2.7487472       -2.7487472       1414.6577             1402.5956                       12.062095
              1       703.86763       67.681229     0.024582148      0.11490379     -0.89648913      0.30591086               0       10.018485       1403.2143      -2.7487472       -2.7487472       1413.2328             1403.2143                       10.018485
              1       705.30553       68.229461     0.025131946      0.11475697     -0.93137116      0.30188017               0       13.564629       1402.5439      -2.7487472       -2.7487472       1416.1086             1402.5439                       13.564629
              3       704.70793       69.729684     0.026666417      0.11779137      -0.9406082      0.29842677               0       12.074908       1402.8385      -2.7487472       -2.7487472       1414.9134             1402.8385                       12.074908
              8       704.58745       70.869692     0.026836081      0.12288699     -0.96703504      0.29938638               0       10.836735       1403.8357      -2.7487472       -2.7487472       1414.6724             1403.8357                       10.836735
              1       704.97662       70.931423     0.026863681       0.1241789     -0.97068056      0.30148812               0       11.668522       1403.7822      -2.7487472       -2.7487472       1415.4507             1403.7822                       11.668522
             15       703.50933       70.654667     0.026941905      0.12432529     -0.94273104      0.30430456               0       9.8821384        1402.634      -2.7487472       -2.7487472       1412.5162              1402.634                       9.8821384
             13       703.60032       69.681937     0.027394449      0.11896232     -0.90477542      0.30274681               0       9.9631596        1402.735      -2.7487472       -2.7487472       1412.6981              1402.735                       9.9631596
             18       703.42835       70.184376     0.027644231      0.11983251     -0.91781957      0.30070136               0       9.8513916       1402.5028      -2.7487472       -2.7487472       1412.3542             1402.5028                       9.8513916
              2       703.79458       68.779385     0.027623998      0.11092011     -0.86380913      0.29422934               0       9.5137969       1403.5729      -2.7487472       -2.7487472       1413.0867             1403.5729                       9.5137969
             17       703.26969       68.307563     0.024660234      0.11187168      -0.9271018      0.29399551               0       9.3125959       1402.7243      -2.7487472       -2.7487472       1412.0369             1402.7243                       9.3125959
              2       703.57928       68.369961     0.024516125       0.1121354     -0.93682828      0.29371502               0       9.6241338       1403.0319      -2.7487472       -2.7487472       1412.6561             1403.0319                       9.6241338
              5       703.50302       68.712309     0.024743581      0.11348999     -0.93940369      0.29414633               0       9.4109879       1403.0925      -2.7487472       -2.7487472       1412.5035             1403.0925                       9.4109879
              1       704.14347       67.275921      0.02341771      0.11131506     -0.89882461       0.2991061               0       11.103476       1402.6809      -2.7487472       -2.7487472       1413.7844             1402.6809                       11.103476
              3       704.10348       67.515086      0.02418378      0.10950258     -0.89036182      0.29469513               0       11.051436        1402.653      -2.7487472       -2.7487472       1413.7045              1402.653                       11.051436
             13        704.3962       67.747815     0.023887421      0.10923758     -0.90603019      0.29145087               0       11.805881        1402.484      -2.7487472       -2.7487472       1414.2899              1402.484                       11.805881
             19       704.91435       67.616872     0.023926969      0.10797432     -0.89840384      0.28990426               0       12.858442       1402.4678      -2.7487472       -2.7487472       1415.3262             1402.4678                       12.858442
              8       704.18829        67.90411     0.024340932      0.10850017     -0.90454968      0.28949504               0         11.3725       1402.5016      -2.7487472       -2.7487472       1413.8741             1402.5016                         11.3725
              1       704.23284       68.117831     0.024254047      0.10870905     -0.91904075      0.28794421               0       11.113794       1402.8494      -2.7487472       -2.7487472       1413.9632             1402.8494                       11.113794
              9       704.22754       65.319273     0.020144355      0.11092816     -0.92327641      0.30871518               0       11.282565         1402.67      -2.7487472       -2.7487472       1413.9526               1402.67                       11.282565
              4       706.27161       67.158063     0.020251107       0.1213459     -0.99807498      0.31537619               0       14.409624       1403.6311      -2.7487472       -2.7487472       1418.0407             1403.6311                       14.409624
              3       704.78031       68.045614      0.02179355      0.11988264     -0.97921926      0.30737366               0       11.492168       1403.5659      -2.7487472       -2.7487472       1415.0581             1403.5659                       11.492168
              2       706.08347       69.336755     0.022696713       0.1215725     -0.98949074      0.30142645               0       12.710813       1404.9536      -2.7487472       -2.7487472       1417.6644             1404.9536                       12.710813
              2       706.22587       70.755516     0.027541607      0.11296067     -0.94637688      0.28193515               0       12.904399       1405.0448      -2.7487472       -2.7487472       1417.9492             1405.0448                       12.904399
              4       706.14262       70.765006     0.027323495      0.11387541     -0.95236829      0.28325067               0       12.494788       1405.2879      -2.7487472       -2.7487472       1417.7827             1405.2879                       12.494788
             12       704.90614       67.202393     0.021468242      0.11583096     -0.94444318      0.30544376               0       12.680551       1402.6292      -2.7487472       -2.7487472       1415.3098             1402.6292                       12.680551
              4       705.44795       66.986502     0.021553484      0.11535318     -0.92920491      0.30654096               0       13.848097       1402.5453      -2.7487472       -2.7487472       1416.3934             1402.5453                       13.848097
             17       705.26562       68.507448     0.023164086      0.12060698     -0.98099352      0.30770696               0       12.414257       1403.6145      -2.7487472       -2.7487472       1416.0287             1403.6145                       12.414257
             14       704.80751       67.265038     0.025778662      0.11053061     -0.85938452       0.3026872               0       10.174357       1404.9382      -2.7487472       -2.7487472       1415.1125             1404.9382                       10.174357
              1       706.10219       67.278591      0.02615569      0.11011175     -0.86981408      0.30247284               0       13.512772       1404.1891      -2.7487472       -2.7487472       1417.7019             1404.1891                       13.512772
             13       705.13053       71.534379      0.02892551      0.12594584     -0.94270086      0.30390933               0       13.113433       1402.6451      -2.7487472       -2.7487472       1415.7585             1402.6451                       13.113433
              3       704.78112       71.428393     0.028495259      0.12625451     -0.94609252      0.30457358               0       12.376608       1402.6831      -2.7487472       -2.7487472       1415.0597             1402.6831                       12.376608
             19       703.92159       72.152137     0.028398631      0.13045249     -0.95557653      0.30637221               0       10.528405       1402.8123      -2.7487472       -2.7487472       1413.3407             1402.8123                       10.528405
             10       703.96432       72.171636     0.028434389       0.1306584     -0.95560035      0.30667066               0       10.627107        1402.799      -2.7487472       -2.7487472       1413.4261              1402.799                       10.627107
             20        704.0035       72.850796     0.029757608      0.12423697     -0.93848319      0.29137322               0       10.206415       1403.2981      -2.7487472       -2.7487472       1413.5045             1403.2981                       10.206415
              6       705.27947       73.361451     0.029567423      0.12991777     -0.93737698      0.29753295               0       13.255293       1402.8011      -2.7487472       -2.7487472       1416.0564             1402.8011                       13.255293
             32       705.16398       73.333209     0.029552371       0.1298783     -0.93754457      0.29766077               0       13.026839       1402.7986      -2.7487472       -2.7487472       1415.8255             1402.7986                       13.026839
             28       705.28077       73.219769     0.029461333      0.12995491     -0.93428206      0.29855692               0       13.379774       1402.6793      -2.7487472       -2.7487472        1416.059             1402.6793                       13.379774
              2       705.42987       73.639862     0.029933232      0.12917534     -0.93976763       0.2945929               0       13.285239        1403.072      -2.7487472       -2.7487472       1416.3572              1403.072                       13.285239
             13       706.35597       72.985743     0.028616008      0.13306368     -0.93846942      0.30472368               0       15.639137       1402.5703      -2.7487472       -2.7487472       1418.2094             1402.5703                       15.639137
             14       705.62803        74.28163     0.029939811      0.13187743     -0.96450676      0.29443354               0        12.41319       1404.3404      -2.7487472       -2.7487472       1416.7536             1404.3404                        12.41319
              3       704.93781       73.940772     0.029642225      0.13070733     -0.97207328      0.29446989               0       10.522353       1404.8508      -2.7487472       -2.7487472       1415.3731             1404.8508                       10.522353
             27       705.59618       74.184144     0.029669403      0.13106016     -0.98781282      0.29323147               0       10.309289       1406.3806      -2.7487472       -2.7487472       1416.6898             1406.3806                       10.309289
             11       704.12243       73.913474     0.029784673      0.13612436     -0.97020745      0.30486368               0       10.332969       1403.4094      -2.7487472       -2.7487472       1413.7424             1403.4094                       10.332969
             11       703.78068       71.286231     0.027636439       0.1238062     -0.95405162      0.29928168               0       9.8230666       1403.2358      -2.7487472       -2.7487472       1413.0589             1403.2358                       9.8230666
              5       703.55874       70.874328     0.026832292      0.12488928      -0.9515122      0.30332578               0       9.7513543       1402.8636      -2.7487472       -2.7487472        1412.615             1402.8636                       9.7513543
              2       704.17908       70.577037     0.026680688      0.12677295     -0.93024744      0.30936383               0       11.251173       1402.6045      -2.7487472       -2.7487472       1413.8557             1402.6045                       11.251173
              4       704.85311       71.248763     0.027825923      0.12641903     -0.95575211      0.30511684               0       12.322865       1402.8809      -2.7487472       -2.7487472       1415.2037             1402.8809                       12.322865
              3       706.87007       70.992058     0.026877117      0.13038689     -0.97306263      0.31331774               0       16.325213       1402.9124      -2.7487472       -2.7487472       1419.2376             1402.9124                       16.325213
              3       704.06191       71.332094     0.028394201      0.12844557      -0.9236282      0.30950397               0       10.923151       1402.6982      -2.7487472       -2.7487472       1413.6213             1402.6982                       10.923151
              8       704.63262        70.88749     0.028711046      0.12662443     -0.89886599      0.31040495               0       11.214815       1403.5479      -2.7487472       -2.7487472       1414.7627             1403.5479                       11.214815
             43       704.18865       72.669891     0.029706056      0.12859189     -0.95317816      0.30097463               0       10.807068       1403.0677      -2.7487472       -2.7487472       1413.8748             1403.0677                       10.807068
             18       704.72151       73.241706      0.02996859      0.13178779     -0.96604354      0.30274048               0       11.512625       1403.4279      -2.7487472       -2.7487472       1414.9405             1403.4279                       11.512625
             10       703.66875       72.912169     0.029302495      0.13014536     -0.95801852      0.30114077               0       9.5993505       1403.2357      -2.7487472       -2.7487472        1412.835             1403.2357                       9.5993505
              4       703.69019       67.125637     0.023626747      0.11284218     -0.91401211      0.30430004               0       10.245941       1402.6319      -2.7487472       -2.7487472       1412.8779             1402.6319                       10.245941
              2       704.25484       67.420868     0.023166163      0.11445743     -0.94421727      0.30418105               0       11.345136        1402.662      -2.7487472       -2.7487472       1414.0072              1402.662                       11.345136
              3       704.15355       67.728418     0.023522393      0.11746007     -0.93562535      0.30874716               0       11.246401       1402.5582      -2.7487472       -2.7487472       1413.8046             1402.5582                       11.246401
              3       704.74063        68.15101     0.023158344      0.11978473      -0.9644471      0.30915135               0       12.080567       1402.8982      -2.7487472       -2.7487472       1414.9788             1402.8982                       12.080567
              3       706.05655       65.926129     0.023167861      0.10675925     -0.85422178      0.30042246               0       12.624644       1404.9859      -2.7487472       -2.7487472       1417.6106             1404.9859                       12.624644
              4       706.63052       65.919225     0.023243902       0.1068187       -0.849719       0.3007972               0       13.352536        1405.406      -2.7487472       -2.7487472       1418.7585              1405.406                       13.352536
              2       704.26829       68.362094     0.024863123      0.11092288     -0.90228856      0.29193059               0       11.564251       1402.4698      -2.7487472       -2.7487472       1414.0341             1402.4698                       11.564251
              6       703.57518       68.407767     0.024761937      0.11044921     -0.92223293      0.29031248               0       9.8509745       1402.7969      -2.7487472       -2.7487472       1412.6479             1402.7969                       9.8509745
             15       703.76014       68.154229     0.024507614      0.11127945     -0.90723842      0.29371632               0       10.543302       1402.4745      -2.7487472       -2.7487472       1413.0178             1402.4745                       10.543302
              5       704.29723       67.990423     0.024386362      0.11225566     -0.89754564      0.29698277               0       11.479185       1402.6128      -2.7487472       -2.7487472        1414.092             1402.6128                       11.479185
             13       703.12667       67.216462     0.023229444      0.11223684     -0.91780929      0.30125903               0       9.2405079       1402.5103      -2.7487472       -2.7487472       1411.7508             1402.5103                       9.2405079
              9       703.27762       66.913229     0.023021175      0.11198751     -0.91189121      0.30297364               0       9.4400289       1402.6127      -2.7487472       -2.7487472       1412.0527             1402.6127                       9.4400289
              4       703.53579       66.602356     0.022755925      0.11062434      -0.9011065      0.30213755               0       9.7798314       1402.7892      -2.7487472       -2.7487472       1412.5691             1402.7892                       9.7798314
             18       703.27435       66.486009     0.022363631      0.11063592     -0.91192183      0.30233464               0       9.4569633       1402.5892      -2.7487472       -2.7487472       1412.0462             1402.5892                       9.4569633
             38       703.34963       66.085657     0.020814286      0.10983511     -0.94374777      0.30062764               0       9.3953027       1402.8015      -2.7487472       -2.7487472       1412.1968             1402.8015                       9.3953027
              1       703.18364       64.275142     0.019168111      0.10397034     -0.92126568      0.29962185               0       9.3657809        1402.499      -2.7487472       -2.7487472       1411.8648              1402.499                       9.3657809
              5       707.53523       65.434235     0.019484767      0.10038051     -0.97014249      0.28145626               0       13.225407       1407.3426      -2.7487472       -2.7487472        1420.568             1407.3426                       13.225407
              2       705.56942       64.920472     0.018267828      0.10463673     -0.98762982      0.29313982               0       10.259942       1406.3764      -2.7487472       -2.7487472       1416.6363             1406.3764                       10.259942
              1       704.57696       64.919828     0.018652083      0.10455978     -0.95664171      0.29387477               0       10.717012       1403.9344      -2.7487472       -2.7487472       1414.6514             1403.9344                       10.717012
             16       705.13132       64.928942     0.018278213       0.1065918     -0.95940434       0.2977255               0       12.132783       1403.6274      -2.7487472       -2.7487472       1415.7601             1403.6274                       12.132783
              1       704.02419       70.679027     0.029270855      0.11518335     -0.90599206      0.29045666               0       11.048296       1402.4976      -2.7487472       -2.7487472       1413.5459             1402.4976                       11.048296
              9       706.04153       69.363699     0.029018807      0.11403471     -0.83581148      0.29866559               0       11.301006       1406.2795      -2.7487472       -2.7487472       1417.5806             1406.2795                       11.301006
             14       705.04598        70.89927     0.028990802      0.12690864     -0.89382793      0.31142375               0       11.673621       1403.9158      -2.7487472       -2.7487472       1415.5895             1403.9158                       11.673621
              7       705.54593       71.235408     0.028539959       0.1303194     -0.90299969      0.31432461               0       12.804346        1403.785      -2.7487472       -2.7487472       1416.5894              1403.785                       12.804346
             19       704.92893       71.403045     0.028604967      0.13055786     -0.91561593      0.31344565               0        12.19157       1403.1638      -2.7487472       -2.7487472       1415.3554             1403.1638                        12.19157
              3       704.21795       73.065846     0.028883383      0.13520291     -0.96187101      0.30856381               0        11.07127       1402.8621      -2.7487472       -2.7487472       1413.9334             1402.8621                        11.07127
              1       706.41113       72.320872     0.028754525      0.13373898     -0.91515691      0.31190825               0       15.266313       1403.0534      -2.7487472       -2.7487472       1418.3198             1403.0534                       15.266313
             35        709.0228       69.448948     0.029876236      0.10724547     -0.88091394       0.2856342               0       21.033037       1402.5101      -2.7487472       -2.7487472       1423.5431             1402.5101                       21.033037
              6       707.35435       68.697287     0.029179197       0.1064343     -0.86345834      0.28872318               0       17.112534       1403.0937      -2.7487472       -2.7487472       1420.2062             1403.0937                       17.112534
             43       705.83944       68.328002     0.029196835       0.1050187     -0.83636115      0.28885817               0        12.52375       1404.6526      -2.7487472       -2.7487472       1417.1764             1404.6526                        12.52375
              6       706.24467         68.0792     0.028044585      0.11054764      -0.8280654       0.3004165               0       10.568321       1407.4185      -2.7487472       -2.7487472       1417.9868             1407.4185                       10.568321
              5       705.39762       70.285299     0.029624572      0.12049375     -0.85547476      0.30518572               0       10.636426       1405.6563      -2.7487472       -2.7487472       1416.2927             1405.6563                       10.636426
              3       704.43442       70.409592     0.029514029      0.12045077     -0.86976541      0.30379952               0       9.9996856       1404.3666      -2.7487472       -2.7487472       1414.3663             1404.3666                       9.9996856
              2       705.05318       70.686143     0.029901734      0.12169254     -0.86090987      0.30468823               0       10.473038       1405.1308      -2.7487472       -2.7487472       1415.6039             1405.1308                       10.473038
             20       705.01539        70.59751     0.029882792      0.12125181     -0.86024891      0.30453146               0       10.370804       1405.1575      -2.7487472       -2.7487472       1415.5283             1405.1575                       10.370804
             22       704.47461       70.486449     0.029519923      0.11977121     -0.88864835      0.30178144               0       11.285621       1403.1611      -2.7487472       -2.7487472       1414.4467             1403.1611                       11.285621
              4       704.30573       70.598433     0.027801535      0.12563739      -0.9219334      0.30914681               0       11.397686       1402.7113      -2.7487472       -2.7487472       1414.1089             1402.7113                       11.397686
              2       705.27254       71.333623     0.028232692      0.12651855     -0.95192844       0.3053863               0       13.270917       1402.7717      -2.7487472       -2.7487472       1416.0426             1402.7717                       13.270917
              7       704.96378       71.241355     0.028115442      0.12740613     -0.94650098      0.30769562               0        12.81695       1402.6081      -2.7487472       -2.7487472       1415.4251             1402.6081                        12.81695
              1       704.75108       68.627098     0.027587043      0.11295109     -0.87606669      0.29977049               0       11.474056       1403.5256      -2.7487472       -2.7487472       1414.9997             1403.5256                       11.474056
              9       705.60299       68.076332      0.02745706      0.11221216     -0.84432207      0.30276573               0       10.478033       1406.2254      -2.7487472       -2.7487472       1416.7035             1406.2254                       10.478033
             11       705.95154       68.007356     0.027601107      0.11161542     -0.83741368      0.30240141               0       10.568803       1406.8318      -2.7487472       -2.7487472       1417.4006             1406.8318                       10.568803
              1       704.70821       68.252576     0.027393617      0.11118628     -0.86585464      0.29886574               0       10.935528       1403.9784      -2.7487472       -2.7487472       1414.9139             1403.9784                       10.935528
              6       705.34399       68.705939     0.027941264      0.11092475     -0.87986509      0.29554068               0       13.191884       1402.9936      -2.7487472       -2.7487472       1416.1855             1402.9936                       13.191884
              1       704.70438       69.927008     0.029866208       0.1120369     -0.87169494      0.29152039               0       11.914973       1402.9913      -2.7487472       -2.7487472       1414.9062             1402.9913                       11.914973
              6        704.1026       70.082997     0.029868658      0.11497853     -0.85927471      0.29621822               0       9.6491796       1404.0535      -2.7487472       -2.7487472       1413.7027             1404.0535                       9.6491796
              6        704.2646       69.908603     0.029741186      0.11295123     -0.86778768      0.29328896               0       10.736113       1403.2906      -2.7487472       -2.7487472       1414.0267             1403.2906                       10.736113
             32       704.35531       70.079183     0.029709923      0.11622847     -0.85576442      0.29847239               0       9.6252027       1404.5829      -2.7487472       -2.7487472       1414.2081             1404.5829                       9.6252027
              6       703.50028       71.656746      0.02971607      0.11825102     -0.91022268      0.28942593               0       9.9233122       1402.5747      -2.7487472       -2.7487472       1412.4981             1402.5747                       9.9233122
              2       703.12038       70.792491     0.029078779      0.11794764     -0.89986067      0.29465886               0       9.2273679       1402.5109      -2.7487472       -2.7487472       1411.7383             1402.5109                       9.2273679
              1       703.10692       70.703344     0.028993876      0.11795591     -0.89748506      0.29524908               0        9.158489       1402.5529      -2.7487472       -2.7487472       1411.7113             1402.5529                        9.158489
             56       703.60537       70.727135     0.029274913      0.11909896     -0.87994149      0.29789734               0       9.5321946        1403.176      -2.7487472       -2.7487472       1412.7082              1403.176                       9.5321946
             12       703.44334       70.686303     0.027011507      0.12304179     -0.92889545      0.30160278               0       9.8570792       1402.5271      -2.7487472       -2.7487472       1412.3842             1402.5271                       9.8570792
              1        703.6651       71.379431     0.027277714      0.12550405      -0.9582494      0.30112896               0       9.5822202       1403.2455      -2.7487472       -2.7487472       1412.8277             1403.2455                       9.5822202
             17       703.70181       71.128242     0.027323893      0.12593354     -0.93276382      0.30419977               0       10.369154        1402.532      -2.7487472       -2.7487472       1412.9011              1402.532                       10.369154
              1       704.02273       71.304868     0.027289061      0.12740136     -0.93598345      0.30551302               0       10.999978        1402.543      -2.7487472       -2.7487472       1413.5429              1402.543                       10.999978
             48       703.78127       71.922753     0.028112601      0.12833582     -0.93811689      0.30368477               0       10.475138       1402.5849      -2.7487472       -2.7487472         1413.06             1402.5849                       10.475138
             23       703.77249       71.934446      0.02806206      0.12846651     -0.94033888      0.30374094               0        10.42926       1402.6132      -2.7487472       -2.7487472       1413.0425             1402.6132                        10.42926
              7       703.87091       72.877465     0.028971067      0.12828511     -0.95957024      0.29730107               0       9.5531533       1403.6862      -2.7487472       -2.7487472       1413.2393             1403.6862                       9.5531533
              8       703.93677       72.991009     0.029005854      0.12896511     -0.96246312      0.29771848               0       9.5816576       1403.7894      -2.7487472       -2.7487472        1413.371             1403.7894                       9.5816576
              2       703.54342       72.422868     0.028781507      0.12703338     -0.94600799       0.2982972               0        9.569634       1403.0147      -2.7487472       -2.7487472       1412.5843             1403.0147                        9.569634
              4       703.55305       71.692524     0.027818296       0.1277503     -0.94450121      0.30392658               0       9.9275149       1402.6761      -2.7487472       -2.7487472       1412.6036             1402.6761                       9.9275149
             48       703.72924       72.788608      0.02995455      0.13114447     -0.92144886      0.30528052               0       10.385698       1402.5703      -2.7487472       -2.7487472        1412.956             1402.5703                       10.385698
             21       703.67509       72.991356     0.029558209      0.13083284     -0.95576215      0.30225807               0       9.7838238       1403.0638      -2.7487472       -2.7487472       1412.8477             1403.0638                       9.7838238
             26       703.34721       72.443209     0.029161672      0.12919575     -0.93900661      0.30297446               0         9.57819       1402.6137      -2.7487472       -2.7487472       1412.1919             1402.6137                         9.57819
              4       703.26389       71.715527     0.028818657      0.12251056     -0.93392386      0.29548882               0       9.2034657       1402.8218      -2.7487472       -2.7487472       1412.0253             1402.8218                       9.2034657
             21       703.13755       71.122584      0.02801497      0.12243805     -0.93200897      0.29870414               0       9.1426528       1402.6299      -2.7487472       -2.7487472       1411.7726             1402.6299                       9.1426528
             13       703.42285        71.34791     0.028049745      0.12490851     -0.92454616      0.30174179               0       9.8368192       1402.5064      -2.7487472       -2.7487472       1412.3432             1402.5064                       9.8368192
             34       703.25472       71.606472     0.028174584      0.12546149      -0.9364492      0.30088856               0       9.3724629       1402.6345      -2.7487472       -2.7487472       1412.0069             1402.6345                       9.3724629
             13       703.25715       71.464288     0.027964019      0.12508793      -0.9381876      0.30094329               0       9.3477932        1402.664      -2.7487472       -2.7487472       1412.0118              1402.664                       9.3477932
             38       703.24848       71.438102     0.028057026      0.12493571      -0.9324411      0.30104792               0       9.4237282       1402.5707      -2.7487472       -2.7487472       1411.9944             1402.5707                       9.4237282
              1       705.45715       70.798919     0.029032578      0.11856423     -0.87190117       0.2957433               0       13.083194       1403.3286      -2.7487472       -2.7487472       1416.4118             1403.3286                       13.083194
              4       706.19358       72.773754      0.02947799      0.12214924     -0.92771912      0.28752042               0       14.690778       1403.1939      -2.7487472       -2.7487472       1417.8847             1403.1939                       14.690778
              1       705.94698       73.159284     0.029303984      0.12339974     -0.95756152      0.28650936               0       12.274136       1405.1173      -2.7487472       -2.7487472       1417.3915             1405.1173                       12.274136
             29       707.04314       73.279029     0.028046852      0.12702537     -0.99916063      0.28998453               0        11.24714       1408.3366      -2.7487472       -2.7487472       1419.5838             1408.3366                        11.24714
             19       706.57758       72.804332     0.027957442       0.1258612     -0.96472516      0.29141332               0        13.83185       1404.8208      -2.7487472       -2.7487472       1418.6526             1404.8208                        13.83185
             21       706.82275       72.988179     0.027650778      0.12654579     -0.99213788      0.29065653               0       11.743619       1407.3994      -2.7487472       -2.7487472        1419.143             1407.3994                       11.743619
              1       705.39255       72.420306     0.027073764       0.1291571     -0.99758427      0.29911144               0       10.264559        1406.018      -2.7487472       -2.7487472       1416.2826              1406.018                       10.264559
              2       704.20522       70.566374     0.029945646      0.11094849      -0.8780481      0.28423548               0        11.39528       1402.5127      -2.7487472       -2.7487472       1413.9079             1402.5127                        11.39528
              9       704.22027       70.487024     0.029998472      0.11084157      -0.8701406      0.28476692               0       11.282885       1402.6551      -2.7487472       -2.7487472        1413.938             1402.6551                       11.282885
              8       704.00654       68.919456     0.027705603       0.1099461     -0.88461046      0.29115579               0       10.892357       1402.6182      -2.7487472       -2.7487472       1413.5106             1402.6182                       10.892357
             13       703.44334       68.132122     0.025895317       0.1079808      -0.8924075      0.28979031               0       9.9004765       1402.4837      -2.7487472       -2.7487472       1412.3842             1402.4837                       9.9004765
             19       703.22778       67.278397     0.024664251      0.10815066     -0.88653464      0.29484702               0       9.2047036       1402.7484      -2.7487472       -2.7487472       1411.9531             1402.7484                       9.2047036
              1       704.42273       65.705338     0.019654256      0.10834466      -0.9501855      0.29797856               0       11.151701       1403.1912      -2.7487472       -2.7487472       1414.3429             1403.1912                       11.151701
             27       707.13031       68.159743     0.020660484      0.12177047      -1.0027999      0.30796981               0       14.932449       1404.8257      -2.7487472       -2.7487472       1419.7581             1404.8257                       14.932449
              9       707.48734       67.499303     0.020212608      0.12006867     -0.98299831      0.30930771               0       16.925801       1403.5464      -2.7487472       -2.7487472       1420.4722             1403.5464                       16.925801
              8       707.32531       67.712904     0.020192106      0.12048236     -0.99680708      0.30821691               0       15.743823       1404.4043      -2.7487472       -2.7487472       1420.1481             1404.4043                       15.743823
             26       707.28754       67.734211     0.020131074      0.12038251      -1.0017076      0.30767236               0       15.274268       1404.7983      -2.7487472       -2.7487472       1420.0726             1404.7983                       15.274268
             29       706.87295       64.635033     0.016834239      0.11410119      -1.0131175      0.31495788               0       14.787505       1404.4559      -2.7487472       -2.7487472       1419.2434             1404.4559                       14.787505
             15       707.27947       67.886924     0.022327714      0.12560078     -0.96678023      0.32237885               0       17.333776       1402.7227      -2.7487472       -2.7487472       1420.0564             1402.7227                       17.333776
              3       706.85817       67.524619     0.021882606      0.12412725     -0.95900564      0.32163967               0       16.471102       1402.7427      -2.7487472       -2.7487472       1419.2138             1402.7427                       16.471102
             12       703.97756       67.324584     0.025171254      0.11038938     -0.88506112      0.30050033               0       10.258572        1403.194      -2.7487472       -2.7487472       1413.4526              1403.194                       10.258572
              6       703.97797       67.368964     0.025189585      0.11063484     -0.88617025      0.30068576               0       10.287522       1403.1659      -2.7487472       -2.7487472       1413.4534             1403.1659                       10.287522
              7       704.16272       67.297908     0.025297816      0.11091029     -0.87493292      0.30216822               0       9.9738535       1403.8491      -2.7487472       -2.7487472       1413.8229             1403.8491                       9.9738535
              3       704.93294        70.17802      0.02536411      0.12281212     -0.98009447      0.30217612               0        11.13983       1404.2236      -2.7487472       -2.7487472       1415.3634             1404.2236                        11.13983
              2       705.32595       71.284824     0.027355475       0.1297252      -0.9638804      0.31038868               0        13.32365       1402.8257      -2.7487472       -2.7487472       1416.1494             1402.8257                        13.32365
             15       703.51474       70.070298     0.028421579      0.11543496     -0.88095373      0.29430792               0       9.6542421       1402.8727      -2.7487472       -2.7487472        1412.527             1402.8727                       9.6542421
              4       703.41222       70.704064     0.028496511      0.11642014     -0.91484071      0.29117604               0       9.7303287       1402.5916      -2.7487472       -2.7487472       1412.3219             1402.5916                       9.7303287
              4       703.10411       71.016312     0.028806299      0.11866105     -0.91037661      0.29367874               0       9.2194779       1402.4862      -2.7487472       -2.7487472       1411.7057             1402.4862                       9.2194779
              6       703.21431       71.203066     0.028731432      0.11967911     -0.91166652      0.29400059               0       9.4355213       1402.4906      -2.7487472       -2.7487472       1411.9261             1402.4906                       9.4355213
              5       703.26476       72.178048     0.029688393      0.12378065     -0.91640517      0.29582136               0       9.5254085       1402.5016      -2.7487472       -2.7487472        1412.027             1402.5016                       9.5254085
              6       703.30802       70.865701     0.028713882      0.11935659     -0.91600971      0.29612936               0       9.6179829       1402.4956      -2.7487472       -2.7487472       1412.1135             1402.4956                       9.6179829
              3       703.82333       69.655781     0.029028844      0.11352505     -0.86587229      0.29513636               0       9.5843144       1403.5598      -2.7487472       -2.7487472       1413.1441             1403.5598                       9.5843144
             12         704.595       69.704159     0.028446847      0.11707392     -0.89174492      0.30083317               0       11.712074       1402.9754      -2.7487472       -2.7487472       1414.6875             1402.9754                       11.712074
              2       705.11679       68.322605     0.025278052      0.11821393     -0.91958743      0.30877632               0       12.993351       1402.7377      -2.7487472       -2.7487472       1415.7311             1402.7377                       12.993351
              6       705.65519       68.026168     0.024696136      0.11099777     -0.94040954      0.29462191               0       13.715861        1403.092      -2.7487472       -2.7487472       1416.8079              1403.092                       13.715861
              2       704.17368       67.894542     0.024803476      0.11143774     -0.92345413      0.29695268               0       11.294018       1402.5508      -2.7487472       -2.7487472       1413.8449             1402.5508                       11.294018
              6       704.52326       68.532729     0.026925122      0.10862721     -0.89607428      0.28998116               0       12.074218       1402.4698      -2.7487472       -2.7487472        1414.544             1402.4698                       12.074218
              1       704.46818       68.563773     0.026984015      0.10866262     -0.89519263      0.28991924               0       11.962019       1402.4718      -2.7487472       -2.7487472       1414.4338             1402.4718                       11.962019
             22       703.25813       68.723289     0.026761083      0.11219087     -0.88706882      0.29557343               0       9.2393838       1402.7744      -2.7487472       -2.7487472       1412.0138             1402.7744                       9.2393838
             38       703.54772       68.098965     0.023912614      0.11436724     -0.94288215      0.29956855               0       9.7567458       1402.8362      -2.7487472       -2.7487472       1412.5929             1402.8362                       9.7567458
             13       704.25092       67.343166      0.02403803      0.11451545       -0.892273      0.30693381               0       10.508007       1403.4913      -2.7487472       -2.7487472       1413.9993             1403.4913                       10.508007
             10       703.22591       66.901363     0.023351771       0.1071563     -0.91413099      0.29302567               0       9.4209047       1402.5284      -2.7487472       -2.7487472       1411.9493             1402.5284                       9.4209047
              3       704.10175       69.142166     0.028222871      0.11156667     -0.85782887      0.29375503               0        9.851953        1403.849      -2.7487472       -2.7487472        1413.701              1403.849                        9.851953
              2       704.90074       69.230426     0.028155888      0.10885658     -0.89201697       0.2872123               0       12.831789       1402.4672      -2.7487472       -2.7487472        1415.299             1402.4672                       12.831789
              1       705.47244        69.44056     0.028603764      0.10836844     -0.89186597      0.28539316               0         13.9675       1402.4749      -2.7487472       -2.7487472       1416.4424             1402.4749                         13.9675
              6       705.46177       69.440535     0.028589672      0.10817473     -0.89185768      0.28496243               0       13.941759       1402.4793      -2.7487472       -2.7487472        1416.421             1402.4793                       13.941759
             12       704.09102       69.185187     0.028094388      0.11218223     -0.86026942       0.2944074               0       9.8964903        1403.783      -2.7487472       -2.7487472       1413.6795              1403.783                       9.8964903
              9        704.3361       71.575624     0.029128316      0.12382185     -0.89674234      0.29980911               0       11.405506       1402.7642      -2.7487472       -2.7487472       1414.1697             1402.7642                       11.405506
             16       704.03285       71.769192     0.027098305      0.12765972     -0.96719184      0.30170391               0       9.9789859       1403.5842      -2.7487472       -2.7487472       1413.5632             1403.5842                       9.9789859
             11       704.54594        71.91986     0.026992899      0.12758268     -0.98211836      0.30008841               0       9.9334759       1404.6559      -2.7487472       -2.7487472       1414.5894             1404.6559                       9.9334759
             67       706.19315         73.9013     0.029630206      0.12949881     -0.95658158       0.2925497               0       13.775351       1404.1085      -2.7487472       -2.7487472       1417.8838             1404.1085                       13.775351
             15       706.54438        75.16589     0.029492161      0.13981097      -1.0141875      0.30079636               0       11.410536       1407.1757      -2.7487472       -2.7487472       1418.5863             1407.1757                       11.410536
              8       704.43956       71.632457     0.027791676      0.12887218     -0.96141425      0.30657102               0       11.417968       1402.9586      -2.7487472       -2.7487472       1414.3766             1402.9586                       11.417968
              2       704.18693         71.4145     0.027468777      0.12960735     -0.95289851      0.30925355               0       11.212486       1402.6589      -2.7487472       -2.7487472       1413.8714             1402.6589                       11.212486
              1       704.32015       71.843264      0.02782022      0.13156679      -0.9565038      0.31005047               0       11.444156       1402.6936      -2.7487472       -2.7487472       1414.1378             1402.6936                       11.444156
             21       704.48763        71.61204     0.027633721      0.13168803     -0.94271707      0.31192867               0       11.884531       1402.5882      -2.7487472       -2.7487472       1414.4728             1402.5882                       11.884531
             46       703.23298        72.13489     0.029336039      0.12765676     -0.92707045       0.3029474               0       9.4501438       1402.5133      -2.7487472       -2.7487472       1411.9635             1402.5133                       9.4501438
             23       703.20202       71.844032     0.029276612      0.12544705     -0.92630909      0.30100909               0       9.3860672       1402.5155      -2.7487472       -2.7487472       1411.9015             1402.5155                       9.3860672
              9       704.08316       71.388188     0.028825672      0.12762628     -0.90717883      0.30825679               0        10.63773       1403.0261      -2.7487472       -2.7487472       1413.6638             1403.0261                        10.63773
              1       704.61171       70.665005     0.027466123      0.12485874     -0.94300668      0.30633359               0       12.128762       1402.5922      -2.7487472       -2.7487472       1414.7209             1402.5922                       12.128762
              5       704.44708       70.626914     0.027417652      0.12456395     -0.94197304      0.30597597               0       11.804811       1402.5868      -2.7487472       -2.7487472       1414.3917             1402.5868                       11.804811
              1       704.99554       70.865444     0.027247372      0.12913685     -0.94479727      0.31268645               0       12.893203       1402.5954      -2.7487472       -2.7487472       1415.4886             1402.5954                       12.893203
              2       704.99574       70.279667     0.026244856      0.12854085     -0.93888957      0.31468426               0       12.794507       1402.6945      -2.7487472       -2.7487472        1415.489             1402.6945                       12.794507
              3        704.9867       70.274872     0.026232793      0.12850876     -0.93930673       0.3146378               0        12.78345       1402.6874      -2.7487472       -2.7487472       1415.4709             1402.6874                        12.78345
              1       704.88721       70.383918     0.025963462      0.12891137     -0.95159055      0.31393265               0       12.662934        1402.609      -2.7487472       -2.7487472       1415.2719              1402.609                       12.662934
              3       704.86048       70.365152     0.025956394      0.12877995     -0.95114826      0.31382041               0       12.611081       1402.6074      -2.7487472       -2.7487472       1415.2184             1402.6074                       12.611081
              5       704.29347       72.033256     0.027821303      0.12978758     -0.97020148      0.30499022               0       10.687508       1403.3969      -2.7487472       -2.7487472       1414.0844             1403.3969                       10.687508
              8       703.11777       68.496321     0.025719745      0.11302266     -0.90647158      0.29708885               0       9.2271276       1402.5059      -2.7487472       -2.7487472        1411.733             1402.5059                       9.2271276
              2       703.14669       68.299997     0.025167397      0.11269762     -0.91511074       0.2969184               0       9.3043774       1402.4865      -2.7487472       -2.7487472       1411.7909             1402.4865                       9.3043774
              1       703.15068       68.288123     0.025187746      0.11241288     -0.91444822      0.29645469               0       9.3129143       1402.4859      -2.7487472       -2.7487472       1411.7988             1402.4859                       9.3129143
              1        703.1938       67.893376     0.025346637       0.1096579      -0.8967196         0.29428               0       9.3500246       1402.5351      -2.7487472       -2.7487472       1411.8851             1402.5351                       9.3500246
             13       704.11421       71.061181     0.029521147      0.11425268     -0.90716847      0.28599364               0       11.074543       1402.6514      -2.7487472       -2.7487472       1413.7259             1402.6514                       11.074543
             11       705.29176       67.583061     0.023262532      0.11250795     -0.95775809       0.2986656               0       12.629683       1403.4513      -2.7487472       -2.7487472        1416.081             1403.4513                       12.629683
             14       704.40633       68.800969     0.024560323      0.11838467     -0.95553586      0.30334192               0        11.32934       1402.9808      -2.7487472       -2.7487472       1414.3102             1402.9808                        11.32934
             15       704.56641       68.481511     0.024888917      0.12002785     -0.90659332      0.31038309               0        11.40695       1403.2234      -2.7487472       -2.7487472       1414.6303             1403.2234                        11.40695
              2       704.30048       70.985328     0.028646706      0.11461035     -0.91064639      0.28557961               0       11.343726       1402.7547      -2.7487472       -2.7487472       1414.0984             1402.7547                       11.343726
             13       704.44991       72.008481     0.029891833      0.11894609     -0.90334232      0.28828482               0       11.882981       1402.5143      -2.7487472       -2.7487472       1414.3973             1402.5143                       11.882981
             20       704.54387       72.025951     0.029963426      0.11897203     -0.90116806      0.28833298               0       12.092085       1402.4931      -2.7487472       -2.7487472       1414.5852             1402.4931                       12.092085
             38       705.26343       73.226221     0.029532014      0.12453808     -0.96530199      0.28853401               0       10.655933       1405.3684      -2.7487472       -2.7487472       1416.0244             1405.3684                       10.655933
              6        705.7608       72.709311     0.028263531      0.12414241     -0.97850334      0.28950329               0       10.695979       1406.3231      -2.7487472       -2.7487472       1417.0191             1406.3231                       10.695979
             14       704.21701       72.368857     0.028791157      0.12327823     -0.94581956      0.29159096               0       10.307746       1403.6238      -2.7487472       -2.7487472       1413.9315             1403.6238                       10.307746
             10       704.58096       72.095721      0.02887764      0.12368241     -0.92009195      0.29474854               0       12.097078       1402.5623      -2.7487472       -2.7487472       1414.6594             1402.5623                       12.097078
              7       704.08396       70.810602      0.02713436      0.11779249     -0.93903842      0.29032086               0        10.23936       1403.4261      -2.7487472       -2.7487472       1413.6654             1403.4261                        10.23936
              4       703.82159       70.212659     0.025847242      0.12327465      -0.9586066      0.30379628               0       10.090174       1403.0505      -2.7487472       -2.7487472       1413.1407             1403.0505                       10.090174
              5       704.24436       70.996186     0.027158703      0.12293293     -0.96102468      0.29905171               0       10.419638       1403.5666      -2.7487472       -2.7487472       1413.9862             1403.5666                       10.419638
              8       703.62112       70.640402     0.026951964      0.12354501     -0.92611738      0.30288396               0       10.227998       1402.5117      -2.7487472       -2.7487472       1412.7397             1402.5117                       10.227998
              7       704.10815       68.963978     0.024364459      0.11389217     -0.95280319       0.2920519               0       9.7657729        1403.948      -2.7487472       -2.7487472       1413.7138              1403.948                       9.7657729
             14       704.78259       69.646559     0.026362117      0.11096636     -0.92958297       0.2844419               0        11.47173       1403.5909      -2.7487472       -2.7487472       1415.0627             1403.5909                        11.47173
              1       705.78841       69.561383     0.026714562      0.10977788     -0.89898109      0.28341113               0       14.475307        1402.599      -2.7487472       -2.7487472       1417.0743              1402.599                       14.475307
              8       705.66044       69.735941     0.026494457      0.11125297     -0.90933491      0.28457469               0       14.041613       1402.7768      -2.7487472       -2.7487472       1416.8184             1402.7768                       14.041613
              6       705.07841       69.976914     0.026387074      0.11251881      -0.9287403       0.2849839               0       12.165571       1403.4887      -2.7487472       -2.7487472       1415.6543             1403.4887                       12.165571
              5       704.08757       70.446438     0.026043538      0.11957552     -0.96157988        0.294725               0       9.5567222       1404.1159      -2.7487472       -2.7487472       1413.6726             1404.1159                       9.5567222
              1        703.8437        69.27571     0.025790571       0.1167545     -0.90785642      0.29836531               0       10.663765       1402.5211      -2.7487472       -2.7487472       1413.1849             1402.5211                       10.663765
              5       703.51995       68.732936     0.023959581      0.11846216     -0.94720572      0.30283515               0       9.7594808       1402.7779      -2.7487472       -2.7487472       1412.5374             1402.7779                       9.7594808
              2       703.94014       68.901947     0.023634203       0.1200999     -0.96563655      0.30411564               0        10.09303       1403.2848      -2.7487472       -2.7487472       1413.3778             1403.2848                        10.09303
             13       703.87238       68.850435     0.023640428      0.12008089     -0.96162371       0.3045439               0       10.142194       1403.1001      -2.7487472       -2.7487472       1413.2423             1403.1001                       10.142194
              1       703.85906       68.840691     0.023645166        0.120075     -0.96043705      0.30462769               0        10.16212       1403.0535      -2.7487472       -2.7487472       1413.2156             1403.0535                        10.16212
             11       704.25907       68.874665     0.023241463      0.11998247     -0.96682735      0.30328115               0       10.606005       1403.4096      -2.7487472       -2.7487472       1414.0156             1403.4096                       10.606005
              6       703.20887       68.632987     0.026125802      0.11077892     -0.90028933      0.29200561               0       9.4432875       1402.4719      -2.7487472       -2.7487472       1411.9152             1402.4719                       9.4432875
              5        703.3262       69.358627     0.025433275      0.12005695     -0.93340356      0.30377453               0       9.6113166       1402.5386      -2.7487472       -2.7487472       1412.1499             1402.5386                       9.6113166
             41       703.33386       69.110153     0.025071144      0.11929916     -0.93571338      0.30361801               0        9.605633       1402.5596      -2.7487472       -2.7487472       1412.1652             1402.5596                        9.605633
             21       704.16797        65.29434     0.023314815      0.10219952     -0.85778771      0.29591388               0       9.7225266       1404.1109      -2.7487472       -2.7487472       1413.8334             1404.1109                       9.7225266
              6       703.49023       64.908133     0.019930489      0.10689833     -0.93688787      0.30256579               0       9.8845938       1402.5934      -2.7487472       -2.7487472        1412.478             1402.5934                       9.8845938
              2       703.59249       64.877443     0.019558381      0.10722473     -0.94620123       0.3027435               0       9.9246021       1402.7579      -2.7487472       -2.7487472       1412.6825             1402.7579                       9.9246021
              7       703.43852       64.943343     0.019744726      0.10778734     -0.93888979       0.3039052               0       9.7850952       1402.5894      -2.7487472       -2.7487472       1412.3745             1402.5894                       9.7850952
              3       704.82853       63.031375     0.019650749      0.10106883        -0.86916      0.30547475               0       10.507055       1404.6475      -2.7487472       -2.7487472       1415.1545             1404.6475                       10.507055
              5       704.93482       63.121868     0.019880585      0.10099645     -0.86338055      0.30499468               0       10.372418       1404.9947      -2.7487472       -2.7487472       1415.3671             1404.9947                       10.372418
             15       704.48552       63.254079     0.019751494      0.10044509     -0.88821105      0.30202038               0       11.267045       1403.2015      -2.7487472       -2.7487472       1414.4685             1403.2015                       11.267045
             14       703.94728       64.969477     0.022571887       0.1004951     -0.87343343      0.29308259               0       10.347689       1403.0444      -2.7487472       -2.7487472       1413.3921             1403.0444                       10.347689
              5       703.88642       65.379711     0.022804765      0.10191801     -0.88368898      0.29328978               0       10.532694       1402.7376      -2.7487472       -2.7487472       1413.2703             1402.7376                       10.532694
              5        703.8759       65.361368     0.022832325      0.10172973     -0.88189135      0.29307822               0       10.476325        1402.773      -2.7487472       -2.7487472       1413.2493              1402.773                       10.476325
             36       705.03407       65.483895     0.022645786      0.10179783     -0.90286137      0.29170628               0       13.095158       1402.4705      -2.7487472       -2.7487472       1415.5656             1402.4705                       13.095158
             34       705.16174       65.572046     0.022952275      0.10247657     -0.89843283      0.29321391               0        13.32583       1402.4951      -2.7487472       -2.7487472        1415.821             1402.4951                        13.32583
              2       704.88824       65.525174     0.022938694      0.10244083     -0.89507622      0.29351868               0       12.739403       1402.5346      -2.7487472       -2.7487472        1415.274             1402.5346                       12.739403
             21       704.38673       66.302458     0.025086714       0.1004566     -0.85188015      0.28704958               0       10.800062       1403.4709      -2.7487472       -2.7487472        1414.271             1403.4709                       10.800062
              2       704.98902       69.730876     0.027133713       0.1093688     -0.91483398      0.28205575               0       12.328002       1403.1475      -2.7487472       -2.7487472       1415.4755             1403.1475                       12.328002
             11       704.98036       69.360208     0.026693409      0.11219819     -0.88733541      0.29004452               0       12.920606       1402.5376      -2.7487472       -2.7487472       1415.4582             1402.5376                       12.920606
             27       704.38908       69.866802     0.027079769      0.11487339     -0.89601382      0.29212556               0       11.781435       1402.4942      -2.7487472       -2.7487472       1414.2757             1402.4942                       11.781435
              9       705.79501       69.624986     0.027757519      0.11132578     -0.86932219      0.28823814               0        14.23412       1402.8534      -2.7487472       -2.7487472       1417.0875             1402.8534                        14.23412
              2       704.98482       68.631936     0.025270869      0.11024458     -0.89923487      0.28906514               0       12.994114        1402.473      -2.7487472       -2.7487472       1415.4671              1402.473                       12.994114
             16       704.38193       67.647518     0.024319055      0.10605057     -0.92220934      0.28629462               0       11.183412       1403.0779      -2.7487472       -2.7487472       1414.2614             1403.0779                       11.183412
             16       705.22612       67.188175     0.023247797      0.10352068     -0.92146882      0.28224532               0       12.526797       1403.4229      -2.7487472       -2.7487472       1415.9497             1403.4229                       12.526797
              4       704.96081       65.940603     0.023278269      0.10008042     -0.86684923      0.28518439               0       12.663995       1402.7551      -2.7487472       -2.7487472       1415.4191             1402.7551                       12.663995
              1       704.47522       64.370557     0.019187502      0.10680156     -0.91021698      0.30561385               0       11.678871       1402.7691      -2.7487472       -2.7487472       1414.4479             1402.7691                       11.678871
              1       704.38633       64.407297     0.019203659      0.10689497     -0.91178949       0.3055294               0       11.540212       1402.7299      -2.7487472       -2.7487472       1414.2701             1402.7299                       11.540212
              7       706.24785       64.090898     0.017213059      0.10279371     -0.99622371      0.29372294               0       10.925934       1407.0673      -2.7487472       -2.7487472       1417.9932             1407.0673                       10.925934
              6       707.39027       63.980676     0.017200917      0.10421852      -1.0048426      0.29818681               0       13.408078         1406.87      -2.7487472       -2.7487472        1420.278               1406.87                       13.408078
              2       707.50852       63.995246     0.017174093      0.10424632      -1.0064471      0.29805343               0       13.458557        1407.056      -2.7487472       -2.7487472       1420.5145              1407.056                       13.458557
             13       706.76634       64.406008     0.017216223      0.10902715      -1.0125111      0.30589058               0       13.114743       1405.9154      -2.7487472       -2.7487472       1419.0302             1405.9154                       13.114743
              5       706.23653       65.221072     0.018192715      0.10856871      -1.0076619      0.29951082               0       11.132926       1406.8376      -2.7487472       -2.7487472       1417.9706             1406.8376                       11.132926
              3       706.39524       65.456317     0.018337593      0.10942385      -1.0112248      0.29969587               0       11.149743       1407.1382      -2.7487472       -2.7487472        1418.288             1407.1382                       11.149743
             19       703.92851       64.616826     0.018806937      0.10884105     -0.94032845      0.30726193               0       10.795309       1402.5592      -2.7487472       -2.7487472       1413.3545             1402.5592                       10.795309
              7       704.85363       64.826263      0.01852079      0.11064811     -0.97663583      0.30889889               0         11.8895       1403.3153      -2.7487472       -2.7487472       1415.2048             1403.3153                         11.8895
              4       704.81839       64.348319     0.018394142      0.11070474     -0.95343449       0.3133355               0        12.52012       1402.6142      -2.7487472       -2.7487472       1415.1343             1402.6142                        12.52012
              2       704.71489       64.389232     0.018402153       0.1103456     -0.95794895       0.3120905               0       12.260419       1402.6669      -2.7487472       -2.7487472       1414.9273             1402.6669                       12.260419
              5       704.82061       64.311791     0.018082083       0.1102221     -0.96600932      0.31177012               0        12.32397       1402.8148      -2.7487472       -2.7487472       1415.1387             1402.8148                        12.32397
              2       705.08093       63.661856     0.017527499      0.10931523     -0.95424434      0.31456242               0       13.039641       1402.6197      -2.7487472       -2.7487472       1415.6593             1402.6197                       13.039641
              5       704.91639       63.574984     0.017556347      0.10859497     -0.95143858      0.31371203               0       12.722641       1402.6076      -2.7487472       -2.7487472       1415.3303             1402.6076                       12.722641
              2       704.75267        63.47445     0.017103467      0.10673395     -0.97027962      0.30896343               0       11.921886        1403.081      -2.7487472       -2.7487472       1415.0028              1403.081                       11.921886
             30       705.00358       63.168093     0.016463667      0.10799933     -0.96003999      0.31353537               0       12.837119       1402.6675      -2.7487472       -2.7487472       1415.5047             1402.6675                       12.837119
              6       704.66056       63.079508     0.016393737      0.10662167     -0.95495283      0.31077856               0       12.165059       1402.6536      -2.7487472       -2.7487472       1414.8186             1402.6536                       12.165059
             19       704.31005       62.977245     0.016466093      0.10586837     -0.95473075      0.31007177               0       11.452121       1402.6655      -2.7487472       -2.7487472       1414.1176             1402.6655                       11.452121
              6       704.34288       62.931916     0.016567114      0.10562983     -0.94553103      0.31017138               0       11.605098       1402.5781      -2.7487472       -2.7487472       1414.1832             1402.5781                       11.605098
             32       704.31316       62.950332     0.016585878      0.10563323     -0.94605886      0.31004586               0       11.542885       1402.5809      -2.7487472       -2.7487472       1414.1238             1402.5809                       11.542885
             11       706.79236        63.42117     0.015943376      0.10975589     -0.96891211      0.31411166               0       16.293796       1402.7884      -2.7487472       -2.7487472       1419.0822             1402.7884                       16.293796
              2       708.51176       64.727311     0.017792157      0.11148668     -0.94334755      0.31010646               0       19.950544       1402.5705      -2.7487472       -2.7487472        1422.521             1402.5705                       19.950544
             40       704.80251       65.394765     0.018874855      0.11147769      -0.9594258      0.30631928               0       12.187922       1402.9146      -2.7487472       -2.7487472       1415.1025             1402.9146                       12.187922
             12       705.68249       66.758832     0.020409601      0.11778061     -0.99155109      0.31151537               0       13.144455        1403.718      -2.7487472       -2.7487472       1416.8625              1403.718                       13.144455
              2       706.06947       67.220632     0.021965987      0.10894579     -0.97714242      0.29114221               0       11.780321       1405.8561      -2.7487472       -2.7487472       1417.6364             1405.8561                       11.780321
              5       703.19969       65.502754     0.021341569      0.10504506     -0.90481385      0.29606685               0       9.3975558       1402.4993      -2.7487472       -2.7487472       1411.8969             1402.4993                       9.3975558
              2       703.03991        65.52017     0.021307441       0.1064556      -0.9121786      0.29911573               0       9.0721852       1402.5051      -2.7487472       -2.7487472       1411.5773             1402.5051                       9.0721852
             24       703.03904       65.932772     0.021818809      0.10759976     -0.91340983      0.29919208               0       9.0754613       1402.5001      -2.7487472       -2.7487472       1411.5756             1402.5001                       9.0754613
              9       705.38618       65.736282     0.022142884      0.10821721     -0.87417404      0.30316219               0        12.25701       1404.0128      -2.7487472       -2.7487472       1416.2699             1404.0128                        12.25701
              1       703.33334       68.144944     0.023974374      0.11478493     -0.93894429       0.3001969               0       9.4556666       1402.7085      -2.7487472       -2.7487472       1412.1642             1402.7085                       9.4556666
             20        704.8687       68.573415     0.026583732      0.10698632     -0.87374441      0.28542161               0       12.627069       1402.6078      -2.7487472       -2.7487472       1415.2349             1402.6078                       12.627069
              6       704.64457       66.990779     0.024280784      0.10280818     -0.88052901      0.28462523               0       12.290174       1402.4965      -2.7487472       -2.7487472       1414.7866             1402.4965                       12.290174
             28       704.61074        66.94742     0.024562827      0.10245739     -0.87281896      0.28484066               0       12.114243       1402.6047      -2.7487472       -2.7487472        1414.719             1402.6047                       12.114243
              3       704.28647       66.248905     0.023228755      0.10195559     -0.88110584      0.28669593               0       11.539007       1402.5314      -2.7487472       -2.7487472       1414.0704             1402.5314                       11.539007
              3       705.56481       66.876958     0.023557497      0.10185643     -0.89262181      0.28184973               0        14.07553       1402.5516      -2.7487472       -2.7487472       1416.6271             1402.5516                        14.07553
              7       706.18028       67.630755     0.021441803      0.11041266     -0.97514338      0.28968287               0       11.881239       1405.9768      -2.7487472       -2.7487472       1417.8581             1405.9768                       11.881239
             23       705.74743       67.102254     0.023554938      0.10322515     -0.89626229      0.28299436               0       14.423949       1402.5684      -2.7487472       -2.7487472       1416.9924             1402.5684                       14.423949
              1       706.41342       67.313993     0.023415559      0.10272339     -0.91261075      0.27980187               0       15.065932       1403.2584      -2.7487472       -2.7487472       1418.3243             1403.2584                       15.065932
              3       706.47976        66.88017     0.023026681      0.10090907     -0.91168782      0.27851794               0       15.115201       1403.3418      -2.7487472       -2.7487472        1418.457             1403.3418                       15.115201
             28       706.61451       67.165193     0.023176597      0.10178437     -0.91918459      0.27843175               0       14.992352       1403.7342      -2.7487472       -2.7487472       1418.7265             1403.7342                       14.992352
              3       706.62529        67.16741     0.023159332      0.10180352     -0.92000197      0.27841754               0       14.966166       1403.7819      -2.7487472       -2.7487472       1418.7481             1403.7819                       14.966166
              1       709.72115       72.664263     0.028475515      0.12242403      -1.0026837      0.28700938               0       15.327855       1409.6119      -2.7487472       -2.7487472       1424.9398             1409.6119                       15.327855
             10       705.72983       72.473924     0.028947462      0.12167512     -0.96756732      0.28799161               0       11.297653       1405.6595      -2.7487472       -2.7487472       1416.9572             1405.6595                       11.297653
              5       706.44853       72.634221     0.028759295      0.12262105      -0.9794105      0.28815818               0       11.687242       1406.7073      -2.7487472       -2.7487472       1418.3946             1406.7073                       11.687242
              4       704.00543       72.362046     0.028876461      0.12343441     -0.94736983      0.29210703               0       9.8630021       1403.6454      -2.7487472       -2.7487472       1413.5084             1403.6454                       9.8630021
             49        704.7372       73.047824     0.029723283      0.12479429     -0.93722558      0.29078365               0       11.672999       1403.2989      -2.7487472       -2.7487472       1414.9719             1403.2989                       11.672999
              8       704.28251       69.037287     0.025876594      0.11396563     -0.89657787      0.29475876               0       11.512167       1402.5503      -2.7487472       -2.7487472       1414.0625             1402.5503                       11.512167
              1       704.37245       68.979606     0.025780437      0.11381221     -0.89635921       0.2947274               0       11.690063       1402.5523      -2.7487472       -2.7487472       1414.2424             1402.5523                       11.690063
              4       704.42408       69.006748     0.025803752      0.11391025     -0.89625293      0.29475045               0       11.791201       1402.5545      -2.7487472       -2.7487472       1414.3457             1402.5545                       11.791201
             11       704.48612       71.183324     0.026426642      0.12803847     -0.95153311      0.30611258               0       11.736757        1402.733      -2.7487472       -2.7487472       1414.4697              1402.733                       11.736757
              4        704.8476        70.24246     0.026116224      0.12746211     -0.93008694      0.31257067               0       12.460091       1402.7326      -2.7487472       -2.7487472       1415.1927             1402.7326                       12.460091
             11       704.69957       70.340405     0.026211733      0.12752913     -0.93184908       0.3120293               0       12.215783       1402.6809      -2.7487472       -2.7487472       1414.8966             1402.6809                       12.215783
             25        704.3235       70.517959     0.026436186      0.12761488     -0.93775379       0.3110838               0       11.552165       1402.5923      -2.7487472       -2.7487472       1414.1445             1402.5923                       11.552165
              2       704.12537       70.142494     0.025284623      0.12192457     -0.95117951      0.30051677               0       10.716869       1403.0314      -2.7487472       -2.7487472       1413.7482             1403.0314                       10.716869
             15       706.01067       70.037846     0.025171622      0.11810371     -0.98594683      0.29339586               0       11.345855        1406.173      -2.7487472       -2.7487472       1417.5188              1406.173                       11.345855
              2       705.53405        69.91085     0.025052483      0.11817013     -0.98235448      0.29435489               0       10.896855       1405.6687      -2.7487472       -2.7487472       1416.5656             1405.6687                       10.896855
              1       704.19057        68.56355     0.024109069      0.11579245     -0.92406964      0.29897222               0       11.358126       1402.5205      -2.7487472       -2.7487472       1413.8786             1402.5205                       11.358126
             13        704.1383       68.572632     0.024104278        0.115756     -0.92513831      0.29880532               0       11.241467       1402.5326      -2.7487472       -2.7487472       1413.7741             1402.5326                       11.241467
             12       703.82835       71.897578     0.027940439      0.12880489     -0.94199734      0.30447185               0       10.535577       1402.6186      -2.7487472       -2.7487472       1413.1542             1402.6186                       10.535577
             12        703.7588       71.759546     0.027475462      0.12839558     -0.95631619      0.30394646               0       10.048248       1402.9668      -2.7487472       -2.7487472       1413.0151             1402.9668                       10.048248
              3       703.74423        71.70612     0.027452846      0.12824361      -0.9540879         0.30406               0       10.091901        1402.894      -2.7487472       -2.7487472       1412.9859              1402.894                       10.091901
             43       705.43315       72.995208     0.029368188      0.12896635     -0.97774558      0.29836657               0       11.737528       1404.6263      -2.7487472       -2.7487472       1416.3638             1404.6263                       11.737528
             18        703.2543       71.871114     0.029330311        0.125833     -0.91395988      0.30163341               0       9.4620476       1402.5441      -2.7487472       -2.7487472       1412.0061             1402.5441                       9.4620476
              6       703.11315       71.683411     0.028941246      0.12500592     -0.92173535      0.30084842               0       9.2236785       1402.5001      -2.7487472       -2.7487472       1411.7238             1402.5001                       9.2236785
              3       703.13911       70.787665     0.028875676      0.11915542      -0.8959985      0.29670404               0       9.1469037       1402.6288      -2.7487472       -2.7487472       1411.7757             1402.6288                       9.1469037
              5       703.94964        70.20798     0.026816148      0.11656623      -0.9184262      0.29219279               0       10.778312       1402.6185      -2.7487472       -2.7487472       1413.3968             1402.6185                       10.778312
              7        703.5985       70.057661     0.026262398      0.11892804     -0.94740125      0.29713187               0       9.5398758       1403.1546      -2.7487472       -2.7487472       1412.6945             1403.1546                       9.5398758
              3       703.82083       70.068639      0.02648548      0.11963995     -0.94644681      0.29894319               0       10.155757       1402.9834      -2.7487472       -2.7487472       1413.1391             1402.9834                       10.155757
             14       703.82386       70.134946     0.026498589      0.11962805     -0.94803251      0.29838065               0       10.066204        1403.079      -2.7487472       -2.7487472       1413.1452              1403.079                       10.066204
              8        705.8001       69.147656     0.027696843       0.1104575     -0.90657398      0.29028847               0       14.592009       1402.5057      -2.7487472       -2.7487472       1417.0977             1402.5057                       14.592009
              3       704.44512       68.937299     0.027829817      0.11516516     -0.86740442      0.30224852               0        10.07566       1404.3121      -2.7487472       -2.7487472       1414.3877             1404.3121                        10.07566
              6       704.66608       68.370348     0.026760449       0.1137358     -0.88614387      0.30193656               0       11.553041       1403.2766      -2.7487472       -2.7487472       1414.8297             1403.2766                       11.553041
             22       705.13461        68.25755     0.025605865      0.11857163     -0.89879882      0.31083653               0       12.168407       1403.5983      -2.7487472       -2.7487472       1415.7667             1403.5983                       12.168407
             23       704.77114       68.290376     0.025502756      0.11820111       -0.904055      0.30952218               0       11.796857       1403.2429      -2.7487472       -2.7487472       1415.0398             1403.2429                       11.796857
             16       704.53688       67.726134     0.025250681      0.11510551     -0.88690031       0.3074026               0       10.762253        1403.809      -2.7487472       -2.7487472       1414.5712              1403.809                       10.762253
              4       705.16201       69.643543     0.024269251      0.12404365      -0.9866627      0.30711379               0       11.855705       1403.9658      -2.7487472       -2.7487472       1415.8215             1403.9658                       11.855705
              4       705.95756       69.625104     0.024184656      0.12326948     -0.99582111      0.30550496               0       12.672233       1404.7404      -2.7487472       -2.7487472       1417.4126             1404.7404                       12.672233
             16       704.73339       69.300271     0.024243273      0.12239906      -0.9753007      0.30668531               0       11.506146       1403.4581      -2.7487472       -2.7487472       1414.9643             1403.4581                       11.506146
             20       703.55382       68.657915     0.024271139      0.11920489     -0.93578189      0.30573384               0       10.064053       1402.5411      -2.7487472       -2.7487472       1412.6051             1402.5411                       10.064053
              7       704.68074        69.28147     0.024749339      0.11995149     -0.96744529      0.30280692               0       11.376066       1403.4829      -2.7487472       -2.7487472        1414.859             1403.4829                       11.376066
              7       703.89312       69.250387     0.024998898      0.12044291     -0.95165924      0.30462394               0       10.483634       1402.8001      -2.7487472       -2.7487472       1413.2837             1402.8001                       10.483634
             17       703.52948       69.164358     0.025181486       0.1204403     -0.92877744      0.30575843               0       10.021849       1402.5346      -2.7487472       -2.7487472       1412.5564             1402.5346                       10.021849
              2       703.77232       69.031486     0.025250261      0.12017687     -0.91805469      0.30652815               0       10.382849       1402.6593      -2.7487472       -2.7487472       1413.0421             1402.6593                       10.382849
              7       703.31104       69.057334     0.025205654      0.11904335     -0.92762355      0.30382828               0        9.602198       1402.5174      -2.7487472       -2.7487472       1412.1196             1402.5174                        9.602198
              3       703.67291       68.392132     0.024758766      0.11793825     -0.91362828      0.30644928               0       10.104938       1402.7384      -2.7487472       -2.7487472       1412.8433             1402.7384                       10.104938
              3       704.27805       68.428772     0.025086001      0.11804946     -0.89855848      0.30705755               0       10.818554        1403.235      -2.7487472       -2.7487472       1414.0536              1403.235                       10.818554
              6       703.74112        68.46117     0.025029325      0.11773012     -0.90692645      0.30596472               0       10.107743        1402.872      -2.7487472       -2.7487472       1412.9797              1402.872                       10.107743
              7       703.82152       68.123358     0.024897679      0.11674008     -0.90356141      0.30658969               0       10.123517        1403.017      -2.7487472       -2.7487472       1413.1405              1403.017                       10.123517
              7       703.96049       70.638219     0.025979592      0.12444728     -0.95088231       0.3027622               0        10.54065       1402.8778      -2.7487472       -2.7487472       1413.4185             1402.8778                        10.54065
              2       704.41799       68.048448     0.022186077      0.11529495     -0.97132935      0.29828839               0       10.111489        1404.222      -2.7487472       -2.7487472       1414.3335              1404.222                       10.111489
             12       704.42728       67.252936     0.022387332      0.11309873      -0.9223079      0.30097607               0       11.850788       1402.5013      -2.7487472       -2.7487472       1414.3521             1402.5013                       11.850788
              6       704.52741       66.441738     0.021438869      0.11182668     -0.91902019      0.30334024               0       12.009806       1402.5425      -2.7487472       -2.7487472       1414.5523             1402.5425                       12.009806
              6       703.93253       65.279659     0.019518854      0.11091629     -0.94583965       0.3075943               0       10.760398       1402.6022      -2.7487472       -2.7487472       1413.3626             1402.6022                       10.760398
              7       704.67309       65.955094      0.01995104      0.11298359     -0.94659042      0.30707238               0       12.222757       1402.6209      -2.7487472       -2.7487472       1414.8437             1402.6209                       12.222757
             27       708.00904       66.568866     0.024052573       0.1132323     -0.85046069      0.31125283               0       14.225403       1407.2902      -2.7487472       -2.7487472       1421.5156             1407.2902                       14.225403
             14       707.29546       69.774241      0.02434507      0.12867472     -0.99492576      0.31563248               0       16.613141       1403.4753      -2.7487472       -2.7487472       1420.0884             1403.4753                       16.613141
              6       705.57839       72.238843     0.026523422      0.13442875     -0.99963925      0.30966341               0       12.276246        1404.378      -2.7487472       -2.7487472       1416.6543              1404.378                       12.276246
              4       705.91939       72.182186     0.026593448      0.13273027       -1.007069      0.30702424               0       12.050405       1405.2859      -2.7487472       -2.7487472       1417.3363             1405.2859                       12.050405
              1       706.63194       72.201598      0.02645125      0.13247463      -1.0165877      0.30609602               0       12.539423       1406.2219      -2.7487472       -2.7487472       1418.7614             1406.2219                       12.539423
             14       706.57397       72.261838     0.026584173      0.13210946      -1.0156029      0.30514111               0       12.310239       1406.3352      -2.7487472       -2.7487472       1418.6454             1406.3352                       12.310239
              7       706.32736       70.471618     0.026401715      0.13036913     -0.92218155      0.31696957               0       14.909834       1403.2424      -2.7487472       -2.7487472       1418.1522             1403.2424                       14.909834
             21       705.89149       65.408826     0.019506609      0.11573251     -0.94483825      0.31760932               0       14.541071       1402.7394      -2.7487472       -2.7487472       1417.2805             1402.7394                       14.541071
             11       704.85779       68.349809     0.025784317      0.11534942     -0.87470927      0.30348265               0       11.193458       1404.0196      -2.7487472       -2.7487472       1415.2131             1404.0196                       11.193458
              9       703.61398       66.661659     0.022907886      0.11163259     -0.91617649      0.30421106               0       10.127905       1402.5975      -2.7487472       -2.7487472       1412.7255             1402.5975                       10.127905
              8       703.61865       66.683831     0.022938641      0.11121859     -0.91870536      0.30314695               0       10.194332       1402.5405      -2.7487472       -2.7487472       1412.7348             1402.5405                       10.194332
             10       704.07879        65.98964     0.019837654      0.11242214     -0.96671506      0.30520126               0       10.419809       1403.2353      -2.7487472       -2.7487472       1413.6551             1403.2353                       10.419809
              5       705.59514       65.428143     0.020478955      0.10276527     -0.95594198      0.28940187               0       12.171047       1404.5167      -2.7487472       -2.7487472       1416.6878             1404.5167                       12.171047
              4       706.44934       63.688732     0.018445427      0.10669292     -0.89661495      0.31009515               0       14.772262       1403.6239      -2.7487472       -2.7487472       1418.3962             1403.6239                       14.772262
              3       708.25823       63.911362     0.017241586      0.11225425      -0.9371825      0.31860645               0       19.080319       1402.9336      -2.7487472       -2.7487472        1422.014             1402.9336                       19.080319
             63       707.78008       63.537787     0.016815088      0.11049354     -0.93745224      0.31694617               0       18.230269       1402.8274      -2.7487472       -2.7487472       1421.0577             1402.8274                       18.230269
             10       708.59475       63.205503     0.016477667      0.11003047     -0.93210667      0.31828366               0       19.646271       1403.0407      -2.7487472       -2.7487472        1422.687             1403.0407                       19.646271
             15       707.81823       63.159017     0.016451837      0.10945967     -0.93467358      0.31725669               0       18.229267       1402.9047      -2.7487472       -2.7487472       1421.1339             1402.9047                       18.229267
              2       711.33318       61.007422     0.015472807      0.10440932     -0.87952562      0.32382946               0       21.112104       1407.0517      -2.7487472       -2.7487472       1428.1638             1407.0517                       21.112104
              1       706.95196       63.234908     0.018217673      0.10875976     -0.92336977      0.31916136               0       15.994495       1403.4069      -2.7487472       -2.7487472       1419.4014             1403.4069                       15.994495
             11       707.29624       62.880654     0.018299217      0.10726651     -0.90422645      0.31919728               0       15.745349       1404.3446      -2.7487472       -2.7487472         1420.09             1404.3446                       15.745349
              9       707.02162       63.595649     0.016413641      0.11181158     -0.99501196      0.31863602               0       16.294624       1403.2461      -2.7487472       -2.7487472       1419.5407             1403.2461                       16.294624
              2       707.48424       63.660803     0.016687722      0.11223629     -0.99274303      0.31970839               0       17.355686       1403.1103      -2.7487472       -2.7487472        1420.466             1403.1103                       17.355686
              1        707.4838       63.660689      0.01668781      0.11223661      -0.9927271      0.31971053               0        17.35537       1403.1097      -2.7487472       -2.7487472       1420.4651             1403.1097                        17.35537
              3       707.15374       63.278627     0.016556502       0.1113186     -0.97626403      0.32096232               0        17.05336       1402.7516      -2.7487472       -2.7487472        1419.805             1402.7516                        17.05336
             10       707.44394       63.142871     0.016625894      0.11158217     -0.96218463      0.32317905               0       17.614697       1402.7707      -2.7487472       -2.7487472       1420.3854             1402.7707                       17.614697
              6       706.41955       62.654456     0.016085979      0.10368532     -0.98654142      0.30674553               0       14.336058       1404.0005      -2.7487472       -2.7487472       1418.3366             1404.0005                       14.336058
              4       705.22321       62.635219     0.016386787      0.10368817     -0.96868193      0.30770799               0       12.829816       1403.1141      -2.7487472       -2.7487472       1415.9439             1403.1141                       12.829816
             46       703.97649       61.368777     0.015606252      0.10003946      -0.9193858      0.30877837               0       10.706811       1402.7437      -2.7487472       -2.7487472       1413.4505             1402.7437                       10.706811
              9       705.20947       63.384029     0.016705537      0.10726245     -0.98033176      0.31017059               0       12.562466        1403.354      -2.7487472       -2.7487472       1415.9164              1403.354                       12.562466
              9       705.52415       63.271861     0.017594989      0.10817488      -0.9417355      0.31577226               0       13.842213       1402.7036      -2.7487472       -2.7487472       1416.5458             1402.7036                       13.842213
              7       706.13447       63.805187     0.017698288      0.10868159     -0.97375803      0.31201385               0        14.76828       1402.9982      -2.7487472       -2.7487472       1417.7664             1402.9982                        14.76828
              6       705.68116       63.735515     0.017981079      0.10852173     -0.95785642      0.31299899               0        14.20857       1402.6512      -2.7487472       -2.7487472       1416.8598             1402.6512                        14.20857
             15       706.50846       63.186589     0.018234782      0.10767399     -0.89818158      0.31697303               0       14.117956       1404.3965      -2.7487472       -2.7487472       1418.5144             1404.3965                       14.117956
             10         706.413       62.949666     0.017607433       0.1081643     -0.91767688      0.31901767               0       14.695134       1403.6284      -2.7487472       -2.7487472       1418.3235             1403.6284                       14.695134
             10       707.41882        62.93308     0.017458603      0.10862243     -0.94074837      0.31996679               0       17.394258       1402.9409      -2.7487472       -2.7487472       1420.3351             1402.9409                       17.394258
              5       704.86487       65.847078     0.020530656      0.11501036     -0.94052923      0.31409191               0       12.572058       1402.6552      -2.7487472       -2.7487472       1415.2272             1402.6552                       12.572058
              6       705.46338       66.446071     0.022099272      0.11661574     -0.91687441      0.31564352               0       13.107779       1403.3165      -2.7487472       -2.7487472       1416.4243             1403.3165                       13.107779
              5       704.04743       67.244059     0.022088561      0.11672893     -0.95326346      0.30842309               0       10.906183       1402.6862      -2.7487472       -2.7487472       1413.5924             1402.6862                       10.906183
              2       705.55575       66.327854      0.02205413      0.11452831     -0.89905074      0.31192224               0       12.901821       1403.7072      -2.7487472       -2.7487472        1416.609             1403.7072                       12.901821
             15       706.14409       69.073136     0.022454253       0.1232308      -1.0129016      0.30669918               0       11.991664        1405.794      -2.7487472       -2.7487472       1417.7857              1405.794                       11.991664
              5       705.64472       66.986179     0.023978475      0.11002974     -0.86828348      0.30008449               0       12.804253       1403.9827      -2.7487472       -2.7487472       1416.7869             1403.9827                       12.804253
              4       705.60469       68.529665      0.02536169       0.1152761     -0.88244193      0.30083572               0       13.373012       1403.3339      -2.7487472       -2.7487472       1416.7069             1403.3339                       13.373012
              7       705.24571       71.839896      0.02698259      0.13382505     -0.97840915      0.31283219               0       12.898471       1403.0904      -2.7487472       -2.7487472       1415.9889             1403.0904                       12.898471
              3       705.27916       71.812906     0.026948719      0.13403258     -0.97710161      0.31340412               0       13.039189       1403.0166      -2.7487472       -2.7487472       1416.0558             1403.0166                       13.039189
              5       705.37731       71.588672     0.026833706      0.13372633     -0.97229583      0.31454853               0       13.410293       1402.8418      -2.7487472       -2.7487472       1416.2521             1402.8418                       13.410293
              6        706.4442       71.137367     0.027718524      0.13135809     -0.90861227      0.31562091               0       14.724278       1403.6616      -2.7487472       -2.7487472       1418.3859             1403.6616                       14.724278
             39       704.20691       69.344783     0.025777387      0.12241705     -0.92939038      0.30951943               0        11.29291       1402.6184      -2.7487472       -2.7487472       1413.9113             1402.6184                        11.29291
              4       704.52093        69.06688     0.025420398      0.12272316     -0.92119533       0.3119086               0       11.656118       1402.8832      -2.7487472       -2.7487472       1414.5393             1402.8832                       11.656118
              3        705.0975        68.83361     0.026883221       0.1189513     -0.87819072      0.30915285               0       11.133658       1404.5588      -2.7487472       -2.7487472       1415.6925             1404.5588                       11.133658
              4       704.24914        69.09309     0.026864757      0.11850749      -0.8987221       0.3058668               0       10.869885       1403.1259      -2.7487472       -2.7487472       1413.9958             1403.1259                       10.869885
              3       704.18285       68.419483     0.026167329      0.11401128     -0.90287706      0.30082452               0       11.184021       1402.6792      -2.7487472       -2.7487472       1413.8632             1402.6792                       11.184021
              3       703.44306       68.091405     0.025253636      0.11004033     -0.89201739      0.29319503               0       9.8176358        1402.566      -2.7487472       -2.7487472       1412.3836              1402.566                       9.8176358
              7        703.6382       68.690392     0.025662608      0.11007514     -0.91680559       0.2890445               0       10.049446       1402.7245      -2.7487472       -2.7487472       1412.7739             1402.7245                       10.049446
              9       703.45455        68.50825     0.025659245      0.10954731     -0.90716828       0.2894517               0       9.8761039       1402.5305      -2.7487472       -2.7487472       1412.4066             1402.5305                       9.8761039
              9       703.55748       68.928334     0.026184071      0.11038398     -0.90945543      0.28879996               0       10.029411        1402.583      -2.7487472       -2.7487472       1412.6125              1402.583                       10.029411
              3       704.86432       66.796884      0.02302359      0.10755676     -0.89013038      0.29410504               0       12.593768       1402.6324      -2.7487472       -2.7487472       1415.2261             1402.6324                       12.593768
              7       703.91115       65.197375     0.021892394       0.1001341     -0.88040193       0.2885894               0       10.719941       1402.5998      -2.7487472       -2.7487472       1413.3198             1402.5998                       10.719941
              8        703.9368       65.756991      0.02233226      0.10183209     -0.90924393      0.28864249               0        10.78655       1402.5846      -2.7487472       -2.7487472       1413.3711             1402.5846                        10.78655
             16       703.53168       65.095149     0.021638222      0.10005914     -0.89639801       0.2887198               0       10.093258       1402.4676      -2.7487472       -2.7487472       1412.5609             1402.4676                       10.093258
             41       703.89467        64.87874     0.020642673      0.10281555     -0.92574797      0.29483241               0       10.630898       1402.6559      -2.7487472       -2.7487472       1413.2868             1402.6559                       10.630898
              1       704.66076       64.355113     0.021406748      0.10405123     -0.86767066      0.30447825               0       10.212934       1404.6061      -2.7487472       -2.7487472        1414.819             1404.6061                       10.212934
             34       704.27614       64.642709     0.021777241       0.1039376     -0.87443088      0.30238971               0       10.144892       1403.9049      -2.7487472       -2.7487472       1414.0498             1403.9049                       10.144892
              4       704.04158       64.630742     0.021487695      0.10388443     -0.88543694      0.30168124               0       10.296024       1403.2846      -2.7487472       -2.7487472       1413.5807             1403.2846                       10.296024
             10       704.18507       64.553438     0.021387468      0.10329356     -0.88992082      0.30074578               0       10.835053       1403.0326      -2.7487472       -2.7487472       1413.8676             1403.0326                       10.835053
             30       704.18618        63.56617       0.0197169      0.10189619     -0.89981188      0.30256762               0       11.019191       1402.8507      -2.7487472       -2.7487472       1413.8699             1402.8507                       11.019191
              1       704.49356       63.395719     0.019418124      0.10082809     -0.90790634       0.3007958               0       11.892711       1402.5919      -2.7487472       -2.7487472       1414.4846             1402.5919                       11.892711
              7       705.35312       63.619068     0.019338119      0.10152808     -0.92574069       0.3002193               0       13.685232       1402.5185      -2.7487472       -2.7487472       1416.2037             1402.5185                       13.685232
              4       705.07844       63.175777     0.019368982      0.10292124      -0.8914018      0.30801515               0       12.004343         1403.65      -2.7487472       -2.7487472       1415.6544               1403.65                       12.004343
             20       705.04956        63.30087     0.019376629      0.10327674     -0.89849227      0.30770527               0       12.297645        1403.299      -2.7487472       -2.7487472       1415.5966              1403.299                       12.297645
              1       705.16394       63.086769     0.019346629      0.10278222     -0.88640608      0.30847946               0       11.857703       1403.9677      -2.7487472       -2.7487472       1415.8254             1403.9677                       11.857703
              6       705.03186       63.174536     0.019784095      0.10194175     -0.87521757      0.30661314               0       11.160374       1404.4008      -2.7487472       -2.7487472       1415.5612             1404.4008                       11.160374
              1       706.91749       64.039568      0.01807727      0.10440414     -0.98324329      0.30022813               0       14.626426       1404.7061      -2.7487472       -2.7487472       1419.3325             1404.7061                       14.626426
              8       706.77975       64.898667     0.018152891      0.10884484      -1.0057664       0.3030551               0       13.141308       1405.9157      -2.7487472       -2.7487472        1419.057             1405.9157                       13.141308
              3        705.6283       66.688666     0.022063008      0.10746449     -0.95967205      0.29269297               0       12.476947       1404.2771      -2.7487472       -2.7487472       1416.7541             1404.2771                       12.476947
             22       703.74696        67.83399     0.022674904      0.11362652     -0.95842673       0.2976139               0       9.3991393       1403.5923      -2.7487472       -2.7487472       1412.9914             1403.5923                       9.3991393
              9       703.72273       67.316517     0.022979038      0.11185271     -0.91534829      0.29896387               0       10.451195       1402.4918      -2.7487472       -2.7487472        1412.943             1402.4918                       10.451195
             14       706.09596       67.277487     0.022676811      0.10795581     -0.96388451       0.2900336               0        12.70263       1404.9868      -2.7487472       -2.7487472       1417.6894             1404.9868                        12.70263
             10       705.58833       68.668343     0.025388548      0.10840597     -0.93766441      0.28510907               0       12.715275       1403.9589      -2.7487472       -2.7487472       1416.6742             1403.9589                       12.715275
              3       704.42574       67.672239     0.025815223      0.10309342        -0.87956      0.28289524               0       11.866111       1402.4829      -2.7487472       -2.7487472        1414.349             1402.4829                       11.866111
             14       704.65809       68.747651     0.025030987      0.11558915     -0.90259052       0.2988936               0       12.211506       1402.6022      -2.7487472       -2.7487472       1414.8137             1402.6022                       12.211506
              1       704.23926       69.077965     0.024845261      0.11802885     -0.92099588      0.30076552               0       11.476686       1402.4993      -2.7487472       -2.7487472        1413.976             1402.4993                       11.476686
              2       703.71082       69.832974     0.025292827      0.11999482     -0.94484917       0.2992463               0       10.006435       1402.9127      -2.7487472       -2.7487472       1412.9191             1402.9127                       10.006435
              5        703.6198       69.836529     0.026246235      0.11924162     -0.91694117      0.29962634               0       10.242679       1402.4944      -2.7487472       -2.7487472       1412.7371             1402.4944                       10.242679
              3       703.50144       70.899731     0.026899473      0.12219202     -0.95034275      0.29787632               0       9.2926128       1403.2078      -2.7487472       -2.7487472       1412.5004             1403.2078                       9.2926128
             19       703.25481        70.74271      0.02719165      0.12081734     -0.93786725      0.29703708               0       9.1648707       1402.8423      -2.7487472       -2.7487472       1412.0071             1402.8423                       9.1648707
             15       703.26841       70.703148     0.027054988      0.12105389     -0.93627066       0.2975694               0       9.2642095       1402.7701      -2.7487472       -2.7487472       1412.0343             1402.7701                       9.2642095
             11       703.66134       71.071025     0.028103227      0.12128239      -0.9120258      0.29702447               0       10.337265       1402.4829      -2.7487472       -2.7487472       1412.8202             1402.4829                       10.337265
             11       703.38449       71.320802     0.027980411      0.12128603     -0.93650504      0.29471337               0       9.3172277       1402.9493      -2.7487472       -2.7487472       1412.2665             1402.9493                       9.3172277
             24       704.25612       73.537597      0.02911406      0.13386859      -0.9694988      0.30257674               0       10.406008       1403.6037      -2.7487472       -2.7487472       1414.0097             1403.6037                       10.406008
             17        703.8787        73.33026     0.029379545      0.13294239     -0.95522904      0.30306149               0       10.264466       1402.9904      -2.7487472       -2.7487472       1413.2549             1402.9904                       10.264466
              4       703.94641         73.1565     0.029323577      0.13263057     -0.94725038      0.30381563               0       10.654682       1402.7356      -2.7487472       -2.7487472       1413.3903             1402.7356                       10.654682
              1       705.60703       68.615248     0.023737792      0.12488866     -0.95090248      0.31705379               0       14.049803       1402.6617      -2.7487472       -2.7487472       1416.7115             1402.6617                       14.049803
             27       705.54752       68.597126     0.023717079      0.12386985     -0.96025956      0.31501222               0       13.939239       1402.6533      -2.7487472       -2.7487472       1416.5925             1402.6533                       13.939239
              1       708.66349       66.928055      0.02012161      0.12189715      -1.0164258      0.31848913               0       18.633865       1404.1906      -2.7487472       -2.7487472       1422.8245             1404.1906                       18.633865
              3       706.71383       66.624829     0.021197124      0.12073478      -0.9480618       0.3211991               0       16.059388       1402.8658      -2.7487472       -2.7487472       1418.9252             1402.8658                       16.059388
              4       705.66671       66.806333     0.021235772      0.11974697     -0.95502786      0.31732947               0        14.17976       1402.6512      -2.7487472       -2.7487472       1416.8309             1402.6512                        14.17976
             11       706.29032       67.084818     0.021655771      0.12135949     -0.95794209      0.31921666               0       15.397368       1402.6808      -2.7487472       -2.7487472       1418.0781             1402.6808                       15.397368
              3       706.11833       66.127592     0.022646192      0.11355683      -0.9104265      0.31294669               0       14.422468       1403.3117      -2.7487472       -2.7487472       1417.7341             1403.3117                       14.422468
              5       705.47468        65.74798     0.023453011       0.1085488     -0.85963047      0.30685215               0       10.852349       1405.5945      -2.7487472       -2.7487472       1416.4469             1405.5945                       10.852349
             15       707.59335        63.13336     0.020667489      0.10050996     -0.86870396      0.30563736               0       15.981049       1404.7031      -2.7487472       -2.7487472       1420.6842             1404.7031                       15.981049
             14       708.83707       63.318544     0.021699981      0.10049385     -0.84588831      0.30638731               0       16.403211       1406.7684      -2.7487472       -2.7487472       1423.1716             1406.7684                       16.403211
              3        705.8213       64.434372     0.018038242      0.11261937     -0.97216787      0.31625349               0       14.357661       1402.7824      -2.7487472       -2.7487472       1417.1401             1402.7824                       14.357661
              5       705.84751        64.32195     0.017842878      0.11227321     -0.97467067      0.31605106               0       14.357408       1402.8351      -2.7487472       -2.7487472       1417.1925             1402.8351                       14.357408
              9        706.1437       64.008743      0.01895431      0.10936398     -0.90239139      0.31476366               0       13.913373       1403.8715      -2.7487472       -2.7487472       1417.7849             1403.8715                       13.913373
              1       708.33165       62.820641     0.018077319      0.10595982      -0.8751082      0.31593411               0       16.260209       1405.9006      -2.7487472       -2.7487472       1422.1608             1405.9006                       16.260209
              6       705.86976       63.064966      0.01830179      0.10657824      -0.9004563      0.31561019               0       13.155872       1404.0811      -2.7487472       -2.7487472        1417.237             1404.0811                       13.155872
              5        704.6221       64.049962     0.018626014      0.10861578     -0.94024905      0.31173459               0       12.147493       1402.5942      -2.7487472       -2.7487472       1414.7417             1402.5942                       12.147493
              3       704.46104       64.864504     0.018657448      0.11121097     -0.96483369      0.31019736               0       11.563716       1402.8559      -2.7487472       -2.7487472       1414.4196             1402.8559                       11.563716
              8       703.78663       64.719151     0.018901405      0.10829816     -0.95555516      0.30522051               0       10.202126       1402.8686      -2.7487472       -2.7487472       1413.0708             1402.8686                       10.202126
              6        703.7278       64.675309      0.01897826      0.10818693     -0.95120554      0.30555227               0       10.205452       1402.7476      -2.7487472       -2.7487472       1412.9531             1402.7476                       10.205452
              1       703.76055       64.818082     0.019039116      0.10792836     -0.95694594      0.30373711               0        10.01992       1402.9987      -2.7487472       -2.7487472       1413.0186             1402.9987                        10.01992
              7       703.67365       64.294353     0.021253012      0.10098519     -0.87092775      0.29726502               0       9.3197005       1403.5251      -2.7487472       -2.7487472       1412.8448             1403.5251                       9.3197005
              9       705.25171       66.822428     0.025156017      0.10660012     -0.88320075      0.29651343               0        13.05087         1402.95      -2.7487472       -2.7487472       1416.0009               1402.95                        13.05087
              4       705.99352       66.083957     0.024892231      0.10700213     -0.84187883      0.30349389               0       10.885532        1406.599      -2.7487472       -2.7487472       1417.4845              1406.599                       10.885532
              2       705.54591       66.193753     0.024831177      0.10667726     -0.85910881      0.30160714               0       11.792486       1404.7968      -2.7487472       -2.7487472       1416.5893             1404.7968                       11.792486
              2         705.315       66.161323     0.024350942      0.10761012     -0.86983694      0.30293691               0       11.878584       1404.2489      -2.7487472       -2.7487472       1416.1275             1404.2489                       11.878584
              4       705.53314       66.031197     0.024311986       0.1075864     -0.86348338      0.30398832               0       11.732412       1404.8314      -2.7487472       -2.7487472       1416.5638             1404.8314                       11.732412
             11       703.59098       68.749645     0.027317449      0.10981967     -0.88187149      0.29150715               0       9.9881339       1402.6913      -2.7487472       -2.7487472       1412.6795             1402.6913                       9.9881339
              4       703.73776       69.145692     0.027789935      0.11451345     -0.87346579      0.29898292               0       9.3998112       1403.5732      -2.7487472       -2.7487472        1412.973             1403.5732                       9.3998112
              3       704.80004       69.119231     0.027925151      0.10994408     -0.89370343       0.2899305               0       12.619536        1402.478      -2.7487472       -2.7487472       1415.0976              1402.478                       12.619536
              9       705.67099       69.461351     0.028095916      0.11105414     -0.90663511      0.28973614               0       14.321814       1402.5177      -2.7487472       -2.7487472       1416.8395             1402.5177                       14.321814
              6       705.48088       69.706829     0.027641401      0.11449538     -0.92359413      0.29384582               0        13.80571       1402.6535      -2.7487472       -2.7487472       1416.4593             1402.6535                        13.80571
              5       703.66026       71.310476     0.029710516      0.11758895     -0.91117326      0.29093067               0         10.2744       1402.5436      -2.7487472       -2.7487472        1412.818             1402.5436                         10.2744
              9       703.20492       70.791459      0.02948011      0.11760875     -0.88907836      0.29479206               0       9.2230507       1402.6843      -2.7487472       -2.7487472       1411.9073             1402.6843                       9.2230507
              1       703.24973       70.755798     0.029367784      0.11754568     -0.89477208      0.29473894               0       9.4216677       1402.5753      -2.7487472       -2.7487472        1411.997             1402.5753                       9.4216677
              5        703.5278       70.579508     0.027797494      0.12166283     -0.92757097      0.30132583               0       10.032452       1402.5207      -2.7487472       -2.7487472       1412.5531             1402.5207                       10.032452
             44       703.52725         70.5959     0.027796451      0.12178223     -0.92797333      0.30142339               0       10.029568       1402.5224      -2.7487472       -2.7487472        1412.552             1402.5224                       10.029568
             23       704.04693       64.923297     0.022584148      0.10200678      -0.8642845      0.29711516               0       9.7267184       1403.8646      -2.7487472       -2.7487472       1413.5913             1403.8646                       9.7267184
              8       703.50482       65.358892     0.022575057      0.10280109     -0.88228196      0.29500615               0       9.6290818       1402.8781      -2.7487472       -2.7487472       1412.5071             1402.8781                       9.6290818
             10       704.36951       65.321917      0.02146177      0.10383096     -0.92365799      0.29514473               0       11.631316       1402.6052      -2.7487472       -2.7487472       1414.2365             1402.6052                       11.631316
              5        704.1604       65.148486     0.021078429      0.10422171      -0.9258587      0.29673569               0       11.228117       1402.5902      -2.7487472       -2.7487472       1413.8183             1402.5902                       11.228117
              4       705.36493       63.586151      0.01672528      0.10676943     -0.95182713      0.30703127               0       13.522956       1402.7044      -2.7487472       -2.7487472       1416.2274             1402.7044                       13.522956
              8       705.04152       63.261749     0.015823668      0.10523507      -0.9800752      0.30410142               0       11.609942       1403.9706      -2.7487472       -2.7487472       1415.5805             1403.9706                       11.609942
             11       704.76117       64.362276     0.017881782      0.10365972     -0.97726045      0.29495609               0        9.872368       1405.1475      -2.7487472       -2.7487472       1415.0198             1405.1475                        9.872368
              9       705.74473       63.747295      0.01744951      0.10077348     -0.97897669      0.29250833               0       11.247382       1405.7396      -2.7487472       -2.7487472        1416.987             1405.7396                       11.247382
             10       705.37211       63.963986     0.017602351      0.10187372     -0.97926095      0.29359255               0       10.687433       1405.5543      -2.7487472       -2.7487472       1416.2417             1405.5543                       10.687433
             20       704.71522        67.26936      0.02162692      0.11769144     -0.94685451      0.30929798               0       12.337472       1402.5905      -2.7487472       -2.7487472       1414.9279             1402.5905                       12.337472
             20       706.63013       70.022051     0.023592206      0.12690477     -0.97769601        0.308257               0       15.341948       1403.4158      -2.7487472       -2.7487472       1418.7578             1403.4158                       15.341948
              9        703.9147       72.034056     0.028267101      0.12768206      -0.9606187      0.30178486               0       10.042268       1403.2846      -2.7487472       -2.7487472       1413.3269             1403.2846                       10.042268
              6       704.80652       70.589653     0.025357701      0.12911381     -0.96648602      0.31129599               0       12.264301       1402.8462      -2.7487472       -2.7487472       1415.1105             1402.8462                       12.264301
             28        704.8256       69.973826      0.02472502      0.12571833     -0.98015028      0.30857253               0       11.656896       1403.4918      -2.7487472       -2.7487472       1415.1487             1403.4918                       11.656896
              6         704.792       70.068152     0.024876527       0.1248698      -0.9820796      0.30632255               0       11.263876       1403.8176      -2.7487472       -2.7487472       1415.0815             1403.8176                       11.263876
              1       703.99831       70.468595     0.025666128      0.12491539     -0.96717386      0.30453292               0       10.182863       1403.3113      -2.7487472       -2.7487472       1413.4941             1403.3113                       10.182863
              3       704.00593       70.465368      0.02567026        0.124805     -0.96757771      0.30434681               0       10.165064       1403.3443      -2.7487472       -2.7487472       1413.5094             1403.3443                       10.165064
             24       705.15707       69.938311     0.024572561      0.11820551     -0.98027263      0.29321495               0       10.095941       1405.7157      -2.7487472       -2.7487472       1415.8116             1405.7157                       10.095941
              7       704.66584       68.085438     0.023057686      0.11327967     -0.96987329      0.29549723               0       10.297012       1404.5322      -2.7487472       -2.7487472       1414.8292             1404.5322                       10.297012
              2       704.81307       65.444006     0.021030875      0.11193571     -0.90681573      0.31196189               0        11.76135       1403.3623      -2.7487472       -2.7487472       1415.1236             1403.3623                        11.76135
              9       705.37536       64.840526     0.020621869      0.10990619       -0.891986       0.3119958               0       12.155328       1404.0929      -2.7487472       -2.7487472       1416.2482             1404.0929                       12.155328
              2       704.04625        64.66338     0.019007574      0.10973905     -0.94483713      0.30944713               0        11.01399        1402.576      -2.7487472       -2.7487472         1413.59              1402.576                        11.01399
              1       704.35642       65.250364     0.019463507      0.11216111     -0.95483027      0.31066432               0       11.555995       1402.6543      -2.7487472       -2.7487472       1414.2103             1402.6543                       11.555995
              6       704.22264       65.174086     0.019945835      0.11142532     -0.93507307      0.31079522               0       11.338767        1402.604      -2.7487472       -2.7487472       1413.9428              1402.604                       11.338767
             12       704.55475       66.702599     0.021147663      0.11385459     -0.97158993      0.30487564               0        11.14059       1403.4664      -2.7487472       -2.7487472        1414.607             1403.4664                        11.14059
              4       704.20388       65.948711      0.02082163       0.1096714     -0.92142891      0.30151794               0       11.401457       1402.5038      -2.7487472       -2.7487472       1413.9053             1402.5038                       11.401457
              1        703.8844       67.895731     0.023688303      0.10930127     -0.93594904      0.28988856               0       9.9398822       1403.3264      -2.7487472       -2.7487472       1413.2663             1403.3264                       9.9398822
              1       705.30591       68.229198     0.024079559      0.10887491     -0.95117483      0.28698644               0       11.546694       1404.5626      -2.7487472       -2.7487472       1416.1093             1404.5626                       11.546694
             13       705.19928       69.297126     0.025178614      0.11263489     -0.95734675      0.28832778               0       11.107133       1404.7889      -2.7487472       -2.7487472        1415.896             1404.7889                       11.107133
              7       705.30332       69.357143     0.025275582      0.11292774     -0.95859495      0.28863936               0        11.27518       1404.8289      -2.7487472       -2.7487472       1416.1041             1404.8289                        11.27518
              8       705.24382       69.412035     0.026134557      0.11040165     -0.93806685      0.28472285               0       11.950498       1404.0346      -2.7487472       -2.7487472       1415.9851             1404.0346                       11.950498
              1       703.32736       68.150393     0.026028838      0.10985736      -0.8816141      0.29396283               0       9.3204603       1402.8317      -2.7487472       -2.7487472       1412.1522             1402.8317                       9.3204603
             31       704.26247       69.959661     0.029357449      0.10939212     -0.87708346      0.28480512               0       11.486143       1402.5363      -2.7487472       -2.7487472       1414.0224             1402.5363                       11.486143
             13       704.82761       69.338737     0.029166683      0.10789241     -0.84605068       0.2864127               0       11.435195       1403.7175      -2.7487472       -2.7487472       1415.1527             1403.7175                       11.435195
              1       704.73119       70.808483      0.02957531      0.11310788     -0.90668375      0.28586332               0       12.312913        1402.647      -2.7487472       -2.7487472       1414.9599              1402.647                       12.312913
              3       704.88889       70.835033     0.029599496      0.11308592     -0.90812865       0.2856535               0       12.586762       1402.6885      -2.7487472       -2.7487472       1415.2753             1402.6885                       12.586762
             22       705.57977       70.438232     0.029000308      0.11210884      -0.9143739      0.28570396               0       13.804036        1402.853      -2.7487472       -2.7487472        1416.657              1402.853                       13.804036
              5       705.24322       70.493961     0.029258992      0.11479011     -0.91013501      0.29116851               0       13.459182       1402.5247      -2.7487472       -2.7487472       1415.9839             1402.5247                       13.459182
              6        705.4548       68.994803     0.028438995      0.10906642     -0.88125791      0.29021292               0       13.760692       1402.6464      -2.7487472       -2.7487472       1416.4071             1402.6464                       13.760692
              3       704.53003       68.520699     0.028467864      0.10724091     -0.84504499       0.2904162               0       10.312597       1404.2449      -2.7487472       -2.7487472       1414.5575             1404.2449                       10.312597
              5       704.37989       70.921471     0.027150723      0.12067979     -0.92629745      0.29518673               0       11.603766       1402.6535      -2.7487472       -2.7487472       1414.2573             1402.6535                       11.603766
             14       704.26328       70.708021     0.026458858      0.11882427     -0.95466994      0.29187646               0       9.9419741       1404.0821      -2.7487472       -2.7487472       1414.0241             1404.0821                       9.9419741
             19       703.51222        71.64509     0.028728643      0.12255466     -0.91838573      0.29598066               0       10.006398       1402.5155      -2.7487472       -2.7487472       1412.5219             1402.5155                       10.006398
              4       703.55002       71.579446     0.028654177      0.12233516      -0.9175385      0.29595006               0       10.088894       1402.5086      -2.7487472       -2.7487472       1412.5975             1402.5086                       10.088894
              7       707.42055       73.567157     0.029963637      0.12872299     -0.99132634      0.29439585               0        13.88653       1406.4521      -2.7487472       -2.7487472       1420.3386             1406.4521                        13.88653
              5       707.84212       70.706083     0.028729839       0.1256888     -0.86468705      0.31016587               0        15.44047       1405.7413      -2.7487472       -2.7487472       1421.1817             1405.7413                        15.44047
              1       705.43419       71.076111     0.028884369      0.12634069     -0.88391018      0.30854108               0       12.251193       1404.1147      -2.7487472       -2.7487472       1416.3659             1404.1147                       12.251193
              6       703.96182       69.684672     0.027308666      0.12088039     -0.90023732      0.30649633               0       10.298061       1403.1231      -2.7487472       -2.7487472       1413.4211             1403.1231                       10.298061
             12       703.82747       69.746533     0.027387129       0.1205537     -0.90306044       0.3054426               0       10.204503       1402.9479      -2.7487472       -2.7487472       1413.1524             1402.9479                       10.204503
              8        704.2968       71.100369     0.029987306      0.12372615     -0.87963531      0.30534041               0       10.129689       1403.9614      -2.7487472       -2.7487472       1414.0911             1403.9614                       10.129689
             16       704.44601       71.155346       0.0293347      0.12246493     -0.91891129       0.3010888               0       11.885463        1402.504      -2.7487472       -2.7487472       1414.3895              1402.504                       11.885463
              6        703.9114       71.217666      0.02917349      0.12029339     -0.92362494      0.29596277               0        10.74085       1402.5794      -2.7487472       -2.7487472       1413.3203             1402.5794                        10.74085
              6       703.84856       71.875353     0.028815392      0.12505159     -0.94762449      0.29908852               0       10.181693       1403.0129      -2.7487472       -2.7487472       1413.1946             1403.0129                       10.181693
             13       703.62596       70.942492     0.028169905      0.12421785      -0.9272184      0.30406684               0        10.23048       1402.5189      -2.7487472       -2.7487472       1412.7494             1402.5189                        10.23048
             16       703.48657        70.66025     0.028620575      0.12119099     -0.89263492      0.30134105               0       9.4877577       1402.9829      -2.7487472       -2.7487472       1412.4706             1402.9829                       9.4877577
              7       703.40827       70.981745     0.027719618      0.12504767     -0.93248663      0.30448392               0       9.7843511       1402.5297      -2.7487472       -2.7487472        1412.314             1402.5297                       9.7843511
              1       703.48286       71.066951     0.027604637      0.12575768     -0.93790323       0.3049324               0       9.9012958       1402.5619      -2.7487472       -2.7487472       1412.4632             1402.5619                       9.9012958
              7       703.52098       71.045548     0.027676778      0.12607852      -0.9287589      0.30589472               0        10.00302       1402.5364      -2.7487472       -2.7487472       1412.5395             1402.5364                        10.00302
              3       703.52967       71.057016     0.027495557      0.12619821       -0.938111      0.30567411               0       10.001261       1402.5556      -2.7487472       -2.7487472       1412.5568             1402.5556                       10.001261
              6       703.54144       70.500199      0.02764694      0.12343946     -0.91139415      0.30527576               0       9.8566585       1402.7237      -2.7487472       -2.7487472       1412.5804             1402.7237                       9.8566585
             14       703.49825       71.709522     0.028088137      0.12723468     -0.94781967      0.30330455               0       9.7231233       1402.7709      -2.7487472       -2.7487472        1412.494             1402.7709                       9.7231233
              9       703.64263       71.694961     0.028020457      0.12661428     -0.95316847      0.30208913               0        9.793999       1402.9888      -2.7487472       -2.7487472       1412.7828             1402.9888                        9.793999
              9       703.51933        72.16262     0.028600193      0.12847574     -0.93789406      0.30287428               0       9.9359006       1402.6002      -2.7487472       -2.7487472       1412.5361             1402.6002                       9.9359006
             17       703.38017       72.220724     0.028698074      0.12826612     -0.94331335      0.30217289               0        9.538304       1402.7195      -2.7487472       -2.7487472       1412.2578             1402.7195                        9.538304
              6       703.59637       69.075112     0.024772836      0.11569274     -0.94898633      0.29574247               0       9.3473529       1403.3429      -2.7487472       -2.7487472       1412.6902             1403.3429                       9.3473529
              2       704.70459       67.692284     0.023392114      0.10691511     -0.93459075       0.2857799               0       11.206098       1403.7006      -2.7487472       -2.7487472       1414.9067             1403.7006                       11.206098
             22        704.5307       67.365354     0.023212192      0.10579069     -0.92977396      0.28568625               0       11.095366       1403.4635      -2.7487472       -2.7487472       1414.5589             1403.4635                       11.095366
              9       706.55285       68.714632     0.027859185      0.10144967     -0.86381231      0.27522497               0       16.089423       1402.5138      -2.7487472       -2.7487472       1418.6032             1402.5138                       16.089423
             25       705.24434       69.092927     0.026759994      0.10730982     -0.91426388      0.28219244               0       12.873552       1403.1126      -2.7487472       -2.7487472       1415.9862             1403.1126                       12.873552
              3       704.61357       68.759732     0.027341439      0.10537788     -0.87753954      0.28207752               0       12.237834       1402.4868      -2.7487472       -2.7487472       1414.7246             1402.4868                       12.237834
              8       706.11536       68.933309     0.026852751      0.11871264     -0.86424559      0.30769285               0       12.372122       1405.3561      -2.7487472       -2.7487472       1417.7282             1405.3561                       12.372122
             16       704.38654       69.506751     0.026971987      0.12165191     -0.89711475      0.30896754               0       10.791908       1403.4787      -2.7487472       -2.7487472       1414.2706             1403.4787                       10.791908
              8       704.37655       69.512055     0.026991788      0.12161275     -0.89686022      0.30888031               0       10.769414       1403.4812      -2.7487472       -2.7487472       1414.2506             1403.4812                       10.769414
              1       703.51377       69.994337     0.026623652      0.12245859     -0.92707003      0.30561349               0       9.9865287       1402.5385      -2.7487472       -2.7487472        1412.525             1402.5385                       9.9865287
              6       703.56765       71.032136     0.028362424      0.12473423     -0.90871307      0.30470484               0       9.8813144       1402.7515      -2.7487472       -2.7487472       1412.6328             1402.7515                       9.8813144
             10       703.78969       71.032303     0.028417414       0.1249887     -0.90460303      0.30531674               0       10.183476       1402.8934      -2.7487472       -2.7487472       1413.0769             1402.8934                       10.183476
             10       703.65787       71.057646     0.028383475      0.12496784     -0.90761204      0.30499045               0        10.01984       1402.7934      -2.7487472       -2.7487472       1412.8132             1402.7934                        10.01984
              4       703.75103       71.009285     0.028429772      0.12480956     -0.90427741      0.30518395               0       10.105758       1402.8938      -2.7487472       -2.7487472       1412.9996             1402.8938                       10.105758
              6       703.70455       71.026366     0.029401953      0.12326015     -0.89385702      0.30389296               0       9.7663568       1403.1402      -2.7487472       -2.7487472       1412.9066             1403.1402                       9.7663568
              3       703.71818       71.024757     0.029406099      0.12328625     -0.89345608      0.30396669               0       9.7722385       1403.1616      -2.7487472       -2.7487472       1412.9338             1403.1616                       9.7722385
              4        704.0454       71.579996     0.029418804      0.12532591     -0.92427937      0.30327493               0       11.073037       1402.5153      -2.7487472       -2.7487472       1413.5883             1402.5153                       11.073037
             28        704.6165       71.180669     0.028844956      0.12574905     -0.92578833      0.30638979               0       12.168526        1402.562      -2.7487472       -2.7487472       1414.7305              1402.562                       12.168526
              2       704.58996       71.150115     0.028880617      0.12571826     -0.92301924      0.30666262               0       12.081776       1402.5956      -2.7487472       -2.7487472       1414.6774             1402.5956                       12.081776
             32       704.52092       71.172277     0.028943095      0.12572016     -0.92156623      0.30659876               0        11.92851       1402.6108      -2.7487472       -2.7487472       1414.5393             1402.6108                        11.92851
              3       704.87822       68.394597     0.024802867      0.11338235     -0.94438197      0.29678211               0       12.184777       1403.0692      -2.7487472       -2.7487472       1415.2539             1403.0692                       12.184777
              8       704.48263        69.17216     0.025571671      0.11682928     -0.94682864      0.29895806               0       11.467959       1402.9948      -2.7487472       -2.7487472       1414.4627             1402.9948                       11.467959
              3       703.21088       68.457164     0.024950378      0.11542364     -0.92319063      0.30091041               0       9.4163689       1402.5029      -2.7487472       -2.7487472       1411.9193             1402.5029                       9.4163689
              1       703.46077       68.006457     0.024286002      0.11148687     -0.91036866      0.29496346               0       9.9403824       1402.4787      -2.7487472       -2.7487472        1412.419             1402.4787                       9.9403824
              5       704.66289       66.698628     0.020468699      0.11289526     -0.98481358      0.30122932               0       10.164328       1404.6589      -2.7487472       -2.7487472       1414.8233             1404.6589                       10.164328
              2       705.05654       66.976096     0.021058247      0.11794291     -0.95232518      0.31130538               0       12.993069       1402.6175      -2.7487472       -2.7487472       1415.6106             1402.6175                       12.993069
              5       706.44708       66.073902     0.019363343      0.11801609     -0.96548497      0.31615012               0       15.700019       1402.6916      -2.7487472       -2.7487472       1418.3917             1402.6916                       15.700019
              3       706.29134        66.12543     0.019649824      0.11771276     -0.95774208      0.31561905               0       15.444051       1402.6361      -2.7487472       -2.7487472       1418.0802             1402.6361                       15.444051
              5       705.14085        66.62438     0.020195583       0.1171311     -0.96742505      0.31082853               0       12.888944       1402.8902      -2.7487472       -2.7487472       1415.7792             1402.8902                       12.888944
             10       705.36057       66.289907     0.019286711      0.11500472     -0.99861719      0.30706591               0        11.53335       1404.6853      -2.7487472       -2.7487472       1416.2186             1404.6853                        11.53335
             20       705.28796       65.871875     0.019317095      0.11363252     -0.95997488      0.30788327               0       13.226633       1402.8468      -2.7487472       -2.7487472       1416.0734             1402.8468                       13.226633
              5       704.04562       66.460105     0.020611631      0.11434481     -0.96162113      0.30700078               0       10.650495       1402.9382      -2.7487472       -2.7487472       1413.5887             1402.9382                       10.650495
              8       704.66115       65.785294     0.021167189      0.10971684     -0.90308316      0.30392129               0       11.973606       1402.8462      -2.7487472       -2.7487472       1414.8198             1402.8462                       11.973606
              7       705.18289        68.57241     0.022329614      0.12271132     -0.97713983      0.30982484               0       12.602795       1403.2605      -2.7487472       -2.7487472       1415.8633             1403.2605                       12.602795
             13       704.83421         67.6308     0.021244639      0.11827806     -0.97744418       0.3064476               0       11.588854       1403.5771      -2.7487472       -2.7487472       1415.1659             1403.5771                       11.588854
             10       705.53096       67.736383     0.022639739      0.11331682     -0.97721998      0.29772062               0       11.871347       1404.6881      -2.7487472       -2.7487472       1416.5594             1404.6881                       11.871347
             10       704.72557       67.357002     0.024183281       0.1102653     -0.87996409      0.29776005               0       11.783976       1403.1647      -2.7487472       -2.7487472       1414.9486             1403.1647                       11.783976
              3        703.0326       68.689808     0.025369355      0.11381082     -0.91753673      0.29634533               0        9.059395       1402.5033      -2.7487472       -2.7487472       1411.5627             1402.5033                        9.059395
             11       703.52973       68.702061     0.025293561      0.11250471     -0.92948104      0.29331186               0       9.7331179       1402.8238      -2.7487472       -2.7487472        1412.557             1402.8238                       9.7331179
              2       704.88369       68.748535      0.02564793       0.1150997     -0.93481592      0.29915566               0       12.599191       1402.6657      -2.7487472       -2.7487472       1415.2649             1402.6657                       12.599191
             11       705.42167        64.50972     0.020463449      0.10173629     -0.92877419      0.29519105               0       13.635433       1402.7054      -2.7487472       -2.7487472       1416.3408             1402.7054                       13.635433
              8       704.36693       64.799807     0.021840071      0.10454079     -0.86688064      0.30251141               0       9.8471705       1404.3842      -2.7487472       -2.7487472       1414.2314             1404.3842                       9.8471705
             19        704.1735        65.31469     0.021811532      0.10749754      -0.8820979      0.30462481               0       10.099739       1403.7448      -2.7487472       -2.7487472       1413.8445             1403.7448                       10.099739
              4       704.57005       66.515866     0.023192022      0.10866847     -0.91941878      0.29948878               0       12.143274       1402.4943      -2.7487472       -2.7487472       1414.6376             1402.4943                       12.143274
              7       705.76184       69.159424     0.023692649      0.12456485     -0.98677244      0.31131261               0       13.499269       1403.5219      -2.7487472       -2.7487472       1417.0212             1403.5219                       13.499269
              5       705.68318       69.094058     0.023511565       0.1250713     -0.98566326      0.31258347               0       13.499836        1403.364      -2.7487472       -2.7487472       1416.8638              1403.364                       13.499836
              4       703.50813       67.252598     0.024506239      0.10542503      -0.8937673      0.28869765               0        10.04518       1402.4686      -2.7487472       -2.7487472       1412.5137             1402.4686                        10.04518
              4       703.99108       70.983424     0.029333467      0.11950559     -0.88061817       0.2966733               0       10.428704       1403.0509      -2.7487472       -2.7487472       1413.4796             1403.0509                       10.428704
             16       704.19668       66.451848      0.02201054      0.11358397     -0.91282443      0.30852204               0       11.010547       1402.8803      -2.7487472       -2.7487472       1413.8908             1402.8803                       11.010547
             37       704.81186       66.896017     0.020450811      0.11621113     -0.98682999      0.30682393               0       11.112329       1404.0089      -2.7487472       -2.7487472       1415.1212             1404.0089                       11.112329
              1       705.10251       66.529307     0.019880088      0.11471609     -0.99434209      0.30554852               0       11.068481        1404.634      -2.7487472       -2.7487472       1415.7025              1404.634                       11.068481
              8       704.03886       66.186651     0.020195154      0.11287015     -0.96730407      0.30522582               0       10.319058       1403.2562      -2.7487472       -2.7487472       1413.5752             1403.2562                       10.319058
              3        704.5696       67.257491     0.021027399      0.11644832     -0.98262058      0.30533374               0       10.675431       1403.9613      -2.7487472       -2.7487472       1414.6367             1403.9613                       10.675431
              3       705.28353       67.381007     0.020914019      0.11818728     -0.99533793      0.30779576               0       11.691364       1404.3732      -2.7487472       -2.7487472       1416.0646             1404.3732                       11.691364
             11       705.38043       67.412679     0.020920411      0.11826624     -0.99720609      0.30769442               0        11.75572       1404.5026      -2.7487472       -2.7487472       1416.2584             1404.5026                        11.75572
              4        705.4295       70.725221     0.025193678      0.12136232     -0.97959082      0.29427921               0       10.899472        1405.457      -2.7487472       -2.7487472       1416.3565              1405.457                       10.899472
              1       706.66761       69.028521     0.024311395       0.1114828     -0.97433475      0.28633818               0       12.210922       1406.6218      -2.7487472       -2.7487472       1418.8327             1406.6218                       12.210922
              1       706.06821       68.999818     0.024273359      0.11276249     -0.97439165      0.28918445               0       11.620547       1406.0134      -2.7487472       -2.7487472       1417.6339             1406.0134                       11.620547
              9       703.73478       68.150362     0.023831483      0.11097644     -0.93924951      0.29164147               0       9.6623456       1403.3047      -2.7487472       -2.7487472        1412.967             1403.3047                       9.6623456
             19       704.13834       67.194492     0.024367142      0.10613083     -0.88008027      0.29045229               0       11.091034       1402.6831      -2.7487472       -2.7487472       1413.7742             1402.6831                       11.091034
              3       703.86042       67.622861     0.024810277      0.10685187     -0.88763933      0.28932995               0       10.701905       1402.5164      -2.7487472       -2.7487472       1413.2183             1402.5164                       10.701905
              7       703.77851       67.654058     0.024815547      0.10700047     -0.88945861      0.28939935               0       10.554683       1402.4998      -2.7487472       -2.7487472       1413.0545             1402.4998                       10.554683
              7       703.63884       67.708948      0.02477296      0.10711838     -0.89525309      0.28909461               0       10.307527       1402.4676      -2.7487472       -2.7487472       1412.7752             1402.4676                       10.307527
              2       703.65909       67.762701     0.024865378      0.10707043     -0.89540808        0.288733               0       10.348647        1402.467      -2.7487472       -2.7487472       1412.8157              1402.467                       10.348647
              4       705.28918       66.149618      0.02423982      0.10080594     -0.84845191      0.28724051               0         12.4045       1403.6714      -2.7487472       -2.7487472       1416.0759             1403.6714                         12.4045
              4       703.48847       67.412759     0.022448289      0.11311444     -0.95136782      0.29971935               0       9.3780787       1403.0964      -2.7487472       -2.7487472       1412.4744             1403.0964                       9.3780787
              1        707.0298       67.901566     0.024550904      0.10728727     -0.94471505      0.28734147               0       15.470068        1404.087      -2.7487472       -2.7487472       1419.5571              1404.087                       15.470068
              2       704.78277        68.15401     0.025312353      0.10852101     -0.92349451      0.28951214               0       12.179022        1402.884      -2.7487472       -2.7487472        1415.063              1402.884                       12.179022
             22       703.90061       69.690771      0.02520983      0.11736031     -0.95692444      0.29487352               0       9.4699533       1403.8288      -2.7487472       -2.7487472       1413.2987             1403.8288                       9.4699533
             13       703.67635       70.459143     0.027471634      0.11680623     -0.91385182      0.29191715               0       10.297143       1402.5531      -2.7487472       -2.7487472       1412.8502             1402.5531                       10.297143
              2       704.20759       70.319569     0.027475791      0.11684903     -0.90128453      0.29317208               0       11.434417       1402.4783      -2.7487472       -2.7487472       1413.9127             1402.4783                       11.434417
             36       703.27475       65.019043     0.020909264      0.10338684     -0.89876902      0.29554334               0       9.5013219       1402.5457      -2.7487472       -2.7487472        1412.047             1402.5457                       9.5013219
              9       704.13827       65.483069     0.021428979      0.10073273     -0.90478821      0.28639208               0       11.185164       1402.5889      -2.7487472       -2.7487472        1413.774             1402.5889                       11.185164
             22       703.15848       67.144661     0.023291558       0.1093956     -0.91139323      0.29573935               0       9.3347513       1402.4797      -2.7487472       -2.7487472       1411.8144             1402.4797                       9.3347513
              2       704.08322       67.866515      0.02491424      0.11022346     -0.88468661      0.29480211               0       10.869331       1402.7946      -2.7487472       -2.7487472       1413.6639             1402.7946                       10.869331
              5       703.43819       68.784759     0.024804433      0.11427199     -0.94006593      0.29530846               0       9.3470335       1403.0268      -2.7487472       -2.7487472       1412.3739             1403.0268                       9.3470335
              8       703.23205        68.73048     0.025497937      0.11410339      -0.9060998      0.29688623               0        9.456804       1402.5048      -2.7487472       -2.7487472       1411.9616             1402.5048                        9.456804
             34       703.29255       69.280309     0.026252412      0.11583923     -0.90428525      0.29738101               0       9.5508887       1402.5317      -2.7487472       -2.7487472       1412.0826             1402.5317                       9.5508887
              3       705.25201       69.811781     0.026263226      0.11472402     -0.95361319      0.29060432               0       11.810795       1404.1907      -2.7487472       -2.7487472       1416.0015             1404.1907                       11.810795
              4       703.70275       67.563741     0.025660775      0.10521244     -0.87680308      0.28810825               0       10.251519       1402.6515      -2.7487472       -2.7487472        1412.903             1402.6515                       10.251519
              9       704.03318       68.204071      0.02694866      0.10659274      -0.8621692      0.28845968               0       10.438908       1403.1249      -2.7487472       -2.7487472       1413.5639             1403.1249                       10.438908
              4       704.23261       68.824899     0.027987237      0.10676114     -0.86186112      0.28582715               0       11.016784       1402.9459      -2.7487472       -2.7487472       1413.9627             1402.9459                       11.016784
             11       703.89028       68.930063     0.027825108      0.10788546     -0.87372745      0.28698074               0        10.60795       1402.6701      -2.7487472       -2.7487472        1413.278             1402.6701                        10.60795
              7       703.96317       69.719685     0.028396126      0.11094447     -0.89311563      0.28798498               0       10.956503       1402.4673      -2.7487472       -2.7487472       1413.4238             1402.4673                       10.956503
             10       704.18628       69.965567     0.028440235      0.11202829     -0.90294877      0.28826855               0       11.359638       1402.5104      -2.7487472       -2.7487472       1413.8701             1402.5104                       11.359638
              9       704.10481       69.898433     0.028155281      0.11226114     -0.90667799       0.2887159               0       11.163286       1402.5438      -2.7487472       -2.7487472       1413.7071             1402.5438                       11.163286
              7       703.64093       69.086522     0.027940923      0.11021472     -0.87012446      0.29080516               0       9.7828002       1402.9965      -2.7487472       -2.7487472       1412.7793             1402.9965                       9.7828002
              6       705.08072       67.700803     0.026889607       0.1047777     -0.87150386      0.28867539               0       12.844962        1402.814      -2.7487472       -2.7487472       1415.6589              1402.814                       12.844962
             19       705.01736       67.643592     0.026843173      0.10471523      -0.8699757       0.2889259               0       12.656456       1402.8758      -2.7487472       -2.7487472       1415.5322             1402.8758                       12.656456
             26       704.98932       67.871255     0.027099938      0.10517505     -0.87151177      0.28854644               0       12.669831       1402.8063      -2.7487472       -2.7487472       1415.4761             1402.8063                       12.669831
              2       704.88857       68.091655     0.027316202      0.10575032     -0.87314695       0.2883887               0       12.522435       1402.7522      -2.7487472       -2.7487472       1415.2746             1402.7522                       12.522435
              6       705.50039       67.383604     0.027410567      0.10115804     -0.82859694      0.28457508               0       11.850539       1404.6477      -2.7487472       -2.7487472       1416.4983             1404.6477                       11.850539
              7       706.00598       67.478718     0.027699566      0.10142976      -0.8211502      0.28500485               0       12.195834       1405.3136      -2.7487472       -2.7487472       1417.5095             1405.3136                       12.195834
              5       706.31143       68.442158     0.024913415      0.10530426      -0.9312161      0.27936084               0       13.767816       1404.3525      -2.7487472       -2.7487472       1418.1203             1404.3525                       13.767816
              4       707.16034       67.483026     0.022137844      0.11144835     -0.92470698      0.29475525               0       17.179361       1402.6388      -2.7487472       -2.7487472       1419.8182             1402.6388                       17.179361
             32       708.44267       66.856614     0.021087337      0.11121673     -0.92446006      0.29743613               0       19.830711       1402.5521      -2.7487472       -2.7487472       1422.3828             1402.5521                       19.830711
              1       707.94117        66.85554     0.020910425      0.11165446     -0.93163639      0.29802921               0       18.733103       1402.6467      -2.7487472       -2.7487472       1421.3798             1402.6467                       18.733103
             10       706.95545        66.35694     0.020576949      0.10921817     -0.92868695      0.29623449               0       16.749796       1402.6586      -2.7487472       -2.7487472       1419.4084             1402.6586                       16.749796
              4       707.52769        69.03475     0.021868925      0.12673414      -1.0282732      0.31316317               0        14.76662       1405.7863      -2.7487472       -2.7487472       1420.5529             1405.7863                        14.76662
              3       708.68672       68.002836     0.023172985      0.12286228     -0.90807456      0.31718679               0       19.000392       1403.8705      -2.7487472       -2.7487472       1422.8709             1403.8705                       19.000392
              5       707.38896       72.008854     0.029723827      0.13601479     -0.90550177      0.32087546               0       15.775578       1404.4998      -2.7487472       -2.7487472       1420.2754             1404.4998                       15.775578
              4       706.87473       71.574851     0.028595721       0.1348369     -0.91403308      0.32027729               0       15.303009       1403.9439      -2.7487472       -2.7487472        1419.247             1403.9439                       15.303009
             16       706.15215       72.483643     0.029272384      0.13688875     -0.94450473      0.31748977               0       15.064445       1402.7374      -2.7487472       -2.7487472       1417.8018             1402.7374                       15.064445
             18       706.01675       72.544468      0.02945459        0.136946     -0.93990998      0.31741261               0       14.726045       1402.8049      -2.7487472       -2.7487472        1417.531             1402.8049                       14.726045
             27       706.29016       72.437339     0.028981197      0.13751636     -0.94768352      0.31853695               0          15.337       1402.7408      -2.7487472       -2.7487472       1418.0778             1402.7408                          15.337
              5       704.68193        72.02352     0.028447599      0.13279012     -0.94881364      0.31206817               0       12.268603       1402.5928      -2.7487472       -2.7487472       1414.8614             1402.5928                       12.268603
             14        704.4908        72.81737      0.02961148      0.13445086     -0.94760862      0.31062808               0       11.891415       1402.5877      -2.7487472       -2.7487472       1414.4791             1402.5877                       11.891415
              7       704.44586       72.978784     0.029909307      0.13479692     -0.94546319      0.31046448               0       11.811549       1402.5777      -2.7487472       -2.7487472       1414.3892             1402.5777                       11.811549
              5       705.40976       65.673875     0.021569102      0.11338359     -0.90595267      0.31438676               0       12.665474       1403.6515      -2.7487472       -2.7487472        1416.317             1403.6515                       12.665474
              4       704.68461       66.143301     0.023305358      0.11023337     -0.87538216      0.30670815               0       10.465406       1404.4013      -2.7487472       -2.7487472       1414.8667             1404.4013                       10.465406
             10       703.67515       66.367709     0.021935068      0.11005385     -0.93769966      0.30111898               0         10.1996       1402.6482      -2.7487472       -2.7487472       1412.8478             1402.6482                         10.1996
             15       703.94596       67.313346     0.022411326      0.11384295     -0.95672358      0.30213154               0       10.283747       1403.1057      -2.7487472       -2.7487472       1413.3894             1403.1057                       10.283747
              4        704.0506       67.070734     0.022016897      0.11392445     -0.95866131      0.30362562               0       10.535031       1403.0637      -2.7487472       -2.7487472       1413.5987             1403.0637                       10.535031
              2          704.77       67.916742     0.023675924      0.11620948     -0.90838641      0.30465895               0       12.280453        1402.757      -2.7487472       -2.7487472       1415.0375              1402.757                       12.280453
             11       704.59204       67.967875       0.0237132      0.11622333     -0.91037489      0.30431139               0       11.984837       1402.6967      -2.7487472       -2.7487472       1414.6816             1402.6967                       11.984837
             18       703.67935        70.30247     0.026424395      0.11800015     -0.93768505      0.29351649               0       9.7771651        1403.079      -2.7487472       -2.7487472       1412.8562              1403.079                       9.7771651
             15        704.2489       70.439278     0.026412731      0.11752871     -0.93898118      0.29140378               0       10.679012       1403.3163      -2.7487472       -2.7487472       1413.9953             1403.3163                       10.679012
             11       703.86238       64.100473     0.020103585      0.10376234     -0.90539958      0.30302745               0       10.485041       1402.7372      -2.7487472       -2.7487472       1413.2223             1402.7372                       10.485041
              6        703.9345        64.24319     0.020312825      0.10405898     -0.90591409      0.30290832               0       10.646877       1402.7196      -2.7487472       -2.7487472       1413.3665             1402.7196                       10.646877
              3       703.65707       64.150679     0.020460688      0.10198684     -0.89884352       0.2991067               0       10.130366       1402.6813      -2.7487472       -2.7487472       1412.8116             1402.6813                       10.130366
              3       705.16719       64.920291     0.022484147       0.1035053     -0.84906731       0.3004609               0       10.426076       1405.4058      -2.7487472       -2.7487472       1415.8319             1405.4058                       10.426076
             15       704.69534       64.186579     0.021261554      0.10332776     -0.87356246      0.30397082               0       10.735732       1404.1524      -2.7487472       -2.7487472       1414.8882             1404.1524                       10.735732
              6       704.38579       64.522756     0.021437631      0.10459564     -0.87711618      0.30427995               0       10.289484       1403.9796      -2.7487472       -2.7487472       1414.2691             1403.9796                       10.289484
              6       704.65366       64.573875      0.02151406      0.10520368     -0.87117473      0.30543988               0       10.301264       1404.5036      -2.7487472       -2.7487472       1414.8048             1404.5036                       10.301264
              2       704.86258       68.222989     0.022599901      0.11848346     -0.98354104      0.30450375               0       11.105524       1404.1171      -2.7487472       -2.7487472       1415.2227             1404.1171                       11.105524
              4        704.4419       67.818706     0.022080614      0.11814519     -0.97659717       0.3062805               0       10.826392       1403.5549      -2.7487472       -2.7487472       1414.3813             1403.5549                       10.826392
             15       704.59959       67.471044     0.021446704      0.11804251      -0.9791234      0.30782695               0       11.179752       1403.5169      -2.7487472       -2.7487472       1414.6967             1403.5169                       11.179752
             19       704.35887       67.030126      0.02138123      0.11713355     -0.95296363      0.30972123               0       11.566102       1402.6491      -2.7487472       -2.7487472       1414.2152             1402.6491                       11.566102
              3       706.94657       66.947254     0.022551462      0.11453814     -0.89321027      0.30730865               0       15.903674        1403.487      -2.7487472       -2.7487472       1419.3906              1403.487                       15.903674
              2       703.94329       69.680064     0.024804505      0.12289486     -0.95105974       0.3055283               0       10.637866       1402.7462      -2.7487472       -2.7487472       1413.3841             1402.7462                       10.637866
              3       703.72741          70.217     0.027222306      0.11567579     -0.91273482      0.29113549               0       10.392751       1402.5596      -2.7487472       -2.7487472       1412.9523             1402.5596                       10.392751
             11       704.96158       72.341998     0.029412988      0.11924411     -0.93779157      0.28528728               0       11.475806       1403.9448      -2.7487472       -2.7487472       1415.4207             1403.9448                       11.475806
             16       704.89552       72.332762     0.029583574      0.11896784     -0.93060073      0.28515813               0       11.724501        1403.564      -2.7487472       -2.7487472       1415.2885              1403.564                       11.724501
             13       704.92535       72.335268     0.029539055      0.11896641     -0.93354072      0.28505057               0        11.61598       1403.7322      -2.7487472       -2.7487472       1415.3482             1403.7322                        11.61598
              7       704.77877       72.351101     0.029534462      0.11938096      -0.9337142      0.28570898               0       11.391233       1403.6638      -2.7487472       -2.7487472        1415.055             1403.6638                       11.391233
              6       704.77367       72.382723     0.029581965      0.11947858      -0.9332053      0.28573638               0        11.41111       1403.6337      -2.7487472       -2.7487472       1415.0448             1403.6337                        11.41111
              2       705.15374       72.586514     0.029779272      0.11993405     -0.92866052      0.28537314               0       12.360487       1403.4445      -2.7487472       -2.7487472        1415.805             1403.4445                       12.360487
              4       705.11568       72.612202      0.02940568      0.12133909     -0.93560369      0.28712753               0       12.128346       1403.6005      -2.7487472       -2.7487472       1415.7288             1403.6005                       12.128346
             13       705.15325       72.541755     0.029330166      0.12116346     -0.93408766      0.28720822               0       12.289197       1403.5148      -2.7487472       -2.7487472        1415.804             1403.5148                       12.289197
             12       704.93579       72.136898     0.029343792      0.12142228     -0.91197214      0.29096466               0        12.81535       1402.5537      -2.7487472       -2.7487472       1415.3691             1402.5537                        12.81535
             16       704.58796        69.91245      0.02708307      0.11226735     -0.90568846      0.28641919               0          12.069       1402.6044      -2.7487472       -2.7487472       1414.6734             1402.6044                          12.069
             12       704.87661       69.950061     0.027078908       0.1118099     -0.93147234      0.28516785               0       11.643702        1403.607      -2.7487472       -2.7487472       1415.2507              1403.607                       11.643702
              1       704.19254       69.591049     0.026718666      0.11140496     -0.92304285      0.28653772               0       10.792096       1403.0905      -2.7487472       -2.7487472       1413.8826             1403.0905                       10.792096
              2        704.2368       69.702076     0.026736624      0.11180062     -0.92531048      0.28647696               0       10.784725       1403.1864      -2.7487472       -2.7487472       1413.9711             1403.1864                       10.784725
              2        705.1788       69.386192     0.027614243      0.10904386     -0.87354523      0.28518818               0       13.251936       1402.6032      -2.7487472       -2.7487472       1415.8551             1402.6032                       13.251936
             11       705.10506        69.33913     0.027597866      0.10886861     -0.87311625      0.28517686               0       13.096862       1402.6108      -2.7487472       -2.7487472       1415.7076             1402.6108                       13.096862
             48       703.87648       69.268684     0.028619606      0.11132395     -0.86751977      0.29300391               0        9.973134       1403.2773      -2.7487472       -2.7487472       1413.2505             1403.2773                        9.973134
              8       704.74129        69.13823     0.027277327       0.1114095     -0.90948064      0.29148159               0       12.469079        1402.511      -2.7487472       -2.7487472       1414.9801              1402.511                       12.469079
              3       703.65574       69.519485     0.028597536      0.11173431     -0.87630431      0.29169706               0        9.958204       1402.8508      -2.7487472       -2.7487472        1412.809             1402.8508                        9.958204
              6       703.71534       69.685073     0.028588767      0.11224023     -0.88526808      0.29133619               0       10.315404       1402.6128      -2.7487472       -2.7487472       1412.9282             1402.6128                       10.315404
              2       704.19601       70.280201     0.027690169      0.11930326     -0.89191323      0.29890342               0       11.050118       1402.8394      -2.7487472       -2.7487472       1413.8895             1402.8394                       11.050118
             12       705.25217       72.378847     0.028945674      0.12224433     -0.96452866      0.28983185               0       10.928092       1405.0737      -2.7487472       -2.7487472       1416.0018             1405.0737                       10.928092
              6       704.19337       72.394417     0.029427543      0.12131924     -0.93672437      0.28886152               0       10.416657       1403.4676      -2.7487472       -2.7487472       1413.8842             1403.4676                       10.416657
              1       704.05454       72.203605      0.02938484       0.1206753     -0.92957125       0.2890732               0       10.473166       1403.1334      -2.7487472       -2.7487472       1413.6066             1403.1334                       10.473166
              3       704.21486       72.204564     0.029676186      0.12171162     -0.91119064       0.2916121               0       11.400322       1402.5269      -2.7487472       -2.7487472       1413.9272             1402.5269                       11.400322
              7       704.18962       72.070607     0.029578943      0.12077126     -0.91101182      0.29069952               0       11.328917       1402.5478      -2.7487472       -2.7487472       1413.8767             1402.5478                       11.328917
              4       703.59976       72.322872     0.029401914      0.12505547     -0.92246823      0.29652734               0       10.148252       1402.5488      -2.7487472       -2.7487472        1412.697             1402.5488                       10.148252
              2       703.37765       71.577699     0.028665105      0.12284344     -0.91878115      0.29697791               0       9.7479513       1402.5048      -2.7487472       -2.7487472       1412.2528             1402.5048                       9.7479513
              3       703.24771       72.018771     0.029921227      0.12273494     -0.90628779      0.29556404               0       9.5088829        1402.484      -2.7487472       -2.7487472       1411.9929              1402.484                       9.5088829
             19        703.6438        68.98099      0.02609272      0.11696178      -0.9177493      0.30199085               0       10.262357       1402.5227      -2.7487472       -2.7487472       1412.7851             1402.5227                       10.262357
             11       703.57542       69.007601     0.026285976      0.11775448     -0.90723365      0.30382844               0        9.910562       1402.7378      -2.7487472       -2.7487472       1412.6483             1402.7378                        9.910562
              1       703.96347       67.741332     0.024942216      0.11469555     -0.89243153      0.30569911               0       10.063088       1403.3613      -2.7487472       -2.7487472       1413.4244             1403.3613                       10.063088
             32       704.80052        68.31634     0.024097035      0.11715408     -0.95449632      0.30403157               0       12.191829       1402.9067      -2.7487472       -2.7487472       1415.0985             1402.9067                       12.191829
              3       705.16039       68.521999     0.024601099      0.12248461     -0.91904579      0.31463584               0        12.66953       1403.1488      -2.7487472       -2.7487472       1415.8183             1403.1488                        12.66953
              7       705.10727       68.713387     0.024577228      0.12342628     -0.92640829      0.31482944               0       12.767478       1402.9445      -2.7487472       -2.7487472        1415.712             1402.9445                       12.767478
              1       705.36345        70.76144     0.028032403      0.12565616     -0.93545123      0.30822271               0       13.672934       1402.5515      -2.7487472       -2.7487472       1416.2244             1402.5515                       13.672934
              7       705.54125       70.811689     0.028023479      0.12574257     -0.93911456      0.30793994               0       14.027496       1402.5525      -2.7487472       -2.7487472         1416.58             1402.5525                       14.027496
              8       705.94783       70.829837      0.02663596      0.11600639     -0.96486917      0.28560957               0       11.495408       1405.8977      -2.7487472       -2.7487472       1417.3932             1405.8977                       11.495408
              2       707.62753       71.027828     0.026478968      0.11639568     -0.98377465      0.28447996               0       12.680671       1408.0719      -2.7487472       -2.7487472       1420.7526             1408.0719                       12.680671
              3       705.95513       71.036467     0.026648121      0.11735385     -0.97023627      0.28664479               0       11.239149       1406.1686      -2.7487472       -2.7487472       1417.4078             1406.1686                       11.239149
             13       706.57868        66.46155     0.019312099      0.11210417     -0.97999482      0.29897281               0       13.973131       1404.6817      -2.7487472       -2.7487472       1418.6548             1404.6817                       13.973131
              2       706.59029       66.292564     0.019351115      0.11203421      -0.9679967      0.30042857               0       14.915512       1403.7626      -2.7487472       -2.7487472       1418.6781             1403.7626                       14.915512
             21       706.93587       63.391322     0.015485995      0.10399019     -0.98457897      0.29892131               0       14.357013       1405.0122      -2.7487472       -2.7487472       1419.3692             1405.0122                       14.357013
              7       707.07098       65.043647     0.017479865      0.10549937      -1.0035775      0.29220713               0       11.414122       1408.2253      -2.7487472       -2.7487472       1419.6395             1408.2253                       11.414122
              9        706.7273       65.007445     0.017575702      0.10532204     -0.99619137      0.29233984               0        11.55382       1407.3983      -2.7487472       -2.7487472       1418.9521             1407.3983                        11.55382
             15        705.0161       64.879234     0.018276125      0.10527092     -0.96258515      0.29503894               0       11.398285       1404.1314      -2.7487472       -2.7487472       1415.5297             1404.1314                       11.398285
              1       705.65481       64.298019     0.017218653      0.10472732     -0.96842372      0.29652427               0       12.521531       1404.2856      -2.7487472       -2.7487472       1416.8071             1404.2856                       12.521531
              8       705.73963       64.345328     0.016879617      0.10583633     -0.98800275       0.2979481               0       11.531171       1405.4456      -2.7487472       -2.7487472       1416.9768             1405.4456                       11.531171
              9       707.26265       66.641462     0.018870268      0.11946278      -1.0041982      0.31293525               0       15.814213       1404.2086      -2.7487472       -2.7487472       1420.0228             1404.2086                       15.814213
              2       706.19248        65.88364     0.018504287      0.11676096      -1.0031804      0.31310807               0       13.752091       1404.1304      -2.7487472       -2.7487472       1417.8824             1404.1304                       13.752091
              6       706.18414       65.914314     0.018546461      0.11682952      -1.0032258       0.3130716               0       13.728426       1404.1373      -2.7487472       -2.7487472       1417.8658             1404.1373                       13.728426
              1       705.24619       65.868431     0.019146239      0.11571848     -0.97864503      0.31232952               0       12.860265       1403.1296      -2.7487472       -2.7487472       1415.9899             1403.1296                       12.860265
              4       707.11054       66.211815     0.019497387      0.11856451     -0.95997422      0.31639118               0       17.070899       1402.6477      -2.7487472       -2.7487472       1419.7186             1402.6477                       17.070899
              2       706.41086         66.2451     0.018556943      0.11632563       -1.011958       0.3088285               0       12.989442       1405.3298      -2.7487472       -2.7487472       1418.3192             1405.3298                       12.989442
              2       706.30041       66.363935     0.018730136      0.11563333       -1.012617       0.3065448               0       12.299553       1405.7988      -2.7487472       -2.7487472       1418.0983             1405.7988                       12.299553
              8       706.33501       66.843444     0.019289481      0.11712037      -1.0136364      0.30674257               0       12.324072       1405.8434      -2.7487472       -2.7487472       1418.1675             1405.8434                       12.324072
              4       706.66899       66.696707     0.020953975      0.11471814     -0.99066635      0.30643534               0        14.55752        1404.278      -2.7487472       -2.7487472       1418.8355              1404.278                        14.55752
              2       707.57995       65.467237     0.020824485      0.11221626     -0.88857437      0.31191357               0       16.374309       1404.2831      -2.7487472       -2.7487472       1420.6574             1404.2831                       16.374309
              1       704.33761       67.427815     0.022499788      0.11432511     -0.96199594      0.30236167               0       10.883736        1403.289      -2.7487472       -2.7487472       1414.1727              1403.289                       10.883736
              1       704.67709       67.454922     0.024253673       0.1041353     -0.90055321      0.28357888               0       12.230561       1402.6211      -2.7487472       -2.7487472       1414.8517             1402.6211                       12.230561
              7        705.1353       68.212604     0.024071403      0.10755861     -0.93870562       0.2842796               0       11.634017       1404.1341      -2.7487472       -2.7487472       1415.7681             1404.1341                       11.634017
              5       705.05283       68.175262      0.02408615      0.10740263     -0.93597825      0.28428725               0       11.637318       1403.9658      -2.7487472       -2.7487472       1415.6031             1403.9658                       11.637318
             17       703.79307       68.127914     0.023690675      0.11157987     -0.93235644      0.29283042               0       10.140754       1402.9429      -2.7487472       -2.7487472       1413.0836             1402.9429                       10.140754
              4       703.42281       70.314343     0.027249034      0.11633578      -0.9223609      0.29171892               0       9.6192109       1402.7239      -2.7487472       -2.7487472       1412.3431             1402.7239                       9.6192109
              6       707.05908       69.338937     0.024126519      0.11661871      -0.9959833      0.29407791               0       12.650535       1406.9651      -2.7487472       -2.7487472       1419.6157             1406.9651                       12.650535
              6       705.47465       69.737567     0.024324266      0.12038021     -0.99256463      0.29886655               0       10.802627       1405.6442      -2.7487472       -2.7487472       1416.4468             1405.6442                       10.802627
              7       705.87891       69.142841     0.023450659      0.11863646     -0.99778551       0.2985552               0       11.108083       1406.1472      -2.7487472       -2.7487472       1417.2553             1406.1472                       11.108083
              1        706.5963       66.431097      0.01939395      0.10900548     -0.98977464      0.29241087               0       11.948413       1406.7417      -2.7487472       -2.7487472       1418.6901             1406.7417                       11.948413
              1       705.27192       64.377041     0.017998785      0.10426833     -0.94309753      0.29657164               0       13.003296        1403.038      -2.7487472       -2.7487472       1416.0413              1403.038                       13.003296
              3       704.89957       64.027648     0.017941722      0.10316998     -0.93221705       0.2969988               0       12.596319       1402.7003      -2.7487472       -2.7487472       1415.2966             1402.7003                       12.596319
             10       704.33453       64.388091     0.018453532      0.10226883     -0.94139113      0.29274382               0       10.873812       1403.2927      -2.7487472       -2.7487472       1414.1666             1403.2927                       10.873812
              4       707.20961       68.611853     0.020957869      0.12353267      -1.0250828      0.30829955               0       13.422173       1406.4945      -2.7487472       -2.7487472       1419.9167             1406.4945                       13.422173
              3       706.20989       69.060425     0.024869089      0.11753689     -0.90710334      0.29993677               0       15.344494       1402.5728      -2.7487472       -2.7487472       1417.9173             1402.5728                       15.344494
              1       704.99948       67.852084     0.023198517      0.10804115      -0.9493045      0.28646072               0       10.982381       1404.5141      -2.7487472       -2.7487472       1415.4965             1404.5141                       10.982381
              2       704.90916       67.752427     0.023081488      0.10779598     -0.94639135      0.28651502               0       11.006046       1404.3098      -2.7487472       -2.7487472       1415.3158             1404.3098                       11.006046
              7        704.8755       67.781413      0.02320549      0.10765923      -0.9432214      0.28624227               0       11.103302       1404.1452      -2.7487472       -2.7487472       1415.2485             1404.1452                       11.103302
             10       705.34639       67.966381     0.024016928      0.10628465     -0.92023357      0.28346732               0       12.944444       1403.2458      -2.7487472       -2.7487472       1416.1903             1403.2458                       12.944444
              1       705.20151       67.888818     0.024243186      0.10602997     -0.90906172      0.28405375               0       13.100772       1402.7997      -2.7487472       -2.7487472       1415.9005             1402.7997                       13.100772
              5        705.8367       68.817933     0.024745749      0.10850856     -0.94575794      0.28273025               0       12.311281       1404.8596      -2.7487472       -2.7487472       1417.1709             1404.8596                       12.311281
             14       704.48037       65.752599     0.020964198      0.10279086     -0.92228865      0.28773434               0       11.490078       1402.9682      -2.7487472       -2.7487472       1414.4582             1402.9682                       11.490078
              4       704.55258       66.012487     0.021090889      0.10427188     -0.92466923      0.28916261               0       11.657064       1402.9456      -2.7487472       -2.7487472       1414.6027             1402.9456                       11.657064
              4       704.62929       66.570494     0.021382404      0.10696546     -0.93449355      0.29107117               0       11.599408       1403.1567      -2.7487472       -2.7487472       1414.7561             1403.1567                       11.599408
              1        705.7968       65.670035     0.020890857      0.10102294      -0.9159322      0.28418879               0       14.079173       1403.0119      -2.7487472       -2.7487472       1417.0911             1403.0119                       14.079173
              5       705.87095       64.940618     0.018749343      0.10192983     -0.95183637      0.28768115               0       12.740437        1404.499      -2.7487472       -2.7487472       1417.2394              1404.499                       12.740437
              1       704.77961       67.682913     0.024884475      0.10516288     -0.88561813      0.28529175               0       12.583165       1402.4736      -2.7487472       -2.7487472       1415.0567             1402.4736                       12.583165
              4       705.08429        67.44487     0.024548927      0.10251489     -0.90273314      0.28075021               0       12.844572       1402.8215      -2.7487472       -2.7487472       1415.6661             1402.8215                       12.844572
              7       703.72368       68.057537     0.025524828      0.10693684     -0.90016671      0.28737206               0       10.443479       1402.5014      -2.7487472       -2.7487472       1412.9449             1402.5014                       10.443479
              1       704.33125       68.731476     0.026450094      0.10690856     -0.89816067      0.28366287               0       11.584177       1402.5758      -2.7487472       -2.7487472         1414.16             1402.5758                       11.584177
              6       704.30299       68.758013     0.026536674      0.10696499     -0.89625425      0.28374645               0       11.558592       1402.5449      -2.7487472       -2.7487472       1414.1035             1402.5449                       11.558592
              2       704.25813       67.694596     0.026079847      0.10403915     -0.86715836      0.28534964               0       11.258859       1402.7549      -2.7487472       -2.7487472       1414.0137             1402.7549                       11.258859
              2       703.13456       65.465799     0.020799851      0.10534527     -0.92204054      0.29583769               0       9.2069964       1402.5596      -2.7487472       -2.7487472       1411.7666             1402.5596                       9.2069964
              2       703.11112       65.341744     0.020663379       0.1051112      -0.9217535      0.29609423               0       9.1702692       1402.5495      -2.7487472       -2.7487472       1411.7197             1402.5495                       9.1702692
              8       703.15147       65.295406     0.020547929      0.10550122     -0.92044735      0.29715863               0       9.2851709       1402.5153      -2.7487472       -2.7487472       1411.8004             1402.5153                       9.2851709
              2       703.53788       65.297573     0.019699836      0.10716198     -0.95305956      0.29904488               0       9.3587205       1403.2145      -2.7487472       -2.7487472       1412.5733             1403.2145                       9.3587205
             12       703.35852       65.559648     0.020310625      0.10698705     -0.93596908      0.29767289               0       9.4581449       1402.7564      -2.7487472       -2.7487472       1412.2145             1402.7564                       9.4581449
              4       703.43379       65.197736     0.020846736      0.10205819     -0.91897222      0.29065274               0       9.6698953       1402.6952      -2.7487472       -2.7487472       1412.3651             1402.6952                       9.6698953
              8       703.42655       65.409001     0.021285591      0.10314109     -0.90317153       0.2923351               0       9.8800857       1402.4705      -2.7487472       -2.7487472       1412.3506             1402.4705                       9.8800857
              4       703.39233       65.544009     0.021475155      0.10326177     -0.90442348       0.2918542               0       9.8085922       1402.4736      -2.7487472       -2.7487472       1412.2822             1402.4736                       9.8085922
              2       708.24333        69.92768      0.02432293      0.12154396      -1.0150253      0.29962088               0       14.444285       1407.5399      -2.7487472       -2.7487472       1421.9841             1407.5399                       14.444285
              4       708.30801       66.982393     0.023889252      0.11869127      -0.8743427      0.31922469               0       15.523881       1406.5896      -2.7487472       -2.7487472       1422.1135             1406.5896                       15.523881
              1       707.04979        67.93184     0.024348044      0.12203728     -0.89625807      0.31860867               0       14.842862       1404.7542      -2.7487472       -2.7487472       1419.5971             1404.7542                       14.842862
              6       707.31192       65.992873     0.019194495      0.12023366     -0.97485491      0.32163119               0       17.385547       1402.7358      -2.7487472       -2.7487472       1420.1213             1402.7358                       17.385547
              1       706.71602       64.071033     0.017134219      0.10374706      -1.0031689       0.2960354               0       11.719484       1407.2101      -2.7487472       -2.7487472       1418.9295             1407.2101                       11.719484
              7       704.02904       63.827751     0.017805306      0.10196144     -0.96023476      0.29556066               0       9.6301578       1403.9254      -2.7487472       -2.7487472       1413.5556             1403.9254                       9.6301578
              2       703.79321        69.22109      0.02485575      0.11961562     -0.95425048      0.30285653               0       10.111879        1402.972      -2.7487472       -2.7487472       1413.0839              1402.972                       10.111879
              7        703.4064        68.44251     0.024347368      0.11748504     -0.93479488      0.30415259               0       9.7651983       1402.5451      -2.7487472       -2.7487472       1412.3103             1402.5451                       9.7651983
             25       703.50662       68.331579     0.024350621      0.11781951     -0.92490304      0.30586423               0       9.9543649       1402.5564      -2.7487472       -2.7487472       1412.5107             1402.5564                       9.9543649
              6       703.58054       68.104023      0.02406694      0.11726465     -0.92161786       0.3061037               0        10.06463       1402.5939      -2.7487472       -2.7487472       1412.6586             1402.5939                        10.06463
             12       703.76791       66.946008     0.023592825      0.11211994     -0.89339332      0.30424801               0       9.8437541       1403.1896      -2.7487472       -2.7487472       1413.0333             1403.1896                       9.8437541
             13       703.95975       66.908336     0.023752292      0.11151032     -0.88583075      0.30358517               0       9.9683584       1403.4486      -2.7487472       -2.7487472        1413.417             1403.4486                       9.9683584
              3       704.16006       68.586892      0.02302527      0.11820628     -0.97362396       0.3015961               0       9.8917275       1403.9259      -2.7487472       -2.7487472       1413.8176             1403.9259                       9.8917275
             15       704.28012        63.43854     0.018454534      0.10200039     -0.93661649      0.30090848               0       11.421943       1402.6358      -2.7487472       -2.7487472       1414.0577             1402.6358                       11.421943
              2       704.29842       63.443183     0.018454151      0.10201654      -0.9369485      0.30090359               0       11.452587       1402.6417      -2.7487472       -2.7487472       1414.0943             1402.6417                       11.452587
              8       705.10341       68.166548     0.022337793      0.11664523     -0.98966092      0.30048812               0       10.580964       1405.1233      -2.7487472       -2.7487472       1415.7043             1405.1233                       10.580964
              7        707.4581       66.338133     0.021497007      0.10635409     -0.97163001        0.291985               0       15.173535       1405.2402      -2.7487472       -2.7487472       1420.4137             1405.2402                       15.173535
              8       706.05237       64.980458     0.021440484      0.10834642     -0.86878673      0.30889823               0       12.402786       1405.1995      -2.7487472       -2.7487472       1417.6022             1405.1995                       12.402786
              1       703.16688       66.259801     0.022940329      0.10614351     -0.90260837      0.29548361               0         9.32652       1402.5047      -2.7487472       -2.7487472       1411.8312             1402.5047                         9.32652
              6       704.44043       69.288999     0.025541145      0.11695779     -0.90937939      0.29815475               0       11.872999       1402.5053      -2.7487472       -2.7487472       1414.3783             1402.5053                       11.872999
              3       704.68575       69.677463     0.026704511       0.1214351     -0.89406041      0.30645791               0       11.505469       1403.3635      -2.7487472       -2.7487472        1414.869             1403.3635                       11.505469
             13       704.78728       71.460812     0.026183035      0.12868681     -0.96877847      0.30453244               0       11.693828       1403.3782      -2.7487472       -2.7487472        1415.072             1403.3782                       11.693828
              3       705.57206       71.685648      0.02631877      0.12750772      -1.0002312      0.30059482               0       10.696836       1405.9448      -2.7487472       -2.7487472       1416.6416             1405.9448                       10.696836
             15       705.26361       71.999499     0.026813905      0.12742218     -0.99437034         0.29877               0       10.211325       1405.8134      -2.7487472       -2.7487472       1416.0247             1405.8134                       10.211325
              9       704.86146       70.290126     0.027028557      0.12152599     -0.90131852      0.30197871               0       12.446502       1402.7739      -2.7487472       -2.7487472       1415.2204             1402.7739                       12.446502
             11       704.10354       68.772795     0.024020487      0.12134223       -0.940125      0.30870232               0       11.147291       1402.5573      -2.7487472       -2.7487472       1413.7046             1402.5573                       11.147291
              6       704.48222        69.02693     0.025083461      0.12135622     -0.91481112       0.3086937               0       11.622509       1402.8394      -2.7487472       -2.7487472       1414.4619             1402.8394                       11.622509
             16       703.27793       67.946602     0.023955353      0.11548492     -0.92218265      0.30342706               0       9.5290364       1402.5243      -2.7487472       -2.7487472       1412.0534             1402.5243                       9.5290364
              1        703.2724       67.927458     0.023918414      0.11543511     -0.92286771      0.30341012               0       9.5211002       1402.5212      -2.7487472       -2.7487472       1412.0423             1402.5212                       9.5211002
             18       705.58109       67.152338     0.024745851      0.10583854     -0.86048811      0.29100871               0       13.238436       1403.4212      -2.7487472       -2.7487472       1416.6597             1403.4212                       13.238436
              2       704.56063       67.303478     0.024896414      0.10481336       -0.871559      0.28777235               0       11.856267       1402.7625      -2.7487472       -2.7487472       1414.6188             1402.7625                       11.856267
              4       704.59444       70.968447     0.028355019      0.11502929     -0.91130093      0.28596815               0       11.936168       1402.7502      -2.7487472       -2.7487472       1414.6864             1402.7502                       11.936168
              1        704.8417       71.856428     0.028930292      0.11788623     -0.92922321      0.28559127               0       11.732364       1403.4485      -2.7487472       -2.7487472       1415.1809             1403.4485                       11.732364
              7       704.69816       71.892788     0.029098343      0.11821892     -0.92398746      0.28627128               0       11.742754       1403.1511      -2.7487472       -2.7487472       1414.8938             1403.1511                       11.742754
             11        704.5388       71.664265     0.029895258       0.1154998     -0.90214285      0.28435713               0       11.954818       1402.6203      -2.7487472       -2.7487472       1414.5751             1402.6203                       11.954818
              1       704.70008        71.57823      0.02995383      0.11504688     -0.89539168      0.28427142               0       12.377236       1402.5204      -2.7487472       -2.7487472       1414.8976             1402.5204                       12.377236
              5       704.95929       70.118074     0.027376074      0.11420551     -0.89634217      0.28927986               0       12.948869       1402.4672      -2.7487472       -2.7487472       1415.4161             1402.4672                       12.948869
              3       704.85913       70.952935     0.027134998      0.11869818      -0.9301708      0.29095756               0       12.211066       1403.0047      -2.7487472       -2.7487472       1415.2158             1403.0047                       12.211066
              4       704.61092       67.894752     0.023236176      0.11740429     -0.95785024      0.30649431               0       11.856579       1402.8628      -2.7487472       -2.7487472       1414.7193             1402.8628                       11.856579
              4       703.61278       68.165077     0.024940465      0.11609253     -0.91170149      0.30491296               0       10.023229       1402.6998      -2.7487472       -2.7487472        1412.723             1402.6998                       10.023229
              6       704.78194       72.770505     0.028366306       0.1292172       -0.983039       0.2987938               0       10.133785       1404.9276      -2.7487472       -2.7487472       1415.0614             1404.9276                       10.133785
             24       703.84586       72.220492     0.028166171      0.12629217     -0.96014553      0.29737047               0       9.4815089       1403.7077      -2.7487472       -2.7487472       1413.1892             1403.7077                       9.4815089
             13       703.80651       71.957943     0.027817147      0.12670995     -0.95080676      0.29967723               0       10.029974       1403.0805      -2.7487472       -2.7487472       1413.1105             1403.0805                       10.029974
              1       705.04376        70.48092     0.025788383      0.11846979     -0.95119911      0.29169714               0       11.683317       1403.9017      -2.7487472       -2.7487472        1415.585             1403.9017                       11.683317
             24       704.40909        68.52698     0.023619586      0.11523079     -0.93681924        0.297053               0       11.503844       1402.8118      -2.7487472       -2.7487472       1414.3157             1402.8118                       11.503844
              1       704.22137       68.200565     0.023358365      0.11386863     -0.93441526       0.2964131               0       11.157383       1402.7828      -2.7487472       -2.7487472       1413.9402             1402.7828                       11.157383
              7       704.19487       69.717666     0.025492156        0.116341     -0.95697967       0.2931298               0       9.8342422        1404.053      -2.7487472       -2.7487472       1413.8872              1404.053                       9.8342422
             26       704.07806       70.749035     0.027313498      0.11743168     -0.94427086      0.29046341               0       9.9825354       1403.6711      -2.7487472       -2.7487472       1413.6536             1403.6711                       9.9825354
              4       704.35105       73.437566     0.029307951      0.13691846     -0.96480368      0.30941626               0       11.304915       1402.8947      -2.7487472       -2.7487472       1414.1996             1402.8947                       11.304915
              9       704.07823        73.44457       0.0294251      0.13569745     -0.96215484      0.30731083               0       10.717044       1402.9369      -2.7487472       -2.7487472       1413.6539             1402.9369                       10.717044
             16       705.69246       73.456452     0.028476786      0.13467337      -1.0026864      0.30355603               0       11.306928       1405.5755      -2.7487472       -2.7487472       1416.8824             1405.5755                       11.306928
              3       705.30819       74.378059     0.029465819      0.13547997     -0.99529494      0.29932585               0       10.330773       1405.7831      -2.7487472       -2.7487472       1416.1139             1405.7831                       10.330773
              5       705.62349       73.760215     0.029112007      0.13148747     -0.99589737      0.29637269               0       10.300776       1406.4437      -2.7487472       -2.7487472       1416.7445             1406.4437                       10.300776
              2       704.72378       74.152041     0.029660442      0.13595559     -0.96801491       0.3023723               0       11.390475       1403.5546      -2.7487472       -2.7487472        1414.945             1403.5546                       11.390475
              1       705.56203       73.609388      0.02929607       0.1336499     -0.94831767      0.30191912               0       13.766856       1402.8547      -2.7487472       -2.7487472       1416.6216             1402.8547                       13.766856
              4       705.39962       73.418582     0.027934806      0.13488939      -0.9971247      0.30326456               0       11.095201       1405.2015      -2.7487472       -2.7487472       1416.2967             1405.2015                       11.095201
             10       706.44717       67.102039     0.020789987      0.11692454       -1.003456      0.30728044               0       13.411872         1404.98      -2.7487472       -2.7487472       1418.3918               1404.98                       13.411872
             11        705.2143       64.463908     0.018893747      0.10975225      -0.9205644      0.31112301               0        13.07573       1402.8504      -2.7487472       -2.7487472       1415.9261             1402.8504                        13.07573
             11       703.08256       65.571383     0.020891337      0.10620732     -0.92599527      0.29710346               0       9.0811223       1402.5815      -2.7487472       -2.7487472       1411.6626             1402.5815                       9.0811223
              4       704.31176       67.654736     0.022771523      0.10959185      -0.9418503      0.29058939               0       10.588709       1403.5323      -2.7487472       -2.7487472        1414.121             1403.5323                       10.588709
              1       707.20513       69.613636     0.025597487      0.10896321     -0.94585868       0.2789996               0       14.366458       1405.5413      -2.7487472       -2.7487472       1419.9078             1405.5413                       14.366458
              3       707.15299       69.513059     0.025865794      0.10787606     -0.94002368      0.27811293               0       14.585915       1405.2176      -2.7487472       -2.7487472       1419.8035             1405.2176                       14.585915
             17        708.1365       68.194545      0.02507154      0.10137172     -0.91644326      0.27327709               0       17.517444       1404.2531      -2.7487472       -2.7487472       1421.7705             1404.2531                       17.517444
              7       706.88159       67.238124     0.025305212      0.10839855     -0.84332355      0.29716639               0       13.913138       1405.3475      -2.7487472       -2.7487472       1419.2607             1405.3475                       13.913138
              1       705.70359       66.769656     0.024407715      0.10765213     -0.85399367      0.29766357               0       12.307928       1404.5968      -2.7487472       -2.7487472       1416.9047             1404.5968                       12.307928
             16       708.44263       70.577088     0.023803818      0.12077335      -1.0037823      0.29154317               0       13.948938       1408.4338      -2.7487472       -2.7487472       1422.3827             1408.4338                       13.948938
             11       707.89212       70.501507     0.024162366      0.12036492     -0.98534037      0.29206825               0       14.880399       1406.4013      -2.7487472       -2.7487472       1421.2817             1406.4013                       14.880399
              7       709.09823       71.652395     0.026182677      0.11912698      -1.0058091      0.28428501               0       12.805494       1410.8885      -2.7487472       -2.7487472       1423.6939             1410.8885                       12.805494
              7       712.21231       70.589823     0.022900676       0.1196863      -1.0497691      0.28744395               0       13.452401       1416.4697      -2.7487472       -2.7487472       1429.9221             1416.4697                       13.452401
              2       709.57057       71.347034     0.026765305      0.11378255     -0.97246797      0.27736919               0       15.944027       1408.6946      -2.7487472       -2.7487472       1424.6386             1408.6946                       15.944027
              3       708.90902       70.349791     0.025957489      0.11047803     -0.95890989      0.27697935               0       16.071054       1407.2445      -2.7487472       -2.7487472       1423.3155             1407.2445                       16.071054
              1       705.81602       69.803373     0.025316377       0.1148011      -0.9355096      0.28888928               0       13.723452       1403.4061      -2.7487472       -2.7487472       1417.1295             1403.4061                       13.723452
              1       705.80604       70.044208     0.025613737      0.11539022     -0.93652639      0.28871296               0       13.636748       1403.4728      -2.7487472       -2.7487472       1417.1096             1403.4728                       13.636748
              5       705.77314       70.118567     0.025467537      0.11621985     -0.94306394      0.28949097               0       13.323685       1403.7201      -2.7487472       -2.7487472       1417.0438             1403.7201                       13.323685
              8       707.66123       67.678713     0.023011803      0.11288229     -0.90300124      0.29809183               0       18.251885       1402.5681      -2.7487472       -2.7487472         1420.82             1402.5681                       18.251885
              2       707.91811       67.678257     0.023072102      0.11281854     -0.90036731      0.29808833               0       18.725797       1402.6079      -2.7487472       -2.7487472       1421.3337             1402.6079                       18.725797
              4       703.67841       69.085815     0.024757028      0.11750488     -0.93056503      0.29941449               0       10.269332        1402.585      -2.7487472       -2.7487472       1412.8543              1402.585                       10.269332
              8       704.35138       71.961773     0.027416999      0.12745495     -0.97685206      0.30031126               0       9.9171734       1404.2831      -2.7487472       -2.7487472       1414.2002             1404.2831                       9.9171734
              2       704.36041       71.990907     0.027582461      0.12741198     -0.97566201      0.30030458               0       10.006877       1404.2114      -2.7487472       -2.7487472       1414.2183             1404.2114                       10.006877
              3       704.05397       70.959588     0.026468268      0.12471715     -0.96860361       0.3015325               0       9.9340877       1403.6714      -2.7487472       -2.7487472       1413.6054             1403.6714                       9.9340877
              2       703.58765       71.129903     0.026899589       0.1244991     -0.95512307      0.30051178               0       9.4982045       1403.1746      -2.7487472       -2.7487472       1412.6728             1403.1746                       9.4982045
              2       704.05015       69.922908     0.025279811      0.11905831     -0.96458314      0.29653495               0       9.5437614        1404.054      -2.7487472       -2.7487472       1413.5978              1404.054                       9.5437614
              1       703.31564       68.807209     0.025246442      0.11800435     -0.91948643      0.30393282               0       9.5760119       1402.5528      -2.7487472       -2.7487472       1412.1288             1402.5528                       9.5760119
              1       703.32008        68.79808     0.025250871      0.11796784     -0.91872817      0.30394571               0       9.5775805       1402.5601      -2.7487472       -2.7487472       1412.1377             1402.5601                       9.5775805
              1       703.87766       69.899272     0.026560085      0.12260319     -0.91243192      0.30661119               0        10.47982        1402.773      -2.7487472       -2.7487472       1413.2528              1402.773                        10.47982
             15       704.43258       71.549112     0.028191152      0.12177862     -0.95613036      0.29420942               0        10.49584       1403.8668      -2.7487472       -2.7487472       1414.3627             1403.8668                        10.49584
             20       704.20634       71.091284     0.027178104      0.12251323     -0.96227785      0.29746011               0       10.100826       1403.8093      -2.7487472       -2.7487472       1413.9102             1403.8093                       10.100826
              2       704.51959        71.12329     0.027274407      0.12203619     -0.96413135       0.2964398               0       10.496144       1404.0405      -2.7487472       -2.7487472       1414.5367             1404.0405                       10.496144
             10       704.60508       70.168615     0.025857424      0.12412865       -0.928636      0.30593297               0       12.170189       1402.5375      -2.7487472       -2.7487472       1414.7077             1402.5375                       12.170189
             18       703.66275       66.828629     0.021991515      0.10916051     -0.94806407      0.29510573               0       9.4607241       1403.3623      -2.7487472       -2.7487472        1412.823             1403.3623                       9.4607241
              4       703.77913       70.057068     0.027441064      0.12183933     -0.91421568      0.30547016               0       10.377436       1402.6783      -2.7487472       -2.7487472       1413.0558             1402.6783                       10.377436
              7       703.70424       70.080043      0.02752026      0.12175687     -0.91157582      0.30526325               0       10.186575       1402.7194      -2.7487472       -2.7487472        1412.906             1402.7194                       10.186575
             11       703.77618       70.085831     0.027675013      0.12063124     -0.91445415       0.3032363               0       10.463739       1402.5861      -2.7487472       -2.7487472       1413.0498             1402.5861                       10.463739
              6       704.33506       68.742823     0.025898199      0.11933602     -0.90576284      0.30869964               0       11.058184       1403.1094      -2.7487472       -2.7487472       1414.1676             1403.1094                       11.058184
              1       703.72485       69.541921     0.026943178       0.1200829     -0.90666995      0.30535115               0       10.107788       1402.8394      -2.7487472       -2.7487472       1412.9472             1402.8394                       10.107788
              3       703.66376       69.489718     0.026672404      0.12020317     -0.91117653       0.3054984               0       10.084849       1402.7402      -2.7487472       -2.7487472        1412.825             1402.7402                       10.084849
             11       703.96235        69.50173     0.025792059      0.12238156     -0.93476251      0.30808001               0       10.871257       1402.5509      -2.7487472       -2.7487472       1413.4222             1402.5509                       10.871257
             13       703.99267       68.219211     0.024303978      0.11893933     -0.92176883      0.30917866               0        10.76656       1402.7163      -2.7487472       -2.7487472       1413.4828             1402.7163                        10.76656
              1       704.11206       69.084566     0.024790804        0.122075     -0.94549523      0.30907169               0       11.139599        1402.582      -2.7487472       -2.7487472       1413.7216              1402.582                       11.139599
              1       705.59101       69.511387     0.026939171      0.11712748     -0.93236569       0.2994946               0       14.069337       1402.6102      -2.7487472       -2.7487472       1416.6795             1402.6102                       14.069337
              3       703.74369       69.877465     0.028113638      0.11662794     -0.90255207      0.29774703               0       10.422105       1402.5628      -2.7487472       -2.7487472       1412.9849             1402.5628                       10.422105
              2       704.12953       69.911022     0.027591554      0.12022892     -0.91387417      0.30376075               0        11.14394       1402.6126      -2.7487472       -2.7487472       1413.7566             1402.6126                        11.14394
              3       703.86771       70.774433     0.029427494      0.11736462     -0.90392216      0.29434148               0        10.75284       1402.4801      -2.7487472       -2.7487472       1413.2329             1402.4801                        10.75284
              4       704.53835       71.122093     0.029652407      0.11876478     -0.91547879      0.29468357               0       12.063818       1402.5104      -2.7487472       -2.7487472       1414.5742             1402.5104                       12.063818
             19       703.19578       71.532259     0.029566423      0.12382472     -0.90747974      0.30103454               0       9.2833726       1402.6057      -2.7487472       -2.7487472       1411.8891             1402.6057                       9.2833726
              9       703.42171       71.394525     0.029129267      0.12508842     -0.91340779      0.30381874               0       9.7193643       1402.6216      -2.7487472       -2.7487472       1412.3409             1402.6216                       9.7193643
             11       704.88496       70.028428     0.027012398      0.12499973     -0.92476696      0.31129052               0       12.501223       1402.7662      -2.7487472       -2.7487472       1415.2674             1402.7662                       12.501223
              1       704.92413       69.877512     0.027083412      0.12415975     -0.91800623      0.31106173               0        12.43603       1402.9097      -2.7487472       -2.7487472       1415.3458             1402.9097                        12.43603
              1       705.51192       66.636096     0.024116737      0.11035086     -0.85971719       0.3042804               0       11.359764       1405.1616      -2.7487472       -2.7487472       1416.5213             1405.1616                       11.359764
              6       707.10809       65.386097     0.021597568      0.11025269     -0.87025452      0.30990365               0       14.464368       1405.2493      -2.7487472       -2.7487472       1419.7137             1405.2493                       14.464368
             13       705.16454       64.730221     0.021712257      0.10410326     -0.85794422      0.30181291               0       10.911221       1404.9153      -2.7487472       -2.7487472       1415.8266             1404.9153                       10.911221
              1       705.51049       64.717348     0.021131071      0.10627335     -0.86857256      0.30572663               0       11.794027       1404.7244      -2.7487472       -2.7487472       1416.5185             1404.7244                       11.794027
             14       704.91402       64.814601     0.018655547      0.11189393     -0.94760632      0.31229641               0       12.734571        1402.591      -2.7487472       -2.7487472       1415.3255              1402.591                       12.734571
              2       704.80198        66.35152     0.020496858      0.11611187     -0.96748217      0.31175947               0       12.252973       1402.8485      -2.7487472       -2.7487472       1415.1015             1402.8485                       12.252973
              2        704.6407       66.262648     0.020737887      0.11593807     -0.95057794      0.31274943               0       12.177959       1402.6009      -2.7487472       -2.7487472       1414.7789             1402.6009                       12.177959
             10         704.887       69.621505     0.027408187      0.11104945     -0.88422589      0.28697619               0       12.768619       1402.5029      -2.7487472       -2.7487472       1415.2715             1402.5029                       12.768619
              3       706.06509       71.085176     0.024918908      0.12763114     -0.98464928      0.30316858               0       13.262812       1404.3649      -2.7487472       -2.7487472       1417.6277             1404.3649                       13.262812
              2       705.64928       72.351058     0.027383012      0.13361463     -0.95602978      0.30879045               0       14.071991       1402.7241      -2.7487472       -2.7487472       1416.7961             1402.7241                       14.071991
              3        705.7846       72.247296     0.027368162      0.13301373     -0.95119823      0.30849837               0       14.414328       1402.6524      -2.7487472       -2.7487472       1417.0667             1402.6524                       14.414328
              2        705.0655       72.971915     0.027769872      0.13596524     -0.97973433       0.3086992               0       12.165719       1403.4628      -2.7487472       -2.7487472       1415.6285             1403.4628                       12.165719
              4       704.84659       72.865385     0.028018057      0.13527884     -0.96717476      0.30877714               0        12.19335       1402.9973      -2.7487472       -2.7487472       1415.1907             1402.9973                        12.19335
              3       705.43663       72.013291     0.026606479      0.13402416     -0.97281935       0.3109862               0       13.337848       1403.0329      -2.7487472       -2.7487472       1416.3708             1403.0329                       13.337848
              1        705.2345        73.56399     0.028217577      0.13578721     -0.99381429      0.30424842               0       11.163849       1404.8026      -2.7487472       -2.7487472       1415.9665             1404.8026                       11.163849
             11       704.76234       74.116737     0.029392429      0.13733158     -0.98751465      0.30467738               0       10.690458       1404.3317      -2.7487472       -2.7487472       1415.0222             1404.3317                       10.690458
             20       704.79816       74.039273     0.029280445      0.13710531     -0.98847307      0.30469822               0       10.706144       1404.3877      -2.7487472       -2.7487472       1415.0938             1404.3877                       10.706144
              6       704.05206       69.541371     0.028390564      0.11343953     -0.86340839       0.2946116               0       9.9681986       1403.6334      -2.7487472       -2.7487472       1413.6016             1403.6334                       9.9681986
              1        703.3403       70.289505     0.027724062       0.1208408     -0.90293055      0.30200494               0       9.4409838       1402.7371      -2.7487472       -2.7487472       1412.1781             1402.7371                       9.4409838
             47       703.46498        72.67669     0.029995567      0.12802219     -0.91876769      0.30038784               0       9.9296943       1402.4978      -2.7487472       -2.7487472       1412.4275             1402.4978                       9.9296943
             22       703.58911       71.885602     0.029897058      0.12576564     -0.91808253      0.30247824               0       10.145752         1402.53      -2.7487472       -2.7487472       1412.6757               1402.53                       10.145752
             35       704.46512       70.862886     0.029027228      0.12528466     -0.89735447      0.30858214               0       10.999196       1403.4285      -2.7487472       -2.7487472       1414.4277             1403.4285                       10.999196
              4        703.9769       69.545761     0.028763653        0.114147     -0.87340446      0.29680851               0       10.091308         1403.36      -2.7487472       -2.7487472       1413.4513               1403.36                       10.091308
              8       703.97128       69.667102     0.028944466      0.11446529     -0.87279241      0.29680384               0       10.052373       1403.3877      -2.7487472       -2.7487472       1413.4401             1403.3877                       10.052373
              4       703.83229       69.947014     0.029111788      0.11514497     -0.87919261      0.29616429               0       10.097536       1403.0645      -2.7487472       -2.7487472       1413.1621             1403.0645                       10.097536
              3       706.10078       68.225725     0.028019714      0.10765276     -0.82656895      0.29285489               0       11.578645       1406.1204      -2.7487472       -2.7487472       1417.6991             1406.1204                       11.578645
             15       705.16301       71.979255       0.0285627      0.12452845     -0.91794539      0.29672823               0       13.321657       1402.5018      -2.7487472       -2.7487472       1415.8235             1402.5018                       13.321657
              4       705.19803       72.003958     0.028611284      0.12452985     -0.91739954      0.29662108               0       13.394185       1402.4994      -2.7487472       -2.7487472       1415.8936             1402.4994                       13.394185
              1       705.99264       72.157052     0.029426466      0.12362697     -0.89945147       0.2951953               0       14.955377       1402.5274      -2.7487472       -2.7487472       1417.4828             1402.5274                       14.955377
              3       703.40038       69.626868     0.026737692      0.11958144     -0.90536428      0.30314827               0       9.5550813       1402.7432      -2.7487472       -2.7487472       1412.2982             1402.7432                       9.5550813
              2       703.72273       69.862371     0.027377695       0.1192535     -0.89223591      0.30174728               0       9.9159037       1403.0271      -2.7487472       -2.7487472        1412.943             1403.0271                       9.9159037
             12       704.41625       69.410247     0.026983734      0.11800001     -0.88160635      0.30227159               0       10.816825       1403.5132      -2.7487472       -2.7487472         1414.33             1403.5132                       10.816825
              3       703.55104       69.757688     0.026949097      0.11997199     -0.90153934      0.30324934               0       9.7549498       1402.8446      -2.7487472       -2.7487472       1412.5996             1402.8446                       9.7549498
              8       704.05955       68.391348     0.025351427      0.11766196     -0.89748476       0.3071327               0       10.331899       1403.2847      -2.7487472       -2.7487472       1413.6166             1403.2847                       10.331899
              9       703.70708       69.210857      0.02682464      0.11740188     -0.88801791      0.30243495               0       9.6681186       1403.2435      -2.7487472       -2.7487472       1412.9117             1403.2435                       9.6681186
              5        704.1365       69.514172     0.027479929      0.11832221     -0.87916252      0.30306211               0       10.049293       1403.7212      -2.7487472       -2.7487472       1413.7705             1403.7212                       10.049293
              3       703.86295       69.505494     0.027417292      0.11799524     -0.88266839       0.3023313               0       9.7546408       1403.4687      -2.7487472       -2.7487472       1413.2234             1403.4687                       9.7546408
             14       703.82145       69.469236     0.027348167      0.11796022      -0.8837345      0.30243118               0       9.7111951       1403.4292      -2.7487472       -2.7487472       1413.1404             1403.4292                       9.7111951
              3       703.37698       70.699381     0.027635065      0.12323146     -0.92936995      0.30311818               0       9.7312572       1402.5202      -2.7487472       -2.7487472       1412.2515             1402.5202                       9.7312572
              2       704.10847       70.786275     0.027280376      0.12462111      -0.9484577      0.30443995               0       10.979065       1402.7354      -2.7487472       -2.7487472       1413.7144             1402.7354                       10.979065
              3       703.84626       70.394999     0.027983974      0.12253217     -0.91416465      0.30503808               0       10.530209       1402.6598      -2.7487472       -2.7487472         1413.19             1402.6598                       10.530209
              5       704.88676       70.203865     0.027430349      0.12285696     -0.93145487      0.30623702               0       12.736104       1402.5349      -2.7487472       -2.7487472        1415.271             1402.5349                       12.736104
             10       704.36597       70.160872     0.027654743       0.1219934     -0.92090115        0.305314               0       11.652382       1402.5771      -2.7487472       -2.7487472       1414.2294             1402.5771                       11.652382
              1       704.27591       70.089089     0.027656365      0.12164049      -0.9174634       0.3052246               0       11.433332        1402.616      -2.7487472       -2.7487472       1414.0493              1402.616                       11.433332
              1       704.70108       70.613902     0.027062301      0.11848202     -0.95602979      0.29317887               0       10.908665        1403.991      -2.7487472       -2.7487472       1414.8997              1403.991                       10.908665
              1       708.07845       69.153295     0.024212674      0.11632893     -0.99555799      0.29523313               0       14.994399         1406.66      -2.7487472       -2.7487472       1421.6544               1406.66                       14.994399
             14       705.09776       71.448953     0.028528814      0.11943037     -0.95118283      0.29109637               0       11.715028        1403.978      -2.7487472       -2.7487472        1415.693              1403.978                       11.715028
             14       705.27752       68.173461     0.026864722      0.11000726     -0.84750777      0.29588499               0       11.235798       1404.8167      -2.7487472       -2.7487472       1416.0525             1404.8167                       11.235798
             11       707.22663       68.458085     0.027728554      0.10967987     -0.82955782      0.29457438               0       13.811128       1406.1396      -2.7487472       -2.7487472       1419.9507             1406.1396                       13.811128
              2        704.7682       69.537657     0.029972412      0.11022808     -0.83862394      0.29127296               0       10.211613       1404.8223      -2.7487472       -2.7487472       1415.0339             1404.8223                       10.211613
              9        705.6489       69.497739      0.02975036      0.10980043     -0.83129033       0.2902625               0       11.533404       1405.2619      -2.7487472       -2.7487472       1416.7953             1405.2619                       11.533404
              4       705.53154       69.559005     0.029836858      0.10975138     -0.83235286      0.28982882               0       11.453766       1405.1068      -2.7487472       -2.7487472       1416.5606             1405.1068                       11.453766
              1        704.6248       71.052812     0.027727935      0.12408898      -0.9532341      0.30199265               0       11.749846       1402.9972      -2.7487472       -2.7487472       1414.7471             1402.9972                       11.749846
              1       704.29983       70.041047     0.027054892      0.12332847      -0.9263679      0.30785823               0       11.499821       1402.5973      -2.7487472       -2.7487472       1414.0972             1402.5973                       11.499821
              1       703.27578       69.278101     0.026835958      0.11551116     -0.89286965      0.29793226               0       9.2922513       1402.7568      -2.7487472       -2.7487472       1412.0491             1402.7568                       9.2922513
              7       703.01748       69.354781     0.026343022      0.11646289     -0.91377278      0.29822763               0       9.0439022       1402.4885      -2.7487472       -2.7487472       1411.5324             1402.4885                       9.0439022
             17       705.90215       70.327938     0.028391983      0.11165461     -0.92460104      0.28445247               0       13.955231       1403.3466      -2.7487472       -2.7487472       1417.3018             1403.3466                       13.955231
              3       705.60273       68.434071      0.02176239      0.11955626      -1.0044846       0.3031306               0       10.905179       1405.7978      -2.7487472       -2.7487472        1416.703             1405.7978                       10.905179
              7       704.93688       65.931685     0.022190027       0.1071866     -0.88077072      0.29910548               0       12.122732       1403.2485      -2.7487472       -2.7487472       1415.3713             1403.2485                       12.122732
              8       704.38943       66.662909     0.023317717      0.10648824     -0.88274009       0.2935458               0       11.500338        1402.776      -2.7487472       -2.7487472       1414.2764              1402.776                       11.500338
             16       703.24476       62.964703     0.017530666       0.1017585     -0.92224365      0.30251401               0       9.4750625        1402.512      -2.7487472       -2.7487472        1411.987              1402.512                       9.4750625
              2       704.20103       62.171571     0.016065939      0.10248376     -0.92829986      0.30836856               0       11.304834       1402.5947      -2.7487472       -2.7487472       1413.8996             1402.5947                       11.304834
              6       704.97026       62.904653     0.015758274      0.10093459     -0.96699713      0.29653056               0       11.242556       1404.1955      -2.7487472       -2.7487472        1415.438             1404.1955                       11.242556
              2       706.03011       67.408161     0.021962792      0.11528249     -0.92868526      0.30346316               0       15.039966       1402.5178      -2.7487472       -2.7487472       1417.5577             1402.5178                       15.039966
              6       704.21506       67.549041     0.022198229      0.11222939     -0.94688041      0.29602348               0       10.700123       1403.2275      -2.7487472       -2.7487472       1413.9276             1403.2275                       10.700123
              5       703.75617       65.207535     0.019327097      0.10990217     -0.95481328      0.30543911               0       10.171992       1402.8378      -2.7487472       -2.7487472       1413.0098             1402.8378                       10.171992
             10       704.38172       65.157453     0.019106089      0.10722869     -0.97309971      0.29909105               0        10.04264       1404.2183      -2.7487472       -2.7487472       1414.2609             1404.2183                        10.04264
              3       704.66595       65.147324     0.019135381      0.10648684     -0.97477637      0.29750515               0       10.275373        1404.554      -2.7487472       -2.7487472       1414.8294              1404.554                       10.275373
              5       703.91392       65.450158     0.019524228      0.10770811     -0.96461751      0.29851713               0       9.5184218       1403.8069      -2.7487472       -2.7487472       1413.3253             1403.8069                       9.5184218
             16       704.60169       65.178384     0.019091201      0.10667062     -0.97552057      0.29755028               0       10.103763       1404.5971      -2.7487472       -2.7487472       1414.7009             1404.5971                       10.103763
              2       703.74274       65.649674     0.020093343      0.11077211     -0.94069855      0.30513517               0       10.395939        1402.587      -2.7487472       -2.7487472        1412.983              1402.587                       10.395939
              3       703.42063       66.836311     0.021896266      0.11155837     -0.93390528       0.3001925               0       9.7252624       1402.6135      -2.7487472       -2.7487472       1412.3388             1402.6135                       9.7252624
              1       703.32807       65.894437      0.02149507       0.1055664      -0.9145064       0.2941118               0       9.6428095       1402.5108      -2.7487472       -2.7487472       1412.1536             1402.5108                       9.6428095
              6       703.28021        65.97651     0.021556601      0.10595809     -0.91651179      0.29442171               0        9.532835       1402.5251      -2.7487472       -2.7487472       1412.0579             1402.5251                        9.532835
              9       703.28588       65.952321     0.021496549      0.10599382     -0.91701612       0.2945818               0       9.5419792       1402.5273      -2.7487472       -2.7487472       1412.0693             1402.5273                       9.5419792
              6       703.91275       67.724827     0.023715036      0.10974632     -0.91350063      0.29238208               0       10.787003        1402.536      -2.7487472       -2.7487472        1413.323              1402.536                       10.787003
              6       703.59991       65.881098     0.021665396      0.10453679     -0.92763488      0.29225116               0       9.8633264        1402.834      -2.7487472       -2.7487472       1412.6973              1402.834                       9.8633264
             16       703.63763       66.443395     0.023446601      0.10690459     -0.90278611      0.29672366               0       10.241718        1402.531      -2.7487472       -2.7487472       1412.7728              1402.531                       10.241718
             22        703.6054       66.306236     0.023539776      0.10606229     -0.89433039       0.2962486               0       10.066317        1402.642      -2.7487472       -2.7487472       1412.7083              1402.642                       10.066317
              1       703.63174       66.171338     0.023533211      0.10528651     -0.88959319      0.29567099               0       10.044062       1402.7169      -2.7487472       -2.7487472        1412.761             1402.7169                       10.044062
              3       705.55857       68.992864      0.02742183      0.10474983     -0.89387564      0.27902389               0       13.926496       1402.6881      -2.7487472       -2.7487472       1416.6146             1402.6881                       13.926496
              6       705.08552       70.690012     0.028277022      0.11237265     -0.92383036      0.28275286               0       12.182623       1403.4859      -2.7487472       -2.7487472       1415.6685             1403.4859                       12.182623
              9        704.8115       72.822856     0.029340299      0.12520192      -0.9665637      0.29262952               0       10.365637       1404.7549      -2.7487472       -2.7487472       1415.1205             1404.7549                       10.365637
              1       704.97728       70.280921     0.026123266       0.1193846     -0.96874692      0.29588973               0       11.051424       1404.4006      -2.7487472       -2.7487472       1415.4521             1404.4006                       11.051424
             13       703.96388       69.648077     0.024767346      0.12014449     -0.95009177      0.30006254               0       10.398561       1403.0267      -2.7487472       -2.7487472       1413.4253             1403.0267                       10.398561
             10       704.06344       64.732743     0.019816582      0.10113663     -0.91572097      0.29018576               0       10.978972       1402.6454      -2.7487472       -2.7487472       1413.6244             1402.6454                       10.978972
              5       704.04908       64.716815     0.019757815      0.10122684     -0.91673537      0.29040369               0       10.938564       1402.6571      -2.7487472       -2.7487472       1413.5957             1402.6571                       10.938564
             19        704.5772       66.647309     0.020630837      0.11009915     -0.96060431      0.29576351               0       10.729545       1403.9224      -2.7487472       -2.7487472       1414.6519             1403.9224                       10.729545
              8       704.53567       66.714642      0.02068609      0.11049445      -0.9620336      0.29617908               0       10.617791        1403.951      -2.7487472       -2.7487472       1414.5688              1403.951                       10.617791
              2       704.56337       66.846327     0.020876122      0.11165768     -0.97921928       0.2980418               0       9.8488292       1404.7754      -2.7487472       -2.7487472       1414.6242             1404.7754                       9.8488292
              2        705.2235       65.564755      0.02011241      0.11231677     -0.92296232      0.30956376               0       13.230676       1402.7138      -2.7487472       -2.7487472       1415.9445             1402.7138                       13.230676
              1       704.52203       66.141621     0.021671781      0.10257995     -0.92805485      0.28549494               0       11.141005       1403.4005      -2.7487472       -2.7487472       1414.5415             1403.4005                       11.141005
              9       704.29154       65.677227      0.02170419      0.10054712     -0.90872215        0.284909               0        11.33991       1402.7407      -2.7487472       -2.7487472       1414.0806             1402.7407                        11.33991
              3        705.8553        67.18725     0.020671724      0.11555309      -1.0040605      0.30320141               0       11.459445       1405.7486      -2.7487472       -2.7487472       1417.2081             1405.7486                       11.459445
              2       705.45817       66.454858      0.02012507      0.11445439     -0.99343763      0.30619565               0       11.933026       1404.4808      -2.7487472       -2.7487472       1416.4138             1404.4808                       11.933026
              4       703.99604       70.104455     0.029968583      0.11174255     -0.86539011      0.28965586               0       10.400687       1403.0889      -2.7487472       -2.7487472       1413.4896             1403.0889                       10.400687
             10       703.97035       70.001651      0.02934541      0.11030027     -0.87254402      0.28629224               0       10.771672       1402.6665      -2.7487472       -2.7487472       1413.4382             1402.6665                       10.771672
              2       703.54876        69.68145      0.02853279      0.11190011     -0.88225816      0.29055072               0       9.9551205       1402.6399      -2.7487472       -2.7487472        1412.595             1402.6399                       9.9551205
              5       703.43157       70.115585     0.029031404      0.11356812     -0.88044448      0.29137098               0         9.64217       1402.7185      -2.7487472       -2.7487472       1412.3606             1402.7185                         9.64217
              5       703.10671       69.727836     0.026521182      0.11809581     -0.91573957      0.29877003               0       9.2210235       1402.4899      -2.7487472       -2.7487472       1411.7109             1402.4899                       9.2210235
              5       703.27281       69.389844     0.025384367      0.11964798     -0.93424123      0.30255032               0       9.4812319       1402.5619      -2.7487472       -2.7487472       1412.0431             1402.5619                       9.4812319
              7       703.62482        69.32777     0.024623929      0.12074383     -0.94797453      0.30379021               0       9.9949205       1402.7522      -2.7487472       -2.7487472       1412.7471             1402.7522                       9.9949205
             10       704.57103       69.531205     0.029028649      0.11545751     -0.85566371      0.30019161               0       9.7999866       1404.8396      -2.7487472       -2.7487472       1414.6396             1404.8396                       9.7999866
              1       704.50557       65.251026     0.021086947      0.11047528     -0.90646579      0.31051149               0       11.267727       1403.2409      -2.7487472       -2.7487472       1414.5086             1403.2409                       11.267727
              5       704.55403       66.334914     0.023469838        0.110999     -0.88664094      0.30705254               0       10.822781       1403.7828      -2.7487472       -2.7487472       1414.6055             1403.7828                       10.822781
             19       704.90905       65.737475     0.022335289      0.10960832     -0.87740782      0.30681554               0       11.028833       1404.2868      -2.7487472       -2.7487472       1415.3156             1404.2868                       11.028833
              4       704.10585       66.638721     0.022765906      0.11131659     -0.89598414      0.30338922               0       10.683879       1403.0253      -2.7487472       -2.7487472       1413.7092             1403.0253                       10.683879
             12       704.81098       66.764721     0.020267153       0.1122963     -0.98375656      0.29883736               0       10.150678       1404.9688      -2.7487472       -2.7487472       1415.1195             1404.9688                       10.150678
              6       704.85315       67.092266     0.020785084      0.11225105     -0.98262842      0.29697671               0       9.9995063       1405.2043      -2.7487472       -2.7487472       1415.2038             1405.2043                       9.9995063
              5       705.22538       69.367912     0.027234048      0.11245445     -0.92094056       0.2916362               0       13.254012       1402.6943      -2.7487472       -2.7487472       1415.9483             1402.6943                       13.254012
              8       704.40769       71.422712     0.029496643      0.12709307     -0.90907946      0.30822892               0       11.348022       1402.9649      -2.7487472       -2.7487472       1414.3129             1402.9649                       11.348022
             10        709.0124       71.126014      0.02800961      0.12363024     -0.97221911      0.30102135               0       19.602218       1403.9201      -2.7487472       -2.7487472       1423.5223             1403.9201                       19.602218
             34       707.46802        71.00385     0.027965428      0.12283988     -0.96346726      0.30040274               0       16.891452       1403.5421      -2.7487472       -2.7487472       1420.4335             1403.5421                       16.891452
              8       704.52418       70.862025     0.027530209      0.12383186     -0.95076321      0.30271519               0       11.668649       1402.8772      -2.7487472       -2.7487472       1414.5459             1402.8772                       11.668649
             24       703.20905       72.352353     0.029316899      0.12740807       -0.932085      0.30061744               0       9.3396091        1402.576      -2.7487472       -2.7487472       1411.9156              1402.576                       9.3396091
             15       703.99225       72.086907     0.028035339      0.12824137     -0.96601594      0.30197281               0       9.9805274       1403.5015      -2.7487472       -2.7487472        1413.482             1403.5015                       9.9805274
             12       703.26045       69.981735     0.027295026      0.11991836     -0.90547517      0.30190758               0       9.3402499       1402.6781      -2.7487472       -2.7487472       1412.0184             1402.6781                       9.3402499
              9       703.42207       69.986946     0.026603215      0.11866113     -0.91625651       0.2978835               0       9.8538132       1402.4878      -2.7487472       -2.7487472       1412.3416             1402.4878                       9.8538132
              5       703.48997       69.805262     0.026540812      0.11808167     -0.91071359      0.29811891               0       9.9802207       1402.4972      -2.7487472       -2.7487472       1412.4774             1402.4972                       9.9802207
             13       703.11085       68.562552     0.025110166      0.11271819     -0.91816139      0.29457071               0       9.1781318       1402.5411      -2.7487472       -2.7487472       1411.7192             1402.5411                       9.1781318
              9       703.82348       69.760184     0.025137405      0.11843092     -0.95059148      0.29633815               0       9.7874605        1403.357      -2.7487472       -2.7487472       1413.1445              1403.357                       9.7874605
              2        704.1999       68.102086     0.022281902      0.11770343     -0.97215432      0.30321837               0       10.234787       1403.6625      -2.7487472       -2.7487472       1413.8973             1403.6625                       10.234787
              6       704.28342       68.568962     0.022901348      0.12027736     -0.96532154      0.30589523               0       10.933869       1403.1305      -2.7487472       -2.7487472       1414.0643             1403.1305                       10.933869
              4       704.26882       68.646614     0.023038159      0.12044605     -0.96345137      0.30585188               0       10.965956       1403.0692      -2.7487472       -2.7487472       1414.0351             1403.0692                       10.965956
              1       705.68573       69.494376     0.025694033      0.11699562     -0.96165356      0.29678999               0       13.013568       1403.8554      -2.7487472       -2.7487472       1416.8689             1403.8554                       13.013568
              3       704.61156       67.556071     0.023934743       0.1131218     -0.93461396      0.30172224               0       12.137556       1402.5831      -2.7487472       -2.7487472       1414.7206             1402.5831                       12.137556
              2       704.22893       67.497509     0.023467912      0.11431039     -0.93930813      0.30383024               0       11.358787       1402.5966      -2.7487472       -2.7487472       1413.9554             1402.5966                       11.358787
              8       704.59992       67.814242     0.026751798      0.10719443     -0.84757865      0.29266592               0       10.333106       1404.3642      -2.7487472       -2.7487472       1414.6973             1404.3642                       10.333106
              7       704.19779       70.159921     0.028066166      0.11181076     -0.91083857      0.28547182               0       11.127294       1402.7658      -2.7487472       -2.7487472       1413.8931             1402.7658                       11.127294
              7       704.42818       67.299695     0.023607776      0.10636624     -0.93124171       0.2883881               0       11.091881        1403.262      -2.7487472       -2.7487472       1414.3539              1403.262                       11.091881
              3       703.69095       66.835674     0.022037114      0.10960215     -0.94895441      0.29613429               0          9.5754        1403.304      -2.7487472       -2.7487472       1412.8794              1403.304                          9.5754
              8       703.98815       63.974875     0.019788291      0.10227248      -0.8845793      0.29980786               0       10.318336       1403.1555      -2.7487472       -2.7487472       1413.4738             1403.1555                       10.318336
             16       704.87978       64.142008     0.020722052       0.1023409     -0.86308399      0.30068343               0       10.868607       1404.3884      -2.7487472       -2.7487472        1415.257             1404.3884                       10.868607
              3       704.03515       64.891992     0.020339051      0.10885925       -0.909196      0.30834324               0        10.59619       1402.9716      -2.7487472       -2.7487472       1413.5678             1402.9716                        10.59619
              4       704.15234       64.877778     0.019530585      0.11043001     -0.93798456      0.31028942               0       11.226301       1402.5759      -2.7487472       -2.7487472       1413.8022             1402.5759                       11.226301
              1       704.49072       66.704682     0.023190296      0.10303774     -0.91839156       0.2851371               0       11.451208       1403.0277      -2.7487472       -2.7487472       1414.4789             1403.0277                       11.451208
              5       703.76534       70.620017     0.027014011      0.11782444     -0.93608247      0.29171273               0       9.8618242       1403.1664      -2.7487472       -2.7487472       1413.0282             1403.1664                       9.8618242
              4       704.53219       72.983044     0.029591728      0.13439018     -0.92909415      0.30906839               0       11.955317       1402.6066      -2.7487472       -2.7487472       1414.5619             1402.6066                       11.955317
              8       705.16636       73.725264     0.029527807      0.13512851     -0.98755624      0.30411747               0       11.417497       1404.4127      -2.7487472       -2.7487472       1415.8302             1404.4127                       11.417497
              4       703.84876       72.562585     0.028670925      0.13155846     -0.95899901      0.30553368               0       10.245258       1402.9498      -2.7487472       -2.7487472        1413.195             1402.9498                       10.245258
             15       705.41986       71.190808     0.025987236      0.12757293     -0.99480037      0.30426265               0       11.470071       1404.8671      -2.7487472       -2.7487472       1416.3372             1404.8671                       11.470071
              7       705.76827       69.325708     0.023291874      0.12398378      -1.0016296      0.30777806               0       12.256468       1404.7776      -2.7487472       -2.7487472        1417.034             1404.7776                       12.256468
             10         705.253       66.756572     0.021775939      0.11429593     -0.91630899        0.306783               0       13.301406       1402.7021      -2.7487472       -2.7487472       1416.0035             1402.7021                       13.301406
              1       704.33614       66.546722     0.020464149      0.11471197     -0.96065463      0.30669817               0       11.241736        1402.928      -2.7487472       -2.7487472       1414.1698              1402.928                       11.241736
              3       704.56607        67.92084      0.02257945      0.11554325     -0.97532929      0.30080122               0       10.506319       1404.1233      -2.7487472       -2.7487472       1414.6296             1404.1233                       10.506319
              2        703.8935       68.358881     0.023500839      0.11705305     -0.96060702      0.30216122               0       10.033921       1403.2506      -2.7487472       -2.7487472       1413.2845             1403.2506                       10.033921
              3       703.22488       70.530341     0.027206834      0.12046722     -0.93527613      0.29815524               0       9.2294683       1402.7178      -2.7487472       -2.7487472       1411.9472             1402.7178                       9.2294683
              4       703.70079       70.308806      0.02709434      0.12365884     -0.92882468      0.30626596               0       10.357091        1402.542      -2.7487472       -2.7487472       1412.8991              1402.542                       10.357091
              7       703.45118       72.618571     0.029736048      0.13056291     -0.93337846      0.30519466               0       9.8677478       1402.5321      -2.7487472       -2.7487472       1412.3999             1402.5321                       9.8677478
              2        703.8964       72.569801     0.029944733      0.12926574     -0.91171794      0.30353817               0       10.653423       1402.6369      -2.7487472       -2.7487472       1413.2903             1402.6369                       10.653423
              7        703.8494       72.680124     0.028724343      0.13179063     -0.96068018      0.30508689               0       10.165442       1403.0308      -2.7487472       -2.7487472       1413.1963             1403.0308                       10.165442
             15        704.0848       72.532197     0.028083019      0.13200791       -0.963598      0.30552655               0       10.568997       1403.0981      -2.7487472       -2.7487472       1413.6671             1403.0981                       10.568997
              8       704.27706       74.062086     0.029853228      0.13541282     -0.96465022       0.3024692               0       10.658764       1403.3929      -2.7487472       -2.7487472       1414.0516             1403.3929                       10.658764
              2       704.79878       74.485161     0.029874292      0.13616525     -0.98500956       0.3004371               0       10.294359       1404.8007      -2.7487472       -2.7487472        1415.095             1404.8007                       10.294359
              3       704.20721        72.92482     0.028954461      0.13217613     -0.96993569      0.30420052               0       10.451946         1403.46      -2.7487472       -2.7487472       1413.9119               1403.46                       10.451946
              8       705.38946       72.698327     0.028677916      0.13749044     -0.94531458      0.31563107               0       13.616174       1402.6602      -2.7487472       -2.7487472       1416.2764             1402.6602                       13.616174
              5       708.20471       68.207973     0.024310516      0.12578486      -0.9138445       0.3240088               0       17.454381       1404.4525      -2.7487472       -2.7487472       1421.9069             1404.4525                       17.454381
             11        709.4491       69.675469     0.025341962      0.13274945     -0.92100425      0.32697489               0        19.93508       1404.4606      -2.7487472       -2.7487472       1424.3957             1404.4606                        19.93508
              1       705.33135       68.605474     0.025795442       0.1207366       -0.902871       0.3126943               0       12.551585       1403.6086      -2.7487472       -2.7487472       1416.1602             1403.6086                       12.551585
              5       704.93763       68.794397     0.024726231      0.12331222     -0.92998911      0.31416223               0       12.554143       1402.8186      -2.7487472       -2.7487472       1415.3728             1402.8186                       12.554143
              1       704.77191       66.550639     0.023761041      0.10918951     -0.86748005      0.30163709               0        10.81356       1404.2278      -2.7487472       -2.7487472       1415.0413             1404.2278                        10.81356
              1       704.87857       67.416269     0.026831666      0.10250487     -0.85888092      0.28598902               0       12.187094       1403.0675      -2.7487472       -2.7487472       1415.2546             1403.0675                       12.187094
              8       706.15572       67.988388     0.025689963      0.10459513     -0.91451517      0.28324818               0       14.774132       1403.0348      -2.7487472       -2.7487472       1417.8089             1403.0348                       14.774132
              1       704.24283       68.352399     0.026193209      0.10847009     -0.87484645      0.28961038               0        11.21145       1402.7717      -2.7487472       -2.7487472       1413.9832             1402.7717                        11.21145
              7       705.21339       65.586011     0.020344457      0.10677387     -0.96532811      0.29701667               0       11.891632       1404.0326      -2.7487472       -2.7487472       1415.9243             1404.0326                       11.891632
              2       704.88054       67.125405     0.024697397      0.10298858      -0.9025247      0.28480967               0       12.649972       1402.6086      -2.7487472       -2.7487472       1415.2586             1402.6086                       12.649972
              7       705.26457       66.892639     0.023102939      0.10441977     -0.93536102      0.28643035               0       12.361369       1403.6653      -2.7487472       -2.7487472       1416.0266             1403.6653                       12.361369
              3       705.02125       66.754369     0.022299778      0.10624359     -0.95012185      0.28990862               0       11.470611       1404.0694      -2.7487472       -2.7487472         1415.54             1404.0694                       11.470611
              6       704.80388       66.922596     0.024918556      0.10888312     -0.85602486       0.3001938               0       10.290689       1404.8146      -2.7487472       -2.7487472       1415.1053             1404.8146                       10.290689
              1        705.8011       67.462881     0.024563078      0.11738856     -0.88484938       0.3133119               0       12.378695        1404.721      -2.7487472       -2.7487472       1417.0997              1404.721                       12.378695
              4       706.14933       69.910914     0.023885292      0.12960498     -0.97436132       0.3153622               0        14.94164       1402.8545      -2.7487472       -2.7487472       1417.7961             1402.8545                        14.94164
              3       707.40538       68.252796     0.020944106       0.1256392     -0.99856381      0.31604423               0       16.718375       1403.5899      -2.7487472       -2.7487472       1420.3083             1403.5899                       16.718375
              3       704.02699        69.80328     0.026324462      0.12068046     -0.90967653      0.30302539               0       10.901128       1402.6503      -2.7487472       -2.7487472       1413.5515             1402.6503                       10.901128
              1       703.56882       67.655815     0.023615289      0.11486598     -0.91397558      0.30394583               0       10.016633       1402.6185      -2.7487472       -2.7487472       1412.6351             1402.6185                       10.016633
              3       703.20145        67.86133     0.024005088      0.11382086     -0.91530381      0.30068462               0       9.3867171       1402.5137      -2.7487472       -2.7487472       1411.9004             1402.5137                       9.3867171
              1       703.20206       67.866739     0.024002374      0.11383148     -0.91550946      0.30065386               0       9.3896057        1402.512      -2.7487472       -2.7487472       1411.9016              1402.512                       9.3896057
              4       703.48715       66.072589     0.021134296      0.11107855     -0.92824978      0.30432788               0        9.951022       1402.5208      -2.7487472       -2.7487472       1412.4718             1402.5208                        9.951022
              9       703.25158       66.224982      0.02166907      0.11001149      -0.9206214      0.30171521               0       9.4937956       1402.5069      -2.7487472       -2.7487472       1412.0007             1402.5069                       9.4937956
              9       704.01804       64.909338     0.019690803      0.10806834     -0.91909334      0.30476267               0       10.952989       1402.5806      -2.7487472       -2.7487472       1413.5336             1402.5806                       10.952989
              9       704.04645       64.901784     0.019669564       0.1080499     -0.91908243      0.30473941               0       11.010405         1402.58      -2.7487472       -2.7487472       1413.5904               1402.58                       11.010405
              4       705.03762       63.651155     0.019442333      0.10584799     -0.90241394      0.31083649               0       12.135598       1403.4371      -2.7487472       -2.7487472       1415.5727             1403.4371                       12.135598
              9       704.76845       63.586101     0.019313122      0.10540343     -0.90251309      0.31005373               0       11.678392        1403.356      -2.7487472       -2.7487472       1415.0344              1403.356                       11.678392
             19       705.56422       63.152873     0.018366994      0.10628493     -0.91515598      0.31416021               0       13.380203       1403.2457      -2.7487472       -2.7487472       1416.6259             1403.2457                       13.380203
              3       704.52595       63.252817     0.018480927       0.1051844     -0.90961599      0.31070229               0       11.406051       1403.1433      -2.7487472       -2.7487472       1414.5494             1403.1433                       11.406051
              6       705.40984       63.637228     0.016685618      0.10778124     -0.99095804      0.30893916               0       12.342593       1403.9746      -2.7487472       -2.7487472       1416.3172             1403.9746                       12.342593
              3       705.38394       63.721499     0.016965329      0.10778991     -0.98713296      0.30883278               0       12.475977       1403.7894      -2.7487472       -2.7487472       1416.2654             1403.7894                       12.475977
              6       706.74475       69.066299     0.027892614      0.10459062     -0.85927588      0.27908402               0       16.320661       1402.6663      -2.7487472       -2.7487472        1418.987             1402.6663                       16.320661
              1       704.94194       72.362388       0.0271109      0.13347954     -0.97650206       0.3079161               0       11.984224       1403.3971      -2.7487472       -2.7487472       1415.3814             1403.3971                       11.984224
              6       705.02268       72.758206     0.027618317      0.13390598     -0.97288615      0.30633904               0       12.155073       1403.3878      -2.7487472       -2.7487472       1415.5429             1403.3878                       12.155073
              7       704.40517       67.311307     0.022828557      0.10967475     -0.91652206      0.29387105               0       11.770458       1402.5374      -2.7487472       -2.7487472       1414.3078             1402.5374                       11.770458
              3       703.56702       72.627962     0.029299708       0.1267518     -0.93749156      0.29706344               0       9.8010434       1402.8305      -2.7487472       -2.7487472       1412.6315             1402.8305                       9.8010434
              1       703.21186       72.056708     0.029430312      0.12457161     -0.91794111       0.2978448               0       9.4281455       1402.4931      -2.7487472       -2.7487472       1411.9212             1402.4931                       9.4281455
              2        703.1861       72.400217     0.029840078      0.12576142     -0.91963835       0.2980768               0       9.3699936       1402.4997      -2.7487472       -2.7487472       1411.8697             1402.4997                       9.3699936
              6       703.13199       72.401894     0.029926395      0.12518778     -0.91985804      0.29713332               0       9.2504167        1402.511      -2.7487472       -2.7487472       1411.7615              1402.511                       9.2504167
              8       703.10583        72.50153     0.029950982      0.12695566      -0.9283612      0.29972724               0       9.1592391       1402.5499      -2.7487472       -2.7487472       1411.7091             1402.5499                       9.1592391
              9        703.4248        72.91128     0.029844811      0.12699775      -0.9442931      0.29624732               0        9.238162       1403.1089      -2.7487472       -2.7487472       1412.3471             1403.1089                        9.238162
             12       703.57667       72.720277     0.029470771       0.1266307     -0.95000146      0.29640418               0        9.324965       1403.3259      -2.7487472       -2.7487472       1412.6508             1403.3259                        9.324965
              1       703.68379       72.854385     0.029640515      0.12640961     -0.95077447      0.29521723               0       9.3875044       1403.4776      -2.7487472       -2.7487472       1412.8651             1403.4776                       9.3875044
              3       704.20897       72.290618     0.027859241      0.12701304     -0.96228849       0.2975859               0       10.119999       1403.7954      -2.7487472       -2.7487472       1413.9154             1403.7954                       10.119999
              1       703.86746       71.577431     0.027688259      0.12353516     -0.94077654      0.29642361               0       10.261126       1402.9713      -2.7487472       -2.7487472       1413.2324             1402.9713                       10.261126
             17       703.97049       71.718538     0.027942121      0.12353577     -0.93786899      0.29575306               0       10.515669       1402.9228      -2.7487472       -2.7487472       1413.4385             1402.9228                       10.515669
              5       704.36859       72.236507     0.028606552      0.12353982     -0.93860765      0.29280799               0       11.060964       1403.1737      -2.7487472       -2.7487472       1414.2347             1403.1737                       11.060964
              4       704.30981       71.864879     0.028598887      0.12096254     -0.92894252      0.29083899               0       11.146097        1402.971      -2.7487472       -2.7487472       1414.1171              1402.971                       11.146097
              1       703.10279        70.88019      0.02771189      0.12235648     -0.92818464        0.299985               0        9.159902       1402.5432      -2.7487472       -2.7487472       1411.7031             1402.5432                        9.159902
              4       703.13043       71.534785     0.028502147      0.12416663     -0.93174925      0.29960164               0       9.1608133       1402.5975      -2.7487472       -2.7487472       1411.7584             1402.5975                       9.1608133
              2       704.18584       68.509287     0.026585721      0.10614477     -0.88927861      0.28416745               0       11.393137        1402.476      -2.7487472       -2.7487472       1413.8692              1402.476                       11.393137
              5       704.65322       69.299985     0.027803366      0.10690547     -0.88754885      0.28183928               0       12.306346       1402.4976      -2.7487472       -2.7487472       1414.8039             1402.4976                       12.306346
              9       705.81339       68.432152     0.025215236      0.10602847     -0.92997243      0.28163354               0       13.169341       1403.9549      -2.7487472       -2.7487472       1417.1243             1403.9549                       13.169341
              1       705.78215       67.727343     0.025613011      0.10163153      -0.8775305      0.27880723               0       14.575511       1402.4863      -2.7487472       -2.7487472       1417.0618             1402.4863                       14.575511
              4       705.21218       68.161981     0.026255992      0.10387136     -0.87429047      0.28146776               0       13.419227       1402.5026      -2.7487472       -2.7487472       1415.9218             1402.5026                       13.419227
              1       704.84917       68.395596     0.025720633      0.10607538     -0.89418814      0.28311532               0       12.660068       1402.5358      -2.7487472       -2.7487472       1415.1958             1402.5358                       12.660068
              3        704.6865       68.137666     0.025368614      0.10576714      -0.8939422      0.28384067               0       12.355881       1402.5146      -2.7487472       -2.7487472       1414.8705             1402.5146                       12.355881
              3       704.72269       68.114118     0.025339751      0.10567763      -0.8935447      0.28378182               0        12.43103       1402.5118      -2.7487472       -2.7487472       1414.9429             1402.5118                        12.43103
              6       704.38625       68.207734     0.025087425      0.10711556     -0.90282258       0.2855518               0       11.683918       1402.5861      -2.7487472       -2.7487472         1414.27             1402.5861                       11.683918
              3       704.22541       68.020083     0.024897474      0.10693851     -0.90092551      0.28633629               0       11.414948       1402.5334      -2.7487472       -2.7487472       1413.9483             1402.5334                       11.414948
              2       703.82472       68.735778     0.025127277      0.11071483     -0.92579124       0.2888838               0         10.1412       1403.0057      -2.7487472       -2.7487472       1413.1469             1403.0057                         10.1412
              3       703.80504       68.737456     0.025117754      0.11080902     -0.92646785      0.28904888               0       10.090255       1403.0173      -2.7487472       -2.7487472       1413.1076             1403.0173                       10.090255
              3       703.80378        68.69151     0.025025596      0.11077199     -0.92726759       0.2891619               0       10.067512       1403.0375      -2.7487472       -2.7487472       1413.1051             1403.0375                       10.067512
              4       705.28303       71.085655      0.02523086      0.12576543     -0.99198362      0.30008967               0       10.691895       1405.3717      -2.7487472       -2.7487472       1416.0635             1405.3717                       10.691895
              6       704.24482       71.247514     0.026361795      0.12517118      -0.9641633        0.299785               0       10.345446       1403.6417      -2.7487472       -2.7487472       1413.9871             1403.6417                       10.345446
              3       704.21656       71.305707     0.026447192      0.12553317     -0.96369353       0.3001758               0       10.353883       1403.5767      -2.7487472       -2.7487472       1413.9306             1403.5767                       10.353883
              3       703.53524       70.799361     0.029274646      0.11487322     -0.89959603      0.28885899               0       10.091625       1402.4763      -2.7487472       -2.7487472        1412.568             1402.4763                       10.091625
              2        704.2469        70.02845     0.027672659      0.11316209     -0.92163657      0.28849786               0       11.097494       1402.8938      -2.7487472       -2.7487472       1413.9913             1402.8938                       11.097494
              2       704.25733       69.948147     0.027638137      0.11269772     -0.91985307      0.28814101               0       11.150359       1402.8618      -2.7487472       -2.7487472       1414.0122             1402.8618                       11.150359
              2       704.48436       69.743301      0.02687906      0.11261337     -0.93132396      0.28810213               0       11.172812       1403.2934      -2.7487472       -2.7487472       1414.4662             1403.2934                       11.172812
             10       704.32266       69.625219      0.02675609      0.11260822     -0.92994433       0.2888159               0        10.97304       1403.1698      -2.7487472       -2.7487472       1414.1428             1403.1698                        10.97304
              1       705.34761       69.668588     0.026257382      0.11359604      -0.9498412      0.28946413               0       12.078808       1404.1139      -2.7487472       -2.7487472       1416.1927             1404.1139                       12.078808
              1       705.78503       65.238707      0.01798576      0.11435093     -0.98676063      0.31244842               0       13.649613       1403.4179      -2.7487472       -2.7487472       1417.0676             1403.4179                       13.649613
              1       706.25064       71.409623     0.025020265       0.1333376      -1.0069691      0.31180933               0       13.474258       1404.5245      -2.7487472       -2.7487472       1417.9988             1404.5245                       13.474258
              3       706.64991       71.334922     0.024720133      0.13399495      -1.0092151      0.31316469               0       14.325551       1404.4718      -2.7487472       -2.7487472       1418.7973             1404.4718                       14.325551
              5       705.44861       71.101067     0.025077517      0.12967354     -0.99963082      0.30738688               0       11.688878       1404.7058      -2.7487472       -2.7487472       1416.3947             1404.7058                       11.688878
              2       705.19992       71.016592     0.025124628      0.12942082     -0.99239748      0.30771092               0       11.685392       1404.2119      -2.7487472       -2.7487472       1415.8973             1404.2119                       11.685392
              5       705.77039       70.067992     0.023681629       0.1283508     -0.99902082      0.31098041               0       12.870556       1404.1677      -2.7487472       -2.7487472       1417.0383             1404.1677                       12.870556
              5       707.09644       70.046012      0.02485825      0.13212741     -0.95092492      0.32127098               0        16.86915       1402.8212      -2.7487472       -2.7487472       1419.6904             1402.8212                        16.86915
              3       707.28725       69.733032     0.024309742      0.13179008     -0.95787034      0.32233964               0       17.292928       1402.7791      -2.7487472       -2.7487472        1420.072             1402.7791                       17.292928
              4       706.20065       68.871261     0.022850659      0.12678749     -0.96814689      0.31683394               0       15.186476       1402.7123      -2.7487472       -2.7487472       1417.8988             1402.7123                       15.186476
             11       703.39804       68.832361     0.024784975       0.1141756      -0.9307269      0.29465562               0        9.512215       1402.7814      -2.7487472       -2.7487472       1412.2936             1402.7814                        9.512215
              4       703.23894       68.203327     0.024006976      0.11366066     -0.92834143      0.29733636               0       9.3633366        1402.612      -2.7487472       -2.7487472       1411.9754              1402.612                       9.3633366
              2       703.41421       68.355899     0.024063116      0.11393451     -0.92948319      0.29671675               0       9.6703608       1402.6555      -2.7487472       -2.7487472       1412.3259             1402.6555                       9.6703608
              3       703.49664       68.335871       0.0241365       0.1135817     -0.92510511      0.29629233               0       9.8985655       1402.5922      -2.7487472       -2.7487472       1412.4908             1402.5922                       9.8985655
              8       703.68159       68.622659     0.024262576      0.11473368     -0.92966875      0.29653501               0       10.194037       1402.6666      -2.7487472       -2.7487472       1412.8607             1402.6666                       10.194037
              1       704.04735       68.612672     0.023579787      0.11442517     -0.95615215      0.29451564               0       9.7628651       1403.8293      -2.7487472       -2.7487472       1413.5922             1403.8293                       9.7628651
              2       703.98004       68.446268     0.023232013      0.11505212     -0.96188789      0.29654532               0       9.5596859       1403.8979      -2.7487472       -2.7487472       1413.4576             1403.8979                       9.5596859
             15       703.98608       68.444742     0.023219337      0.11507811     -0.96209407      0.29658696               0       9.5654353       1403.9042      -2.7487472       -2.7487472       1413.4697             1403.9042                       9.5654353
              3       703.47487       66.269044     0.021525297       0.1092515     -0.92140866      0.29925619               0       9.9462594        1402.501      -2.7487472       -2.7487472       1412.4472              1402.501                       9.9462594
              1       703.46319       65.609879     0.020738781      0.10699739      -0.9201257      0.29823592               0       9.9228253       1402.5011      -2.7487472       -2.7487472       1412.4239             1402.5011                       9.9228253
              6       705.74357       65.531206     0.018117475      0.11413156     -0.99885901       0.3094613               0       12.628914       1404.3557      -2.7487472       -2.7487472       1416.9846             1404.3557                       12.628914
              1        704.7793       65.085663     0.018268289      0.11140924      -0.9844212      0.30764223               0       11.270003       1403.7861      -2.7487472       -2.7487472       1415.0561             1403.7861                       11.270003
              1       704.30718       70.369139     0.028153854      0.11990962      -0.8841258      0.30030926               0       10.897635       1403.2142      -2.7487472       -2.7487472       1414.1119             1403.2142                       10.897635
              2        703.7625       71.290639     0.029225819      0.11829288     -0.89770387      0.29152397               0       10.546315       1402.4762      -2.7487472       -2.7487472       1413.0225             1402.4762                       10.546315
              4        703.6356       71.564404     0.029351214      0.11940194     -0.90473217      0.29170818               0       10.293182       1402.4755      -2.7487472       -2.7487472       1412.7687             1402.4755                       10.293182
              1       703.15944       71.855236     0.029544325      0.12190019     -0.91383982       0.2945642               0       9.3176365       1402.4987      -2.7487472       -2.7487472       1411.8164             1402.4987                       9.3176365
              2       704.08335       71.742531     0.027266838      0.12619261     -0.97036278       0.2994052               0        9.645841       1404.0183      -2.7487472       -2.7487472       1413.6642             1404.0183                        9.645841
              5       704.20001       73.643048     0.029417949      0.13233137     -0.96851117      0.29943669               0       9.9864724        1403.911      -2.7487472       -2.7487472       1413.8975              1403.911                       9.9864724
              1       704.40259       71.578309      0.02684723      0.12431687     -0.97096506      0.29630056               0       9.8169653       1404.4857      -2.7487472       -2.7487472       1414.3027             1404.4857                       9.8169653
              2       704.41593        71.58643     0.026847084       0.1243501     -0.97134171       0.2962979               0       9.8182863       1404.5111      -2.7487472       -2.7487472       1414.3294             1404.5111                       9.8182863
             13       704.43613       70.811721     0.026149383      0.12410228     -0.97564905      0.30093095               0       10.243433       1404.1263      -2.7487472       -2.7487472       1414.3697             1404.1263                       10.243433
              5       704.35371       69.498764     0.023991342      0.12351537     -0.97303651      0.30672557               0       10.846304       1403.3586      -2.7487472       -2.7487472       1414.2049             1403.3586                       10.846304
              3        704.3152       69.476097     0.024011896      0.12335749     -0.97253963      0.30664124               0       10.782267       1403.3456      -2.7487472       -2.7487472       1414.1279             1403.3456                       10.782267
              1       704.16321       70.123552     0.025472279      0.11992114     -0.96769724      0.29698653               0       9.6441392       1404.1798      -2.7487472       -2.7487472       1413.8239             1404.1798                       9.6441392
              2       703.81153       69.086749     0.024900017        0.116236     -0.95195935      0.29704752               0       9.7711428       1403.3494      -2.7487472       -2.7487472       1413.1205             1403.3494                       9.7711428
             10       703.04552        71.50244     0.029733641      0.12130071     -0.90230655       0.2966759               0       9.0540863       1402.5345      -2.7487472       -2.7487472       1411.5885             1402.5345                       9.0540863
              4       703.05302       71.495669     0.029746476      0.12148814     -0.90205282      0.29712388               0       9.0535739         1402.55      -2.7487472       -2.7487472       1411.6035               1402.55                       9.0535739
              6       703.06789       71.263725     0.029479911      0.12092644     -0.90115072      0.29743022               0       9.0616546       1402.5716      -2.7487472       -2.7487472       1411.6333             1402.5716                       9.0616546
              2       703.26959        70.74931      0.02946321      0.11792581     -0.88450482      0.29574308               0        9.180352       1402.8563      -2.7487472       -2.7487472       1412.0367             1402.8563                        9.180352
              5       703.24316       70.868226       0.0296164      0.11826515     -0.88591714      0.29573208               0       9.1692064       1402.8146      -2.7487472       -2.7487472       1411.9838             1402.8146                       9.1692064
             13       703.17139       70.610246     0.028940188      0.11882366     -0.89379545      0.29766092               0       9.1206763       1402.7196      -2.7487472       -2.7487472       1411.8403             1402.7196                       9.1206763
              1       703.52118       71.991236     0.029310948      0.12558821     -0.93647605      0.30011799               0       9.8780054       1402.6619      -2.7487472       -2.7487472       1412.5399             1402.6619                       9.8780054
              6       703.47088       72.009458     0.029479198      0.12490315      -0.9336258      0.29896944               0       9.7890933       1402.6502      -2.7487472       -2.7487472       1412.4393             1402.6502                       9.7890933
              1       703.49673       72.027764     0.029464541       0.1250573     -0.93469851      0.29908638               0       9.8245013       1402.6664      -2.7487472       -2.7487472       1412.4909             1402.6664                       9.8245013
              4       703.55568       71.878354      0.02944794      0.12564518      -0.9295801       0.3014368               0       10.074544       1402.5343      -2.7487472       -2.7487472       1412.6089             1402.5343                       10.074544
              1       705.12942       70.974429     0.029345514      0.12535524     -0.87735086      0.30838494               0       11.252351        1404.504      -2.7487472       -2.7487472       1415.7563              1404.504                       11.252351
             17       705.51792       67.830735     0.027241922      0.11002697     -0.83751677      0.29974519               0       10.217942       1406.3154      -2.7487472       -2.7487472       1416.5333             1406.3154                       10.217942
              1       705.36518       68.216779     0.027129658      0.10409217     -0.85278897      0.28336767               0       13.113599       1403.1143      -2.7487472       -2.7487472       1416.2279             1403.1143                       13.113599
              2       705.36725       70.991137     0.029098831      0.11633979      -0.8809157       0.2898616               0       13.593572       1402.6384      -2.7487472       -2.7487472        1416.232             1402.6384                       13.593572
              5       705.07903       70.416164     0.028372833      0.11506369     -0.88069982      0.29057681               0       12.981279       1402.6743      -2.7487472       -2.7487472       1415.6556             1402.6743                       12.981279
              4       703.66434        67.27553     0.024072965      0.10794703     -0.89109136      0.29311583               0       10.248458       1402.5777      -2.7487472       -2.7487472       1412.8262             1402.5777                       10.248458
              7       705.17155       66.837431     0.021108796      0.11281254     -0.98279211      0.30122716               0       11.315152       1404.5254      -2.7487472       -2.7487472       1415.8406             1404.5254                       11.315152
              1       705.35554        68.76961     0.025799556      0.11725282     -0.93107093       0.3038457               0       13.683238       1402.5253      -2.7487472       -2.7487472       1416.2086             1402.5253                       13.683238
              9       706.70235       69.909206     0.026623973      0.12718625     -0.89757465      0.31603226               0       14.603405       1404.2988      -2.7487472       -2.7487472       1418.9022             1404.2988                       14.603405
              1       706.38717       71.792806     0.027365877      0.13485849     -0.93686847       0.3159914               0       15.486933       1402.7849      -2.7487472       -2.7487472       1418.2718             1402.7849                       15.486933
              1       706.93861        72.19784     0.028247454        0.135924     -0.92366215      0.31619127               0       16.249078       1403.1256      -2.7487472       -2.7487472       1419.3747             1403.1256                       16.249078
              5       704.19898       70.217912     0.028544632      0.11254842     -0.90749951      0.28746701               0       11.298063       1402.5974      -2.7487472       -2.7487472       1413.8954             1402.5974                       11.298063
              7       703.51692       68.627301       0.0257153      0.11297162     -0.91882908      0.29583809               0       10.009286       1402.5221      -2.7487472       -2.7487472       1412.5313             1402.5221                       10.009286
              1       703.19562       70.053438     0.028217554      0.11732425     -0.89236155      0.29788367               0       9.1219552       1402.7668      -2.7487472       -2.7487472       1411.8887             1402.7668                       9.1219552
             21       703.72236       69.148363     0.027623893        0.115235     -0.87905688       0.3001216               0       9.5242774       1403.4179      -2.7487472       -2.7487472       1412.9422             1403.4179                       9.5242774
              3       703.74523       68.922205     0.026714932      0.11541472     -0.88117859      0.30055929               0       9.6243487       1403.3636      -2.7487472       -2.7487472        1412.988             1403.3636                       9.6243487
              6       703.02521       68.568383      0.02553504      0.11305666      -0.9075228       0.2961442               0        9.061988       1402.4859      -2.7487472       -2.7487472       1411.5479             1402.4859                        9.061988
              2       703.02133       68.551756     0.025489158      0.11308186     -0.90829712      0.29624386               0       9.0558523       1402.4843      -2.7487472       -2.7487472       1411.5402             1402.4843                       9.0558523
             14       703.77257       66.246538     0.022374944      0.11032796      -0.8978187      0.30384844               0       10.043776       1402.9989      -2.7487472       -2.7487472       1413.0426             1402.9989                       10.043776
              1       703.74285       67.421798     0.022551628      0.11581747     -0.94901309      0.30581268               0       10.288983       1402.6942      -2.7487472       -2.7487472       1412.9832             1402.6942                       10.288983
              5       703.85085       66.726332     0.024344787      0.10884023      -0.8823078      0.30057733               0       9.8829006       1403.3163      -2.7487472       -2.7487472       1413.1992             1403.3163                       9.8829006
              1       703.87848       66.657524     0.024120248      0.10904249     -0.88694147      0.30114806               0       10.079256       1403.1752      -2.7487472       -2.7487472       1413.2545             1403.1752                       10.079256
              2       704.07889       69.679959     0.027172077      0.11733909     -0.92204408      0.29896278               0       11.148958       1402.5063      -2.7487472       -2.7487472       1413.6553             1402.5063                       11.148958
              7        704.6141       69.447738      0.02700869      0.11703519     -0.92192074      0.29999662               0       12.225426       1402.5003      -2.7487472       -2.7487472       1414.7257             1402.5003                       12.225426
              2       705.59372       69.301553     0.029797501      0.10958921     -0.85678379      0.29156661               0       13.017886       1403.6671      -2.7487472       -2.7487472       1416.6849             1403.6671                       13.017886
              6       704.81132       68.385216     0.028118572      0.10494438     -0.86061182      0.28591041               0       12.123901       1402.9962      -2.7487472       -2.7487472       1415.1201             1402.9962                       12.123901
              4       705.01104       69.263784     0.029742453       0.1059626     -0.85068426       0.2842105               0        12.24764       1403.2719      -2.7487472       -2.7487472       1415.5196             1403.2719                        12.24764
              1       704.61631       68.249662     0.027706206      0.10508291     -0.84759142       0.2864594               0       11.092966       1403.6371      -2.7487472       -2.7487472       1414.7301             1403.6371                       11.092966
              1       704.89428       69.087976      0.02910819      0.10645457     -0.84300125      0.28536071               0       11.505675       1403.7804      -2.7487472       -2.7487472        1415.286             1403.7804                       11.505675
              4       703.65025        72.43961     0.029530552      0.13097748      -0.9303991      0.30710291               0       10.248558       1402.5494      -2.7487472       -2.7487472        1412.798             1402.5494                       10.248558
              2       703.28764       69.333129     0.025910438      0.11941562     -0.92027903       0.3036565               0        9.532939       1402.5398      -2.7487472       -2.7487472       1412.0728             1402.5398                        9.532939
              6       703.51136       69.257305     0.026070865      0.11897767     -0.90706336      0.30374318               0       9.7832595        1402.737      -2.7487472       -2.7487472       1412.5202              1402.737                       9.7832595
              4       703.33772       69.246195      0.02621562      0.11374663     -0.92227658      0.29323326               0        9.520893        1402.652      -2.7487472       -2.7487472       1412.1729              1402.652                        9.520893
              4       704.03946       67.659257     0.025873069      0.10778585     -0.88705733      0.29338063               0       10.913181       1402.6632      -2.7487472       -2.7487472       1413.5764             1402.6632                       10.913181
              4       703.99445       69.680348     0.028578918       0.1104201     -0.88735486      0.28760672               0        10.99904       1402.4874      -2.7487472       -2.7487472       1413.4864             1402.4874                        10.99904
              1       705.24489       68.662784     0.026106025      0.10871952       -0.923049      0.28734213               0       12.961524       1403.0257      -2.7487472       -2.7487472       1415.9873             1403.0257                       12.961524
              3       705.96374        69.02131     0.026784061      0.10913325     -0.92306138      0.28665645               0        14.34375       1403.0812      -2.7487472       -2.7487472        1417.425             1403.0812                        14.34375
              2       704.38619       68.352945     0.025154413      0.11303056     -0.93135525      0.29714339               0       11.593582       1402.6763      -2.7487472       -2.7487472       1414.2699             1402.6763                       11.593582
              1       704.65244       68.254218     0.025220503      0.11277411     -0.92837765        0.297595               0       12.198081       1402.6043      -2.7487472       -2.7487472       1414.8024             1402.6043                       12.198081
              4       705.10675       68.385684     0.025710123       0.1113766     -0.92463353      0.29451056               0       13.063837       1402.6472      -2.7487472       -2.7487472        1415.711             1402.6472                       13.063837
              2       704.41729       68.328722     0.025787602      0.11156628     -0.91592879      0.29557402               0       11.831008       1402.5011      -2.7487472       -2.7487472       1414.3321             1402.5011                       11.831008
              2       704.13972       68.664222     0.026094747      0.11210838     -0.91748159       0.2944939               0       11.242278       1402.5347      -2.7487472       -2.7487472       1413.7769             1402.5347                       11.242278
              8       703.35531       68.713723     0.026969322      0.11048661     -0.88410173      0.29248724               0       9.5213349       1402.6868      -2.7487472       -2.7487472       1412.2081             1402.6868                       9.5213349
              1       703.14119       70.283668     0.028491188      0.11639436     -0.89756942      0.29460679               0       9.2463364       1402.5335      -2.7487472       -2.7487472       1411.7799             1402.5335                       9.2463364
              2       703.15011       70.276204      0.02857657      0.11650013     -0.89433705      0.29505641               0       9.2041761       1402.5935      -2.7487472       -2.7487472       1411.7977             1402.5935                       9.2041761
              4        703.9217       70.041023     0.028962946      0.11528655     -0.88989587        0.295355               0       10.647596       1402.6933      -2.7487472       -2.7487472       1413.3409             1402.6933                       10.647596
              3       703.91577       70.050259     0.028898223      0.11548511     -0.89179488      0.29554987               0       10.667692       1402.6613      -2.7487472       -2.7487472        1413.329             1402.6613                       10.667692
              4       703.97136       68.901225     0.025365647      0.11760574      -0.9366159      0.30251541               0       10.849014       1402.5912      -2.7487472       -2.7487472       1413.4402             1402.5912                       10.849014
              1       703.69102       68.640649     0.024647036      0.11768957     -0.94096787      0.30346932               0       10.249746       1402.6298      -2.7487472       -2.7487472       1412.8795             1402.6298                       10.249746
              5       703.44611       68.712701     0.025028397      0.11701954     -0.93226896       0.3022218               0        9.842394       1402.5473      -2.7487472       -2.7487472       1412.3897             1402.5473                        9.842394
              3        703.4492       68.666614     0.025211431      0.11649451     -0.92694429      0.30190231               0        9.882058       1402.5138      -2.7487472       -2.7487472       1412.3959             1402.5138                        9.882058
              1       705.31083       69.728391     0.027037753      0.11192135        -0.93383      0.28712844               0       12.609543       1403.5096      -2.7487472       -2.7487472       1416.1192             1403.5096                       12.609543
              3       705.53279       67.615315     0.022872046      0.11013136      -0.9669024      0.29232827               0       11.737699       1404.8254      -2.7487472       -2.7487472       1416.5631             1404.8254                       11.737699
              1       703.78116       68.695942     0.023835359      0.12011544     -0.95270286      0.30640152               0       10.314192       1402.7456      -2.7487472       -2.7487472       1413.0598             1402.7456                       10.314192
              1       704.34606       69.458716     0.023930875      0.12185584     -0.97825109      0.30351425               0       10.244159       1403.9455      -2.7487472       -2.7487472       1414.1896             1403.9455                       10.244159
              2       703.63045       71.155764     0.027214979      0.12294414     -0.95455266      0.29784515               0        9.370133       1403.3883      -2.7487472       -2.7487472       1412.7584             1403.3883                        9.370133
             10       705.02614       74.401649     0.029495392      0.13981675     -0.99042854      0.30702384               0       11.360585       1404.1892      -2.7487472       -2.7487472       1415.5498             1404.1892                       11.360585
              1       706.11412       70.423173     0.025675798      0.13184213     -0.95885745      0.31891221               0       15.054265       1402.6715      -2.7487472       -2.7487472       1417.7257             1402.6715                       15.054265
              9        706.0788        69.15627     0.024156416      0.12664855     -0.93853436      0.31666756               0       14.864073        1402.791      -2.7487472       -2.7487472       1417.6551              1402.791                       14.864073
              4       704.26975       67.376494     0.022805581      0.10784058     -0.93119454      0.28921168               0       10.851731       1403.1853      -2.7487472       -2.7487472        1414.037             1403.1853                       10.851731
              3       704.18101       69.849752     0.025200422      0.12307118     -0.96556786      0.30521852               0       10.668017       1403.1915      -2.7487472       -2.7487472       1413.8595             1403.1915                       10.668017
              2        704.2966       69.785548     0.024662405      0.12332317     -0.97405532      0.30519306               0       10.542971       1403.5477      -2.7487472       -2.7487472       1414.0907             1403.5477                       10.542971
              2       704.98401       73.670518     0.029295145      0.13214079     -0.98775072      0.29863601               0       10.158604       1405.3069      -2.7487472       -2.7487472       1415.4655             1405.3069                       10.158604
              2       704.68044       74.064563     0.029592295      0.13335754     -0.97718669       0.2982266               0       10.247862       1404.6105      -2.7487472       -2.7487472       1414.8584             1404.6105                       10.247862
              1       707.42053       73.056243     0.026394234      0.13781866       -1.008032      0.30888215               0       15.296634       1405.0419      -2.7487472       -2.7487472       1420.3385             1405.0419                       15.296634
              2       706.36707       73.794155     0.028391144      0.13957849     -0.97547761      0.30963434               0        15.01659        1403.215      -2.7487472       -2.7487472       1418.2316              1403.215                        15.01659
              3       706.28326       73.477839     0.028067318      0.13881959     -0.97418502      0.31030054               0       14.942565       1403.1215      -2.7487472       -2.7487472        1418.064             1403.1215                       14.942565
              1        706.7646       70.009002     0.024340643      0.12747258     -0.95138527      0.31105745               0        16.41491       1402.6118      -2.7487472       -2.7487472       1419.0267             1402.6118                        16.41491
              5       706.80548       69.960135     0.024451085       0.1279229     -0.94684631      0.31263786               0       16.515593       1402.5929      -2.7487472       -2.7487472       1419.1085             1402.5929                       16.515593
              1       706.80446       69.829195     0.024308247      0.12738901     -0.94610657      0.31242361               0       16.515828       1402.5906      -2.7487472       -2.7487472       1419.1064             1402.5906                       16.515828
              4       707.26723       70.050625     0.022767254      0.12980599      -1.0146279      0.31223674               0       15.077546       1404.9544      -2.7487472       -2.7487472        1420.032             1404.9544                       15.077546
              5       710.53618       71.267685     0.022956918      0.13852163      -1.0511314      0.31919677               0       20.129265       1406.4406      -2.7487472       -2.7487472       1426.5699             1406.4406                       20.129265
             14       710.52554       71.271199     0.022960706      0.13849134      -1.0510614      0.31911312               0       20.096694       1406.4519      -2.7487472       -2.7487472       1426.5486             1406.4519                       20.096694
              1       711.14554       71.286128     0.022766442      0.13907989      -1.0543755      0.31975536               0       21.193478       1406.5951      -2.7487472       -2.7487472       1427.7886             1406.5951                       21.193478
             12       709.97307       66.945909     0.018380345      0.12169765      -1.0184503      0.31398892               0       20.509556       1404.9341      -2.7487472       -2.7487472       1425.4436             1404.9341                       20.509556
              1       708.62718       66.898894     0.018481818      0.12112999      -1.0270097      0.31338874               0       17.105816        1405.646      -2.7487472       -2.7487472       1422.7519              1405.646                       17.105816
              2       706.87926       66.114684     0.018276978      0.11680618      -1.0066109      0.31050697               0       14.567593       1404.6884      -2.7487472       -2.7487472        1419.256             1404.6884                       14.567593
              3       704.34857        65.48395     0.019000791      0.11143688     -0.96784456      0.30568397               0       10.955491       1403.2391      -2.7487472       -2.7487472       1414.1946             1403.2391                       10.955491
              8       704.37922       66.555619     0.020427572      0.11429677     -0.96061512       0.3055963               0       11.262025       1402.9939      -2.7487472       -2.7487472       1414.2559             1402.9939                       11.262025
              2       703.42807       68.072624     0.023232978      0.11550583     -0.94430933      0.30079087               0       9.5458193       1402.8078      -2.7487472       -2.7487472       1412.3536             1402.8078                       9.5458193
              6       703.24304       69.918383     0.026216913      0.11991087     -0.92734784      0.30023424               0       9.4523773       1402.5312      -2.7487472       -2.7487472       1411.9836             1402.5312                       9.4523773
              2       704.69895       71.261496     0.027160773       0.1217088     -0.93700738      0.29442259               0       11.908849       1402.9866      -2.7487472       -2.7487472       1414.8954             1402.9866                       11.908849
              1       704.94896       71.235069     0.027046245      0.12141363     -0.93797405      0.29383371               0        12.33044        1403.065      -2.7487472       -2.7487472       1415.3954              1403.065                        12.33044
              2       706.12286       71.674073     0.025445366      0.12816357      -1.0003687      0.30026841               0       11.721154       1406.0221      -2.7487472       -2.7487472       1417.7432             1406.0221                       11.721154
              1       706.67207        72.33494     0.026062193      0.12944861      -1.0123139      0.29844167               0       11.284709       1407.5569      -2.7487472       -2.7487472       1418.8416             1407.5569                       11.284709
              3       706.13628       72.439383     0.026615586      0.12857991      -1.0023099      0.29698083               0       10.859291       1406.9108      -2.7487472       -2.7487472         1417.77             1406.9108                       10.859291
              2       705.57406       68.141237     0.027994193      0.11001394     -0.83395516      0.29861179               0       10.194606        1406.451      -2.7487472       -2.7487472       1416.6456              1406.451                       10.194606
              3       705.51796       68.108829     0.027943976      0.10993659     -0.83495147      0.29862104               0       10.178068       1406.3553      -2.7487472       -2.7487472       1416.5334             1406.3553                       10.178068
             16        705.4505       71.110591     0.029651959      0.12558539     -0.90508915      0.30826624               0       13.301828       1403.0967      -2.7487472       -2.7487472       1416.3985             1403.0967                       13.301828
             10       706.87338       70.083857     0.029234108      0.12223144     -0.88437218      0.30968551               0       15.006995       1404.2373      -2.7487472       -2.7487472       1419.2443             1404.2373                       15.006995
              5        707.2383       69.941473     0.029117157      0.12213701      -0.8825999      0.31051556               0       15.511783       1404.4623      -2.7487472       -2.7487472       1419.9741             1404.4623                       15.511783
              9       707.58513       71.766394     0.029933497      0.13259502     -0.91703997      0.31681454               0       17.246671       1403.4211      -2.7487472       -2.7487472       1420.6678             1403.4211                       17.246671
              2       707.81188       71.676534     0.029942235      0.13229463     -0.91443312      0.31704174               0       17.567691       1403.5536      -2.7487472       -2.7487472       1421.1213             1403.5536                       17.567691
              5       708.43834       68.461601     0.025722225      0.12343164       -0.909746      0.31960379               0       18.289708       1404.0845      -2.7487472       -2.7487472       1422.3742             1404.0845                       18.289708
              1        705.7819       69.905878     0.026753751      0.12676909     -0.90439884      0.31547428               0       13.210552       1403.8507      -2.7487472       -2.7487472       1417.0613             1403.8507                       13.210552
              1       704.70239       68.372759     0.023629795        0.122039     -0.93786872      0.31297994               0       12.258023       1402.6442      -2.7487472       -2.7487472       1414.9023             1402.6442                       12.258023
              2       704.41643       67.686285      0.02333345      0.11849928     -0.92177033      0.31098754               0       11.517113       1402.8133      -2.7487472       -2.7487472       1414.3304             1402.8133                       11.517113
              4       703.96863       71.365231     0.029625983      0.12568886     -0.90026124      0.30622245               0       10.335541       1403.0992      -2.7487472       -2.7487472       1413.4348             1403.0992                       10.335541
              3       703.93332       71.155762      0.02888416      0.12602613      -0.9106402      0.30722901               0       10.510787       1402.8533      -2.7487472       -2.7487472       1413.3641             1402.8533                       10.510787
              4       704.33688       70.890461     0.028586412      0.12626929       -0.906442      0.30942424               0       11.026181       1403.1451      -2.7487472       -2.7487472       1414.1713             1403.1451                       11.026181
              6       704.22188       70.317676     0.027969394      0.12392893     -0.90241847      0.30850466               0       10.727197       1403.2141      -2.7487472       -2.7487472       1413.9413             1403.2141                       10.727197
              2       703.59069       70.304487     0.027603513       0.1227933     -0.90890683       0.3055826               0       9.8821424       1402.7967      -2.7487472       -2.7487472       1412.6789             1402.7967                       9.8821424
              1       703.33761       70.612829     0.028333189      0.12188949     -0.90728797      0.30257045               0       9.4990123       1402.6737      -2.7487472       -2.7487472       1412.1727             1402.6737                       9.4990123
              2       703.28802       70.703019     0.028441679      0.12186088     -0.90852929      0.30195879               0       9.4483999       1402.6251      -2.7487472       -2.7487472       1412.0735             1402.6251                       9.4483999
              1       705.87913       65.890221      0.02117062      0.11264025      -0.9510344      0.30969561               0       14.629978       1402.6258      -2.7487472       -2.7487472       1417.2558             1402.6258                       14.629978
              1        703.3315       64.113544     0.019463974      0.10201695     -0.92394742      0.29710176               0       9.6072713       1402.5532      -2.7487472       -2.7487472       1412.1605             1402.5532                       9.6072713
             13        703.4482       63.629374     0.018856191      0.10065767     -0.92528705      0.29678188               0        9.813999       1402.5799      -2.7487472       -2.7487472       1412.3939             1402.5799                        9.813999
              1       703.59188       65.210189     0.020411306      0.10913519     -0.92004801      0.30616025               0       10.065419       1402.6158      -2.7487472       -2.7487472       1412.6813             1402.6158                       10.065419
              3       703.17717       66.709488     0.022832902      0.10979168     -0.90712718      0.29946977               0        9.293715       1402.5581      -2.7487472       -2.7487472       1411.8518             1402.5581                        9.293715
              5        703.1941       68.503546     0.024267246      0.11551184     -0.93663571      0.29923531               0       9.1858317       1402.6999      -2.7487472       -2.7487472       1411.8857             1402.6999                       9.1858317
              6       703.16295       68.291814     0.024128869      0.11497631     -0.93454021      0.29964869               0       9.1811085       1402.6423      -2.7487472       -2.7487472       1411.8234             1402.6423                       9.1811085
             25       703.17946       68.098515      0.02379942      0.11492089      -0.9329387       0.3005223               0       9.2667292       1402.5897      -2.7487472       -2.7487472       1411.8564             1402.5897                       9.2667292
              6       703.13798       68.370256     0.024343872       0.1143992     -0.92699269      0.29818687               0       9.2064983        1402.567      -2.7487472       -2.7487472       1411.7735              1402.567                       9.2064983
              9       703.08778       68.308982      0.02445652       0.1139323     -0.92264988      0.29796285               0         9.15034       1402.5227      -2.7487472       -2.7487472       1411.6731             1402.5227                         9.15034
              3       703.05623       68.255439     0.024485332      0.11345759      -0.9218948      0.29747341               0       9.0864209       1402.5235      -2.7487472       -2.7487472       1411.6099             1402.5235                       9.0864209
             11       703.79594       66.854048     0.021219406      0.11193786     -0.96120163      0.29936791               0       9.5490092       1403.5404      -2.7487472       -2.7487472       1413.0894             1403.5404                       9.5490092
              2         703.122        64.82897     0.020355773      0.10465131     -0.91967517      0.29897058               0       9.2461474       1402.4954      -2.7487472       -2.7487472       1411.7415             1402.4954                       9.2461474
              8       704.62395       64.412153      0.01809498       0.1060018     -0.97775508      0.30065837               0        10.45884       1404.2866      -2.7487472       -2.7487472       1414.7454             1404.2866                        10.45884
              6       704.68405       64.352114     0.018123426      0.10527128     -0.97623377      0.29952431               0       10.514286       1404.3513      -2.7487472       -2.7487472       1414.8656             1404.3513                       10.514286
              6       705.23258       63.972782     0.016678893      0.10715131     -0.99772003      0.30415108               0       10.874684        1405.088      -2.7487472       -2.7487472       1415.9626              1405.088                       10.874684
              2       706.50834        65.98615     0.018826795      0.11559423      -1.0129494      0.31019711               0        13.34655       1405.1676      -2.7487472       -2.7487472       1418.5142             1405.1676                        13.34655
              1       704.92442       67.504609     0.021135231       0.1176775     -0.99040378      0.30603637               0       11.029465       1404.3169      -2.7487472       -2.7487472       1415.3463             1404.3169                       11.029465
              5       704.34094       66.098581      0.02301209      0.10957819     -0.89801835      0.30495247               0       11.101824       1403.0775      -2.7487472       -2.7487472       1414.1794             1403.0775                       11.101824
              1       704.30287       62.901428     0.017743105      0.10443775     -0.91628546      0.31043147               0        11.18762       1402.9156      -2.7487472       -2.7487472       1414.1032             1402.9156                        11.18762
              6       704.25118       62.770113     0.017019622      0.10468128     -0.93739356      0.31051355               0       11.416962       1402.5829      -2.7487472       -2.7487472       1413.9999             1402.5829                       11.416962
              1       704.04654       63.925652     0.018809239       0.1069555      -0.9254262       0.3093337               0       10.927048       1402.6635      -2.7487472       -2.7487472       1413.5906             1402.6635                       10.927048
              5       703.74731       64.603065     0.019904582      0.10716182     -0.92458485      0.30599934               0       10.429585       1402.5625      -2.7487472       -2.7487472       1412.9921             1402.5625                       10.429585
              2       703.61865        63.66783     0.019144534       0.1030049     -0.91534958      0.30292529               0       10.168157       1402.5666      -2.7487472       -2.7487472       1412.7348             1402.5666                       10.168157
              3       703.26844       64.375057     0.019424563      0.10273787     -0.93160935      0.29633731               0       9.3174689       1402.7169      -2.7487472       -2.7487472       1412.0344             1402.7169                       9.3174689
             12       703.64485       64.479705     0.019854779      0.10211991     -0.92986413      0.29492466               0       10.042956       1402.7442      -2.7487472       -2.7487472       1412.7872             1402.7442                       10.042956
              1       703.44196       64.725806     0.020429878      0.10187822     -0.92027218        0.293482               0       9.7774654        1402.604      -2.7487472       -2.7487472       1412.3814              1402.604                       9.7774654
              2       703.62512       65.617068     0.020801929      0.10481786     -0.93918413      0.29325515               0       9.5912954       1403.1564      -2.7487472       -2.7487472       1412.7477             1403.1564                       9.5912954
              1       703.46123       65.231795      0.02103339      0.10245434     -0.92002141      0.29171895               0       9.7506886       1402.6693      -2.7487472       -2.7487472         1412.42             1402.6693                       9.7506886
              1        704.0938       68.468017     0.025805107       0.1074706     -0.89786667      0.28567316               0       11.170905       1402.5142      -2.7487472       -2.7487472       1413.6851             1402.5142                       11.170905
              6       703.48076       70.144132     0.026979695      0.12189055     -0.91313159      0.30387871               0       9.8306487       1402.6284      -2.7487472       -2.7487472        1412.459             1402.6284                       9.8306487
              2       703.98575       70.332468     0.027401506      0.12340152     -0.90461374      0.30616068               0       10.517347       1402.9516      -2.7487472       -2.7487472        1413.469             1402.9516                       10.517347
              2       704.75347       67.461965     0.023467503       0.1175837      -0.9081841      0.31134192               0       11.754814       1403.2496      -2.7487472       -2.7487472       1415.0044             1403.2496                       11.754814
              1       706.01634       66.045301     0.018725892       0.1138821     -0.98643395       0.3054853               0       13.374803       1404.1554      -2.7487472       -2.7487472       1417.5302             1404.1554                       13.374803
              1       706.68505       65.459154     0.017646003      0.11446876     -0.99990973      0.30982956               0       14.499284       1404.3683      -2.7487472       -2.7487472       1418.8676             1404.3683                       14.499284
              5       704.95342       66.249375     0.019472308      0.11292987     -0.99199115      0.30313722               0       10.554609       1404.8497      -2.7487472       -2.7487472       1415.4043             1404.8497                       10.554609
              1        704.5704       65.968813     0.019719422      0.11457566     -0.96971244       0.3100708               0       11.644437       1402.9939      -2.7487472       -2.7487472       1414.6383             1402.9939                       11.644437
              1       704.86191       66.269444      0.01981457       0.1159821     -0.97400601      0.31068311               0       12.133097       1403.0882      -2.7487472       -2.7487472       1415.2213             1403.0882                       12.133097
              7       704.36756       68.287025     0.022770581      0.12053647      -0.9688458       0.3087016               0       11.179458       1403.0532      -2.7487472       -2.7487472       1414.2326             1403.0532                       11.179458
              2       703.22316       69.164554     0.025969215      0.11788079     -0.91859754      0.30205295               0       9.4248026        1402.519      -2.7487472       -2.7487472       1411.9438              1402.519                       9.4248026
             14       703.56144       71.741213     0.028477014      0.12759293     -0.92620413      0.30448829               0       10.095547       1402.5248      -2.7487472       -2.7487472       1412.6204             1402.5248                       10.095547
              5       703.95954       72.423571     0.028836321      0.13057609     -0.93384646      0.30515015               0       10.882649       1402.5339      -2.7487472       -2.7487472       1413.4166             1402.5339                       10.882649
              3       703.85242       70.506032     0.026095578      0.12492064     -0.94385837      0.30508406               0        10.57223       1402.6301      -2.7487472       -2.7487472       1413.2023             1402.6301                        10.57223
              1       704.35852       67.955876     0.022238127      0.11525026     -0.96009007      0.29911757               0       10.700487        1403.514      -2.7487472       -2.7487472       1414.2145              1403.514                       10.700487
              1       704.79898       68.345929     0.023904422      0.11167045     -0.92408888      0.29161672               0       12.322503        1402.773      -2.7487472       -2.7487472       1415.0955              1402.773                       12.322503
              3       705.83159       68.544666     0.023456079      0.11414288     -0.93403608      0.29423621               0       14.258874       1402.9018      -2.7487472       -2.7487472       1417.1607             1402.9018                       14.258874
              2       707.58053       66.444266     0.019491295      0.11293187     -0.96225553      0.30140909               0       17.272518        1403.386      -2.7487472       -2.7487472       1420.6585              1403.386                       17.272518
              5       707.43285       66.438335     0.019523206      0.11276098     -0.96185427      0.30114804               0       16.970046       1403.3932      -2.7487472       -2.7487472       1420.3632             1403.3932                       16.970046
              2       704.71386       69.820346     0.025461749      0.12270131     -0.92604964        0.305253               0       12.388264        1402.537      -2.7487472       -2.7487472       1414.9252              1402.537                       12.388264
              2       705.03628       66.714397     0.022381925      0.11578255     -0.90800234      0.31187263               0       12.264315       1403.3057      -2.7487472       -2.7487472       1415.5701             1403.3057                       12.264315
              2       706.69505       71.758066     0.027178832      0.12730531     -0.93435281      0.30126559               0       16.296719       1402.5909      -2.7487472       -2.7487472       1418.8876             1402.5909                       16.296719
              2        706.1751        72.44563     0.029243472      0.12515551     -0.91144865      0.29541199               0       15.367428       1402.4803      -2.7487472       -2.7487472       1417.8477             1402.4803                       15.367428
              1       705.20786       72.083574     0.027961621      0.12972507     -0.93288893      0.30471432               0       13.382373       1402.5308      -2.7487472       -2.7487472       1415.9132             1402.5308                       13.382373
              2       705.26314       71.320117     0.027073892      0.12740263     -0.93000501      0.30496187               0       13.498778        1402.525      -2.7487472       -2.7487472       1416.0238              1402.525                       13.498778
              7        705.2976       71.357466     0.027060652      0.12775262     -0.93138376      0.30530406               0       13.564815       1402.5279      -2.7487472       -2.7487472       1416.0927             1402.5279                       13.564815
              1       705.14972       68.591976     0.023456906      0.12068884     -0.93553815      0.30774541               0       13.250379       1402.5465      -2.7487472       -2.7487472       1415.7969             1402.5465                       13.250379
              7       706.70152       71.677063     0.029969144      0.12181183     -0.87034193      0.29668537               0        15.40813       1403.4924      -2.7487472       -2.7487472       1418.9005             1403.4924                        15.40813
              2       708.93559       69.218746     0.022431611       0.1304511     -0.97520239      0.32043274               0       20.622861       1402.7458      -2.7487472       -2.7487472       1423.3687             1402.7458                       20.622861
              3       707.25655       72.314107     0.025712861      0.13784396      -1.0034922      0.31399998               0       15.968437       1404.0422      -2.7487472       -2.7487472       1420.0106             1404.0422                       15.968437
              8       705.65486       71.834069     0.026419752      0.13496948     -0.97404103      0.31401004               0       13.902911       1402.9043      -2.7487472       -2.7487472       1416.8072             1402.9043                       13.902911
              2       707.23949       69.008468     0.027099495      0.12283018     -0.87276967      0.31618749               0       13.833727       1406.1427      -2.7487472       -2.7487472       1419.9765             1406.1427                       13.833727
              5       706.81449       68.304266     0.026497521      0.11893637      -0.8634098      0.31310445               0       12.729969       1406.3965      -2.7487472       -2.7487472       1419.1265             1406.3965                       12.729969
              1        707.0786       70.830417     0.025961097      0.13482828     -0.96729712      0.32177633               0       16.944074       1402.7106      -2.7487472       -2.7487472       1419.6547             1402.7106                       16.944074
              1       705.32011       70.496458     0.025141545      0.13027034     -0.97666004      0.31401177               0       13.166678        1402.971      -2.7487472       -2.7487472       1416.1377              1402.971                       13.166678
              1       708.62378       69.339728     0.022043703      0.13229412      -1.0160433      0.32234198               0       18.986198       1403.7589      -2.7487472       -2.7487472       1422.7451             1403.7589                       18.986198
              1       708.58983       69.271606     0.021986786      0.13203615      -1.0157452      0.32232006               0       18.929247       1403.7479      -2.7487472       -2.7487472       1422.6772             1403.7479                       18.929247
              6       708.26244       68.427935     0.021274197      0.12907699      -1.0012462      0.32247542               0       18.819055       1403.2033      -2.7487472       -2.7487472       1422.0224             1403.2033                       18.819055
              3       707.18728       68.875902     0.022363526      0.12871085     -0.98174672      0.31981878               0       17.021858       1402.8502      -2.7487472       -2.7487472       1419.8721             1402.8502                       17.021858
              3       707.68306        68.49299     0.027411741      0.11116736     -0.83325091      0.29676963               0       14.683085       1406.1805      -2.7487472       -2.7487472       1420.8636             1406.1805                       14.683085
              1       708.10281       68.710655     0.027632472      0.11208774     -0.83283815      0.29730939               0       15.384715       1406.3184      -2.7487472       -2.7487472       1421.7031             1406.3184                       15.384715
              2       705.98969       70.241434     0.027710537      0.11854801     -0.87971187      0.29774397               0       14.304407       1403.1725      -2.7487472       -2.7487472       1417.4769             1403.1725                       14.304407
              4       706.17672       70.941161     0.028696269      0.12066459     -0.87772292      0.29806373               0       14.567669       1403.2833      -2.7487472       -2.7487472       1417.8509             1403.2833                       14.567669
              7       704.59706       70.180177     0.027362533      0.11937675     -0.89295087      0.29924004               0        11.86051       1402.8311      -2.7487472       -2.7487472       1414.6916             1402.8311                        11.86051
              1       705.14169       69.901135     0.027163145      0.11818659     -0.88589275      0.29879008               0       12.757601       1403.0233      -2.7487472       -2.7487472       1415.7809             1403.0233                       12.757601
              4       705.43429       66.801134     0.025491493      0.10012625     -0.84666725      0.28294667               0       13.014805       1403.3513      -2.7487472       -2.7487472       1416.3661             1403.3513                       13.014805
             12       704.66078       68.823272     0.028773227      0.10991566     -0.84301443      0.29415986               0       9.9128955       1404.9061      -2.7487472       -2.7487472        1414.819             1404.9061                       9.9128955
              2       704.99814       68.529633     0.028796167      0.10544244     -0.83508791      0.28721001               0       10.971941       1404.5218      -2.7487472       -2.7487472       1415.4938             1404.5218                       10.971941
              1        703.5088       69.740631      0.02822896      0.11620867     -0.87860697      0.29829163               0       9.2489351       1403.2662      -2.7487472       -2.7487472       1412.5151             1403.2662                       9.2489351
              7         703.165       69.712279     0.026922951      0.11480283     -0.91264486      0.29295416               0       9.3133511       1402.5141      -2.7487472       -2.7487472       1411.8275             1402.5141                       9.3133511
              9       703.11338       70.090848     0.026762201      0.11825501      -0.9259009      0.29649795               0       9.1254816       1402.5988      -2.7487472       -2.7487472       1411.7243             1402.5988                       9.1254816
              2        703.1597        69.33883      0.02602971      0.11831886     -0.91618164      0.30157348               0       9.2921573       1402.5247      -2.7487472       -2.7487472       1411.8169             1402.5247                       9.2921573
              3        703.4527        68.58813     0.024200335      0.11796702      -0.9329716      0.30357445               0       9.8655653       1402.5373      -2.7487472       -2.7487472       1412.4029             1402.5373                       9.8655653
              3       703.51532       68.859076     0.024401652      0.11909293     -0.93671336       0.3039893               0       9.9643222       1402.5638      -2.7487472       -2.7487472       1412.5281             1402.5638                       9.9643222
              8       704.54225       63.229398     0.018001624       0.1034289     -0.94049796      0.30534261               0       12.000897       1402.5811      -2.7487472       -2.7487472        1414.582             1402.5811                       12.000897
              8        704.3582        62.99538     0.016488963      0.10513989     -0.96677475      0.30811519               0       11.189624       1403.0243      -2.7487472       -2.7487472       1414.2139             1403.0243                       11.189624
              2       704.18432       62.643568     0.016176496      0.10352541     -0.96410529      0.30667534               0       10.832993       1403.0331      -2.7487472       -2.7487472       1413.8661             1403.0331                       10.832993
              6       704.25946       62.640133     0.016104008      0.10368053     -0.96633602      0.30691956               0       10.926403         1403.09      -2.7487472       -2.7487472       1414.0164               1403.09                       10.926403
              1       704.33369       62.909982     0.016277505      0.10454815     -0.97041395      0.30692279               0       10.928764       1403.2361      -2.7487472       -2.7487472       1414.1649             1403.2361                       10.928764
              1       706.34366        66.34517     0.021283096      0.11870156     -0.94057481       0.3194888               0       15.271717       1402.9131      -2.7487472       -2.7487472       1418.1848             1402.9131                       15.271717
              2       704.67219       66.839561     0.023038326      0.11547851      -0.9111067      0.31149443               0       11.685377       1403.1565      -2.7487472       -2.7487472       1414.8419             1403.1565                       11.685377
              3       704.14524        67.53218     0.023943335      0.11493345     -0.89788603      0.30592699               0       10.625629       1403.1623      -2.7487472       -2.7487472        1413.788             1403.1623                       10.625629
              1       703.59804        68.18208     0.024508814      0.11707962     -0.91377737      0.30595572               0       9.9834063       1402.7102      -2.7487472       -2.7487472       1412.6936             1402.7102                       9.9834063
              1       703.07233       67.030549     0.023030934      0.11099888     -0.91634722       0.2997354               0       9.1455538       1402.4966      -2.7487472       -2.7487472       1411.6422             1402.4966                       9.1455538
              2       703.15677       66.086933     0.021873742      0.10928898     -0.91672594      0.30179137               0       9.2853019       1402.5257      -2.7487472       -2.7487472        1411.811             1402.5257                       9.2853019
              2       703.50778       65.824275     0.023033261      0.10562712     -0.88077168      0.29842934               0       9.3235505       1403.1895      -2.7487472       -2.7487472        1412.513             1403.1895                       9.3235505
              1       703.42788       65.936671     0.023244007      0.10490669     -0.88213922      0.29624047               0         9.38664       1402.9666      -2.7487472       -2.7487472       1412.3533             1402.9666                         9.38664
              1       703.90737       68.731673     0.026835495       0.1108923     -0.87272366      0.29290998               0        10.25562       1403.0566      -2.7487472       -2.7487472       1413.3122             1403.0566                        10.25562
              8       705.32521        65.79854     0.023536024       0.1029976     -0.84850786      0.29375052               0       11.702477       1404.4454      -2.7487472       -2.7487472       1416.1479             1404.4454                       11.702477
              1       705.91646       68.561968     0.026528494      0.10405868     -0.90462212      0.27917139               0       14.336291       1402.9941      -2.7487472       -2.7487472       1417.3304             1402.9941                       14.336291
              5        705.7901       69.152857     0.029194214      0.10382228     -0.86528514      0.27950093               0       14.509002       1402.5687      -2.7487472       -2.7487472       1417.0777             1402.5687                       14.509002
              3       705.97847       69.329419     0.029623229      0.10331074     -0.85960031      0.27790744               0       14.835938       1402.6185      -2.7487472       -2.7487472       1417.4544             1402.6185                       14.835938
              1       705.53035        67.74586     0.027019914      0.10123405     -0.86877175      0.28085424               0       14.006002       1402.5522      -2.7487472       -2.7487472       1416.5582             1402.5522                       14.006002
              1       705.45058       67.757851     0.027093821      0.10132394     -0.86682599      0.28111162               0        13.80936       1402.5893      -2.7487472       -2.7487472       1416.3987             1402.5893                        13.80936
              2       704.87636       68.384931     0.027466923      0.10376348     -0.87341328      0.28199417               0        12.73073       1402.5195      -2.7487472       -2.7487472       1415.2502             1402.5195                        12.73073
              2       704.95453       68.643067     0.024059009      0.12280247     -0.95117778      0.31305107               0       12.802762       1402.6038      -2.7487472       -2.7487472       1415.4066             1402.6038                       12.802762
              5       705.23689       69.728389     0.025400722       0.1260301     -0.95699591      0.31277962               0       13.325951       1402.6453      -2.7487472       -2.7487472       1415.9713             1402.6453                       13.325951
              5       704.87858       71.341978     0.027781028      0.12995159      -0.9496976      0.31117246               0       12.656378       1402.5983      -2.7487472       -2.7487472       1415.2546             1402.5983                       12.656378
              2       704.64517       68.182762     0.024662427      0.11817537     -0.92745294      0.30863704               0       12.177052       1402.6108      -2.7487472       -2.7487472       1414.7878             1402.6108                       12.177052
              2       705.09908       70.055512     0.027254654      0.11372296     -0.89729378      0.28856611               0       13.225697         1402.47      -2.7487472       -2.7487472       1415.6957               1402.47                       13.225697
              4       706.08334       70.500628     0.028538024      0.11599532     -0.87273353      0.29208771               0       14.669392       1402.9948      -2.7487472       -2.7487472       1417.6642             1402.9948                       14.669392
              3         703.612       71.844288     0.029367979      0.12404034     -0.90633557      0.29845863               0       10.183628       1402.5379      -2.7487472       -2.7487472       1412.7215             1402.5379                       10.183628
              1       703.61127        71.84678     0.029370097       0.1240504     -0.90636964       0.2984615               0       10.182442       1402.5376      -2.7487472       -2.7487472         1412.72             1402.5376                       10.182442
              2       703.88372       71.166844     0.028124868      0.11777317      -0.9303441      0.28933916               0       10.123836       1403.1411      -2.7487472       -2.7487472       1413.2649             1403.1411                       10.123836
              5       703.88394       71.271776     0.028478289      0.11750889     -0.92579006      0.28866329               0       10.242087       1403.0233      -2.7487472       -2.7487472       1413.2654             1403.0233                       10.242087
              2       704.16102       72.040485      0.02876271      0.12118686     -0.93682686      0.29017069               0       10.479787       1403.3398      -2.7487472       -2.7487472       1413.8195             1403.3398                       10.479787
              2       703.47303       70.908616       0.0276991      0.12378365     -0.91833129      0.30255752               0       9.9135801         1402.53      -2.7487472       -2.7487472       1412.4436               1402.53                       9.9135801
              6       703.48079       70.887426     0.027793243      0.12340917     -0.91509821      0.30218055               0       9.9115605       1402.5475      -2.7487472       -2.7487472       1412.4591             1402.5475                       9.9115605
              2       703.49701       70.398716     0.026905977      0.12399199     -0.93045842      0.30577632               0       9.9600906       1402.5314      -2.7487472       -2.7487472       1412.4915             1402.5314                       9.9600906
              3       703.13336       69.483087     0.026663075       0.1178716     -0.91046292      0.30070804               0       9.2089265       1402.5553      -2.7487472       -2.7487472       1411.7642             1402.5553                       9.2089265
              4       704.16386        71.60018     0.028215048      0.12191861     -0.95403557      0.29410958               0       10.060926       1403.7643      -2.7487472       -2.7487472       1413.8252             1403.7643                       10.060926
              1       705.54535       69.926463      0.02703868      0.11590619     -0.94404976      0.29365546               0       13.263464       1403.3247      -2.7487472       -2.7487472       1416.5882             1403.3247                       13.263464
              4       706.48849       70.208103     0.027577135      0.11642987     -0.94553256      0.29345898               0       15.063813       1403.4107      -2.7487472       -2.7487472       1418.4745             1403.4107                       15.063813
              2       706.93966       70.674981     0.027454258      0.11980288     -0.96379651      0.29610143               0       15.311809        1404.065      -2.7487472       -2.7487472       1419.3768              1404.065                       15.311809
              5        707.3271       69.870744     0.026469473      0.11887431     -0.96335355      0.29903786               0       16.468642       1403.6831      -2.7487472       -2.7487472       1420.1517             1403.6831                       16.468642
              1       706.95685       69.746611     0.026289682       0.1187378     -0.96189975      0.29945303               0       15.845217        1403.566      -2.7487472       -2.7487472       1419.4112              1403.566                       15.845217
              2       703.87239       73.027615      0.02942324      0.13269729     -0.95843302      0.30520097               0       10.289074       1402.9532      -2.7487472       -2.7487472       1413.2423             1402.9532                       10.289074
             12       704.16467       72.602287     0.028758613      0.13277796     -0.96083339      0.30767951               0        10.94665       1402.8802      -2.7487472       -2.7487472       1413.8268             1402.8802                        10.94665
             14       705.11462        73.24552     0.028786083      0.13852825     -0.97437563      0.31306879               0       12.767472       1402.9593      -2.7487472       -2.7487472       1415.7267             1402.9593                       12.767472
              3       704.99288       68.271675     0.026831801      0.10315117     -0.87758977      0.28025424               0       13.003819       1402.4794      -2.7487472       -2.7487472       1415.4833             1402.4794                       13.003819
             10       704.78898       67.030721     0.025815833      0.10029537     -0.85855428         0.28211               0       12.247728       1402.8277      -2.7487472       -2.7487472       1415.0755             1402.8277                       12.247728
              4       704.79219       68.906903     0.023978173      0.11367115     -0.94756555      0.29125687               0       11.328775       1403.7531      -2.7487472       -2.7487472       1415.0819             1403.7531                       11.328775
              2       704.73385       64.954462     0.018786893      0.10343509     -0.96307094      0.29121528               0       10.235875       1404.7293      -2.7487472       -2.7487472       1414.9652             1404.7293                       10.235875
              1       704.58337       64.157986     0.017632199      0.10312322     -0.95785578      0.29492776               0       10.793345       1403.8709      -2.7487472       -2.7487472       1414.6642             1403.8709                       10.793345
              9       704.96863        64.68755     0.017951693      0.10745801     -0.95983853      0.30124142               0       12.136569       1403.2982      -2.7487472       -2.7487472       1415.4348             1403.2982                       12.136569
              1       705.66721       66.941005     0.020156017      0.11195252     -0.98570187      0.29625031               0       11.252038       1405.5799      -2.7487472       -2.7487472       1416.8319             1405.5799                       11.252038
              3       704.37953       69.870746     0.026335533      0.12068224     -0.94744442      0.30246681               0       11.454555        1402.802      -2.7487472       -2.7487472       1414.2566              1402.802                       11.454555
              4       703.95419        69.45093      0.02632833      0.11778331     -0.93292268      0.30010951               0        10.80509       1402.6008      -2.7487472       -2.7487472       1413.4059             1402.6008                        10.80509
              1       703.99217       69.993244     0.026819199      0.12021293       -0.937476      0.30143831               0       10.847678       1402.6341      -2.7487472       -2.7487472       1413.4818             1402.6341                       10.847678
              1       703.74656       68.712385     0.024623682      0.11976101     -0.93623146      0.30717389               0       10.447286       1402.5433      -2.7487472       -2.7487472       1412.9906             1402.5433                       10.447286
              1       703.42652       69.892836     0.025595531      0.12071315     -0.94309346      0.30082407               0       9.5748021       1402.7757      -2.7487472       -2.7487472       1412.3505             1402.7757                       9.5748021
              2        705.2988       69.204986     0.025624442      0.11542489     -0.95261532      0.29585237               0       12.597153       1403.4979      -2.7487472       -2.7487472       1416.0951             1403.4979                       12.597153
              2       704.75178       70.287479     0.028834673      0.11768232     -0.90751352      0.29787714               0       12.487685       1402.5134      -2.7487472       -2.7487472       1415.0011             1402.5134                       12.487685
              1       704.67284       67.347804     0.025946549      0.10643609     -0.87906009      0.29328657               0       11.976646       1402.8665      -2.7487472       -2.7487472       1414.8432             1402.8665                       11.976646
              4       705.59932       66.693978     0.025018104       0.1059052     -0.88512177      0.29578435               0       13.854471       1402.8417      -2.7487472       -2.7487472       1416.6961             1402.8417                       13.854471
              7       707.58072       62.602558     0.015462551      0.10803224     -0.94709466      0.31675526               0       17.976659       1402.6823      -2.7487472       -2.7487472       1420.6589             1402.6823                       17.976659
              1       703.40265       66.643128     0.021701271      0.11189912     -0.93310535       0.3022636               0       9.7480357       1402.5547      -2.7487472       -2.7487472       1412.3028             1402.5547                       9.7480357
              4       703.53648         66.9231     0.021875697      0.11334329     -0.93707022      0.30335383               0       9.9917608       1402.5787      -2.7487472       -2.7487472       1412.5705             1402.5787                       9.9917608
              3       703.82108       69.922155     0.025120248      0.12016174     -0.95940149      0.29847188               0       9.5905358       1403.5491      -2.7487472       -2.7487472       1413.1397             1403.5491                       9.5905358
              3       703.97616        68.18852      0.02436848      0.11108319     -0.93940424      0.29269966               0       10.235508       1403.2143      -2.7487472       -2.7487472       1413.4498             1403.2143                       10.235508
             12       703.50594       63.539871     0.017577126      0.10380854      -0.9506562      0.30225483               0        9.609949       1402.8994      -2.7487472       -2.7487472       1412.5094             1402.8994                        9.609949
              1       703.49321       62.942377     0.016846022      0.10202138     -0.95074845      0.30166407               0       9.5456387       1402.9383      -2.7487472       -2.7487472       1412.4839             1402.9383                       9.5456387
              1       703.87786       63.590522     0.018205108      0.10588091     -0.93097455      0.30845134               0       10.678415       1402.5748      -2.7487472       -2.7487472       1413.2532             1402.5748                       10.678415
              3       704.73155       63.974858     0.017949095      0.10952688     -0.95204629      0.31303913               0       12.353132       1402.6075      -2.7487472       -2.7487472       1414.9606             1402.6075                       12.353132
              1        703.7653       66.501626     0.021280619      0.11310212     -0.95243525       0.3053203               0       10.242507       1402.7856      -2.7487472       -2.7487472       1413.0281             1402.7856                       10.242507
              8       703.09346        65.33651     0.020891193      0.10566387     -0.92250218      0.29796999               0       9.1632707       1402.5211      -2.7487472       -2.7487472       1411.6844             1402.5211                       9.1632707
              6       703.12226       64.851351     0.020324351      0.10347283     -0.92168487      0.29588745               0       9.1884575       1402.5536      -2.7487472       -2.7487472        1411.742             1402.5536                       9.1884575
             11       703.10396       65.777193     0.021518511      0.10521605     -0.91639873      0.29440565               0       9.1812268       1402.5242      -2.7487472       -2.7487472       1411.7054             1402.5242                       9.1812268
              6       703.33161       65.561435     0.020512947      0.10622253     -0.94015402      0.29634869               0       9.2061913       1402.9545      -2.7487472       -2.7487472       1412.1607             1402.9545                       9.2061913
              3       703.34014          65.185     0.020286438      0.10417389     -0.93423479      0.29442689               0       9.2831029       1402.8947      -2.7487472       -2.7487472       1412.1778             1402.8947                       9.2831029
              4       703.58396        66.87047     0.024698541      0.10574555     -0.88293549       0.2931534               0       9.9161869       1402.7492      -2.7487472       -2.7487472       1412.6654             1402.7492                       9.9161869
              1       703.53979       66.355617     0.024044548      0.10407131     -0.87989606      0.29243246               0       9.7863215       1402.7908      -2.7487472       -2.7487472       1412.5771             1402.7908                       9.7863215
              1       703.68835       66.296462     0.024181682      0.10346141     -0.87576275       0.2918789               0       9.9943664       1402.8798      -2.7487472       -2.7487472       1412.8742             1402.8798                       9.9943664
              5       703.77857        66.63437     0.024849418      0.10500513     -0.86551088      0.29390673               0       9.5987291       1403.4559      -2.7487472       -2.7487472       1413.0546             1403.4559                       9.5987291
             17       703.84214       67.408722     0.025868022       0.1070307     -0.86188443      0.29389249               0        9.542523       1403.6393      -2.7487472       -2.7487472       1413.1818             1403.6393                        9.542523
              5       704.27171       64.171561     0.021005237      0.10256452     -0.86663514      0.30163724               0       9.7576492       1404.2833      -2.7487472       -2.7487472       1414.0409             1404.2833                       9.7576492
              9       704.11565       65.205619     0.019105498      0.11010144      -0.9681929      0.30540454               0       10.453009       1403.2758      -2.7487472       -2.7487472       1413.7288             1403.2758                       10.453009
              3       703.17089       65.709079     0.020784371      0.10724441     -0.93473434       0.2980138               0       9.1280657       1402.7112      -2.7487472       -2.7487472       1411.8393             1402.7112                       9.1280657
             10       703.61291        62.82178     0.018439289      0.10049258     -0.90054094       0.3029867               0       9.8658879       1402.8574      -2.7487472       -2.7487472       1412.7233             1402.8574                       9.8658879
              1       703.77121       64.453629     0.021099936      0.10360704     -0.88364604      0.30174038               0       9.6718569       1403.3681      -2.7487472       -2.7487472       1413.0399             1403.3681                       9.6718569
              7       703.73514        64.94922     0.021206018      0.10656262     -0.89673668      0.30441101               0       9.8879428       1403.0798      -2.7487472       -2.7487472       1412.9678             1403.0798                       9.8879428
              5       703.56732       64.116947     0.019630715      0.10511656      -0.9101141      0.30501565               0       9.8932972       1402.7388      -2.7487472       -2.7487472       1412.6321             1402.7388                       9.8932972
              7        703.5225        66.91107     0.022149561      0.11411525     -0.93487928      0.30579888               0       10.005265       1402.5372      -2.7487472       -2.7487472       1412.5425             1402.5372                       10.005265
              1       703.58624       66.678323     0.024184362      0.10806981      -0.8841104      0.29891666               0       9.5708412       1403.0991      -2.7487472       -2.7487472         1412.67             1403.0991                       9.5708412
              4       703.93946       66.527251     0.023977782      0.10898247     -0.88433987      0.30187112               0        10.02754       1403.3489      -2.7487472       -2.7487472       1413.3764             1403.3489                        10.02754
              1        704.6523       67.085233     0.022959083      0.11380165     -0.94066892      0.30531507               0       12.218495       1402.5836      -2.7487472       -2.7487472       1414.8021             1402.5836                       12.218495
              2       704.38481       65.144316     0.020533883      0.10837643     -0.93622327      0.30528064               0       11.721422       1402.5457      -2.7487472       -2.7487472       1414.2671             1402.5457                       11.721422
              3       705.34526       65.845507      0.02236426      0.11213785     -0.88619921       0.3117107               0       11.785791       1404.4022      -2.7487472       -2.7487472        1416.188             1404.4022                       11.785791
              6       705.40757       66.193552     0.022631031      0.11392836     -0.89478667      0.31313666               0       12.233392       1404.0792      -2.7487472       -2.7487472       1416.3126             1404.0792                       12.233392
              2       704.74269       69.576673     0.025691101      0.12513679     -0.93607772      0.31289969               0       12.322308       1402.6606      -2.7487472       -2.7487472       1414.9829             1402.6606                       12.322308
              3       705.83525       68.569471      0.02176375      0.12314802      -1.0041214      0.30957668               0       12.500161       1404.6678      -2.7487472       -2.7487472        1417.168             1404.6678                       12.500161
              3       707.66817       71.416676     0.026631876      0.12650891      -1.0038399      0.30151886               0       14.768318       1406.0655      -2.7487472       -2.7487472       1420.8338             1406.0655                       14.768318
              1       706.25092       71.391489     0.027527516      0.12299828     -0.97809143      0.29660094               0       13.066441       1404.9329      -2.7487472       -2.7487472       1417.9993             1404.9329                       13.066441
              1        704.9148       69.739568     0.025443092      0.11948524     -0.96831602      0.29930967               0       11.412753       1403.9144      -2.7487472       -2.7487472       1415.3271             1403.9144                       11.412753
              1       705.01982       72.084382     0.026889573      0.12968067     -0.99308697      0.30255887               0       10.511837       1405.0253      -2.7487472       -2.7487472       1415.5371             1405.0253                       10.511837
              2       705.21189       71.909376     0.026539845      0.12825975     -0.99595952      0.30060913               0       10.331097       1405.5902      -2.7487472       -2.7487472       1415.9213             1405.5902                       10.331097
              2       705.32512       71.382647     0.025899515      0.12710837     -0.99798158      0.30154558               0       10.571762        1405.576      -2.7487472       -2.7487472       1416.1477              1405.576                       10.571762
              5       705.35715       71.402023     0.025727428      0.13095708     -0.99671364       0.3085935               0       11.863332       1404.3485      -2.7487472       -2.7487472       1416.2118             1404.3485                       11.863332
              3       704.48845       68.704833     0.023739049      0.12078166     -0.96658629      0.30752956               0       11.416337       1403.0581      -2.7487472       -2.7487472       1414.4744             1403.0581                       11.416337
              2       703.78512       68.513378     0.024019345      0.11745918     -0.92863919      0.30276981               0       10.549557       1402.5182      -2.7487472       -2.7487472       1413.0677             1402.5182                       10.549557
              1       703.47601       69.376645     0.025628092      0.12025747     -0.92214701      0.30443815               0       9.9058054       1402.5437      -2.7487472       -2.7487472       1412.4495             1402.5437                       9.9058054
              4       703.51187       67.685805     0.025731861      0.10653604     -0.87925531      0.29011428               0       9.8349929       1402.6862      -2.7487472       -2.7487472       1412.5212             1402.6862                       9.8349929
              5       703.34007       71.529162     0.029302765      0.12233154     -0.92270142      0.29762689               0       9.6487255       1402.5289      -2.7487472       -2.7487472       1412.1776             1402.5289                       9.6487255
              1       703.19725       71.049142     0.029714541      0.11885866     -0.88850302      0.29559808               0       9.1534992       1402.7385      -2.7487472       -2.7487472        1411.892             1402.7385                       9.1534992
             28       703.34832       69.902477     0.028575136      0.11510159     -0.88362858      0.29535477               0       9.3359738       1402.8582      -2.7487472       -2.7487472       1412.1941             1402.8582                       9.3359738
              7       704.59436       66.014589     0.023661589      0.10130751     -0.89100806      0.28824086               0       12.212069       1402.4741      -2.7487472       -2.7487472       1414.6862             1402.4741                       12.212069
              8       705.21307       66.235919     0.023086024      0.10620729     -0.91833725      0.29617418               0       13.411818       1402.5118      -2.7487472       -2.7487472       1415.9236             1402.5118                       13.411818
              1       705.48933       66.700951     0.023329939       0.1064241     -0.92992243      0.29309435               0       13.626829       1402.8493      -2.7487472       -2.7487472       1416.4762             1402.8493                       13.626829
              1       703.44014       67.181014      0.02226946      0.11107085     -0.94623741      0.29686655               0       9.2468751       1403.1309      -2.7487472       -2.7487472       1412.3778             1403.1309                       9.2468751
              3       703.18651       64.072531     0.019484367      0.10301406     -0.90555314      0.29996074               0       9.2740638       1402.5965      -2.7487472       -2.7487472       1411.8705             1402.5965                       9.2740638
             14        703.2679       63.836559     0.019235448      0.10339931      -0.9106507        0.302517               0       9.4186487       1402.6147      -2.7487472       -2.7487472       1412.0333             1402.6147                       9.4186487
              3       703.65433       64.460423     0.018806995      0.10321828     -0.93724104      0.29522285               0       9.8696192       1402.9365      -2.7487472       -2.7487472       1412.8062             1402.9365                       9.8696192
              2        703.6909       64.453345     0.018754049      0.10324697     -0.93836635       0.2952293               0       9.9062706        1402.973      -2.7487472       -2.7487472       1412.8793              1402.973                       9.9062706
              2       703.82239       66.159729     0.020772887      0.10875984     -0.95816663      0.29740371               0        9.540799       1403.6015      -2.7487472       -2.7487472       1413.1423             1403.6015                        9.540799
              7       703.60979       68.040857     0.023469111      0.11641877     -0.94798273      0.30355384               0       9.9543567       1402.7627      -2.7487472       -2.7487472       1412.7171             1402.7627                       9.9543567
              6       705.03517       66.413294     0.024124452      0.10322532     -0.85671519      0.29018788               0        12.03753       1403.5303      -2.7487472       -2.7487472       1415.5678             1403.5303                        12.03753
              3       704.21272       65.990669     0.023035024      0.10094262     -0.89988046      0.28617316               0       11.398326       1402.5246      -2.7487472       -2.7487472       1413.9229             1402.5246                       11.398326
              5       704.28951       66.273652     0.022673884      0.10270973     -0.91866015      0.28693557               0       11.172466       1402.9041      -2.7487472       -2.7487472       1414.0765             1402.9041                       11.172466
              8       704.03843       66.565088     0.023230774      0.10374567     -0.91380074      0.28802336               0       10.871085       1402.7033      -2.7487472       -2.7487472       1413.5743             1402.7033                       10.871085
              2       705.59887        67.40337     0.026317031      0.10059133     -0.84985261      0.28075388               0       13.653959       1403.0413      -2.7487472       -2.7487472       1416.6952             1403.0413                       13.653959
              5       704.96437       72.254098     0.029602756      0.12645522     -0.90141926      0.30015796               0       12.749736       1402.6765      -2.7487472       -2.7487472       1415.4262             1402.6765                       12.749736
              1        703.8992       72.582641     0.029419367      0.13252979     -0.93896486      0.30862926               0       10.741214       1402.5547      -2.7487472       -2.7487472       1413.2959             1402.5547                       10.741214
              5       709.39814       68.310678     0.028552462      0.11598214     -0.82275829       0.3111185               0       13.717339       1410.5764      -2.7487472       -2.7487472       1424.2938             1410.5764                       13.717339
              1       705.27222       69.938836      0.02641183      0.12605046     -0.91033965      0.31300884               0       12.722498       1403.3194      -2.7487472       -2.7487472       1416.0419             1403.3194                       12.722498
              1       704.44736       69.623974     0.025941576      0.12410257     -0.91828582      0.31085786               0        11.50329       1402.8889      -2.7487472       -2.7487472       1414.3922             1402.8889                        11.50329
             12       704.27323        69.78064     0.026240128       0.1238424     -0.91561706      0.30954244               0        11.17155       1402.8724      -2.7487472       -2.7487472        1414.044             1402.8724                        11.17155
             20       704.21343       69.296951     0.026272164      0.12116713     -0.90184818      0.30837432               0       10.699706       1403.2246      -2.7487472       -2.7487472       1413.9244             1403.2246                       10.699706
              7       703.85566       66.412475     0.024014557      0.10424074     -0.86775234      0.29224808               0       10.005939       1403.2029      -2.7487472       -2.7487472       1413.2088             1403.2029                       10.005939
              1       703.65245       66.670609     0.024132491      0.10393297     -0.89161309      0.28956235               0       10.316613       1402.4858      -2.7487472       -2.7487472       1412.8024             1402.4858                       10.316613
              1       703.78297       66.234129     0.023743647       0.1022229     -0.88707584       0.2886069               0       10.556423        1402.507      -2.7487472       -2.7487472       1413.0634              1402.507                       10.556423
              5        703.9868       65.967316     0.023962306      0.10458551     -0.86607925      0.29687786               0        9.734654       1403.7364      -2.7487472       -2.7487472       1413.4711             1403.7364                        9.734654
              1       703.94829       66.025601     0.024002637      0.10477277      -0.8667969      0.29687604               0       9.6968359       1403.6972      -2.7487472       -2.7487472       1413.3941             1403.6972                       9.6968359
              5       703.95974       65.532743     0.022289053      0.10699833     -0.89724214      0.30255047               0       10.493088       1402.9239      -2.7487472       -2.7487472        1413.417             1402.9239                       10.493088
             12       704.31431       65.090292     0.022609224      0.10407719     -0.87199432      0.30053855               0       10.301653       1403.8245      -2.7487472       -2.7487472       1414.1261             1403.8245                       10.301653
              5       703.28286        65.92709     0.020973837      0.10998083     -0.93198854      0.30277787               0       9.5254065       1402.5378      -2.7487472       -2.7487472       1412.0632             1402.5378                       9.5254065
              5       703.31088       63.576665     0.019686653      0.10027836      -0.8926871      0.29839034               0       9.3302909        1402.789      -2.7487472       -2.7487472       1412.1193              1402.789                       9.3302909
              3       703.29188       63.621519     0.019657438      0.10042697     -0.89637064      0.29826473               0       9.3878247       1402.6934      -2.7487472       -2.7487472       1412.0813             1402.6934                       9.3878247
              4       703.21627       63.977223     0.019945532      0.10146688     -0.90110618      0.29820184               0       9.3292534       1402.6008      -2.7487472       -2.7487472         1411.93             1402.6008                       9.3292534
              1       703.45844       65.245577     0.022050602      0.10480527     -0.88491736      0.29950775               0       9.2973288        1403.117      -2.7487472       -2.7487472       1412.4144              1403.117                       9.2973288
              3       703.62395       66.307758     0.023759566      0.10584992     -0.88746574      0.29625189               0       9.9418861       1402.8035      -2.7487472       -2.7487472       1412.7454             1402.8035                       9.9418861
              6       704.46247       66.177052     0.024065427      0.10545253     -0.88179387      0.29721429               0       11.371362       1403.0511      -2.7487472       -2.7487472       1414.4224             1403.0511                       11.371362
              1       703.92199       67.183281      0.02505676      0.10985431     -0.88108497      0.30032658               0       9.9950852       1403.3464      -2.7487472       -2.7487472       1413.3415             1403.3464                       9.9950852
              1       703.13446       68.004936     0.024546363      0.11395965     -0.91522047      0.30088658               0       9.2485829       1402.5178      -2.7487472       -2.7487472       1411.7664             1402.5178                       9.2485829
             14       703.22462       66.155976     0.022765471      0.10564991     -0.89237913      0.29488444               0       9.3247886       1402.6219      -2.7487472       -2.7487472       1411.9467             1402.6219                       9.3247886
              1       704.40153       67.755345     0.024850298       0.1153355      -0.8858034      0.30676645               0       10.507311       1403.7932      -2.7487472       -2.7487472       1414.3006             1403.7932                       10.507311
              6       706.51201       70.596866     0.025861702      0.12733981     -0.92988166      0.30868417               0       15.933291       1402.5882      -2.7487472       -2.7487472       1418.5215             1402.5882                       15.933291
              2       706.40597       69.425995     0.022759882      0.12211233     -0.98663045      0.30190309               0       13.630483        1404.679      -2.7487472       -2.7487472       1418.3094              1404.679                       13.630483
              3        706.4095       69.426066     0.022755475      0.12211427     -0.98680326      0.30189735               0       13.624994       1404.6915      -2.7487472       -2.7487472       1418.3165             1404.6915                       13.624994
              5       704.24208        66.49809     0.023997296      0.10601592     -0.89636883      0.29547143               0       11.405131       1402.5765      -2.7487472       -2.7487472       1413.9817             1402.5765                       11.405131
              1       704.23852       66.496672     0.023975589       0.1060709     -0.89684948      0.29555929               0       11.402261       1402.5723      -2.7487472       -2.7487472       1413.9745             1402.5723                       11.402261
             19       703.40675        67.60399     0.024979082       0.1097063     -0.88361799      0.29610647               0       9.4027644       1402.9082      -2.7487472       -2.7487472        1412.311             1402.9082                       9.4027644
             11        703.3374       67.012706     0.024243115      0.10828541     -0.88411655      0.29655194               0       9.2496199       1402.9227      -2.7487472       -2.7487472       1412.1723             1402.9227                       9.2496199
              4        703.4923       66.782915     0.024146475      0.10743999     -0.87802329      0.29648398               0       9.3461978       1403.1359      -2.7487472       -2.7487472       1412.4821             1403.1359                       9.3461978
              2       703.66581       64.803858     0.022026369      0.10144631     -0.87755537      0.29554859               0       9.7495051       1403.0796      -2.7487472       -2.7487472       1412.8291             1403.0796                       9.7495051
              6       703.74125       63.545311      0.01968386      0.10191452     -0.89037092      0.30272987               0       9.8024508       1403.1775      -2.7487472       -2.7487472         1412.98             1403.1775                       9.8024508
              3       705.23898       65.277331     0.022281783      0.10848523     -0.87064762      0.30839508               0       10.996829       1404.9786      -2.7487472       -2.7487472       1415.9754             1404.9786                       10.996829
              4       705.39894       64.874497     0.021600029      0.10818261     -0.87453233      0.30989798               0       11.367761       1404.9276      -2.7487472       -2.7487472       1416.2954             1404.9276                       11.367761
              5       705.73537       63.459652     0.018987788      0.10346065     -0.87759261      0.30565851               0       12.843218        1404.125      -2.7487472       -2.7487472       1416.9682              1404.125                       12.843218
              4       706.02856       64.568221     0.019725688      0.10710134     -0.89212567      0.30575553               0       14.173179       1403.3814      -2.7487472       -2.7487472       1417.5546             1403.3814                       14.173179
              1        706.4903       66.590477      0.02268368      0.10896277      -0.8811694      0.29833534               0       15.312859       1403.1652      -2.7487472       -2.7487472       1418.4781             1403.1652                       15.312859
             16       708.15001       64.151002     0.019780407      0.10452306     -0.94474667      0.30361347               0       19.106494        1402.691      -2.7487472       -2.7487472       1421.7975              1402.691                       19.106494
              8       706.16794       64.207136     0.020803844      0.10194413      -0.9104924      0.29930971               0       15.312997       1402.5204      -2.7487472       -2.7487472       1417.8334             1402.5204                       15.312997
              1         705.744       67.542108     0.023332935      0.11845499     -0.94430184      0.31221843               0       14.395791       1402.5897      -2.7487472       -2.7487472       1416.9855             1402.5897                       14.395791
              1       705.72999       67.408355     0.023122629      0.11826372     -0.94448265      0.31257491               0       14.362874       1402.5946      -2.7487472       -2.7487472       1416.9575             1402.5946                       14.362874
              4        705.5713       67.922315      0.02594762      0.11623485     -0.88012921      0.30958804               0       12.146935       1404.4932      -2.7487472       -2.7487472       1416.6401             1404.4932                       12.146935
              1       705.03541       67.688737     0.024925367       0.1162931     -0.90010408      0.30962435               0        12.15435        1403.414      -2.7487472       -2.7487472       1415.5683              1403.414                        12.15435
              2       704.24605       65.487752     0.023306429      0.10146832      -0.8544961      0.29244404               0       10.093647       1403.8959      -2.7487472       -2.7487472       1413.9896             1403.8959                       10.093647
              4       704.13463       65.741026     0.023482897      0.10290495     -0.85797526      0.29392743               0       9.9049168       1403.8618      -2.7487472       -2.7487472       1413.7668             1403.8618                       9.9049168
              1       706.19537       65.711991     0.022383433      0.10504431     -0.92373802      0.29659548               0       15.325133       1402.5631      -2.7487472       -2.7487472       1417.8882             1402.5631                       15.325133
              1       706.23193       67.780563     0.025818459      0.10870811     -0.90807053      0.29422003               0       15.486059       1402.4753      -2.7487472       -2.7487472       1417.9613             1402.4753                       15.486059
              1       705.85153       71.707157     0.027259414       0.1292283     -0.98660692      0.30559005               0       13.046245       1404.1543      -2.7487472       -2.7487472       1417.2006             1404.1543                       13.046245
              3       706.10582       71.813831     0.027383713      0.12840246     -0.98974966      0.30332257               0       13.038059       1404.6711      -2.7487472       -2.7487472       1417.7091             1404.6711                       13.038059
              3       705.39543        74.64152     0.029934104      0.13626987      -0.9980646      0.29947484               0        10.30129       1405.9871      -2.7487472       -2.7487472       1416.2884             1405.9871                        10.30129
              7        705.3002       67.521923     0.020801741      0.11914243     -0.99461146      0.30836111               0       11.844359       1404.2535      -2.7487472       -2.7487472       1416.0979             1404.2535                       11.844359
              1       705.67117       68.298605     0.021627506      0.12258142     -0.99948149      0.31053033               0       12.588802        1404.251      -2.7487472       -2.7487472       1416.8398              1404.251                       12.588802
              2       705.50594         68.3595     0.021810174      0.12247727     -0.99677725      0.31014536               0       12.362457       1404.1469      -2.7487472       -2.7487472       1416.5094             1404.1469                       12.362457
              3       706.15225       66.946672     0.019798031      0.11999337      -1.0003828      0.31334231               0       13.847196       1403.9548      -2.7487472       -2.7487472        1417.802             1403.9548                       13.847196
              6       705.06015       66.040984      0.01996751      0.11359302     -0.94593116      0.30770923               0       13.016449       1402.6013      -2.7487472       -2.7487472       1415.6178             1402.6013                       13.016449
             11         703.918        68.06417     0.022850457      0.11613589     -0.94626418      0.30139992               0       10.506743       1402.8268      -2.7487472       -2.7487472       1413.3335             1402.8268                       10.506743
              6       704.31563       70.576215     0.028341171      0.11580161     -0.89149639      0.29067829               0       11.623108       1402.5057      -2.7487472       -2.7487472       1414.1288             1402.5057                       11.623108
              8       704.05315       65.107732     0.021077572      0.10546815     -0.88815885      0.30004565               0       10.563149       1403.0406      -2.7487472       -2.7487472       1413.6038             1403.0406                       10.563149
              3       704.63825       67.992662     0.022399259      0.12099293     -0.96328231      0.31156449               0       12.007076       1402.7669      -2.7487472       -2.7487472        1414.774             1402.7669                       12.007076
              1       704.63408       68.594862     0.023396998       0.1228636     -0.95370704      0.31221418               0       12.144672        1402.621      -2.7487472       -2.7487472       1414.7657              1402.621                       12.144672
              3       704.15038       66.968631      0.02233723      0.11603875     -0.92628879       0.3099808               0       11.121172       1402.6771      -2.7487472       -2.7487472       1413.7983             1402.6771                       11.121172
              1       704.56549       64.823675     0.019978245      0.11028983     -0.91493043      0.31153932               0       11.594063       1403.0344      -2.7487472       -2.7487472       1414.6285             1403.0344                       11.594063
              2       704.55598       64.690324     0.019500383      0.11040311      -0.9235457      0.31195383               0       11.778427        1402.831      -2.7487472       -2.7487472       1414.6095              1402.831                       11.778427
              2       703.28754       63.510576     0.019149938      0.10069227     -0.89400169      0.29870721               0       9.2995267        1402.773      -2.7487472       -2.7487472       1412.0726              1402.773                       9.2995267
              1        703.4757       64.471556     0.020302806      0.10310728     -0.89283714      0.29845253               0       9.6605317       1402.7884      -2.7487472       -2.7487472       1412.4489             1402.7884                       9.6605317
              9       703.83527        64.06967      0.01901144      0.10324716     -0.90839999      0.29940329               0       10.625933       1402.5421      -2.7487472       -2.7487472        1413.168             1402.5421                       10.625933
              1        703.3214       64.905091     0.019577545      0.10742007     -0.93478963      0.30299484               0       9.5803889       1402.5599      -2.7487472       -2.7487472       1412.1403             1402.5599                       9.5803889
              5       703.16452       66.363567     0.021600958      0.10912486     -0.93234425      0.29828855               0       9.1761073       1402.6504      -2.7487472       -2.7487472       1411.8265             1402.6504                       9.1761073
              6       704.25261       68.656858     0.027146885        0.107192     -0.88978746       0.2863593               0       11.534702        1402.468      -2.7487472       -2.7487472       1414.0027              1402.468                       11.534702
              3       704.34338       69.901962      0.02751373      0.11100143     -0.91409883      0.28479575               0       11.278914       1402.9053      -2.7487472       -2.7487472       1414.1842             1402.9053                       11.278914
              4       707.72394       66.184769     0.023849726      0.10033685     -0.84658144      0.28497405               0       17.401697       1403.5437      -2.7487472       -2.7487472       1420.9454             1403.5437                       17.401697
              1       703.95588       69.230053     0.027928926      0.10868446     -0.88472308      0.28638273               0       10.920068       1402.4892      -2.7487472       -2.7487472       1413.4092             1402.4892                       10.920068
              2       704.00283       70.341981     0.029107209       0.1120439     -0.89497659      0.28657115               0       11.026091       1402.4771      -2.7487472       -2.7487472       1413.5031             1402.4771                       11.026091
              2        703.9637       70.678639     0.027869116      0.11545244     -0.92772641      0.28819248               0       10.289991       1403.1349      -2.7487472       -2.7487472       1413.4249             1403.1349                       10.289991
              1       704.27454       68.979114     0.025448111      0.11772385     -0.94020711      0.30225416               0       11.391678       1402.6549      -2.7487472       -2.7487472       1414.0466             1402.6549                       11.391678
              7       704.29573       64.774974      0.01829439      0.10996108     -0.96288658      0.30721123               0       11.126584       1402.9624      -2.7487472       -2.7487472        1414.089             1402.9624                       11.126584
              1       706.30152       68.709451     0.021947361      0.12081504       -0.983469      0.30376378               0       13.890089       1404.2104      -2.7487472       -2.7487472       1418.1005             1404.2104                       13.890089
              2       706.50244       67.024725     0.021105116      0.10911351     -0.94739475      0.29130369               0       14.764889       1403.7375      -2.7487472       -2.7487472       1418.5024             1403.7375                       14.764889
              1       706.95272       71.595043     0.029291948      0.11212485     -0.92726594      0.27714609               0        14.98626       1404.4167      -2.7487472       -2.7487472       1419.4029             1404.4167                        14.98626
              1       707.50481        70.81145      0.02794265      0.11144292     -0.90942594      0.27926288               0       17.333966       1403.1731      -2.7487472       -2.7487472       1420.5071             1403.1731                       17.333966
              3       705.72967       70.156583     0.026626166      0.11281805     -0.92104063      0.28461985               0       13.781346       1403.1755      -2.7487472       -2.7487472       1416.9568             1403.1755                       13.781346
              1       706.36334       72.512211     0.029080494      0.12474642     -0.91820408      0.29378174               0       15.661721       1402.5624      -2.7487472       -2.7487472       1418.2242             1402.5624                       15.661721
              4       706.10442       70.733479      0.02781794       0.1196686     -0.89184593      0.29607037               0       15.021911       1402.6844      -2.7487472       -2.7487472       1417.7063             1402.6844                       15.021911
              1       705.68345       70.682023     0.027675664       0.1188158     -0.89681316      0.29450985               0       14.324444       1402.5399      -2.7487472       -2.7487472       1416.8644             1402.5399                       14.324444
              4        708.9946       68.081945     0.021802159      0.11721024     -0.94474537      0.30129877               0       20.693927       1402.7928      -2.7487472       -2.7487472       1423.4867             1402.7928                       20.693927
              3       708.45393       67.811045     0.022099365      0.11577689     -0.92794078      0.30124013               0       19.881495       1402.5239      -2.7487472       -2.7487472       1422.4053             1402.5239                       19.881495
              4       708.51187        67.97036     0.022037636      0.11684191      -0.9351015      0.30200129               0       19.938184       1402.5831      -2.7487472       -2.7487472       1422.5212             1402.5831                       19.938184
              6       708.07069        65.22748     0.017344376      0.11462936     -0.98673661      0.31170292               0       18.155837        1403.483      -2.7487472       -2.7487472       1421.6389              1403.483                       18.155837
              8       705.47959        66.60591     0.025033589      0.10785091     -0.87359022      0.30098779               0       12.669531       1403.7871      -2.7487472       -2.7487472       1416.4567             1403.7871                       12.669531
              1       705.03798       66.085898     0.023522408      0.10883856     -0.88931299      0.30454446               0       12.186936       1403.3865      -2.7487472       -2.7487472       1415.5734             1403.3865                       12.186936
              5       705.08398         66.1291     0.023564498      0.10907884     -0.88979864      0.30479239               0       12.276276       1403.3892      -2.7487472       -2.7487472       1415.6655             1403.3892                       12.276276
              6       705.58759       66.534839     0.023196757      0.11369302     -0.91099804      0.31067878               0       13.579853       1403.0928      -2.7487472       -2.7487472       1416.6727             1403.0928                       13.579853
              3       707.01288       73.413625     0.029842556      0.12175935     -0.95393516      0.28248323               0        13.95839       1405.5649      -2.7487472       -2.7487472       1419.5233             1405.5649                        13.95839
              3       706.90914       73.032818     0.029118985      0.12140688     -0.96026222      0.28341936               0       13.381946       1405.9338      -2.7487472       -2.7487472       1419.3158             1405.9338                       13.381946
              1       705.75686       72.985713     0.029682594      0.12200644      -0.9386822      0.28596887               0       13.101822       1403.9094      -2.7487472       -2.7487472       1417.0112             1403.9094                       13.101822
              3       707.69907       68.619265     0.026431415      0.11151782     -0.92781163      0.29434071               0       18.171289       1402.7243      -2.7487472       -2.7487472       1420.8956             1402.7243                       18.171289
              6       704.85366       66.727586     0.022731499      0.10748168     -0.94122572      0.29389161               0       12.021115       1403.1837      -2.7487472       -2.7487472       1415.2048             1403.1837                       12.021115
              1       706.54229       69.724777     0.026845515      0.12012043     -0.94364259      0.30362795               0       15.911668       1402.6704      -2.7487472       -2.7487472       1418.5821             1402.6704                       15.911668
              3       703.16279       65.250176     0.020259742      0.10639388     -0.93435957      0.29899049               0        9.160475       1402.6626      -2.7487472       -2.7487472       1411.8231             1402.6626                        9.160475
              1       703.82506        65.48464     0.020162437      0.10520865     -0.95058146      0.29386248               0       9.5375768         1403.61      -2.7487472       -2.7487472       1413.1476               1403.61                       9.5375768
              4       704.47654       65.567716     0.020574255      0.10451551     -0.95180299      0.29246391               0       10.612546        1403.838      -2.7487472       -2.7487472       1414.4506              1403.838                       10.612546
              1       704.68236       64.853916     0.022598268      0.10288092     -0.86748448      0.29986309               0         10.8579       1404.0043      -2.7487472       -2.7487472       1414.8622             1404.0043                         10.8579
              1       704.76643        68.26204     0.026564112      0.11105535     -0.85791296       0.2967217               0       10.827084       1404.2033      -2.7487472       -2.7487472       1415.0304             1404.2033                       10.827084
             16       703.83013       71.171382     0.029848181      0.12184301     -0.87900273      0.30073905               0       9.6766581       1403.4811      -2.7487472       -2.7487472       1413.1578             1403.4811                       9.6766581
              1       705.90522       70.529928     0.029227249      0.12538833     -0.87977043      0.31211304               0       12.417912         1404.89      -2.7487472       -2.7487472       1417.3079               1404.89                       12.417912
              2        706.1982       69.527907     0.026077873      0.12607572     -0.93299887      0.31608113               0       15.026685       1402.8672      -2.7487472       -2.7487472       1417.8939             1402.8672                       15.026685
              1       705.16942       68.151476     0.024914498      0.11495997     -0.88397784      0.30254034               0       12.406979       1403.4293      -2.7487472       -2.7487472       1415.8363             1403.4293                       12.406979
              2        704.8117        67.97202     0.025068791      0.11274058      -0.8778783      0.29967024               0       11.691922        1403.429      -2.7487472       -2.7487472       1415.1209              1403.429                       11.691922
              2       704.45589       68.774997     0.026571774      0.11101213     -0.87452564      0.29223686               0       11.465902       1402.9434      -2.7487472       -2.7487472       1414.4093             1402.9434                       11.465902
              5       703.04467       68.562619     0.025681045      0.11350817     -0.90354066      0.29746508               0       9.0445867       1402.5422      -2.7487472       -2.7487472       1411.5868             1402.5422                       9.0445867
              3       703.14458       66.680886     0.023580548      0.10800007     -0.89642158      0.29737882               0       9.1362686       1402.6504      -2.7487472       -2.7487472       1411.7867             1402.6504                       9.1362686
              7        703.3575       66.813019     0.024266004      0.10741688     -0.88667806      0.29643285               0       9.3759042       1402.8366      -2.7487472       -2.7487472       1412.2125             1402.8366                       9.3759042
              1       703.50961       70.372083     0.027419638      0.12094781     -0.93015811      0.30089795               0       9.9690599       1402.5477      -2.7487472       -2.7487472       1412.5167             1402.5477                       9.9690599
              1       703.63475       70.087557     0.026637765      0.12137824      -0.9389919       0.3026305               0       10.144168       1402.6228      -2.7487472       -2.7487472        1412.767             1402.6228                       10.144168
              7       703.61036       70.089446      0.02653006      0.12058901     -0.94271322      0.30078838               0       9.9499832       1402.7682      -2.7487472       -2.7487472       1412.7182             1402.7682                       9.9499832
              7       703.57174       69.913192     0.026236789      0.12018508     -0.94336216      0.30088049               0        9.861408       1402.7796      -2.7487472       -2.7487472        1412.641             1402.7796                        9.861408
              3       703.67114       70.029718     0.026249035      0.12077279     -0.94734122      0.30110338               0        9.966425       1402.8734      -2.7487472       -2.7487472       1412.8398             1402.8734                        9.966425
              1       703.23841       69.594642     0.025884639      0.11734997     -0.93646787      0.29706058               0       9.1721767       1402.8021      -2.7487472       -2.7487472       1411.9743             1402.8021                       9.1721767
              1       703.21763       69.474658     0.025803388      0.11690915     -0.93484857       0.2970059               0        9.169672       1402.7631      -2.7487472       -2.7487472       1411.9327             1402.7631                        9.169672
              1        704.1855       69.108742     0.025129381      0.11400636     -0.94982424      0.29267032               0       10.160748       1403.7077      -2.7487472       -2.7487472       1413.8685             1403.7077                       10.160748
              1       704.19848       69.701451     0.026322885      0.11428937     -0.94071084      0.29075316               0        10.43409       1403.4604      -2.7487472       -2.7487472       1413.8944             1403.4604                        10.43409
              3       706.36325       67.127524     0.022961804       0.1055188     -0.95229218      0.28655514               0       13.514325       1404.7097      -2.7487472       -2.7487472        1418.224             1404.7097                       13.514325
              2       706.88134       67.770652     0.022695213       0.1085725     -0.97726732      0.28721062               0        12.55072       1406.7095      -2.7487472       -2.7487472       1419.2602             1406.7095                        12.55072
              7       705.06743       67.536799     0.027612933      0.10347337     -0.83926403      0.28880532               0        11.19753       1404.4348      -2.7487472       -2.7487472       1415.6323             1404.4348                        11.19753
              9       704.49916       67.833811      0.02738079      0.10440506     -0.85387614      0.28780205               0        11.05398       1403.4418      -2.7487472       -2.7487472       1414.4958             1403.4418                        11.05398
              5       704.39935       67.885267     0.027328558      0.10526201     -0.85697362      0.28911213               0       10.883302       1403.4129      -2.7487472       -2.7487472       1414.2962             1403.4129                       10.883302
              2       705.61507       65.200468     0.022696235      0.10762364     -0.86623182      0.30807081               0       11.464117       1405.2635      -2.7487472       -2.7487472       1416.7276             1405.2635                       11.464117
              3       704.92119       63.309912     0.020097475      0.10169098     -0.86764662      0.30545948               0       10.588101       1404.7518      -2.7487472       -2.7487472       1415.3399             1404.7518                       10.588101
             10       704.43891       64.635729     0.018996929      0.10822867     -0.95949081       0.3060712               0       11.444756       1402.9306      -2.7487472       -2.7487472       1414.3753             1402.9306                       11.444756
              7       704.79874       64.947809     0.019121215      0.10948863     -0.96903281      0.30641845               0       11.870063       1403.2249      -2.7487472       -2.7487472        1415.095             1403.2249                       11.870063
              7       704.66912       63.908052     0.018387646      0.10733676     -0.94908145      0.30940536               0       12.226553       1402.6092      -2.7487472       -2.7487472       1414.8357             1402.6092                       12.226553
              1       704.55648       63.274872     0.017503582      0.10583179     -0.94998465      0.30966159               0       11.995625       1402.6148      -2.7487472       -2.7487472       1414.6104             1402.6148                       11.995625
              4       703.53826       62.776369     0.016857752      0.10275356     -0.94221497       0.3051493               0        9.968974        1402.605      -2.7487472       -2.7487472        1412.574              1402.605                        9.968974
              1       703.33193       62.269247     0.016362998      0.10065494     -0.93260197      0.30345148               0       9.6256058       1402.5358      -2.7487472       -2.7487472       1412.1614             1402.5358                       9.6256058
              4        703.7694       61.570417     0.015719253      0.10030841     -0.92521818      0.30776675               0       10.427967       1402.6083      -2.7487472       -2.7487472       1413.0363             1402.6083                       10.427967
              9       704.42638       63.225028     0.017528296       0.1057946     -0.92340644      0.31011885               0       11.616727       1402.7335      -2.7487472       -2.7487472       1414.3503             1402.7335                       11.616727
              6       703.95009       66.704425     0.023125344       0.1128957     -0.90187322      0.30714863               0       10.278253       1403.1194      -2.7487472       -2.7487472       1413.3977             1403.1194                       10.278253
              1        705.1254       66.272577     0.023114731      0.11223141     -0.89907446      0.30962793               0       12.288387       1403.4599      -2.7487472       -2.7487472       1415.7483             1403.4599                       12.288387
              1       704.84012        66.73345     0.023581562      0.11310625     -0.90461635      0.30837873               0       12.053877       1403.1239      -2.7487472       -2.7487472       1415.1777             1403.1239                       12.053877
              2       704.95255       64.984704     0.020080994      0.11077732     -0.93781371      0.31139495               0       12.802692       1402.5999      -2.7487472       -2.7487472       1415.4026             1402.5999                       12.802692
              3       705.55962       71.299747     0.029042047      0.12977185     -0.91426356      0.31366814               0       13.385635       1403.2311      -2.7487472       -2.7487472       1416.6167             1403.2311                       13.385635
              3       705.18886       72.466451     0.029570423      0.13352133     -0.94383496      0.31179555               0       13.290835       1402.5844      -2.7487472       -2.7487472       1415.8752             1402.5844                       13.290835
              1       703.85347       66.567676      0.02093539       0.1104731     -0.96225207      0.29800274               0       9.4619497       1403.7425      -2.7487472       -2.7487472       1413.2044             1403.7425                       9.4619497
              2       703.63631       66.376265     0.020934745      0.10954979     -0.95481546       0.2976268               0        9.350438       1403.4197      -2.7487472       -2.7487472       1412.7701             1403.4197                        9.350438
              4       703.74683         66.6592     0.021137016       0.1117776     -0.96113616      0.30057451               0       9.5747968       1403.4164      -2.7487472       -2.7487472       1412.9911             1403.4164                       9.5747968
              2       703.93485       67.270138     0.021557285      0.11390529     -0.96646548      0.30077028               0       9.7202115        1403.647      -2.7487472       -2.7487472       1413.3672              1403.647                       9.7202115
              1       704.50556       64.587905     0.018043289      0.10613497      -0.9579017      0.29921965               0       11.106277       1403.4023      -2.7487472       -2.7487472       1414.5086             1403.4023                       11.106277
              2       704.52885       65.649875     0.019065056      0.10983816     -0.97136066      0.30058046               0       10.630768       1403.9244      -2.7487472       -2.7487472       1414.5552             1403.9244                       10.630768
              1        704.2503       68.911576     0.025504024      0.11076841     -0.91143837      0.28831793               0       11.359972       1402.6381      -2.7487472       -2.7487472       1413.9981             1402.6381                       11.359972
              5       704.46181          69.557     0.027400245      0.11893398     -0.87845553      0.30378876               0       10.578546       1403.8426      -2.7487472       -2.7487472       1414.4211             1403.8426                       10.578546
              1       703.62584         70.3851     0.027794665       0.1169455     -0.90142468      0.29346482               0       10.268402       1402.4808      -2.7487472       -2.7487472       1412.7492             1402.4808                       10.268402
              4       703.59864       70.404512     0.027955234      0.11666174     -0.89919522      0.29305448               0       10.207612       1402.4872      -2.7487472       -2.7487472       1412.6948             1402.4872                       10.207612
              2       703.71171       70.620914     0.028162292      0.11723086     -0.90004901      0.29281755               0       10.441275       1402.4796      -2.7487472       -2.7487472       1412.9209             1402.4796                       10.441275
              1        703.8586       71.113581     0.027488915      0.11948179     -0.94431531      0.29189383               0       9.6998135       1403.5149      -2.7487472       -2.7487472       1413.2147             1403.5149                       9.6998135
              2       704.86446        64.50521     0.021786434      0.10259103     -0.88181071      0.30046609               0        11.89781       1403.3286      -2.7487472       -2.7487472       1415.2264             1403.3286                        11.89781
              3       704.96415       64.533006     0.021654881      0.10322594     -0.88712993      0.30141599               0       12.234207       1403.1916      -2.7487472       -2.7487472       1415.4258             1403.1916                       12.234207
              2       704.43327       65.822996     0.020773883      0.11372593     -0.93481789      0.31191863               0        11.72336       1402.6407      -2.7487472       -2.7487472        1414.364             1402.6407                        11.72336
              6       703.94487       69.062621     0.025736059      0.12056962     -0.91089143      0.30809379               0       10.483549       1402.9037      -2.7487472       -2.7487472       1413.3872             1402.9037                       10.483549
              1       703.42146       69.654193     0.026148095      0.12077696      -0.9192742      0.30415934               0       9.7798558       1402.5606      -2.7487472       -2.7487472       1412.3404             1402.5606                       9.7798558
              7       703.20613       64.772048     0.020762694      0.10316415     -0.89568601      0.29692147               0       9.2646683       1402.6451      -2.7487472       -2.7487472       1411.9098             1402.6451                       9.2646683
             13       703.21312       64.290222     0.019717334      0.10255184     -0.90529385      0.29737816               0       9.4015288       1402.5222      -2.7487472       -2.7487472       1411.9237             1402.5222                       9.4015288
              4       703.72112       64.805191     0.020114386      0.10333781     -0.90648538      0.29548766               0       10.456848       1402.4829      -2.7487472       -2.7487472       1412.9397             1402.4829                       10.456848
              2       704.08837       65.592913     0.021193938      0.10671268     -0.90007873      0.29878637               0       11.032277        1402.642      -2.7487472       -2.7487472       1413.6742              1402.642                       11.032277
              3       703.91291       66.783468     0.021572864      0.11533581     -0.94553955      0.30841219               0       10.735114       1402.5882      -2.7487472       -2.7487472       1413.3233             1402.5882                       10.735114
              1       703.52251       68.292518     0.023709858      0.11798765     -0.94223206      0.30520083               0       9.9379866       1402.6045      -2.7487472       -2.7487472       1412.5425             1402.6045                       9.9379866
              3       703.89199       67.044964     0.022361737      0.11554117      -0.9388744      0.30822292               0       10.728714       1402.5528      -2.7487472       -2.7487472       1413.2815             1402.5528                       10.728714
              1       703.82702       67.012513     0.022429776      0.11515511     -0.93602618      0.30781333               0       10.604375       1402.5472      -2.7487472       -2.7487472       1413.1515             1402.5472                       10.604375
              1       703.86383       67.817918     0.023081733      0.11782021     -0.94572811      0.30775771               0       10.626647       1402.5985      -2.7487472       -2.7487472       1413.2252             1402.5985                       10.626647
              1       705.94207       65.781722     0.018595163      0.11651808     -0.99251813      0.31372776               0       13.837806       1403.5438      -2.7487472       -2.7487472       1417.3816             1403.5438                       13.837806
              2       706.27202       64.521519     0.017618306      0.10240803     -0.96998167      0.28986237               0       12.544393       1405.4971      -2.7487472       -2.7487472       1418.0415             1405.4971                       12.544393
              1       705.33055       65.308846     0.018582197      0.10614636     -0.97275642      0.29394015               0       11.174413       1404.9842      -2.7487472       -2.7487472       1416.1586             1404.9842                       11.174413
              5       705.04708       65.266327     0.018765344      0.10547961     -0.96738144      0.29318799               0       10.872929       1404.7187      -2.7487472       -2.7487472       1415.5916             1404.7187                       10.872929
              1       704.06346       67.941706     0.022903267      0.11409067     -0.96418144      0.29817119               0         9.79863       1403.8258      -2.7487472       -2.7487472       1413.6244             1403.8258                         9.79863
              2       703.18338       68.707483     0.024737179      0.11659051     -0.92649583        0.300742               0       9.3455209       1402.5187      -2.7487472       -2.7487472       1411.8643             1402.5187                       9.3455209
              1       703.33357       68.003242     0.023382115      0.11580605      -0.9412638      0.30237666               0       9.4947458       1402.6699      -2.7487472       -2.7487472       1412.1646             1402.6699                       9.4947458
              3       703.43635        66.71335     0.021855207      0.10917317     -0.93376187      0.29584868               0       9.5741751        1402.796      -2.7487472       -2.7487472       1412.3702              1402.796                       9.5741751
              1       703.42169        66.53842     0.021646782       0.1089044     -0.93249073      0.29632846               0        9.602313       1402.7386      -2.7487472       -2.7487472       1412.3409             1402.7386                        9.602313
              2       705.78074       64.220724     0.017552677      0.10160178     -0.95882705      0.29047002               0       12.509628       1404.5493      -2.7487472       -2.7487472        1417.059             1404.5493                       12.509628
              1        705.5809       70.910302     0.027747723      0.12232606     -0.89960735      0.29974105               0       13.964854       1402.6944      -2.7487472       -2.7487472       1416.6593             1402.6944                       13.964854
              5       708.29836       68.843286     0.025095518      0.11851846      -0.8848849      0.30438067               0       18.519466       1403.5747      -2.7487472       -2.7487472       1422.0942             1403.5747                       18.519466
              2       708.65375       69.951797     0.026660028      0.12237699     -0.88094988      0.30589288               0       18.850397       1403.9546      -2.7487472       -2.7487472        1422.805             1403.9546                       18.850397
              2        704.3803       69.309639      0.02663056      0.11720205     -0.88559671      0.30075349               0        11.06434       1403.1938      -2.7487472       -2.7487472       1414.2581             1403.1938                        11.06434
              4       704.61298       69.212558     0.026761197      0.11570401     -0.87867418      0.29874332               0       11.419022       1403.3044      -2.7487472       -2.7487472       1414.7235             1403.3044                       11.419022
              2       704.44884       69.207148     0.026845861      0.11618491     -0.87815518      0.29997082               0       10.950002       1403.4452      -2.7487472       -2.7487472       1414.3952             1403.4452                       10.950002
              7       704.11722       69.448926     0.026771003      0.11755744     -0.88866628      0.30057635               0       10.669579       1403.0624      -2.7487472       -2.7487472       1413.7319             1403.0624                       10.669579
              1       704.12199       67.054315      0.02272064      0.11323033     -0.90967462      0.30379573               0       11.055612       1402.6859      -2.7487472       -2.7487472       1413.7415             1402.6859                       11.055612
              1       704.04895       66.942968     0.022461507      0.11369323     -0.91433567      0.30526189               0       10.928046       1402.6674      -2.7487472       -2.7487472       1413.5954             1402.6674                       10.928046
              1       703.69091       68.538787     0.023556914      0.11582554     -0.95142656      0.29808333               0       9.6465411       1403.2328      -2.7487472       -2.7487472       1412.8793             1403.2328                       9.6465411
              1        703.5602       67.440836     0.024519065      0.10655829     -0.90631531      0.28960813               0       10.101039       1402.5168      -2.7487472       -2.7487472       1412.6179             1402.5168                       10.101039
              4        703.3163       69.649976     0.027613846      0.11309128     -0.90110473      0.29137453               0       9.6610706        1402.469      -2.7487472       -2.7487472       1412.1301              1402.469                       9.6610706
              6        703.6169       70.744189     0.028890407      0.11567634      -0.9106419      0.29014669               0       10.172897       1402.5584      -2.7487472       -2.7487472       1412.7313             1402.5584                       10.172897
              9       703.33535       70.437472     0.028395004      0.11608712     -0.90974912      0.29250849               0       9.6721633        1402.496      -2.7487472       -2.7487472       1412.1682              1402.496                       9.6721633
              7       703.20276        70.14647     0.028498844      0.11524706     -0.89354058      0.29344424               0       9.3513188       1402.5517      -2.7487472       -2.7487472        1411.903             1402.5517                       9.3513188
              6       703.07888       69.725533      0.02742414      0.11545322     -0.90403061       0.2952115               0       9.1650018       1402.4902      -2.7487472       -2.7487472       1411.6552             1402.4902                       9.1650018
              2       703.09944       69.834801     0.027654446       0.1160611     -0.90256389      0.29600709               0       9.1806776       1402.5157      -2.7487472       -2.7487472       1411.6964             1402.5157                       9.1806776
              1       703.49458       67.324086     0.022674566      0.11512638     -0.93392505      0.30544751               0       9.9526478        1402.534      -2.7487472       -2.7487472       1412.4866              1402.534                       9.9526478
              4       704.16317       66.716328     0.022272606      0.11498008     -0.92987502      0.30980612               0       11.200798        1402.623      -2.7487472       -2.7487472       1413.8238              1402.623                       11.200798
              3       704.05292       66.114658     0.021442431      0.11254363     -0.93629316      0.30799733               0       11.054555       1402.5488      -2.7487472       -2.7487472       1413.6033             1402.5488                       11.054555
              7       704.66637       67.313727     0.022086814      0.11846051     -0.93907874      0.31160266               0        12.23332       1402.5969      -2.7487472       -2.7487472       1414.8302             1402.5969                        12.23332
             16       704.77437       62.523263     0.016701905      0.10231177     -0.91316053      0.30609608               0       12.315047       1402.7312      -2.7487472       -2.7487472       1415.0462             1402.7312                       12.315047
              1       705.57195       64.461009     0.018328173      0.11076857     -0.93557728      0.31223577               0       13.997795       1402.6436      -2.7487472       -2.7487472       1416.6414             1402.6436                       13.997795
              1       705.33614       65.866294     0.020308919      0.11218601     -0.92545085      0.30688739               0       13.591428       1402.5783      -2.7487472       -2.7487472       1416.1698             1402.5783                       13.591428
              1       706.54378        65.51537     0.018933606      0.11201814     -0.94722245      0.30658854               0       15.944136       1402.6409      -2.7487472       -2.7487472       1418.5851             1402.6409                       15.944136
              2       706.89864       67.737269     0.023312168      0.10658557     -0.96155507      0.28450801               0       13.470342       1405.8244      -2.7487472       -2.7487472       1419.2948             1405.8244                       13.470342
              1       704.33711       66.310412     0.024665953      0.10326716      -0.8710971      0.29241569               0       11.090379       1403.0813      -2.7487472       -2.7487472       1414.1717             1403.0813                       11.090379
              6       703.67704       65.741617      0.02312335       0.1044963     -0.88307572      0.29677226               0       9.8785514        1402.973      -2.7487472       -2.7487472       1412.8516              1402.973                       9.8785514
              3       704.20897       68.586243     0.027947258      0.11014261     -0.85358146      0.29492317               0       9.6610665       1404.2544      -2.7487472       -2.7487472       1413.9154             1404.2544                       9.6610665
              1         704.266       68.614376     0.028129033      0.10817417     -0.85004612      0.29088636               0       10.047892       1403.9816      -2.7487472       -2.7487472       1414.0295             1403.9816                       10.047892
              2       704.24369       68.939571     0.028506877      0.10879062     -0.85122921      0.29024064               0       10.148561       1403.8363      -2.7487472       -2.7487472       1413.9849             1403.8363                       10.148561
              1       703.46926       68.689079     0.026890105      0.11071588     -0.87707178      0.29301519               0       9.5245211       1402.9115      -2.7487472       -2.7487472        1412.436             1402.9115                       9.5245211
              4       703.28239       68.526856     0.026532823      0.11033347     -0.88526504      0.29282897               0        9.385541       1402.6767      -2.7487472       -2.7487472       1412.0623             1402.6767                        9.385541
              2       703.28211       68.524135     0.026528568      0.11032774     -0.88528175      0.29283095               0       9.3852619       1402.6765      -2.7487472       -2.7487472       1412.0617             1402.6765                       9.3852619
              2       703.26661        72.15969     0.029617295      0.12278934     -0.92864654      0.29393155               0        9.263947       1402.7668      -2.7487472       -2.7487472       1412.0307             1402.7668                        9.263947
              3       703.39402       71.842315     0.029116121      0.12229956     -0.93443546      0.29461431               0       9.3952238       1402.8903      -2.7487472       -2.7487472       1412.2855             1402.8903                       9.3952238
              1       703.28493       69.750184     0.026935841      0.11933726     -0.91566011      0.30198269               0       9.5296726       1402.5377      -2.7487472       -2.7487472       1412.0673             1402.5377                       9.5296726
              2       704.89611       71.697979     0.028011395      0.13111875     -0.95599542      0.31080862               0       12.622422       1402.6673      -2.7487472       -2.7487472       1415.2897             1402.6673                       12.622422
              1       704.20704       68.198173     0.026486786      0.11172171     -0.88798248      0.29854419               0       10.976208       1402.9354      -2.7487472       -2.7487472       1413.9116             1402.9354                       10.976208
              7       704.04281       68.620223     0.026733627      0.11168133       -0.898745      0.29532154               0       11.043893       1402.5392      -2.7487472       -2.7487472       1413.5831             1402.5392                       11.043893
              1       704.81256       69.560593     0.028733819      0.11134705     -0.88897355      0.29083369               0       12.584889       1402.5377      -2.7487472       -2.7487472       1415.1226             1402.5377                       12.584889
              3       705.80109       68.620959     0.029640863      0.10708548     -0.83001172      0.29172917               0       11.490969       1405.6087      -2.7487472       -2.7487472       1417.0997             1405.6087                       11.490969
              1        705.5391       68.214477      0.02817425      0.10967937     -0.84913712      0.29763887               0       11.622557       1404.9531      -2.7487472       -2.7487472       1416.5757             1404.9531                       11.622557
             13       705.12028       69.597898     0.029895896      0.11356131     -0.83928335      0.29749234               0       9.9886463       1405.7494      -2.7487472       -2.7487472       1415.7381             1405.7494                       9.9886463
              2       703.64793       70.762038     0.028524325      0.12250011     -0.89539287      0.30289696               0       9.7867112       1403.0066      -2.7487472       -2.7487472       1412.7934             1403.0066                       9.7867112
              2       703.62689        70.63609     0.028736314      0.12075722     -0.88759952      0.30090982               0       9.6228939       1403.1284      -2.7487472       -2.7487472       1412.7513             1403.1284                       9.6228939
              2        703.9755       72.276209     0.029916686      0.12566147     -0.93751853      0.29905583               0       10.720568       1402.7279      -2.7487472       -2.7487472       1413.4485             1402.7279                       10.720568
              4       706.94847          68.883     0.027101913      0.10886016     -0.91745212       0.2879031               0       16.588821       1402.8056      -2.7487472       -2.7487472       1419.3944             1402.8056                       16.588821
              2       706.74332       68.903614     0.026845262      0.10992862     -0.92325169      0.28944074               0       16.102798       1402.8813      -2.7487472       -2.7487472       1418.9841             1402.8813                       16.102798
              1       705.84098       69.020354     0.026692323      0.10911442     -0.92411585      0.28643229               0       14.038039       1403.1414      -2.7487472       -2.7487472       1417.1795             1403.1414                       14.038039
              3       705.63879       69.250219      0.02763254      0.10515303     -0.89256988      0.27823401               0       14.077331       1402.6977      -2.7487472       -2.7487472       1416.7751             1402.6977                       14.077331
              7       704.21325       69.855159     0.026906546      0.11943354     -0.89624127      0.30121302               0       11.061242       1402.8628      -2.7487472       -2.7487472        1413.924             1402.8628                       11.061242
              2       703.42744       70.103353     0.027157424      0.12108611     -0.92342084      0.30295711               0       9.8386777       1402.5137      -2.7487472       -2.7487472       1412.3524             1402.5137                       9.8386777
              3       704.14418       70.496317     0.028042699      0.12461336     -0.90782804      0.30846782               0       10.764222       1403.0216      -2.7487472       -2.7487472       1413.7859             1403.0216                       10.764222
              3       704.96864       69.653393     0.029693914      0.11501062     -0.84821741      0.29958945               0       10.103778        1405.331      -2.7487472       -2.7487472       1415.4348              1405.331                       10.103778
              2       704.44676       70.619186     0.027240506      0.11554464     -0.92828334      0.28760233               0       11.181612       1403.2094      -2.7487472       -2.7487472        1414.391             1403.2094                       11.181612
              4        704.3491       70.301114      0.02909559      0.11108231     -0.87807179      0.28493527               0       11.668744        1402.527      -2.7487472       -2.7487472       1414.1957              1402.527                       11.668744
              9       704.61164          70.567     0.029413374      0.11226581     -0.87396288      0.28580692               0       12.103327       1402.6174      -2.7487472       -2.7487472       1414.7208             1402.6174                       12.103327
              2       705.08732       66.160822     0.024652699       0.1027278     -0.84041522      0.29247702               0       10.810934       1404.8612      -2.7487472       -2.7487472       1415.6721             1404.8612                       10.810934
              5       705.21996       65.779878      0.02464812      0.10013377     -0.83288761      0.28986883               0       10.865918       1405.0715      -2.7487472       -2.7487472       1415.9374             1405.0715                       10.865918
              6       705.11295       67.039301     0.026404267      0.10191113     -0.83597922      0.28694226               0       11.300215       1404.4232      -2.7487472       -2.7487472       1415.7234             1404.4232                       11.300215
              6       705.81866       65.608857     0.024661888      0.10205969     -0.82609695      0.29588816               0       10.406328       1406.7285      -2.7487472       -2.7487472       1417.1348             1406.7285                       10.406328
              3       706.27227       66.488065      0.02574892      0.10475601     -0.82397786      0.29667286               0       10.938512       1407.1035      -2.7487472       -2.7487472        1418.042             1407.1035                       10.938512
              5        705.1949       68.881417     0.027723798      0.10595777     -0.86099796      0.28310984               0       13.077795       1402.8095      -2.7487472       -2.7487472       1415.8873             1402.8095                       13.077795
              2       705.91581       71.262203     0.029378495      0.11801533     -0.87808181      0.29151077               0       14.541492       1402.7876      -2.7487472       -2.7487472       1417.3291             1402.7876                       14.541492
              4       704.44619       70.003457     0.025121555      0.12035258     -0.94831883       0.2981711               0        11.28422       1403.1057      -2.7487472       -2.7487472       1414.3899             1403.1057                        11.28422
              2       703.82728       70.166419     0.025575498      0.12218145     -0.94635927      0.30142443               0       10.323725       1402.8283      -2.7487472       -2.7487472       1413.1521             1402.8283                       10.323725
             11       703.78299       71.701923     0.028063405      0.12684497     -0.93098062      0.30256273               0       10.530849       1402.5326      -2.7487472       -2.7487472       1413.0635             1402.5326                       10.530849
              2        703.8511       71.464749     0.027537864      0.12668772     -0.93630098      0.30323741               0       10.627432       1402.5723      -2.7487472       -2.7487472       1413.1997             1402.5723                       10.627432
              6       703.67866       71.068167     0.027962492      0.12650763     -0.92700163      0.30711532               0       10.284301       1402.5705      -2.7487472       -2.7487472       1412.8548             1402.5705                       10.284301
              1       704.16946       69.785218     0.028289244      0.11787598      -0.8710038      0.30145803               0        9.848356       1403.9881      -2.7487472       -2.7487472       1413.8364             1403.9881                        9.848356
              6       704.45533       68.157335       0.0248392      0.10719528     -0.90679162      0.28561154               0       11.748011       1402.6602      -2.7487472       -2.7487472       1414.4082             1402.6602                       11.748011
              5       703.96594       68.470943      0.02517347      0.10979229     -0.90571118      0.28925359               0       10.911155       1402.5182      -2.7487472       -2.7487472       1413.4294             1402.5182                       10.911155
              2       703.63969       68.367747     0.025689919      0.10939107     -0.89173293      0.29037398               0       10.279021       1402.4978      -2.7487472       -2.7487472       1412.7769             1402.4978                       10.279021
              1       705.83451       71.398686     0.027541249      0.11830289      -0.9671856      0.28735742               0       11.415858       1405.7507      -2.7487472       -2.7487472       1417.1665             1405.7507                       11.415858
              3       705.85324       71.099684     0.027382129      0.11724842      -0.9642178      0.28737871               0       11.709567       1405.4944      -2.7487472       -2.7487472        1417.204             1405.4944                       11.709567
              4       705.87456       71.159386     0.027439631      0.11744172     -0.96473381      0.28739201               0       11.711632        1405.535      -2.7487472       -2.7487472       1417.2466              1405.535                       11.711632
              1       706.22533       71.059531     0.027427051      0.11678146     -0.96489802      0.28686778               0       12.298209         1405.65      -2.7487472       -2.7487472       1417.9482               1405.65                       12.298209
              5       706.15982       71.106522     0.027563082      0.11675854     -0.96299948      0.28671245               0       12.297778       1405.5193      -2.7487472       -2.7487472       1417.8171             1405.5193                       12.297778
              2       703.70221       69.260173     0.028014049      0.11034308     -0.88373305      0.28976879               0       10.319135       1402.5828      -2.7487472       -2.7487472       1412.9019             1402.5828                       10.319135
              3       703.89628        68.15849      0.02434753      0.11814327      -0.9242417      0.30810996               0       10.658777       1402.6313      -2.7487472       -2.7487472       1413.2901             1402.6313                       10.658777
              1       703.17658       67.070959     0.023083007      0.11214675     -0.91981436      0.30204176               0        9.337289       1402.5134      -2.7487472       -2.7487472       1411.8507             1402.5134                        9.337289
              2       703.14522       67.902471     0.024769276      0.11204082     -0.91079137      0.29811716               0        9.291007       1402.4969      -2.7487472       -2.7487472       1411.7879             1402.4969                        9.291007
              2       703.39813       70.673318     0.026794051      0.12094912     -0.94294093      0.29708846               0       9.2971084       1402.9966      -2.7487472       -2.7487472       1412.2938             1402.9966                       9.2971084
              2       703.56593       71.246859     0.027313235      0.12297333     -0.95188775      0.29733508               0       9.3093117         1403.32      -2.7487472       -2.7487472       1412.6294               1403.32                       9.3093117
              2       703.81108       70.376563     0.025723428      0.12301348     -0.96354112       0.3016056               0       9.6945033       1403.4251      -2.7487472       -2.7487472       1413.1197             1403.4251                       9.6945033
              3       703.86942       70.540707     0.025844341       0.1234121     -0.96543021      0.30124767               0       9.6888913       1403.5475      -2.7487472       -2.7487472       1413.2363             1403.5475                       9.6888913
              3       703.89636       70.572742      0.02585645      0.12300597     -0.96576435      0.30018311               0       9.6124695       1403.6777      -2.7487472       -2.7487472       1413.2902             1403.6777                       9.6124695
              4       703.70726       72.044841      0.02794498        0.126779     -0.95770977      0.29933405               0       9.5265415       1403.3855      -2.7487472       -2.7487472        1412.912             1403.3855                       9.5265415
              5       705.01473       73.988553     0.029421187      0.13241632     -0.97472675      0.29680775               0       10.864155       1404.6628      -2.7487472       -2.7487472       1415.5269             1404.6628                       10.864155
              2       704.79096       73.986872     0.029610112      0.13213939     -0.97102624      0.29666046               0       10.642005       1404.4374      -2.7487472       -2.7487472       1415.0794             1404.4374                       10.642005
              4       705.32076       73.249714     0.027882043      0.13366871     -0.99837682      0.30229105               0        10.66876       1405.4703      -2.7487472       -2.7487472        1416.139             1405.4703                        10.66876
              2       704.61102        68.67827     0.025197603      0.11080146     -0.90470666      0.28970055               0       12.220188       1402.4993      -2.7487472       -2.7487472       1414.7195             1402.4993                       12.220188
              2        704.4019         69.1945     0.027160789      0.11192474     -0.87491857      0.29184043               0       11.397708       1402.9036      -2.7487472       -2.7487472       1414.3013             1402.9036                       11.397708
             16       703.54731       64.786048     0.020866099      0.10587503     -0.89661095      0.30349826               0       9.5790061       1403.0131      -2.7487472       -2.7487472       1412.5921             1403.0131                       9.5790061
              2       703.61013       64.723702     0.021973009      0.10002663     -0.87587378      0.29276475               0        9.782443       1402.9353      -2.7487472       -2.7487472       1412.7178             1402.9353                        9.782443
              2       703.78788       64.738958     0.020846144      0.10608922      -0.8915647      0.30440338               0       9.7956968       1403.2776      -2.7487472       -2.7487472       1413.0733             1403.2776                       9.7956968
              1       703.79318       64.682409     0.020788297      0.10589908     -0.89107297      0.30434314               0       9.7914059       1403.2925      -2.7487472       -2.7487472       1413.0839             1403.2925                       9.7914059
              1       703.64436       63.115575     0.017334266      0.10423242      -0.9347976      0.30678674               0       10.246581       1402.5396      -2.7487472       -2.7487472       1412.7862             1402.5396                       10.246581
              3       704.20993       63.099519     0.017078213      0.10568586     -0.93656333      0.30995023               0       11.341779       1402.5756      -2.7487472       -2.7487472       1413.9173             1402.5756                       11.341779
              6       704.63698       63.269823      0.01737776      0.10726649     -0.93929838      0.31298072               0       12.139533       1402.6319      -2.7487472       -2.7487472       1414.7715             1402.6319                       12.139533
              4       704.75089       63.821145     0.018619358      0.10824853     -0.92437908      0.31305594               0       12.119539       1402.8797      -2.7487472       -2.7487472       1414.9993             1402.8797                       12.119539
              3       704.57758       66.290782     0.024228057      0.10044407     -0.88337919      0.28516823               0       12.169424       1402.4832      -2.7487472       -2.7487472       1414.6527             1402.4832                       12.169424
              2       704.57668       66.289466     0.024228641      0.10043721     -0.88330128      0.28516527               0       12.167178       1402.4837      -2.7487472       -2.7487472       1414.6508             1402.4837                       12.167178
              1       704.62033       66.219456     0.024167594      0.10023227     -0.88288376      0.28516199               0       12.251874       1402.4863      -2.7487472       -2.7487472       1414.7382             1402.4863                       12.251874
              3       703.89153       67.427339     0.025300645      0.10864868     -0.89107251      0.29604103               0       10.579632       1402.7009      -2.7487472       -2.7487472       1413.2805             1402.7009                       10.579632
              6       703.36199       67.083569     0.024607347      0.10730563     -0.89006749      0.29455793               0       9.5684249       1402.6531      -2.7487472       -2.7487472       1412.2215             1402.6531                       9.5684249
              4       703.47197       70.231182     0.029134851      0.11655326     -0.88191916      0.29667442               0       9.4369096       1403.0045      -2.7487472       -2.7487472       1412.4414             1403.0045                       9.4369096
             14       703.90552       70.300212     0.029865375      0.11422347     -0.87575581      0.29285607               0       10.364575        1402.944      -2.7487472       -2.7487472       1413.3085              1402.944                       10.364575
              5       704.97966       69.151901     0.027701485      0.11326317     -0.85784511       0.2961297               0       11.324592       1404.1322      -2.7487472       -2.7487472       1415.4568             1404.1322                       11.324592
              2       704.78728       72.034441      0.02938495      0.13043284     -0.90435766      0.30923712               0       11.867238       1403.2048      -2.7487472       -2.7487472        1415.072             1403.2048                       11.867238
              1       704.45024       70.894065     0.028121622      0.12622276     -0.90240747      0.30837544               0       11.195069       1403.2029      -2.7487472       -2.7487472        1414.398             1403.2029                       11.195069
              5       705.32874       70.323532     0.027786624      0.12416667     -0.88648648      0.30856443               0       12.185218       1403.9698      -2.7487472       -2.7487472        1416.155             1403.9698                       12.185218
              8       705.72166       69.529405     0.027834796      0.12144883     -0.86975651       0.3101309               0        11.61807       1405.3227      -2.7487472       -2.7487472       1416.9408             1405.3227                        11.61807
              1       705.40781       69.588363     0.027787533      0.12123438     -0.87202282      0.30906516               0        11.33441       1404.9787      -2.7487472       -2.7487472       1416.3131             1404.9787                        11.33441
              1       706.35491       69.618895     0.028745585      0.11708846     -0.84411016      0.30221686               0       12.063689       1406.1436      -2.7487472       -2.7487472       1418.2073             1406.1436                       12.063689
             15       707.21478       67.877347     0.026014495      0.10123117     -0.90359458      0.27757874               0       16.843298       1403.0838      -2.7487472       -2.7487472       1419.9271             1403.0838                       16.843298
              3       708.12164       69.956697     0.027360725      0.10848754     -0.94036696      0.27890088               0       16.636786        1405.104      -2.7487472       -2.7487472       1421.7408              1405.104                       16.636786
              8       706.89555       70.409535     0.023748299      0.12747731     -0.98802775      0.30634325               0       15.150725       1404.1379      -2.7487472       -2.7487472       1419.2886             1404.1379                       15.150725
              8       707.67242       69.906851     0.023077922      0.12913351     -0.98440942      0.31278203               0        17.54211       1403.3002      -2.7487472       -2.7487472       1420.8423             1403.3002                        17.54211
              1       708.47613       72.843379     0.026137325      0.13020394       -1.034075      0.29585511               0        11.60329       1410.8465      -2.7487472       -2.7487472       1422.4498             1410.8465                        11.60329
              2       707.53791       73.316037     0.027752276      0.12857125      -1.0142083      0.29201975               0       11.041654       1409.5317      -2.7487472       -2.7487472       1420.5733             1409.5317                       11.041654
              5       706.26391       74.263415     0.029224328      0.13208922     -0.99847167      0.29366469               0       10.708836       1407.3165      -2.7487472       -2.7487472       1418.0253             1407.3165                       10.708836
              5       704.99908       72.188441     0.026732156      0.13011711      -0.9901071      0.30222268               0       10.626893       1404.8688      -2.7487472       -2.7487472       1415.4957             1404.8688                       10.626893
              3       704.09794       72.976771     0.028859183      0.12870677     -0.96358866      0.29707417               0       9.7641666       1403.9292      -2.7487472       -2.7487472       1413.6934             1403.9292                       9.7641666
              4       704.28551       73.801106     0.029669714      0.13184349     -0.96795409      0.29772197               0       9.9705562        1404.098      -2.7487472       -2.7487472       1414.0685              1404.098                       9.9705562
             10       706.20826       72.045872     0.025894953      0.13188335     -0.99100828       0.3052098               0       13.441587       1404.4724      -2.7487472       -2.7487472        1417.914             1404.4724                       13.441587
              3       705.66336       73.546571     0.028476301      0.13774157     -0.96914476      0.30848397               0       13.745786       1403.0784      -2.7487472       -2.7487472       1416.8242             1403.0784                       13.745786
              5       705.59072       71.874179     0.026599318      0.13216684     -0.96252913      0.30858199               0       13.801045       1402.8779      -2.7487472       -2.7487472       1416.6789             1402.8779                       13.801045
              8       705.26293        72.87807     0.027918097      0.13361374      -0.9637733      0.30534639               0       12.905939       1403.1174      -2.7487472       -2.7487472       1416.0234             1403.1174                       12.905939
              3        704.4337       70.443667     0.025502117      0.12691764     -0.95431944      0.30845288               0       11.661147       1402.7038      -2.7487472       -2.7487472       1414.3649             1402.7038                       11.661147
              8       703.97797       64.143193     0.020635029        0.103496      -0.8872339      0.30326828               0       10.097583       1403.3558      -2.7487472       -2.7487472       1413.4534             1403.3558                       10.097583
              3       704.01247       66.859635     0.022607925      0.11497132     -0.92149286      0.30920999               0       10.799218       1402.7232      -2.7487472       -2.7487472       1413.5224             1402.7232                       10.799218
              5       703.54615       67.766477      0.02429883      0.11504984     -0.90606052      0.30484276               0       9.7655258       1402.8243      -2.7487472       -2.7487472       1412.5898             1402.8243                       9.7655258
              3       703.60397       70.507126     0.026140438      0.12417099     -0.95326137      0.30365686               0       9.8118288       1402.8936      -2.7487472       -2.7487472       1412.7054             1402.8936                       9.8118288
              7       706.21308       67.671247     0.023575387      0.10423048     -0.93824294      0.28049541               0       13.253588       1404.6701      -2.7487472       -2.7487472       1417.9237             1404.6701                       13.253588
              1       705.74919       71.134572     0.028020499      0.11502599     -0.94758448      0.28396642               0       12.204611       1404.7913      -2.7487472       -2.7487472       1416.9959             1404.7913                       12.204611
             12       704.73152       71.241965     0.029771211      0.11276166     -0.90141218      0.28209897               0       12.251115       1402.7094      -2.7487472       -2.7487472       1414.9605             1402.7094                       12.251115
              4       705.31833       70.207246     0.028492819      0.10874167      -0.8989271      0.27972616               0       13.357265       1402.7769      -2.7487472       -2.7487472       1416.1342             1402.7769                       13.357265
              2       706.31761       68.505402     0.026118423      0.10308094     -0.90204529      0.27667541               0       15.033139       1403.0996      -2.7487472       -2.7487472       1418.1327             1403.0996                       15.033139
              3       706.39741       68.470549     0.026083944      0.10287457     -0.90215772      0.27644342               0       15.168412       1403.1239      -2.7487472       -2.7487472       1418.2923             1403.1239                       15.168412
              1       706.64268       68.184977     0.025859922      0.10160355     -0.89935457      0.27554817               0       15.693522       1403.0893      -2.7487472       -2.7487472       1418.7829             1403.0893                       15.693522
              1         704.684        65.32863     0.021433652         0.10283     -0.92666616      0.29267284               0       12.083273       1402.7822      -2.7487472       -2.7487472       1414.8655             1402.7822                       12.083273
              2        703.5273       64.445942     0.021223385      0.10076593     -0.88762007      0.29526896               0       9.8077088       1402.7444      -2.7487472       -2.7487472       1412.5521             1402.7444                       9.8077088
              6       703.61729       64.241566      0.02107496      0.10003502     -0.88503558      0.29501997               0       9.9334246       1402.7986      -2.7487472       -2.7487472       1412.7321             1402.7986                       9.9334246
              3       703.37132       67.146402      0.02224874      0.11119315     -0.94327834        0.297398               0       9.2549255       1402.9852      -2.7487472       -2.7487472       1412.2401             1402.9852                       9.2549255
              3       703.48663       70.292369     0.026144169      0.12190952      -0.9512162      0.30094578               0       9.4682379       1403.0025      -2.7487472       -2.7487472       1412.4707             1403.0025                       9.4682379
              2       703.38946       69.840365      0.02587412      0.12163038     -0.93386344      0.30372788               0       9.7341032       1402.5423      -2.7487472       -2.7487472       1412.2764             1402.5423                       9.7341032
              3       703.11139       68.526751     0.025528745      0.11284549     -0.90253747      0.29604102               0       9.2034471       1402.5168      -2.7487472       -2.7487472       1411.7203             1402.5168                       9.2034471
              4       703.21227       68.419532     0.024923072      0.11192259     -0.91521055      0.29370428               0       9.3960862       1402.5259      -2.7487472       -2.7487472        1411.922             1402.5259                       9.3960862
              2        703.9085       67.518978     0.024678338      0.10726037     -0.88469082      0.29082759               0       10.710166       1402.6043      -2.7487472       -2.7487472       1413.3145             1402.6043                       10.710166
              1        703.8411       68.011495      0.02583471      0.10933981     -0.87332409      0.29362618               0       10.090349       1403.0893      -2.7487472       -2.7487472       1413.1797             1403.0893                       10.090349
              6       703.96286       67.573902     0.025485728      0.10885511       -0.867331      0.29561565               0       9.8875507       1403.5357      -2.7487472       -2.7487472       1413.4232             1403.5357                       9.8875507
              4       704.92469       67.794393     0.027142406      0.10859564     -0.84143144      0.29673589               0       9.9100368       1405.4368      -2.7487472       -2.7487472       1415.3469             1405.4368                       9.9100368
              1       705.35869       65.796836     0.025073998      0.10199561     -0.83527153       0.2950038               0       10.527174       1405.6877      -2.7487472       -2.7487472       1416.2149             1405.6877                       10.527174
              2       704.99135       63.227059     0.019386112      0.10309561     -0.87466774      0.30799474               0       10.846863       1404.6333      -2.7487472       -2.7487472       1415.4802             1404.6333                       10.846863
              3       704.85349       71.706043     0.029252243      0.12676532     -0.89434018      0.30468518               0        12.01532       1403.1892      -2.7487472       -2.7487472       1415.2045             1403.1892                        12.01532
              2       704.52189       71.912417     0.029948851      0.12593434      -0.8880977      0.30267907               0       11.279965       1403.2613      -2.7487472       -2.7487472       1414.5413             1403.2613                       11.279965
              1       704.59176       70.564275     0.025407783      0.12637645     -0.98074438      0.30612306               0        10.90869       1403.7723      -2.7487472       -2.7487472        1414.681             1403.7723                        10.90869
              1       705.86613       72.778266     0.027717827      0.13658161     -0.99648121      0.31140961               0       13.251268       1403.9785      -2.7487472       -2.7487472       1417.2297             1403.9785                       13.251268
              4       706.17295       71.420661     0.026200155      0.13303724     -0.99321857      0.31343722               0       14.239814       1403.6036      -2.7487472       -2.7487472       1417.8434             1403.6036                       14.239814
              2       706.22294       71.453265     0.026334622      0.13281877     -0.99280674      0.31298672               0       14.314458       1403.6289      -2.7487472       -2.7487472       1417.9434             1403.6289                       14.314458
              2       703.92814       69.583524     0.025437498      0.12128686     -0.95229929      0.30436297               0       10.524722       1402.8291      -2.7487472       -2.7487472       1413.3538             1402.8291                       10.524722
              1       705.12701       69.000716       0.0245746      0.12142822     -0.96229705      0.30801074               0       12.850355       1402.9012      -2.7487472       -2.7487472       1415.7515             1402.9012                       12.850355
              4       705.18385       67.790758     0.022624104      0.12037061     -0.96435933      0.31255824               0       13.110867       1402.7543      -2.7487472       -2.7487472       1415.8652             1402.7543                       13.110867
              2       704.59556       64.627501     0.018029384       0.1077796     -0.98272704      0.30275743               0       10.388068       1404.3005      -2.7487472       -2.7487472       1414.6886             1404.3005                       10.388068
              7       704.28045       64.120789      0.01734656       0.1067913     -0.97590869      0.30349686               0       10.238501       1403.8199      -2.7487472       -2.7487472       1414.0584             1403.8199                       10.238501
             16       704.34682       64.021614     0.017190064      0.10659439     -0.97789962      0.30357566               0       10.274758       1403.9164      -2.7487472       -2.7487472       1414.1911             1403.9164                       10.274758
              2       703.86611       63.704014     0.017459842       0.1026882     -0.94729182      0.29764954               0       10.122962       1403.1068      -2.7487472       -2.7487472       1413.2297             1403.1068                       10.122962
              7       704.13316       65.651331     0.019615332       0.1078083     -0.96840683      0.29713428               0       9.5633009       1404.2005      -2.7487472       -2.7487472       1413.7638             1404.2005                       9.5633009
              6       704.24616       65.756446     0.020040068      0.11334056     -0.94761818      0.30996196               0       11.398759        1402.591      -2.7487472       -2.7487472       1413.9898              1402.591                       11.398759
              5       704.72831       66.381559     0.020035939      0.11574874      -0.9679342       0.3096073               0       11.984913       1402.9692      -2.7487472       -2.7487472       1414.9541             1402.9692                       11.984913
              1       706.09219       66.359918     0.019195546      0.11593993     -0.98145005      0.30833504               0       14.110343       1403.5715      -2.7487472       -2.7487472       1417.6819             1403.5715                       14.110343
              3       704.66203       68.471638     0.022538695      0.11760443     -0.96934589      0.30029072               0       10.970478       1403.8511      -2.7487472       -2.7487472       1414.8216             1403.8511                       10.970478
              2       705.01457       67.971814     0.021927252      0.11424231     -0.96983509      0.29612281               0       11.090629        1404.436      -2.7487472       -2.7487472       1415.5266              1404.436                       11.090629
              2       704.70133       67.289444     0.021446785      0.11081695     -0.96669377      0.29353292               0       10.282573       1404.6176      -2.7487472       -2.7487472       1414.9002             1404.6176                       10.282573
              3       705.97179       71.260424     0.026461818      0.11943708     -0.97898268      0.28858142               0       10.871507       1406.5696      -2.7487472       -2.7487472       1417.4411             1406.5696                       10.871507
              1       705.78193       71.175595      0.02647191      0.11913719     -0.97617423      0.28869767               0       10.782006       1406.2793      -2.7487472       -2.7487472       1417.0614             1406.2793                       10.782006
              2       705.60911       70.805838     0.025666801      0.11971081     -0.98256998      0.29125904               0       10.395634       1406.3201      -2.7487472       -2.7487472       1416.7157             1406.3201                       10.395634
              8       705.68337       70.519335     0.025982722      0.11587061     -0.96146482       0.2865436               0       11.440929       1405.4233      -2.7487472       -2.7487472       1416.8642             1405.4233                       11.440929
              1       706.87013       67.136693     0.022313934      0.10320671     -0.94374969      0.27990988               0       14.044331       1405.1934      -2.7487472       -2.7487472       1419.2378             1405.1934                       14.044331
              7       703.30123       63.771566     0.018104656      0.10338937     -0.93407437      0.30032895               0       9.4881856       1402.6118      -2.7487472       -2.7487472       1412.0999             1402.6118                       9.4881856
              3       703.25779       63.239725     0.017491127      0.10226612     -0.93422035      0.30105895               0       9.4194967       1402.5936      -2.7487472       -2.7487472       1412.0131             1402.5936                       9.4194967
              2       703.76745       64.620624     0.019528986      0.10839718     -0.92709041      0.30789197               0       10.440505       1402.5919      -2.7487472       -2.7487472       1413.0324             1402.5919                       10.440505
              4       704.16742       66.277817     0.022885737      0.11090822     -0.90492602      0.30604546               0       10.897065       1402.9353      -2.7487472       -2.7487472       1413.8323             1402.9353                       10.897065
              8       704.13116       68.512206     0.024406058      0.12056827     -0.92967297      0.31022767               0       11.119941       1402.6399      -2.7487472       -2.7487472       1413.7598             1402.6399                       11.119941
              2       705.00644       69.365422     0.025549585       0.1163903     -0.90878606      0.29633627               0       13.026683       1402.4837      -2.7487472       -2.7487472       1415.5104             1402.4837                       13.026683
              1       704.57548       69.979219     0.025971432      0.11697598      -0.9255767      0.29321804               0       11.921979       1402.7265      -2.7487472       -2.7487472       1414.6485             1402.7265                       11.921979
              3       703.58956        69.57915     0.025420318      0.11686558     -0.93695094      0.29523324               0       9.7487332       1402.9279      -2.7487472       -2.7487472       1412.6766             1402.9279                       9.7487332
              3       703.53994       71.394448     0.027630317      0.12534085     -0.93611045      0.30137388               0       9.9634165        1402.614      -2.7487472       -2.7487472       1412.5774              1402.614                       9.9634165
              1       703.61476       68.951496     0.024051942      0.11916954      -0.9538678      0.30260049               0       9.7503853       1402.9766      -2.7487472       -2.7487472        1412.727             1402.9766                       9.7503853
              9       703.65382       68.962295     0.024004949      0.11924298     -0.95490375      0.30256134               0       9.7924821       1403.0127      -2.7487472       -2.7487472       1412.8051             1403.0127                       9.7924821
              4       703.60773       68.648594     0.023679465      0.11782662     -0.95574782      0.30163675               0       9.6044693       1403.1085      -2.7487472       -2.7487472        1412.713             1403.1085                       9.6044693
              1       703.69398       68.727022     0.023722309      0.11684954     -0.95725833      0.29897083               0       9.4861841       1403.3993      -2.7487472       -2.7487472       1412.8855             1403.3993                       9.4861841
              5       703.72976       68.837372     0.023821361      0.11723423     -0.95871286      0.29903392               0       9.4981988       1403.4588      -2.7487472       -2.7487472        1412.957             1403.4588                       9.4981988
              1        703.7099       68.399698     0.023300656      0.11809079     -0.95102023      0.30359093               0       10.081585       1402.8357      -2.7487472       -2.7487472       1412.9173             1402.8357                       10.081585
              4       704.33823       67.476211     0.021528029      0.11626234     -0.96269468      0.30404858               0       10.997967        1403.176      -2.7487472       -2.7487472       1414.1739              1403.176                       10.997967
              3       704.37611       70.897398     0.026599551      0.12738616     -0.96373234      0.30763288               0         11.2863       1402.9634      -2.7487472       -2.7487472       1414.2497             1402.9634                         11.2863
              4       703.72438       70.905083     0.027075433      0.12605726      -0.9476579       0.3058695               0       10.277706       1402.6685      -2.7487472       -2.7487472       1412.9463             1402.6685                       10.277706
              9       703.17574       71.159001     0.028976605      0.12288074     -0.90808399      0.30117185               0        9.247307       1402.6017      -2.7487472       -2.7487472        1411.849             1402.6017                        9.247307
              9       703.42452       70.925754     0.029501255      0.12101648     -0.88925225      0.30049298               0       9.3119286       1403.0346      -2.7487472       -2.7487472       1412.3465             1403.0346                       9.3119286
              1       703.44428       71.597914      0.02882429      0.12437305      -0.9346774      0.30010462               0       9.7564562       1402.6296      -2.7487472       -2.7487472       1412.3861             1402.6296                       9.7564562
              1       704.16474       69.704509     0.026910421      0.11808542     -0.92930293      0.29974977               0       11.266717       1402.5603      -2.7487472       -2.7487472        1413.827             1402.5603                       11.266717
              1       704.29203       69.433949     0.026267211      0.11902196     -0.93464193      0.30269879               0       11.517975       1402.5636      -2.7487472       -2.7487472       1414.0816             1402.5636                       11.517975
              2       704.35859       69.512419     0.026389696      0.11929535     -0.93461843      0.30283505               0       11.653684        1402.561      -2.7487472       -2.7487472       1414.2147              1402.561                       11.653684
              8       703.45848       63.815823     0.018659138      0.10306998     -0.91388235      0.30048981               0       9.8949819       1402.5195      -2.7487472       -2.7487472       1412.4145             1402.5195                       9.8949819
              1       704.17443       63.293547     0.016807617      0.10401471     -0.94635297       0.3032058               0       11.105842       1402.7405      -2.7487472       -2.7487472       1413.8464             1402.7405                       11.105842
              2       704.11689       63.128603     0.016649746      0.10308755     -0.94523851       0.3020697               0        10.96506       1402.7662      -2.7487472       -2.7487472       1413.7313             1402.7662                        10.96506
              2       704.29238       63.401536     0.016632711      0.10493912     -0.95855017      0.30403836               0       11.052187       1403.0301      -2.7487472       -2.7487472       1414.0823             1403.0301                       11.052187
              1       703.55904        68.28189     0.023461706       0.1143523     -0.94934111      0.29696649               0       9.3700954       1403.2455      -2.7487472       -2.7487472       1412.6156             1403.2455                       9.3700954
              3       704.20554        68.39511     0.022990556      0.11485994     -0.96204511      0.29606211               0       9.9412353       1403.9673      -2.7487472       -2.7487472       1413.9086             1403.9673                       9.9412353
              6       706.08052       72.015585     0.028735771      0.11736731     -0.93593213      0.28295469               0        13.51334       1404.1452      -2.7487472       -2.7487472       1417.6585             1404.1452                        13.51334
             13       703.94621       72.033303     0.028672026      0.12385429     -0.92931172      0.29519454               0       10.670967       1402.7189      -2.7487472       -2.7487472       1413.3899             1402.7189                       10.670967
              5       705.37931        68.17641     0.026624164      0.11346418     -0.85328284      0.30277925               0       10.820739       1405.4354      -2.7487472       -2.7487472       1416.2561             1405.4354                       10.820739
              1       705.25509        68.25869     0.026772895      0.11288571     -0.85244044      0.30112739               0        10.77262       1405.2351      -2.7487472       -2.7487472       1416.0077             1405.2351                        10.77262
              1       704.90652       65.138784     0.023540329      0.10208012     -0.84396114      0.29757898               0       9.9481784       1405.3624      -2.7487472       -2.7487472       1415.3105             1405.3624                       9.9481784
              2       704.41945       65.605479     0.023699818      0.10306626      -0.8505369      0.29602203               0       9.7220956       1404.6143      -2.7487472       -2.7487472       1414.3364             1404.6143                       9.7220956
              4       704.64702        66.44883     0.024440474      0.10753618     -0.85581942      0.30035643               0       9.9371493       1404.8544      -2.7487472       -2.7487472       1414.7915             1404.8544                       9.9371493
              2       705.29515       68.524949     0.027839127      0.10945547     -0.84027108      0.29375738               0       11.025563       1405.0622      -2.7487472       -2.7487472       1416.0878             1405.0622                       11.025563
              4       704.85192       68.528967     0.027661442       0.1095948     -0.84632198      0.29364128               0       10.617213       1404.5841      -2.7487472       -2.7487472       1415.2013             1404.5841                       10.617213
              1       703.92083       70.119258     0.029154532      0.11406977     -0.86616247      0.29261117               0        10.03651       1403.3026      -2.7487472       -2.7487472       1413.3391             1403.3026                        10.03651
              1       704.87293       67.952406     0.023975549      0.10788854     -0.91505717       0.2869678               0       12.449553       1402.7938      -2.7487472       -2.7487472       1415.2433             1402.7938                       12.449553
              5        705.0387       67.424393     0.023758079      0.10453564     -0.90853649       0.2836262               0       12.764116       1402.8108      -2.7487472       -2.7487472       1415.5749             1402.8108                       12.764116
              1       705.27145       68.073514     0.025144233      0.10497763     -0.89565955      0.28218797               0       13.453348        1402.587      -2.7487472       -2.7487472       1416.0404              1402.587                       13.453348
              3       704.60567       66.071396     0.019539019      0.11220735     -0.98469651       0.3032703               0       10.357857        1404.351      -2.7487472       -2.7487472       1414.7088              1404.351                       10.357857
              3       705.03192       67.502545     0.020948578      0.11745947     -0.99323604      0.30516696               0       10.941796       1404.6195      -2.7487472       -2.7487472       1415.5613             1404.6195                       10.941796
              7       705.35747        67.89131     0.021249964      0.11775899      -1.0000293      0.30298573               0       10.743573       1405.4689      -2.7487472       -2.7487472       1416.2124             1405.4689                       10.743573
              2       704.03027       70.889356     0.026318265      0.12669909     -0.95013328      0.30577572               0       10.840565       1402.7175      -2.7487472       -2.7487472        1413.558             1402.7175                       10.840565
              1       704.77042       72.207321      0.02765998      0.12685372     -0.95509699      0.29758514               0       11.599688       1403.4386      -2.7487472       -2.7487472       1415.0383             1403.4386                       11.599688
              1       705.03299        72.03035     0.027006562      0.12751811     -0.96539455      0.29907037               0       11.777555       1403.7859      -2.7487472       -2.7487472       1415.5635             1403.7859                       11.777555
              1       704.71107       74.349327     0.029757608      0.13641641     -0.97660639      0.30177915               0        10.84688       1404.0728      -2.7487472       -2.7487472       1414.9196             1404.0728                        10.84688
              5       704.07926       72.654617     0.028312909      0.13277746     -0.96166085      0.30639117               0       10.678772       1402.9772      -2.7487472       -2.7487472        1413.656             1402.9772                       10.678772
             12       704.13201       70.443209     0.025860161      0.12661762     -0.94897095      0.30857383               0       11.140168       1402.6213      -2.7487472       -2.7487472       1413.7615             1402.6213                       11.140168
              3       704.14612       71.774275     0.027805293      0.13046965     -0.95659215       0.3084881               0       11.044116       1402.7456      -2.7487472       -2.7487472       1413.7897             1402.7456                       11.044116
              2       703.97268       69.111591      0.02732986      0.11350882     -0.89946474       0.2962115               0       10.886787       1402.5561      -2.7487472       -2.7487472       1413.4429             1402.5561                       10.886787
              1       703.38995       69.545708     0.027782476      0.11464194     -0.89553626      0.29580365               0       9.6759666       1402.6014      -2.7487472       -2.7487472       1412.2774             1402.6014                       9.6759666
              1       703.43219       69.751344     0.027312166        0.118395     -0.91113891      0.30080942               0       9.8111696       1402.5507      -2.7487472       -2.7487472       1412.3619             1402.5507                       9.8111696
              2       703.79128       68.370701     0.026022952      0.11482447     -0.89574784      0.30268469               0        10.10022       1402.9798      -2.7487472       -2.7487472       1413.0801             1402.9798                        10.10022
              2       703.77971       68.626929     0.026855912      0.10864547     -0.87568857      0.28907744               0       10.335149       1402.7218      -2.7487472       -2.7487472       1413.0569             1402.7218                       10.335149
              2       704.02836       70.274476     0.029160037      0.11282485     -0.87219715       0.2888103               0       10.753199        1402.801      -2.7487472       -2.7487472       1413.5542              1402.801                       10.753199
              4       703.74361       70.096473     0.028736762       0.1119496     -0.88271486       0.2876362               0       10.450639       1402.5341      -2.7487472       -2.7487472       1412.9847             1402.5341                       10.450639
              5       704.00674        69.73782     0.028586845      0.11077692     -0.87107188      0.28788286               0        10.72964       1402.7813      -2.7487472       -2.7487472        1413.511             1402.7813                        10.72964
              3        703.7929       68.895701     0.027313336      0.10998328     -0.87179734      0.29060851               0       10.158416       1402.9249      -2.7487472       -2.7487472       1413.0833             1402.9249                       10.158416
              7       704.25545       68.874733     0.025829593      0.10887487     -0.91628208      0.28532111               0       11.068234       1402.9402      -2.7487472       -2.7487472       1414.0084             1402.9402                       11.068234
              2       706.29277       69.415511     0.027682473      0.10488403     -0.89036387      0.27645591               0       15.344761       1402.7383      -2.7487472       -2.7487472        1418.083             1402.7383                       15.344761
              1       704.79148       67.248481     0.023409865      0.11013778     -0.89416315      0.29672965               0        12.41384       1402.6666      -2.7487472       -2.7487472       1415.0804             1402.6666                        12.41384
              4         705.494       66.805374       0.0211678      0.11096752     -0.93569584      0.29751445               0       13.727639       1402.7578      -2.7487472       -2.7487472       1416.4855             1402.7578                       13.727639
              1       704.85593       66.644304     0.021345112      0.10839141     -0.93233473      0.29355338               0       12.316277       1402.8931      -2.7487472       -2.7487472       1415.2094             1402.8931                       12.316277
              2       705.63494       72.528812     0.028670741       0.1235069     -0.93989908      0.29051202               0       13.319718       1403.4477      -2.7487472       -2.7487472       1416.7674             1403.4477                       13.319718
              2       706.27471       70.362309     0.024863126      0.11806009     -0.97285267      0.28998499               0       12.328003       1405.7189      -2.7487472       -2.7487472       1418.0469             1405.7189                       12.328003
              1       705.82119       70.267085      0.02381717      0.12483198     -0.99545585       0.3023684               0       11.908761       1405.2311      -2.7487472       -2.7487472       1417.1399             1405.2311                       11.908761
              4       703.63218       66.136577      0.02189523      0.10960456     -0.92963607      0.30210909               0       10.234479       1402.5274      -2.7487472       -2.7487472       1412.7619             1402.5274                       10.234479
              2       704.06462       67.316928     0.023318028      0.11177053     -0.93906475      0.29952695               0       10.885622       1402.7411      -2.7487472       -2.7487472       1413.6267             1402.7411                       10.885622
              2       705.27761       66.269961      0.02160175       0.1109911     -0.95491643      0.30338309               0       13.094454       1402.9583      -2.7487472       -2.7487472       1416.0527             1402.9583                       13.094454
              2       704.90122       71.132162      0.02739692      0.12427343     -0.96486801      0.30102959               0       11.756335       1403.5436      -2.7487472       -2.7487472       1415.2999             1403.5436                       11.756335
              8       704.70859       71.100422     0.027065369      0.12481437     -0.96878662      0.30171262               0       11.253869       1403.6608      -2.7487472       -2.7487472       1414.9147             1403.6608                       11.253869
              2       704.73171       70.430338     0.028195222      0.11913019     -0.92719978       0.2982997               0       12.393814       1402.5671      -2.7487472       -2.7487472       1414.9609             1402.5671                       12.393814
              2       703.68745       72.281261     0.028399477      0.12876806     -0.95875026      0.30205616               0       9.6844887       1403.1879      -2.7487472       -2.7487472       1412.8724             1403.1879                       9.6844887
              2       703.59192       70.510572     0.026177301      0.12407763     -0.95323738      0.30351355               0       9.7800781       1402.9013      -2.7487472       -2.7487472       1412.6813             1402.9013                       9.7800781
              2       704.12307       67.937824     0.023885605      0.11854726      -0.9236247      0.30998921               0         11.0217       1402.7219      -2.7487472       -2.7487472       1413.7436             1402.7219                         11.0217
              1       704.09148       68.212782     0.024349899      0.11900534     -0.91764369       0.3094775               0       10.861658       1402.8188      -2.7487472       -2.7487472       1413.6804             1402.8188                       10.861658
              5       704.10381       68.151939     0.024215428      0.11893026      -0.9186177      0.30957917               0        10.90282       1402.8023      -2.7487472       -2.7487472       1413.7051             1402.8023                        10.90282
              4       705.36905       65.916487     0.020364972      0.10837716     -0.97538871      0.29778312               0       11.682341       1404.5533      -2.7487472       -2.7487472       1416.2356             1404.5533                       11.682341
              5       704.50162        65.74113     0.023966654      0.10046395     -0.87102878      0.28939783               0        11.62832       1402.8724      -2.7487472       -2.7487472       1414.5007             1402.8724                        11.62832
              5       705.56438       66.586211     0.026458583      0.10113888      -0.8405274      0.28924131               0       12.222513       1404.4037      -2.7487472       -2.7487472       1416.6262             1404.4037                       12.222513
              1       704.74599       72.442994      0.02899606       0.1301891     -0.96352474      0.30455352               0       11.821024       1403.1685      -2.7487472       -2.7487472       1414.9895             1403.1685                       11.821024
              3       704.99027       70.356001     0.025330324      0.12639254     -0.98126543      0.30781418               0       11.861173       1403.6169      -2.7487472       -2.7487472        1415.478             1403.6169                       11.861173
              1       703.38481       69.576062     0.025379155      0.12076692     -0.94224045      0.30323365               0       9.6086817       1402.6584      -2.7487472       -2.7487472       1412.2671             1402.6584                       9.6086817
              2       703.60637       67.130599     0.023098259      0.11387948     -0.92521805      0.30538411               0       10.166216        1402.544      -2.7487472       -2.7487472       1412.7102              1402.544                       10.166216
             13       703.61986       66.711692     0.023481021      0.11081056     -0.90187127      0.30319567               0       9.9041337       1402.8331      -2.7487472       -2.7487472       1412.7372             1402.8331                       9.9041337
              6       703.30337       67.987818      0.02538294      0.11174473     -0.89987404      0.29805618               0       9.4892605        1402.615      -2.7487472       -2.7487472       1412.1042              1402.615                       9.4892605
              4       703.27148       68.052746     0.025389892      0.11208648     -0.90136205      0.29824068               0         9.44303       1402.5974      -2.7487472       -2.7487472       1412.0405             1402.5974                         9.44303
              2       703.82341       64.382217     0.021086611      0.10243961     -0.88928835      0.29956156               0        10.17822       1402.9661      -2.7487472       -2.7487472       1413.1443             1402.9661                        10.17822
              1        704.9428       64.854672     0.020424797      0.11028689     -0.91668918      0.31229626               0        12.34509        1403.038      -2.7487472       -2.7487472       1415.3831              1403.038                        12.34509
              2        704.5236       64.791946     0.019869973      0.11044429     -0.92448909      0.31195454               0        11.73462       1402.8101      -2.7487472       -2.7487472       1414.5447             1402.8101                        11.73462
              1       705.18144       65.257743     0.020300588      0.11322954     -0.92606919      0.31506858               0       12.889096       1402.9713      -2.7487472       -2.7487472       1415.8604             1402.9713                       12.889096
              3       705.05855       65.274301      0.02050611      0.11274259     -0.91978213      0.31424827               0       12.520462       1403.0941      -2.7487472       -2.7487472       1415.6146             1403.0941                       12.520462
              1       704.29575       65.642245     0.022030008      0.10992226     -0.90106835       0.3077265               0       10.890396       1403.1986      -2.7487472       -2.7487472        1414.089             1403.1986                       10.890396
              1       704.17515        65.07619     0.021342639      0.10796111     -0.90011298       0.3068492               0       10.688892       1403.1589      -2.7487472       -2.7487472       1413.8478             1403.1589                       10.688892
              3       704.56833         68.4121     0.023308305       0.1133372     -0.94662775      0.29334044               0       11.160821       1403.4733      -2.7487472       -2.7487472       1414.6341             1403.4733                       11.160821
              1       706.08624       65.081635     0.018088937      0.11022895     -0.96224737      0.30447029               0       14.543482       1403.1265      -2.7487472       -2.7487472         1417.67             1403.1265                       14.543482
              1       707.08012       67.105764     0.019462193      0.12056839      -1.0040683      0.31238948               0       15.386202       1404.2715      -2.7487472       -2.7487472       1419.6577             1404.2715                       15.386202
              5        706.6099       68.353498     0.022196374      0.12520969     -0.99395577      0.31687466               0        15.38058       1403.3367      -2.7487472       -2.7487472       1418.7173             1403.3367                        15.38058
              4       706.52765       64.308869     0.017379227      0.11369198     -0.96619766      0.31848915               0       15.870433       1402.6824      -2.7487472       -2.7487472       1418.5528             1402.6824                       15.870433
              3       704.37093       64.131404     0.018019514      0.10903607     -0.94636914      0.31049059               0       11.657628       1402.5817      -2.7487472       -2.7487472       1414.2393             1402.5817                       11.657628
              6       704.32844       63.787166     0.018816771      0.10687324     -0.91409799      0.31049467               0       11.172498       1402.9819      -2.7487472       -2.7487472       1414.1544             1402.9819                       11.172498
              9       704.03426       68.295762     0.025829557      0.11308829      -0.8777335      0.29921243               0       10.174983        1403.391      -2.7487472       -2.7487472        1413.566              1403.391                       10.174983
             12       703.56162        70.91203     0.026897752      0.12577538      -0.9430696      0.30489565               0       9.9973674       1402.6234      -2.7487472       -2.7487472       1412.6207             1402.6234                       9.9973674
              3       703.44115       69.616522     0.025639516      0.12065483     -0.92934912      0.30318722               0       9.8598447         1402.52      -2.7487472       -2.7487472       1412.3798               1402.52                       9.8598447
              1       703.92644       69.751551      0.02613747      0.12143835     -0.91439998      0.30464843               0       10.710895       1402.6395      -2.7487472       -2.7487472       1413.3504             1402.6395                       10.710895
              2       703.97259       69.290236      0.02555983      0.12037659     -0.91382601      0.30530385               0       10.764768       1402.6779      -2.7487472       -2.7487472       1413.4427             1402.6779                       10.764768
              2        703.3027       67.306322     0.022762195      0.11185521     -0.92814395       0.2985813               0       9.5303497       1402.5726      -2.7487472       -2.7487472       1412.1029             1402.5726                       9.5303497
              1       704.22164       64.040444     0.019816987      0.10510122     -0.91082904      0.30616163               0       11.154779        1402.786      -2.7487472       -2.7487472       1413.9408              1402.786                       11.154779
              5       704.32284       64.398196     0.020558031      0.10521906     -0.90564266      0.30484045               0       11.307221        1402.836      -2.7487472       -2.7487472       1414.1432              1402.836                       11.307221
              6       704.30675       64.964799     0.019988258      0.10415229     -0.94818171      0.29566851               0       10.797671       1403.3133      -2.7487472       -2.7487472        1414.111             1403.3133                       10.797671
              9       703.69441       65.467543     0.020573286      0.10736791     -0.94342877       0.3000125               0        10.06049       1402.8258      -2.7487472       -2.7487472       1412.8863             1402.8258                        10.06049
              2        703.6858       65.482426      0.02061236      0.10733813     -0.94290466      0.29989781               0       10.051037       1402.8181      -2.7487472       -2.7487472       1412.8691             1402.8181                       10.051037
              5       703.85514       65.840813     0.021238511      0.10897613     -0.93961219      0.30186482               0       10.550704       1402.6571      -2.7487472       -2.7487472       1413.2078             1402.6571                       10.550704
              3       704.26726       62.029961     0.015201078      0.10209058     -0.97020248      0.30650857               0       10.770655       1403.2614      -2.7487472       -2.7487472        1414.032             1403.2614                       10.770655
              3       704.64487       63.778692     0.016870322      0.10791116     -0.97915162      0.30834367               0       11.319505       1403.4677      -2.7487472       -2.7487472       1414.7872             1403.4677                       11.319505
              7       704.00475       67.016005     0.022682212      0.11555564     -0.92653065      0.30923516               0       10.863578       1402.6434      -2.7487472       -2.7487472        1413.507             1402.6434                       10.863578
              5       706.16188       72.761224     0.028546643      0.12247759     -0.96798738      0.28648047               0        11.82165       1405.9996      -2.7487472       -2.7487472       1417.8212             1405.9996                        11.82165
              2       706.39501        70.78997     0.026317968       0.1163111     -0.97382688      0.28590484               0       11.615969       1406.6715      -2.7487472       -2.7487472       1418.2875             1406.6715                       11.615969
              9       705.16924       70.865488      0.02619251      0.12024297     -0.97817129      0.29287543               0       10.229789       1405.6062      -2.7487472       -2.7487472        1415.836             1405.6062                       10.229789
              1       704.16358       61.903571     0.016440156      0.10130743      -0.9255214      0.30895122               0       11.177411       1402.6472      -2.7487472       -2.7487472       1413.8247             1402.6472                       11.177411
             10       704.94293       62.575642     0.016978835      0.10523056     -0.93080609      0.31374515               0       12.602393        1402.781      -2.7487472       -2.7487472       1415.3834              1402.781                       12.602393
              1       704.54789       62.944768     0.017264756      0.10558807      -0.9384441      0.31170013               0       11.989691       1402.6036      -2.7487472       -2.7487472       1414.5933             1402.6036                       11.989691
              1        704.3451       62.769918     0.016234908      0.10543173     -0.95492136       0.3104285               0       11.527464       1402.6602      -2.7487472       -2.7487472       1414.1877             1402.6602                       11.527464
              1       704.29586       70.476651     0.025299646      0.12624532      -0.9730236      0.30640302               0       10.702061       1403.3871      -2.7487472       -2.7487472       1414.0892             1403.3871                       10.702061
              5       704.28842       70.476427     0.025306133      0.12618912     -0.97305619      0.30630489               0       10.676926       1403.3974      -2.7487472       -2.7487472       1414.0743             1403.3974                       10.676926
              2       703.80301       70.576097     0.025917862      0.12499762     -0.95965741      0.30427638               0       10.051248       1403.0523      -2.7487472       -2.7487472       1413.1035             1403.0523                       10.051248
              1       704.11034       71.550015       0.0267619      0.12868693     -0.96608215      0.30490451               0       10.481423       1403.2368      -2.7487472       -2.7487472       1413.7182             1403.2368                       10.481423
              2       703.89996        71.57219     0.027062334      0.12796128     -0.95802218      0.30388555               0       10.272223       1403.0252      -2.7487472       -2.7487472       1413.2974             1403.0252                       10.272223
              1       704.16011       70.782593     0.025768458      0.12677983     -0.96834061       0.3057626               0       10.564331       1403.2534      -2.7487472       -2.7487472       1413.8177             1403.2534                       10.564331
             10       704.31531       71.015237     0.025893019      0.12781348     -0.97250856      0.30605913               0        10.73132       1403.3968      -2.7487472       -2.7487472       1414.1281             1403.3968                        10.73132
              1       707.62165       68.682583      0.02353927       0.1272316     -0.93325555      0.32097829               0       17.519302       1403.2215      -2.7487472       -2.7487472       1420.7408             1403.2215                       17.519302
              1       708.02456       67.965896     0.022781111      0.12493285     -0.92664541      0.32116569               0       18.069692       1403.4769      -2.7487472       -2.7487472       1421.5466             1403.4769                       18.069692
              4       706.63745       65.908272     0.020973605      0.11742532     -0.92311554      0.32008807               0       15.263197       1403.5092      -2.7487472       -2.7487472       1418.7724             1403.5092                       15.263197
              2       706.93888       65.992126     0.021964162      0.11647178     -0.90884691      0.31936012               0       15.272329       1404.1029      -2.7487472       -2.7487472       1419.3753             1404.1029                       15.272329
              4        706.6037       68.877972     0.023511423       0.1240249     -0.98856846       0.3123419               0       15.201252       1403.5036      -2.7487472       -2.7487472       1418.7049             1403.5036                       15.201252
              3       707.21005       72.037737     0.027221671      0.13178925      -1.0028125        0.307654               0       15.039339       1404.8783      -2.7487472       -2.7487472       1419.9176             1404.8783                       15.039339
              1       707.04422       69.185771     0.024266454      0.11968991     -0.99060107      0.30208991               0       14.662396       1404.9235      -2.7487472       -2.7487472       1419.5859             1404.9235                       14.662396
              4        705.0796       69.885537      0.02417742      0.11978917     -0.98404404      0.29609147               0       10.179164       1405.4775      -2.7487472       -2.7487472       1415.6567             1405.4775                       10.179164
              4       704.55318       71.752779     0.027433535      0.12344674     -0.97127513      0.29431009               0       9.7854606       1404.8184      -2.7487472       -2.7487472       1414.6039             1404.8184                       9.7854606
              4       705.45508       71.959625     0.026866695      0.12648316     -0.99467181      0.29738975               0       10.290489       1406.1172      -2.7487472       -2.7487472       1416.4076             1406.1172                       10.290489
              1       705.13242       67.370639     0.020827752      0.11841576     -0.99229101      0.30820384               0       11.621884       1404.1405      -2.7487472       -2.7487472       1415.7623             1404.1405                       11.621884
              1       703.61421       66.342646     0.020774298      0.11175458     -0.95062477      0.30257334               0       9.8453535       1402.8806      -2.7487472       -2.7487472       1412.7259             1402.8806                       9.8453535
              3       704.05242       65.440722     0.019205783      0.10960793     -0.95951154      0.30229588               0       10.406747       1403.1956      -2.7487472       -2.7487472       1413.6023             1403.1956                       10.406747
              4       707.47244       65.852714     0.020024799      0.11910468     -0.93970755      0.32231301               0       17.305797       1403.1366      -2.7487472       -2.7487472       1420.4424             1403.1366                       17.305797
              1       706.25039       67.589351     0.023739341      0.12089913     -0.91359673      0.31802193               0       14.297976       1403.7003      -2.7487472       -2.7487472       1417.9983             1403.7003                       14.297976
              6       704.36713       69.630566     0.026931844      0.11622467     -0.88898622      0.29659307               0       11.450288       1402.7815      -2.7487472       -2.7487472       1414.2317             1402.7815                       11.450288
              3       705.32815       70.484239     0.028289576      0.11129639     -0.89850151      0.28226512               0       13.516959       1402.6368      -2.7487472       -2.7487472       1416.1538             1402.6368                       13.516959
              1       704.41501       73.501012     0.028949528      0.13567388     -0.97715989      0.30591511               0        10.70727       1403.6202      -2.7487472       -2.7487472       1414.3275             1403.6202                        10.70727
              6       705.31039       73.131641     0.029658238      0.13220397     -0.97300285      0.30385031               0       12.480355       1403.6379      -2.7487472       -2.7487472       1416.1183             1403.6379                       12.480355
              9       703.36195       71.521159     0.029589061      0.12220879     -0.89624062      0.29801321               0       9.5389776       1402.6824      -2.7487472       -2.7487472       1412.2214             1402.6824                       9.5389776
              1       703.44917       71.354426     0.029379876      0.12225339      -0.8947242      0.29908431               0       9.6216977       1402.7741      -2.7487472       -2.7487472       1412.3958             1402.7741                       9.6216977
              2       703.91633       69.346081     0.028130577      0.11522991     -0.87894238      0.29945571               0       9.9712003        1403.359      -2.7487472       -2.7487472       1413.3302              1403.359                       9.9712003
              6       703.44572        69.96498     0.028507971      0.11682401     -0.88788815      0.29820875               0       9.4741824       1402.9148      -2.7487472       -2.7487472       1412.3889             1402.9148                       9.4741824
              5        703.6285       69.560151     0.028170757      0.11532435     -0.88581277      0.29789363               0       9.7943368       1402.9602      -2.7487472       -2.7487472       1412.7545             1402.9602                       9.7943368
              2       703.60073       69.934576     0.028758056      0.11624483     -0.88243046      0.29779522               0       9.6272662       1403.0717      -2.7487472       -2.7487472       1412.6989             1403.0717                       9.6272662
              4       705.36829       68.158399     0.027577382      0.11196576     -0.85365337      0.30176568               0       10.994298       1405.2398      -2.7487472       -2.7487472       1416.2341             1405.2398                       10.994298
              5       704.74069       68.830463     0.027140141      0.11745748     -0.87894002      0.30657032               0       10.820667       1404.1582      -2.7487472       -2.7487472       1414.9789             1404.1582                       10.820667
              7        705.4045       67.228082      0.02636262      0.10586426     -0.83484512      0.29398746               0       10.751529        1405.555      -2.7487472       -2.7487472       1416.3065              1405.555                       10.751529
              2       703.81998       68.022835     0.026221999      0.10985295     -0.86733144      0.29547429               0       9.6163459       1403.5211      -2.7487472       -2.7487472       1413.1374             1403.5211                       9.6163459
              7       705.31811       66.545208      0.02609369      0.10200743     -0.82840619      0.29073522               0       10.544082       1405.5896      -2.7487472       -2.7487472       1416.1337             1405.5896                       10.544082
              2       704.47517       67.833877     0.024432438      0.11772212     -0.90452845      0.31033515               0       11.148785       1403.2991      -2.7487472       -2.7487472       1414.4478             1403.2991                       11.148785
              3       703.92607       67.891634     0.025392678      0.11410288     -0.88422057      0.30403854               0       9.7782556       1403.5714      -2.7487472       -2.7487472       1413.3496             1403.5714                       9.7782556
              5       703.28104       67.685596     0.024378439      0.11341861     -0.90431209      0.30218492               0       9.3432555       1402.7163      -2.7487472       -2.7487472       1412.0596             1402.7163                       9.3432555
              1       703.27755       68.436381     0.026181397      0.11036851      -0.8870293      0.29292819               0       9.4088748       1402.6437      -2.7487472       -2.7487472       1412.0526             1402.6437                       9.4088748
              1       703.21109       69.157798     0.026594924      0.11299375     -0.89864883      0.29320227               0       9.4265667       1402.4931      -2.7487472       -2.7487472       1411.9197             1402.4931                       9.4265667
              9       703.30787       68.190508     0.025081057      0.11004102     -0.90370215      0.29197378               0       9.6418582       1402.4714      -2.7487472       -2.7487472       1412.1132             1402.4714                       9.6418582
              1       704.42779       64.603551     0.020131433      0.10515366     -0.89224933      0.30172671               0       11.326336       1403.0267      -2.7487472       -2.7487472       1414.3531             1403.0267                       11.326336
              3       705.02246       63.802932     0.018976714      0.10796972     -0.91233355      0.31342765               0       12.258418        1403.284      -2.7487472       -2.7487472       1415.5424              1403.284                       12.258418
              1       707.90183       67.606529     0.022808587       0.1240549     -0.95121136      0.32272839               0       18.406271       1402.8949      -2.7487472       -2.7487472       1421.3012             1402.8949                       18.406271
              2       708.62525       68.082855     0.020426767      0.12779766      -1.0235857      0.32116446               0       18.497386       1404.2506      -2.7487472       -2.7487472        1422.748             1404.2506                       18.497386
              3       708.01229       66.995961     0.019579654      0.12214068      -1.0250702      0.31717897               0       16.643562       1404.8785      -2.7487472       -2.7487472       1421.5221             1404.8785                       16.643562
             11        712.2475       65.684011     0.017461273       0.1186874      -1.0661755      0.31706181               0       21.685242       1408.3073      -2.7487472       -2.7487472       1429.9925             1408.3073                       21.685242
              3       710.49569       62.427428     0.016288628      0.10809847      -0.9784729      0.32082458               0       23.710761       1402.7781      -2.7487472       -2.7487472       1426.4889             1402.7781                       23.710761
              2        708.2537       64.059243     0.017246251      0.11245066      -1.0010113      0.31762714               0       18.456392       1403.5485      -2.7487472       -2.7487472       1422.0049             1403.5485                       18.456392
              4         708.381       64.090882     0.017235138      0.11268269      -1.0028199      0.31785145               0       18.655337       1403.6042      -2.7487472       -2.7487472       1422.2595             1403.6042                       18.655337
              2       708.81645       64.668293     0.017992886      0.11483638      -1.0017426      0.31916255               0       19.681926       1403.4485      -2.7487472       -2.7487472       1423.1304             1403.4485                       19.681926
              2       708.52829       65.625007     0.018994026       0.1209212     -0.97456501      0.32637814               0       19.759964       1402.7941      -2.7487472       -2.7487472       1422.5541             1402.7941                       19.759964
              3       704.55054        68.40145     0.022627934      0.11592834       -0.968135       0.2975157               0       10.464745       1404.1338      -2.7487472       -2.7487472       1414.5986             1404.1338                       10.464745
              3         704.574       67.189259     0.021190572      0.11408812     -0.95838959      0.30108747               0       11.392081       1403.2534      -2.7487472       -2.7487472       1414.6455             1403.2534                       11.392081
              1       704.38639       65.569651     0.019242928       0.1103904      -0.9581256       0.3030146               0       11.181287        1403.089      -2.7487472       -2.7487472       1414.2703              1403.089                       11.181287
              1       704.24758       65.176465     0.018928796      0.10695983     -0.95640869      0.29786631               0       10.524315       1403.4683      -2.7487472       -2.7487472       1413.9927             1403.4683                       10.524315
              2       703.18705       65.845157     0.021228484       0.1062842     -0.93009375      0.29559294               0        9.154412       1402.7172      -2.7487472       -2.7487472       1411.8716             1402.7172                        9.154412
              7       704.66598       66.516868     0.019936458      0.11411314     -0.98395898      0.30442744               0       10.679122       1404.1503      -2.7487472       -2.7487472       1414.8295             1404.1503                       10.679122
              7        705.2312       66.721906     0.020061614      0.11713078     -0.99176979      0.30961889               0       12.021196       1403.9387      -2.7487472       -2.7487472       1415.9599             1403.9387                       12.021196
              3       704.80964       69.719929     0.023949701      0.12055532     -0.98092859      0.29860745               0       10.310542       1404.8062      -2.7487472       -2.7487472       1415.1168             1404.8062                       10.310542
              3       703.39207       67.697988     0.023674803      0.10975411     -0.92918979      0.29254316               0       9.4194245       1402.8622      -2.7487472       -2.7487472       1412.2816             1402.8622                       9.4194245
              5       703.85271       66.019654      0.02140477      0.10401461     -0.92927372      0.28922972               0       10.096162       1403.1067      -2.7487472       -2.7487472       1413.2029             1403.1067                       10.096162
              3       704.12589       66.012259      0.02124123      0.10431122     -0.94129276      0.28959991               0       10.136726       1403.6125      -2.7487472       -2.7487472       1413.7493             1403.6125                       10.136726
              1        703.9743       66.269231     0.021935516      0.10426549      -0.9314155      0.28883511               0       10.218293       1403.2278      -2.7487472       -2.7487472       1413.4461             1403.2278                       10.218293
              3       703.71497       65.422489     0.021022056      0.10224758     -0.92509864      0.28951126               0       9.9924296        1402.935      -2.7487472       -2.7487472       1412.9274              1402.935                       9.9924296
              7       703.84024       65.967236     0.021929607      0.10317705     -0.92296286      0.28897092               0       10.274979        1402.903      -2.7487472       -2.7487472        1413.178              1402.903                       10.274979
              2        703.9819        66.53628     0.021840951      0.10603303     -0.94133731       0.2903002               0       9.9236064       1403.5377      -2.7487472       -2.7487472       1413.4613             1403.5377                       9.9236064
              2       704.70017       65.046284     0.018536723      0.10962407     -0.95638765      0.30443005               0       11.960319       1402.9375      -2.7487472       -2.7487472       1414.8978             1402.9375                       11.960319
              7       704.75234       65.121598     0.018603662      0.10980219     -0.95673428      0.30430416               0       12.046488       1402.9557      -2.7487472       -2.7487472       1415.0022             1402.9557                       12.046488
              1       705.20503       66.447493     0.019932568      0.11730192     -0.98190142      0.31227681               0       12.661649       1403.2459      -2.7487472       -2.7487472       1415.9076             1403.2459                       12.661649
              2        704.2087       71.486473     0.027085935      0.12522291      -0.9714816      0.29930239               0       9.8185121       1404.0964      -2.7487472       -2.7487472       1413.9149             1404.0964                       9.8185121
              2         704.956       71.983984      0.02745258      0.12375042     -0.97637955      0.29304536               0        9.981325       1405.4282      -2.7487472       -2.7487472       1415.4095             1405.4282                        9.981325
              1       703.93198       70.351664     0.026566493      0.11727127      -0.9335039      0.29192058               0       10.310976       1403.0505      -2.7487472       -2.7487472       1413.3615             1403.0505                       10.310976
              1       704.39617       70.032105     0.025465604      0.11744849     -0.94865418      0.29270743               0       10.647007       1403.6428      -2.7487472       -2.7487472       1414.2898             1403.6428                       10.647007
              2       704.09616       70.063837     0.025056321      0.12216046      -0.9564118      0.30120735               0        10.52277        1403.167      -2.7487472       -2.7487472       1413.6898              1403.167                        10.52277
              1         703.573       67.628984     0.022486192      0.11485525     -0.94695143      0.30169489               0       9.8144412       1402.8291      -2.7487472       -2.7487472       1412.6435             1402.8291                       9.8144412
              1       704.70537       69.008036     0.024577993      0.12353642     -0.93116902      0.31237956               0       12.201984       1402.7062      -2.7487472       -2.7487472       1414.9082             1402.7062                       12.201984
             13       704.94109       67.488702     0.023280101      0.11902751     -0.92102332      0.31385375               0       12.355142       1403.0245      -2.7487472       -2.7487472       1415.3797             1403.0245                       12.355142
              1        704.1853       71.887312     0.028208678      0.13162159     -0.94104633      0.31052838               0       11.296316       1402.5718      -2.7487472       -2.7487472       1413.8681             1402.5718                       11.296316
              3       703.85457       71.528757     0.027074101      0.12595801     -0.95776994      0.30036227               0        9.913636        1403.293      -2.7487472       -2.7487472       1413.2066              1403.293                        9.913636
              3       704.10495       71.800856     0.027125807      0.12750849     -0.96335204      0.30119788               0       10.250622       1403.4568      -2.7487472       -2.7487472       1413.7074             1403.4568                       10.250622
              1       703.80422       71.362064     0.027377772       0.1268593     -0.93822261      0.30413326               0       10.528466       1402.5775      -2.7487472       -2.7487472       1413.1059             1402.5775                       10.528466
              1       704.19548       70.013427     0.025705616      0.12184519     -0.93077822      0.30232267               0       11.354934       1402.5335      -2.7487472       -2.7487472       1413.8885             1402.5335                       11.354934
              2       703.93791       70.505376     0.027179999      0.11986472     -0.91335589      0.29710042               0       10.890142       1402.4832      -2.7487472       -2.7487472       1413.3733             1402.4832                       10.890142
              3       703.59997       71.308448     0.027663809      0.12183932     -0.93722018      0.29528097               0       9.7637612       1402.9337      -2.7487472       -2.7487472       1412.6974             1402.9337                       9.7637612
             11       703.73747       72.934881     0.029715788      0.13141161     -0.93090831      0.30411058               0       10.448182       1402.5243      -2.7487472       -2.7487472       1412.9724             1402.5243                       10.448182
              1       703.21786       70.191238      0.02650986      0.12116574     -0.93665889      0.30104618               0       9.3003896       1402.6328      -2.7487472       -2.7487472       1411.9332             1402.6328                       9.3003896
              5         703.306        67.90435     0.024247906      0.11504859     -0.91778742      0.30349298               0       9.5525435        1402.557      -2.7487472       -2.7487472       1412.1095              1402.557                       9.5525435
              6       707.73502       66.299998     0.023937625      0.11300616     -0.85185669      0.31300644               0       13.451444       1407.5161      -2.7487472       -2.7487472       1420.9675             1407.5161                       13.451444
              5       707.25941       66.190344     0.024188193      0.11095167     -0.84507093      0.30992693               0       12.438824       1407.5775      -2.7487472       -2.7487472       1420.0163             1407.5775                       12.438824
              1       706.99297       65.609359     0.023892895      0.10722523      -0.8352932      0.30609727               0       11.659856       1407.8236      -2.7487472       -2.7487472       1419.4834             1407.8236                       11.659856
              3       704.19733       69.392965     0.025806284      0.11524985     -0.94554305       0.2942658               0       10.560029       1403.3321      -2.7487472       -2.7487472       1413.8922             1403.3321                       10.560029
              5       703.52354       64.138827     0.019264743      0.10583993     -0.91967792      0.30567636               0       9.9408804       1402.6037      -2.7487472       -2.7487472       1412.5446             1402.6037                       9.9408804
              1       704.73427       67.270033     0.022877819      0.11131574     -0.95362095      0.29796691               0       11.631437       1403.3346      -2.7487472       -2.7487472        1414.966             1403.3346                       11.631437
              1       703.25984       71.391141     0.028862479      0.11977887     -0.92263572      0.29290645               0       9.3432187        1402.674      -2.7487472       -2.7487472       1412.0172              1402.674                       9.3432187
              2       703.89832       71.053689     0.027771753       0.1179847     -0.93487645      0.28998101               0       10.022553       1403.2716      -2.7487472       -2.7487472       1413.2941             1403.2716                       10.022553
              7       704.41123       72.079335     0.028759815      0.12071914     -0.93926513      0.28895216               0       10.736252       1403.5837      -2.7487472       -2.7487472         1414.32             1403.5837                       10.736252
              2       704.28296       73.153349     0.028906002      0.13371155      -0.9743694      0.30508148               0       10.488764       1403.5747      -2.7487472       -2.7487472       1414.0634             1403.5747                       10.488764
             14       704.57831       72.672499     0.028213268      0.13219054     -0.98009992      0.30494043               0       10.778826       1403.8753      -2.7487472       -2.7487472       1414.6541             1403.8753                       10.778826
              6       704.82765       72.741607      0.02820418      0.13225774     -0.98485995       0.3044711               0       10.952763          1404.2      -2.7487472       -2.7487472       1415.1528                1404.2                       10.952763
              2       705.87143       73.724732     0.029668244      0.13181294     -0.99167191      0.29828021               0         11.5546       1405.6858      -2.7487472       -2.7487472       1417.2404             1405.6858                         11.5546
              1         704.773        73.75749     0.029745151      0.13250326      -0.9818631      0.29942561               0       10.300604       1404.7429      -2.7487472       -2.7487472       1415.0435             1404.7429                       10.300604
              3       704.40752       73.086158     0.029374803      0.12847037     -0.97005165      0.29670832               0       9.9454784       1404.3671      -2.7487472       -2.7487472       1414.3125             1404.3671                       9.9454784
              5       704.34195       73.443167     0.029812301      0.12847867      -0.9671097      0.29465719               0       9.7042895       1404.4771      -2.7487472       -2.7487472       1414.1814             1404.4771                       9.7042895
              2       705.53786       67.912428     0.021044779       0.1186844     -0.99349756      0.30435891               0       11.812361       1404.7609      -2.7487472       -2.7487472       1416.5732             1404.7609                       11.812361
              7       703.19753       65.293118     0.020597612      0.10745881     -0.91925578      0.30188785               0       9.3790046       1402.5136      -2.7487472       -2.7487472       1411.8926             1402.5136                       9.3790046
              2       703.94443       65.055885     0.022194105      0.10208403     -0.86558497      0.29516625               0       9.8067092       1403.5796      -2.7487472       -2.7487472       1413.3864             1403.5796                       9.8067092
              3       704.13339       65.382443     0.023141721      0.10163713     -0.85606493      0.29339645               0       9.8511438       1403.9131      -2.7487472       -2.7487472       1413.7643             1403.9131                       9.8511438
              4       705.14366        68.81326     0.024457911      0.11538846     -0.96553025      0.29668987               0       11.695864        1404.089      -2.7487472       -2.7487472       1415.7848              1404.089                       11.695864
              1       704.75642       66.869359      0.02344784      0.10775513     -0.92799426       0.2948603               0         12.3069       1402.7034      -2.7487472       -2.7487472       1415.0103             1402.7034                         12.3069
              2       704.36113       67.937639     0.024042993      0.11219852     -0.94423026      0.29657669               0       11.140388       1403.0794      -2.7487472       -2.7487472       1414.2198             1403.0794                       11.140388
              1       703.04491       68.358449     0.025513284      0.11236873     -0.90236296       0.2964472               0       9.0590516       1402.5283      -2.7487472       -2.7487472       1411.5873             1402.5283                       9.0590516
              4       703.27107       70.162023      0.02843035      0.11791163     -0.89340838      0.29858783               0       9.2597958       1402.7798      -2.7487472       -2.7487472       1412.0396             1402.7798                       9.2597958
              4       703.06033       69.468744     0.026096049      0.11758176     -0.92032502      0.29905666               0       9.1207881       1402.4974      -2.7487472       -2.7487472       1411.6181             1402.4974                       9.1207881
              1       703.24022       70.597138     0.026893171      0.12255873     -0.93667124      0.30115844               0       9.3484276       1402.6295      -2.7487472       -2.7487472       1411.9779             1402.6295                       9.3484276
              1       703.46367       70.596481     0.026451136      0.12372426     -0.94499496      0.30261572               0       9.6877087       1402.7371      -2.7487472       -2.7487472       1412.4248             1402.7371                       9.6877087
             13       704.06809       72.450578     0.029401913      0.12963793     -0.91876569      0.30421292               0       11.066933       1402.5667      -2.7487472       -2.7487472       1413.6337             1402.5667                       11.066933
              2        704.4664       71.762392     0.027575229      0.12578329     -0.97286549      0.29904352               0       10.216433       1404.2139      -2.7487472       -2.7487472       1414.4303             1404.2139                       10.216433
             11       703.33533       72.277302      0.02920986      0.12591773     -0.94223814      0.29818429               0       9.2672378       1402.9009      -2.7487472       -2.7487472       1412.1681             1402.9009                       9.2672378
              4       703.67185       72.049583     0.028498236      0.12634427     -0.95452703      0.29952298               0       9.6068755       1403.2343      -2.7487472       -2.7487472       1412.8412             1403.2343                       9.6068755
              2       703.69642       72.121878     0.028468796      0.12696185     -0.95658816      0.30005349               0       9.6185426       1403.2718      -2.7487472       -2.7487472       1412.8903             1403.2718                       9.6185426
              2       705.99597       72.759183      0.02901136      0.13909931     -0.94527399      0.31877227               0       14.704676       1402.7848      -2.7487472       -2.7487472       1417.4894             1402.7848                       14.704676
              2       706.24686       71.856044     0.027866287      0.13639092     -0.93956842      0.31937256               0       15.064723       1402.9265      -2.7487472       -2.7487472       1417.9912             1402.9265                       15.064723
              1       706.52393       67.130907     0.022268335      0.11951854      -0.9574022      0.31605271               0       15.908793       1402.6366      -2.7487472       -2.7487472       1418.5453             1402.6366                       15.908793
              3       707.37417       65.170059     0.018337859      0.11795846     -0.98028833      0.32243007               0        17.46645       1402.7794      -2.7487472       -2.7487472       1420.2458             1402.7794                        17.46645
              1       706.13186        63.48355     0.016204649      0.11036308     -0.99229398      0.31564958               0       14.392496       1403.3687      -2.7487472       -2.7487472       1417.7612             1403.3687                       14.392496
              9       704.39866       63.080673     0.016949876      0.10513939     -0.95875157      0.30843961               0       11.502714       1402.7921      -2.7487472       -2.7487472       1414.2948             1402.7921                       11.502714
              1       704.40171       63.081556     0.016940884      0.10516971     -0.95896123      0.30848457               0       11.506035       1402.7949      -2.7487472       -2.7487472       1414.3009             1402.7949                       11.506035
              5        705.0919       63.770143     0.018213984      0.10781445      -0.9495147      0.31149263               0       13.085182       1402.5961      -2.7487472       -2.7487472       1415.6813             1402.5961                       13.085182
              6       704.80433       63.069382     0.017835032      0.10496945     -0.93346698       0.3103481               0        12.50104       1402.6051      -2.7487472       -2.7487472       1415.1062             1402.6051                        12.50104
              1        704.2192       62.799902     0.017350831      0.10363787     -0.93516361      0.30841316               0       11.380864        1402.555      -2.7487472       -2.7487472       1413.9359              1402.555                       11.380864
              5        704.7814       62.392996     0.016563877      0.10438907     -0.94124254      0.31235716               0       12.457487       1402.6028      -2.7487472       -2.7487472       1415.0603             1402.6028                       12.457487
              2       704.24562       64.065785     0.019500317      0.10673864       -0.904413      0.30913732               0       10.791831       1403.1969      -2.7487472       -2.7487472       1413.9887             1403.1969                       10.791831
              7       704.03376       64.273123     0.019897525      0.10660551     -0.90289421      0.30778532               0       10.428249       1403.1368      -2.7487472       -2.7487472        1413.565             1403.1368                       10.428249
              2       705.57564       63.474596      0.01926331        0.106224      -0.8985039      0.31305704               0       12.779998       1403.8688      -2.7487472       -2.7487472       1416.6488             1403.8688                       12.779998
              2       705.74141       63.637541     0.019488817      0.10688593     -0.89740012      0.31364726               0       12.980198       1404.0001      -2.7487472       -2.7487472       1416.9803             1404.0001                       12.980198
              1       705.97083       68.372904     0.025825747      0.10812596     -0.87341594      0.28791454               0       14.718067       1402.7211      -2.7487472       -2.7487472       1417.4392             1402.7211                       14.718067
              6       705.92349       68.621479     0.026633584      0.10756296      -0.8655372      0.28635237               0        14.48679       1402.8577      -2.7487472       -2.7487472       1417.3445             1402.8577                        14.48679
              1       704.30949       66.549001     0.024416944       0.1008147     -0.88136195      0.28422293               0       11.631175       1402.4853      -2.7487472       -2.7487472       1414.1165             1402.4853                       11.631175
              1       705.73461       68.111684     0.024648417      0.10503707     -0.92822919      0.28093115               0       13.024279       1403.9424      -2.7487472       -2.7487472       1416.9667             1403.9424                       13.024279
              7       704.59733       72.918537     0.029861382      0.12533551     -0.95913597      0.29309331               0       10.501818       1404.1903      -2.7487472       -2.7487472       1414.6922             1404.1903                       10.501818
             17       704.62834       73.023812     0.029964535      0.12567462     -0.95997686      0.29307823               0       10.509143        1404.245      -2.7487472       -2.7487472       1414.7542              1404.245                       10.509143
             14       705.02236       72.960259     0.029788301      0.12507074     -0.96411945      0.29212353               0       10.879109       1404.6631      -2.7487472       -2.7487472       1415.5422             1404.6631                       10.879109
              4       704.65714       72.412119     0.029306742      0.12357791     -0.95761523      0.29279746               0       10.674613       1404.1372      -2.7487472       -2.7487472       1414.8118             1404.1372                       10.674613
              7       703.76626       67.896958     0.022981082       0.1146459     -0.93697793      0.29993754               0       10.351912       1402.6781      -2.7487472       -2.7487472         1413.03             1402.6781                       10.351912
              7       704.54755       67.114644     0.021374347      0.11425302     -0.94748324       0.3025314               0       11.793328       1402.7993      -2.7487472       -2.7487472       1414.5926             1402.7993                       11.793328
              1       705.93307       65.748991     0.018330032      0.11161305     -0.99214337      0.30208035               0       12.330179       1405.0334      -2.7487472       -2.7487472       1417.3636             1405.0334                       12.330179
              2       705.61709       65.696031     0.018488179      0.11127677     -0.98413018      0.30215486               0       12.256991       1404.4747      -2.7487472       -2.7487472       1416.7317             1404.4747                       12.256991
              1       705.88936       70.219337     0.023937427      0.12967447     -0.99722546      0.31284463               0       13.423736       1403.8525      -2.7487472       -2.7487472       1417.2762             1403.8525                       13.423736
              3       705.29692       73.810456     0.028693387      0.13379799     -0.99308176      0.29944201               0       10.511817       1405.5795      -2.7487472       -2.7487472       1416.0913             1405.5795                       10.511817
              5       703.93658        72.39302     0.029002416      0.12381076       -0.951246      0.29281559               0       9.6026928        1403.768      -2.7487472       -2.7487472       1413.3707              1403.768                       9.6026928
              2       703.97577       70.008095     0.025241897      0.12199984     -0.94826379      0.30173811               0       10.586225       1402.8628      -2.7487472       -2.7487472        1413.449             1402.8628                       10.586225
              2       703.93827       69.623752     0.025715347      0.12066621     -0.91981269      0.30330418               0       10.838532       1402.5355      -2.7487472       -2.7487472        1413.374             1402.5355                       10.838532
              7       704.27346       69.213737     0.024800932      0.12177783     -0.92863139      0.30731996               0       11.480694       1402.5637      -2.7487472       -2.7487472       1414.0444             1402.5637                       11.480694
              4       704.94536       67.916623      0.02273988      0.11141609     -0.94167374      0.29223893               0       12.033459       1403.3548      -2.7487472       -2.7487472       1415.3882             1403.3548                       12.033459
              1       703.94217       72.032867       0.0279106      0.12563738      -0.9633658      0.29716712               0       9.4770182       1403.9048      -2.7487472       -2.7487472       1413.3818             1403.9048                       9.4770182
              5       703.39007        71.23826     0.028054033      0.12126227     -0.93892233      0.29549497               0       9.3029703       1402.9747      -2.7487472       -2.7487472       1412.2776             1402.9747                       9.3029703
              2       703.92111       68.353041     0.027048318       0.1108266     -0.86256365      0.29647892               0       9.4512579       1403.8885      -2.7487472       -2.7487472       1413.3397             1403.8885                       9.4512579
              4       704.12008       67.458714     0.024730467      0.11266763     -0.87959693       0.3033443               0       10.006749       1403.7309      -2.7487472       -2.7487472       1413.7377             1403.7309                       10.006749
              2       704.82378       66.840442     0.024166037      0.11181214     -0.87131305       0.3058039               0       10.600769       1404.5443      -2.7487472       -2.7487472        1415.145             1404.5443                       10.600769
              1       703.35592        68.16604     0.024635016      0.11491802     -0.90744557      0.30171933               0       9.5754361       1402.6339      -2.7487472       -2.7487472       1412.2093             1402.6339                       9.5754361
              5       705.20186       64.225536     0.019137106      0.10179097      -0.9019561      0.29472625               0       13.405243        1402.496      -2.7487472       -2.7487472       1415.9012              1402.496                       13.405243
              1       704.57793       67.047022     0.021653403      0.11439776     -0.93502813      0.30408473               0       12.105818       1402.5475      -2.7487472       -2.7487472       1414.6534             1402.5475                       12.105818
              2       705.76213       66.169092     0.019069001      0.11111559       -0.985663      0.29880837               0       11.908192       1405.1136      -2.7487472       -2.7487472       1417.0218             1405.1136                       11.908192
              2       705.19167       66.754691     0.020191624      0.11126447     -0.98800563      0.29644218               0       10.147853        1405.733      -2.7487472       -2.7487472       1415.8808              1405.733                       10.147853
              7       704.07451       67.789408     0.026031192      0.11168602     -0.87002753      0.30108638               0       9.6453082       1404.0012      -2.7487472       -2.7487472       1413.6465             1404.0012                       9.6453082
              4       703.89362       68.821564     0.025159019      0.11992925     -0.91473147      0.30768552               0       10.503077       1402.7817      -2.7487472       -2.7487472       1413.2847             1402.7817                       10.503077
              2       703.25264       69.677333     0.026684079      0.11684451     -0.90739095      0.29696144               0       9.5052209       1402.4976      -2.7487472       -2.7487472       1412.0028             1402.4976                       9.5052209
              1       703.53739       70.668328     0.026620183      0.12325917      -0.9384249      0.30140791               0       9.9204241       1402.6518      -2.7487472       -2.7487472       1412.5723             1402.6518                       9.9204241
              3       704.67395       63.889256     0.016961751      0.10817036     -0.96864739      0.30813638               0        11.76196       1403.0834      -2.7487472       -2.7487472       1414.8454             1403.0834                        11.76196
              1       703.79518       64.371494     0.018195354      0.10733065     -0.95973407      0.30448746               0       10.049221       1403.0386      -2.7487472       -2.7487472       1413.0879             1403.0386                       10.049221
              1       704.42666       64.225055     0.017907244      0.10900572     -0.96683375         0.30924               0       11.392583       1402.9582      -2.7487472       -2.7487472       1414.3508             1402.9582                       11.392583
              8       704.94035       62.909734     0.015530935      0.10464888     -0.99134677      0.30529334               0       10.901403       1404.4768      -2.7487472       -2.7487472       1415.3782             1404.4768                       10.901403
             18        704.3435       62.971267     0.016049932      0.10357964     -0.97804537      0.30330937               0       10.228404       1403.9561      -2.7487472       -2.7487472       1414.1845             1403.9561                       10.228404
              1       706.52566       64.545763     0.018129294      0.10812273     -0.99459052      0.30458815               0       13.751694       1404.7971      -2.7487472       -2.7487472       1418.5488             1404.7971                       13.751694
              2       706.49688       64.865463     0.018551568      0.10881085     -0.99379598      0.30423218               0       13.692092       1404.7992      -2.7487472       -2.7487472       1418.4912             1404.7992                       13.692092
              1       706.71787       64.473451     0.019165226      0.10591059     -0.96752564       0.3024422               0       15.412057       1403.5212      -2.7487472       -2.7487472       1418.9332             1403.5212                       15.412057
              1       706.06014       69.423006     0.026608454      0.10714275     -0.91927001      0.27885432               0       13.928559       1403.6892      -2.7487472       -2.7487472       1417.6178             1403.6892                       13.928559
              6       705.29025       69.798673     0.027059095      0.10933621     -0.91640806      0.28128803               0       12.792668       1403.2853      -2.7487472       -2.7487472        1416.078             1403.2853                       12.792668
              1       706.41426       67.320695     0.023568263      0.11504062      -0.8838016      0.30726101               0       14.364044        1403.962      -2.7487472       -2.7487472        1418.326              1403.962                       14.364044
              1        704.7051       64.309551     0.020656413      0.10176498     -0.86920962      0.29756747               0       11.263129       1403.6446      -2.7487472       -2.7487472       1414.9077             1403.6446                       11.263129
              4        703.9524       68.347096     0.027515852      0.10759741      -0.8621963      0.29061857               0       10.097662       1403.3046      -2.7487472       -2.7487472       1413.4023             1403.3046                       10.097662
              3       704.12994       67.994886     0.027264592      0.10625496     -0.85599853      0.29019003               0       10.190345        1403.567      -2.7487472       -2.7487472       1413.7574              1403.567                       10.190345
              6       703.40321       69.674108     0.026833315      0.11832797     -0.92113305      0.30035222               0       9.8056909       1402.4982      -2.7487472       -2.7487472       1412.3039             1402.4982                       9.8056909
              6       705.31435       69.606541     0.026012796      0.11903082     -0.95473377      0.30069275               0       12.981285       1403.1449      -2.7487472       -2.7487472       1416.1262             1403.1449                       12.981285
              2       705.21162       69.012511     0.025180668      0.11756414      -0.9551538      0.30106482               0       12.789701        1403.131      -2.7487472       -2.7487472       1415.9207              1403.131                       12.789701
              2       704.47791       69.756007     0.025580306      0.12008825     -0.96219863      0.30068985               0       10.999428       1403.4539      -2.7487472       -2.7487472       1414.4533             1403.4539                       10.999428
              2       703.66038        70.06018     0.027603693      0.11763057      -0.9208647      0.29719978               0       10.299739       1402.5185      -2.7487472       -2.7487472       1412.8183             1402.5185                       10.299739
             14       703.02888       69.671784     0.026766251      0.11662596     -0.91612583       0.2967278               0       9.0638944       1402.4914      -2.7487472       -2.7487472       1411.5552             1402.4914                       9.0638944
              1       703.02947        69.66641     0.026760719       0.1166251     -0.91615051       0.2967604               0       9.0651699       1402.4913      -2.7487472       -2.7487472       1411.5564             1402.4913                       9.0651699
              6       703.02444       69.385464        0.026381      0.11593706     -0.91593836       0.2969506               0       9.0570835       1402.4893      -2.7487472       -2.7487472       1411.5464             1402.4893                       9.0570835
              1       705.67336       70.258596     0.028683489      0.12276928     -0.90216814      0.30812111               0       13.654315       1403.1899      -2.7487472       -2.7487472       1416.8442             1403.1899                       13.654315
              7       704.12667        70.30341     0.029514739      0.11854377     -0.86709843      0.30086101               0       9.6012113       1404.1496      -2.7487472       -2.7487472       1413.7508             1404.1496                       9.6012113
              1        704.5012       69.210473     0.028086171      0.11652577     -0.87026107      0.30324292               0         10.2392       1404.2607      -2.7487472       -2.7487472       1414.4999             1404.2607                         10.2392
              1       706.40779          70.183     0.028248111      0.12647023     -0.88553699      0.31541495               0       13.317765       1404.9953      -2.7487472       -2.7487472       1418.3131             1404.9953                       13.317765
              1       706.18418       71.172228     0.029835452      0.12815259     -0.87541745       0.3131628               0       12.481747       1405.3841      -2.7487472       -2.7487472       1417.8659             1405.3841                       12.481747
             12       706.47382       70.227901     0.028163949      0.12537963     -0.87479988      0.31262981               0       13.101596       1405.3435      -2.7487472       -2.7487472       1418.4451             1405.3435                       13.101596
              5       708.06231       68.999801     0.026182643       0.1239638     -0.87554766      0.31672223               0       15.619486       1406.0026      -2.7487472       -2.7487472       1421.6221             1406.0026                       15.619486
              4        708.1198       67.170987     0.024705147      0.10993029     -0.84747189      0.29982563               0       16.303873       1405.4332      -2.7487472       -2.7487472       1421.7371             1405.4332                       16.303873
              3       708.61232       68.818497     0.023432304      0.11580344     -0.92920001      0.29535538               0       20.013888       1402.7082      -2.7487472       -2.7487472       1422.7221             1402.7082                       20.013888
              3       708.43537       64.242283      0.01935838      0.10160384     -0.88159066      0.29465536               0       19.491178       1402.8771      -2.7487472       -2.7487472       1422.3682             1402.8771                       19.491178
              6       708.48831        64.30982     0.019345398      0.10205741     -0.88381123      0.29510211               0       19.635699       1402.8384      -2.7487472       -2.7487472       1422.4741             1402.8384                       19.635699
              7       705.33551       66.912513     0.023723147      0.10148397     -0.89474827      0.28108837               0       13.555545        1402.613      -2.7487472       -2.7487472       1416.1685              1402.613                       13.555545
              3       706.64049       68.701322     0.026750593      0.11107337     -0.85601543       0.2933726               0         14.8668       1403.9117      -2.7487472       -2.7487472       1418.7785             1403.9117                         14.8668
              5       705.58826       69.789052     0.027119581      0.11840221     -0.88087532      0.30010383               0        13.34027       1403.3338      -2.7487472       -2.7487472        1416.674             1403.3338                        13.34027
              3       705.80365       71.575639     0.028374006      0.12272776      -0.9061819      0.29620098               0        14.61212       1402.4927      -2.7487472       -2.7487472       1417.1048             1402.4927                        14.61212
              4       705.36341       70.638539     0.028167685      0.11724933     -0.88777061      0.29271927               0       13.604134       1402.6202      -2.7487472       -2.7487472       1416.2243             1402.6202                       13.604134
              1       704.53269       68.115417     0.027321326      0.10587634     -0.84862932      0.28847018               0       10.771081       1403.7918      -2.7487472       -2.7487472       1414.5629             1403.7918                       10.771081
              3       704.14056       68.698047     0.027879474      0.10801392     -0.85639908      0.28930988               0       10.319001       1403.4596      -2.7487472       -2.7487472       1413.7786             1403.4596                       10.319001
              6       704.78027       67.238803      0.02092807      0.11340765     -0.97446697       0.2985582               0       10.678607       1404.3794      -2.7487472       -2.7487472        1415.058             1404.3794                       10.678607
              4       704.18349       67.519245     0.022136221      0.11428059     -0.94345141      0.30064819               0       11.071368       1402.7931      -2.7487472       -2.7487472       1413.8645             1402.7931                       11.071368
              2       703.30322       66.892375     0.022112977      0.11273226     -0.93768694      0.30279729               0       9.5050534       1402.5989      -2.7487472       -2.7487472       1412.1039             1402.5989                       9.5050534
              1       704.09928       65.647758     0.022715817      0.10592471     -0.87010247       0.2999903               0       9.8292825       1403.8668      -2.7487472       -2.7487472       1413.6961             1403.8668                       9.8292825
              1       703.95354       65.236633     0.022216781      0.10395522     -0.86971165      0.29798297               0       9.7421642       1403.6624      -2.7487472       -2.7487472       1413.4046             1403.6624                       9.7421642
             13       704.26518       66.345607     0.023397515      0.10644256     -0.87195392      0.29643784               0        10.63482        1403.393      -2.7487472       -2.7487472       1414.0278              1403.393                        10.63482
              1       704.50919       66.282476     0.023570104      0.10556949     -0.86523897      0.29540838               0       10.893472       1403.6224      -2.7487472       -2.7487472       1414.5159             1403.6224                       10.893472
              1       704.48602       66.250435     0.023531282      0.10543394     -0.86535405      0.29529689               0       10.864851       1403.6047      -2.7487472       -2.7487472       1414.4695             1403.6047                       10.864851
             18       703.95912        69.83194     0.029562285      0.11278112     -0.85960285      0.29321757               0       9.7264002       1403.6893      -2.7487472       -2.7487472       1413.4157             1403.6893                       9.7264002
             10       704.43951       67.604922     0.026665094      0.10846499     -0.85354345      0.29707128               0       9.8311852       1404.5453      -2.7487472       -2.7487472       1414.3765             1404.5453                       9.8311852
              5        705.3143       64.715916     0.021044209      0.10740001     -0.87488413      0.30822288               0       11.475375       1404.6507      -2.7487472       -2.7487472       1416.1261             1404.6507                       11.475375
              2       704.54867       63.873267     0.020000889      0.10428353     -0.87897485      0.30621287               0       10.481956       1404.1129      -2.7487472       -2.7487472       1414.5948             1404.1129                       10.481956
              5       704.65634        64.33863     0.020038035      0.10612161     -0.88799565      0.30632935               0       11.176905       1403.6333      -2.7487472       -2.7487472       1414.8102             1403.6333                       11.176905
              5       704.70442       63.983851     0.019020772      0.10224665       -0.898385       0.2977859               0        12.27517       1402.6312      -2.7487472       -2.7487472       1414.9063             1402.6312                        12.27517
              6        704.7072       64.054967     0.019069235      0.10253094     -0.89947773      0.29793603               0        12.29412       1402.6178      -2.7487472       -2.7487472       1414.9119             1402.6178                        12.29412
              3       705.11752       68.689758     0.024222379        0.117471     -0.91726463      0.30167229               0       13.212751       1402.5198      -2.7487472       -2.7487472       1415.7325             1402.5198                       13.212751
              4       705.23411       68.138926     0.023474864      0.11635355     -0.91741465      0.30255262               0        13.42889       1402.5368      -2.7487472       -2.7487472       1415.9657             1402.5368                        13.42889
              2        705.5047       68.879939     0.023927164      0.11703963     -0.93108799      0.29847728               0       13.885618       1402.6213      -2.7487472       -2.7487472       1416.5069             1402.6213                       13.885618
              4       710.18738       66.124032     0.023020355       0.1002218     -0.85547012      0.28333786               0       22.863946       1403.0083      -2.7487472       -2.7487472       1425.8723             1403.0083                       22.863946
              4       710.86994       66.024423     0.022502395       0.1010825     -0.86048576      0.28497966               0        24.29871       1402.9387      -2.7487472       -2.7487472       1427.2374             1402.9387                        24.29871
              2       708.43489       67.426206     0.024194505      0.10445523     -0.87421211      0.28439405               0       19.800696       1402.5666      -2.7487472       -2.7487472       1422.3673             1402.5666                       19.800696
              2       706.88315       67.457643     0.024863083      0.10113371     -0.87790007      0.27829908               0       16.770953       1402.4928      -2.7487472       -2.7487472       1419.2638             1402.4928                       16.770953
              4       706.93844       67.355852     0.024595152      0.10092947     -0.88121827       0.2781001               0       16.855876       1402.5185      -2.7487472       -2.7487472       1419.3744             1402.5185                       16.855876
              1         706.191       70.472175     0.024918621      0.11910176     -0.99258966      0.29129074               0       10.590627       1407.2889      -2.7487472       -2.7487472       1417.8795             1407.2889                       10.590627
              2       705.71342       70.984811     0.025908866      0.12041964     -0.98594431      0.29167932               0       10.380712       1406.5436      -2.7487472       -2.7487472       1416.9243             1406.5436                       10.380712
              2       704.13932       72.761324     0.028319642      0.12998807     -0.97106385      0.30023713               0        9.822652       1403.9535      -2.7487472       -2.7487472       1413.7761             1403.9535                        9.822652
              4       704.04054       69.609295     0.026093373      0.11719429     -0.91004512      0.29704502               0       11.091759       1402.4868      -2.7487472       -2.7487472       1413.5786             1402.4868                       11.091759
              2        705.5492       66.025287     0.020686174      0.11644952     -0.93240757      0.31605674               0       13.716089       1402.8798      -2.7487472       -2.7487472       1416.5959             1402.8798                       13.716089
              8       705.57693       71.037656     0.027163629      0.12277602      -0.9183447      0.29840148               0       14.158863       1402.4925      -2.7487472       -2.7487472       1416.6514             1402.4925                       14.158863
              3       704.97654       64.080256     0.018843316       0.1050587     -0.90466893      0.30330658               0        12.68112       1402.7695      -2.7487472       -2.7487472       1415.4506             1402.7695                        12.68112
              4       706.13203       62.912099     0.016523302      0.10438658     -0.92464867      0.30711495               0       15.168148       1402.5934      -2.7487472       -2.7487472       1417.7615             1402.5934                       15.168148
              1       703.52713       64.936059     0.020040886      0.10497637     -0.91435227      0.29800943               0       10.065022       1402.4867      -2.7487472       -2.7487472       1412.5518             1402.4867                       10.065022
              3       704.05414       65.007709     0.019043555      0.10611387     -0.94515878      0.29768457               0       10.577753        1403.028      -2.7487472       -2.7487472       1413.6058              1403.028                       10.577753
              1       704.44591       65.977478     0.023375379       0.1084541     -0.88026146      0.30432523               0       10.581147       1403.8082      -2.7487472       -2.7487472       1414.3893             1403.8082                       10.581147
              6       704.59211       65.809184     0.023064281      0.10866781     -0.88126408      0.30565885               0       10.771092       1403.9106      -2.7487472       -2.7487472       1414.6817             1403.9106                       10.771092
              1       703.95317       64.472328     0.021534449      0.10175944     -0.88143851      0.29816583               0       10.262577       1403.1413      -2.7487472       -2.7487472       1413.4038             1403.1413                       10.262577
              3       703.45311       64.482464     0.020820545      0.10259851     -0.89898553      0.29837311               0       9.7588191       1402.6449      -2.7487472       -2.7487472       1412.4037             1402.6449                       9.7588191
              1       703.73201       67.290151     0.023572104      0.11429974     -0.90575785      0.30591225               0       10.060005       1402.9015      -2.7487472       -2.7487472       1412.9615             1402.9015                       10.060005
              3       703.60287       67.345831     0.023261307      0.11491309     -0.91694831       0.3060737               0       10.044942       1402.6583      -2.7487472       -2.7487472       1412.7032             1402.6583                       10.044942
              2       703.43262       67.822392     0.024099406      0.11546684      -0.9150655      0.30481334               0       9.7267708        1402.636      -2.7487472       -2.7487472       1412.3627              1402.636                       9.7267708
              3       703.22945       68.116781     0.024686153      0.11483628     -0.91574503      0.30208992               0       9.4167093       1402.5397      -2.7487472       -2.7487472       1411.9564             1402.5397                       9.4167093
              1       703.19579        68.31861      0.02508828      0.11473659     -0.91399787      0.30095563               0       9.3611779       1402.5279      -2.7487472       -2.7487472       1411.8891             1402.5279                       9.3611779
              4       703.41476       67.707702     0.025228701       0.1095708     -0.88178357      0.29544895               0       9.4043806       1402.9226      -2.7487472       -2.7487472        1412.327             1402.9226                       9.4043806
              1       703.27912       68.420638     0.025776317       0.1123331     -0.89107212      0.29639431               0       9.3371339       1402.7186      -2.7487472       -2.7487472       1412.0557             1402.7186                       9.3371339
              2       703.26133       68.449771     0.025833311      0.11219458     -0.89119666      0.29596808               0        9.325863       1402.6943      -2.7487472       -2.7487472       1412.0202             1402.6943                        9.325863
              1       703.57237        69.27987     0.027773875      0.11352714     -0.87353194      0.29573752               0       9.3855586       1403.2567      -2.7487472       -2.7487472       1412.6422             1403.2567                       9.3855586
              1       703.77819         69.1335     0.027837698      0.11190201     -0.86692217      0.29372441               0       9.6837259       1403.3701      -2.7487472       -2.7487472       1413.0539             1403.3701                       9.6837259
              1       704.91649       65.104529     0.023607361       0.1003509     -0.85538685      0.29397066               0       11.308157       1404.0223      -2.7487472       -2.7487472       1415.3305             1404.0223                       11.308157
              5       705.03265         64.8342     0.023364757      0.10006623     -0.84926677      0.29517285               0        10.97556       1404.5872      -2.7487472       -2.7487472       1415.5628             1404.5872                        10.97556
              1       705.03677       64.899799      0.02345115      0.10028791      -0.8492597      0.29530786               0       10.964454       1404.6066      -2.7487472       -2.7487472        1415.571             1404.6066                       10.964454
              2       705.02091       64.903272     0.023420943      0.10036245     -0.85049245       0.2953815               0       11.010603       1404.5287      -2.7487472       -2.7487472       1415.5393             1404.5287                       11.010603
              2       705.90329       70.633282     0.028226758      0.11154862     -0.90203099      0.28145482               0       14.543864       1402.7602      -2.7487472       -2.7487472       1417.3041             1402.7602                       14.543864
              9       705.39308       70.420368     0.028747583      0.11024365     -0.88648861      0.28157808               0       13.789244       1402.4944      -2.7487472       -2.7487472       1416.2836             1402.4944                       13.789244
              4       704.86456       69.040264     0.025963565      0.10837897     -0.91326652      0.28319527               0       12.232813       1402.9938      -2.7487472       -2.7487472       1415.2266             1402.9938                       12.232813
              6       704.86363       69.040957      0.02596403      0.10838333     -0.91327721      0.28319971               0       12.230915       1402.9938      -2.7487472       -2.7487472       1415.2248             1402.9938                       12.230915
              3       704.68683       67.577957      0.02420728      0.10457233     -0.91682548      0.28340262               0       11.760779       1403.1104      -2.7487472       -2.7487472       1414.8711             1403.1104                       11.760779
              2       704.25002        67.49755     0.022446981      0.10954773     -0.95188221      0.29113519               0       9.9852456       1404.0123      -2.7487472       -2.7487472       1413.9975             1404.0123                       9.9852456
              4       704.64254       68.489904     0.023208505      0.11346442     -0.95623251      0.29273279               0       10.722049       1404.0605      -2.7487472       -2.7487472       1414.7826             1404.0605                       10.722049
              2       704.35823        68.61137      0.02440298      0.11142226      -0.9278139      0.28989654               0       11.213214       1403.0007      -2.7487472       -2.7487472        1414.214             1403.0007                       11.213214
              1       705.04799       66.159599     0.021491663      0.10289419      -0.9211489      0.28564621               0       12.503247       1403.0902      -2.7487472       -2.7487472       1415.5935             1403.0902                       12.503247
             17       703.22802       66.758872     0.022247835      0.10967868     -0.92435975      0.29746059               0       9.4032183       1402.5503      -2.7487472       -2.7487472       1411.9535             1402.5503                       9.4032183
              2       704.65732       65.006417     0.019814464      0.10056077      -0.9392251      0.28637984               0        10.92743       1403.8847      -2.7487472       -2.7487472       1414.8121             1403.8847                        10.92743
             11       704.71068       65.471426     0.020516896      0.10148161     -0.93979901      0.28611321               0        10.96608       1403.9528      -2.7487472       -2.7487472       1414.9188             1403.9528                        10.96608
              1       705.74735       63.608599     0.017328902      0.10067537     -0.97872626      0.29324475               0       11.416106       1405.5761      -2.7487472       -2.7487472       1416.9922             1405.5761                       11.416106
              2       707.74876       65.130613     0.022154551      0.10383905     -0.91508029      0.29853331               0       18.505846       1402.4892      -2.7487472       -2.7487472        1420.995             1402.4892                       18.505846
              3        705.5218       64.951009     0.021663487      0.10521719     -0.90783305      0.30228939               0       13.889071        1402.652      -2.7487472       -2.7487472       1416.5411              1402.652                       13.889071
              6       706.38771       66.459585     0.022403612      0.10630071     -0.94930839      0.29285054               0       14.614041       1403.6589      -2.7487472       -2.7487472       1418.2729             1403.6589                       14.614041
              3       704.60401       67.257998     0.023576341      0.10453249     -0.92391379      0.28462259               0       11.407877       1403.2976      -2.7487472       -2.7487472       1414.7055             1403.2976                       11.407877
              8       703.82062       68.940132     0.024616568      0.11950202     -0.92769705      0.30458782               0       10.615573       1402.5232      -2.7487472       -2.7487472       1413.1387             1402.5232                       10.615573
              4       707.25174       66.818953     0.022022084      0.11143156     -0.90089173      0.30034629               0       17.303353       1402.6976      -2.7487472       -2.7487472        1420.001             1402.6976                       17.303353
              1       707.29054       66.806196     0.021959136      0.11145131     -0.90193564       0.3003642               0       17.401806       1402.6768      -2.7487472       -2.7487472       1420.0786             1402.6768                       17.401806
              6       707.26271        66.65497     0.021782252      0.11108353     -0.90158038      0.30050276               0       17.332164       1402.6908      -2.7487472       -2.7487472       1420.0229             1402.6908                       17.332164
              4       708.06896       69.948924     0.025237984      0.12408845     -0.91652496      0.30650951               0       18.950863       1402.6845      -2.7487472       -2.7487472       1421.6354             1402.6845                       18.950863
              1       706.76905       67.763619     0.023778413      0.12042942     -0.89732912       0.3154505               0       14.799919       1404.2357      -2.7487472       -2.7487472       1419.0356             1404.2357                       14.799919
              3        703.3179       67.418913     0.024762653      0.11027549     -0.88686701      0.29851052               0       9.1634359       1402.9699      -2.7487472       -2.7487472       1412.1333             1402.9699                       9.1634359
              4       703.65174        66.04366     0.023107311      0.10699889      -0.8929497      0.29976476               0       9.9355294       1402.8654      -2.7487472       -2.7487472        1412.801             1402.8654                       9.9355294
              1       703.94941       66.344485     0.024478183      0.10402988     -0.87239034      0.29342166               0       10.286239       1403.1101      -2.7487472       -2.7487472       1413.3963             1403.1101                       10.286239
              6       703.35951       71.317822     0.029153101      0.11811748     -0.91091392      0.29081395               0       9.6732154       1402.5433      -2.7487472       -2.7487472       1412.2165             1402.5433                       9.6732154
              6        703.8151       70.197152     0.028198078      0.11298289     -0.89452665      0.28781546               0       10.660127       1402.4676      -2.7487472       -2.7487472       1413.1277             1402.4676                       10.660127
              5       703.73844       67.893728     0.024369723      0.10973702     -0.92853123      0.29232926               0       10.118359        1402.856      -2.7487472       -2.7487472       1412.9744              1402.856                       10.118359
              3       703.55577       67.568522     0.024725769      0.10627148     -0.90000767      0.28833915               0       10.124576       1402.4845      -2.7487472       -2.7487472        1412.609             1402.4845                       10.124576
              2       703.39803       67.660589     0.023102426      0.11157846     -0.93477761      0.29560144               0       9.4550788       1402.8385      -2.7487472       -2.7487472       1412.2936             1402.8385                       9.4550788
              1       704.79198       64.966917      0.01969637      0.10907265     -0.95492881      0.30661536               0       12.296535       1402.7849      -2.7487472       -2.7487472       1415.0815             1402.7849                       12.296535
              3       704.67654       65.827636     0.020908886      0.11072594     -0.95220706      0.30526307               0       12.067805       1402.7828      -2.7487472       -2.7487472       1414.8506             1402.7828                       12.067805
              6       704.25487       65.187301     0.018750791      0.10778276     -0.96508297      0.29928498               0        10.26535       1403.7419      -2.7487472       -2.7487472       1414.0072             1403.7419                        10.26535
              6       703.96331        70.82706     0.026185721      0.12597111     -0.95276723      0.30459844               0        10.59488       1402.8292      -2.7487472       -2.7487472       1413.4241             1402.8292                        10.59488
              1        704.0563       68.393673      0.02406099      0.11905814     -0.94569805      0.30733786               0       11.005054        1402.605      -2.7487472       -2.7487472       1413.6101              1402.605                       11.005054
              3       704.13025       70.106112     0.026356386      0.12450945     -0.94268701      0.30826871               0       11.189695       1402.5683      -2.7487472       -2.7487472        1413.758             1402.5683                       11.189695
              9       704.85359         69.8461     0.026833361      0.12205209     -0.93391521       0.3065087               0       12.667816       1402.5369      -2.7487472       -2.7487472       1415.2047             1402.5369                       12.667816
              1       707.29349       70.823668     0.028076939      0.12541047     -0.94929879      0.30728029               0       17.429771       1402.6547      -2.7487472       -2.7487472       1420.0845             1402.6547                       17.429771
              5       707.95321        70.92864     0.027353145      0.12945172     -0.96653559      0.31296563               0       18.621858       1402.7821      -2.7487472       -2.7487472       1421.4039             1402.7821                       18.621858
              1       705.52492        69.42972     0.027260991      0.11917334     -0.91530715      0.30511128               0       13.903273       1402.6441      -2.7487472       -2.7487472       1416.5473             1402.6441                       13.903273
              2       705.21816       66.396715     0.022179048      0.11457531     -0.93116866      0.31166553               0       13.257641       1402.6762      -2.7487472       -2.7487472       1415.9338             1402.6762                       13.257641
              3       704.47637       62.581641     0.017566452      0.10302958     -0.91882923      0.30956556               0       11.651949       1402.7983      -2.7487472       -2.7487472       1414.4502             1402.7983                       11.651949
              2       704.70612       61.878786     0.015910434      0.10256443     -0.94494739      0.31109818               0       12.330753        1402.579      -2.7487472       -2.7487472       1414.9097              1402.579                       12.330753
              1       704.59945       62.411141     0.015282585       0.1043524      -0.9680358      0.30879196               0       11.675975       1403.0204      -2.7487472       -2.7487472       1414.6964             1403.0204                       11.675975
              1       704.42609       65.414742     0.019181727      0.11003324     -0.97749216      0.30347376               0       10.442352       1403.9073      -2.7487472       -2.7487472       1414.3497             1403.9073                       10.442352
              1       705.45423       66.601484     0.019960211      0.11606326     -0.99741712      0.30810431               0       11.949005       1404.4569      -2.7487472       -2.7487472        1416.406             1404.4569                       11.949005
              6       705.33986       66.637297     0.020119114      0.11627398     -0.99380768      0.30860562               0       12.002469       1404.1747      -2.7487472       -2.7487472       1416.1772             1404.1747                       12.002469
              1       705.95771       66.899898     0.020082664      0.11768362      -1.0056398      0.30925581               0       12.597565       1404.8154      -2.7487472       -2.7487472       1417.4129             1404.8154                       12.597565
              1       706.46644       66.081332     0.019623687      0.11913269     -0.97779091      0.31923228               0       15.631507       1402.7989      -2.7487472       -2.7487472       1418.4304             1402.7989                       15.631507
              1       707.92433        64.83285     0.017166449       0.1171959     -0.99275545      0.32119177               0       18.310368       1403.0358      -2.7487472       -2.7487472       1421.3461             1403.0358                       18.310368
              2        705.3782       66.188833     0.020248596      0.11334718      -0.9392191      0.30641655               0       13.696538       1402.5574      -2.7487472       -2.7487472       1416.2539             1402.5574                       13.696538
              3       704.78902         66.2875     0.020773563      0.11368977     -0.96822544      0.30747943               0        11.95972       1403.1158      -2.7487472       -2.7487472       1415.0755             1403.1158                        11.95972
              1       704.21518       68.969392     0.027668076       0.1100383     -0.88981855      0.29084926               0       11.400164       1402.5277      -2.7487472       -2.7487472       1413.9279             1402.5277                       11.400164
              4       703.88867       70.939498     0.028684056      0.12105341     -0.92461203      0.29882607               0       10.747431       1402.5274      -2.7487472       -2.7487472       1413.2748             1402.5274                       10.747431
              7       703.76185       70.682613      0.02802533      0.12132491     -0.92947611      0.30022703               0       10.468612       1402.5526      -2.7487472       -2.7487472       1413.0212             1402.5526                       10.468612
              4       703.99705       70.688689     0.028061885      0.11998964     -0.93270932      0.29757638               0       10.804699       1402.6869      -2.7487472       -2.7487472       1413.4916             1402.6869                       10.804699
              4       704.00343       70.650197     0.028026715      0.11989524     -0.93238651      0.29764112               0       10.826981       1402.6774      -2.7487472       -2.7487472       1413.5044             1402.6774                       10.826981
              2       703.94033       67.991656     0.023277811      0.11818171     -0.94939392      0.30739302               0       10.725162        1402.653      -2.7487472       -2.7487472       1413.3782              1402.653                       10.725162
              1       704.07633       69.459099     0.025278288      0.12357817     -0.93514683      0.30987362               0       11.069752       1402.5804      -2.7487472       -2.7487472       1413.6501             1402.5804                       11.069752
              3       703.26242       70.157548     0.027634822      0.12028464     -0.90386488      0.30183083               0       9.3148866       1402.7075      -2.7487472       -2.7487472       1412.0223             1402.7075                       9.3148866
              1       704.11904       68.136666     0.026857853      0.11036671     -0.85862708      0.29696408               0       9.5471579       1404.1884      -2.7487472       -2.7487472       1413.7356             1404.1884                       9.5471579
              2       703.83861        68.59468     0.027494789      0.10958263     -0.86194564      0.29269887               0       9.6617443        1403.513      -2.7487472       -2.7487472       1413.1747              1403.513                       9.6617443
              4       703.95395       68.111385     0.027152897      0.10649455     -0.86166431      0.28947387               0       10.176456       1403.2289      -2.7487472       -2.7487472       1413.4054             1403.2289                       10.176456
              2       703.15708       65.049136     0.021244066      0.10458344     -0.89708931      0.29888911               0       9.1033278       1402.7083      -2.7487472       -2.7487472       1411.8117             1402.7083                       9.1033278
             10       703.88134        64.96448     0.020620857      0.10022197      -0.9086919      0.28785762               0       10.656855       1402.6033      -2.7487472       -2.7487472       1413.2602             1402.6033                       10.656855
              2       703.95786       65.658619     0.021917694      0.10186381     -0.91596873      0.28861998               0       10.688008       1402.7252      -2.7487472       -2.7487472       1413.4132             1402.7252                       10.688008
              1       703.89331       63.949815      0.01789519       0.1067361     -0.95668142      0.30632842               0       10.443759       1402.8404      -2.7487472       -2.7487472       1413.2841             1402.8404                       10.443759
              4       704.01092       63.411761     0.016849209      0.10486204     -0.96778093      0.30428705               0       10.163586       1403.3557      -2.7487472       -2.7487472       1413.5193             1403.3557                       10.163586
             11       704.05219       64.671181     0.018541477      0.10838146     -0.96611519      0.30501206               0       10.374649       1403.2272      -2.7487472       -2.7487472       1413.6019             1403.2272                       10.374649
              2       704.65495       65.675508     0.019239904      0.11132502     -0.98406253      0.30419842               0       10.621313       1404.1861      -2.7487472       -2.7487472       1414.8074             1404.1861                       10.621313
              2       704.21554       67.215511     0.022374876      0.11540411     -0.95365699       0.3063865               0       11.161973       1402.7666      -2.7487472       -2.7487472       1413.9286             1402.7666                       11.161973
             11       704.78906       63.941656     0.018597065      0.10883763     -0.93228375      0.31326335               0       12.345469       1402.7301      -2.7487472       -2.7487472       1415.0756             1402.7301                       12.345469
              1       704.65916       63.990147     0.018490041      0.10898936     -0.93614592      0.31289794               0       12.155112       1402.6607      -2.7487472       -2.7487472       1414.8158             1402.6607                       12.155112
             14       705.26125       61.863444     0.016220993      0.10246393     -0.90668751      0.31180138               0       12.666203       1403.3538      -2.7487472       -2.7487472         1416.02             1403.3538                       12.666203
              1       705.51829       69.745862     0.025903588      0.12706731     -0.93752673      0.31578888               0       13.770269       1402.7638      -2.7487472       -2.7487472       1416.5341             1402.7638                       13.770269
              3       705.67414       69.871501     0.025678802      0.12838022     -0.94534017      0.31688306               0       14.142592       1402.7032      -2.7487472       -2.7487472       1416.8458             1402.7032                       14.142592
              8       706.72956       70.281384     0.025802593      0.13182223     -0.95624993       0.3204167               0       16.232924       1402.7237      -2.7487472       -2.7487472       1418.9566             1402.7237                       16.232924
              3        706.1783       68.960317     0.025027902      0.12562455     -0.93250996      0.31814905               0       14.836336       1403.0178      -2.7487472       -2.7487472       1417.8541             1403.0178                       14.836336
              7       704.68462       68.380571     0.022426529      0.11880279     -0.98628204      0.30341407               0       10.435971       1404.4308      -2.7487472       -2.7487472       1414.8667             1404.4308                       10.435971
              6       706.17885       66.567947     0.019558799      0.11897139      -1.0012037      0.31407169               0       13.941345       1403.9138      -2.7487472       -2.7487472       1417.8552             1403.9138                       13.941345
              1       706.04768       66.446747     0.019393951      0.11801933      -1.0026338      0.31268878               0       13.440324       1404.1525      -2.7487472       -2.7487472       1417.5928             1404.1525                       13.440324
              2       705.73865       66.135072     0.019183241      0.11675911     -0.99673388      0.31227993               0       13.085796        1403.889      -2.7487472       -2.7487472       1416.9748              1403.889                       13.085796
              1       704.38491       69.969994     0.026718189      0.11959761     -0.94339217      0.30017552               0       11.450444       1402.8169      -2.7487472       -2.7487472       1414.2673             1402.8169                       11.450444
              2       704.11872       68.012788     0.022606844      0.11685833     -0.97054468      0.30289062               0       10.115836       1403.6191      -2.7487472       -2.7487472       1413.7349             1403.6191                       10.115836
              2       704.63015       66.762837      0.02102594      0.11406005     -0.97650458      0.30451359               0       11.021424       1403.7364      -2.7487472       -2.7487472       1414.7578             1403.7364                       11.021424
              2       703.49799       69.258584     0.027720827       0.1127275       -0.875293      0.29414169               0       9.4392896       1403.0542      -2.7487472       -2.7487472       1412.4935             1403.0542                       9.4392896
              3        703.5167       69.540917     0.028266845      0.11410811     -0.87387903      0.29574213               0       9.2887937       1403.2421      -2.7487472       -2.7487472       1412.5309             1403.2421                       9.2887937
             11       703.47828       70.710169     0.029397996      0.11757302     -0.89699142      0.29523456               0       9.8949274       1402.5591      -2.7487472       -2.7487472        1412.454             1402.5591                       9.8949274
              6       703.31325       71.146134     0.029838407      0.11863909     -0.89837292      0.29460359               0       9.5996492       1402.5244      -2.7487472       -2.7487472        1412.124             1402.5244                       9.5996492
