#        weight    minuslogpost              H0         omega_b       omega_cdm       chi2__BAO   minuslogprior minuslogprior__0            chi2 chi2__bao.desi_dr2.desi_bao_all
              1      0.71666882       70.485683     0.024530525      0.11908098       11.089965      -4.8283137       -4.8283137       11.089965                       11.089965
              2       1.1164776       69.979329     0.024643911      0.11903575       11.889583      -4.8283137       -4.8283137       11.889583                       11.889583
              1       1.2727736       70.196254     0.024958945      0.12074877       12.202175      -4.8283137       -4.8283137       12.202175                       12.202175
              1       1.4372247       70.152933     0.024947736      0.12097684       12.531077      -4.8283137       -4.8283137       12.531077                       12.531077
              7      0.41784958       70.731041     0.024916324       0.1212617       10.492327      -4.8283137       -4.8283137       10.492327                       10.492327
              5      0.40421979       70.724973     0.024886962      0.12145492       10.465067      -4.8283137       -4.8283137       10.465067                       10.465067
              3        0.402276       70.594511     0.024863046      0.12084436       10.461179      -4.8283137       -4.8283137       10.461179                       10.461179
              2      0.64245547       70.790687     0.024873299      0.12052134       10.941538      -4.8283137       -4.8283137       10.941538                       10.941538
              6      0.70991611       70.389109     0.024942149      0.11954433        11.07646      -4.8283137       -4.8283137        11.07646                        11.07646
              1      0.36505328       70.637021     0.024669326      0.12250016       10.386734      -4.8283137       -4.8283137       10.386734                       10.386734
              1      0.49842469       69.970393      0.02425967      0.11894269       10.653477      -4.8283137       -4.8283137       10.653477                       10.653477
              3      0.62152945        70.15366     0.024224896      0.11818178       10.899686      -4.8283137       -4.8283137       10.899686                       10.899686
              3       1.4738368       70.561302     0.024039464      0.12141741       12.604301      -4.8283137       -4.8283137       12.604301                       12.604301
              1      0.54029615       69.896646     0.024201797      0.12075643        10.73722      -4.8283137       -4.8283137        10.73722                        10.73722
              1      0.66426335       70.200415     0.024162305      0.11856469       10.985154      -4.8283137       -4.8283137       10.985154                       10.985154
              1       2.3763244        69.19865     0.023988387       0.1183227       14.409276      -4.8283137       -4.8283137       14.409276                       14.409276
              2        1.982609        69.21481     0.023949752      0.11700981       13.621845      -4.8283137       -4.8283137       13.621845                       13.621845
              1       2.5466369       69.400592      0.02434361      0.11585993       14.749901      -4.8283137       -4.8283137       14.749901                       14.749901
              1       4.9623264       69.220709      0.02452469      0.11100414        19.58128      -4.8283137       -4.8283137        19.58128                        19.58128
              1       3.7481621       69.484478     0.024533325      0.11099726       17.152952      -4.8283137       -4.8283137       17.152952                       17.152952
              2       3.2964484       69.597314     0.024391097      0.11045015       16.249524      -4.8283137       -4.8283137       16.249524                       16.249524
              1       3.5859518       69.946187     0.024283985      0.11012589       16.828531      -4.8283137       -4.8283137       16.828531                       16.828531
              1       1.9705371       69.312355     0.024060034      0.11479581       13.597702      -4.8283137       -4.8283137       13.597702                       13.597702
              1      0.53971684        69.74007     0.024004178      0.11815608       10.736061      -4.8283137       -4.8283137       10.736061                       10.736061
              3      0.58730611       69.677989     0.023976706      0.11814202        10.83124      -4.8283137       -4.8283137        10.83124                        10.83124
              1      0.49259107        69.77666     0.023899789      0.11778354        10.64181      -4.8283137       -4.8283137        10.64181                        10.64181
              1      0.73553641       69.500539     0.023743085      0.12084178         11.1277      -4.8283137       -4.8283137         11.1277                         11.1277
              3      0.69491114       69.674172     0.023807346      0.12255509        11.04645      -4.8283137       -4.8283137        11.04645                        11.04645
              1       2.5186838       70.574067     0.023808829      0.12090315       14.693995      -4.8283137       -4.8283137       14.693995                       14.693995
              3      0.65837333       69.729366     0.023347893      0.11902117       10.973374      -4.8283137       -4.8283137       10.973374                       10.973374
              3       1.3261925       69.657688      0.02305641      0.11767717       12.309012      -4.8283137       -4.8283137       12.309012                       12.309012
              3      0.99279254       69.247397     0.022763041      0.11579786       11.642213      -4.8283137       -4.8283137       11.642213                       11.642213
              3        1.078811       68.480456     0.022683509       0.1168192       11.814249      -4.8283137       -4.8283137       11.814249                       11.814249
              1      0.33558207       69.000468     0.022848117      0.11730725       10.327792      -4.8283137       -4.8283137       10.327792                       10.327792
              1      0.42169478       68.917882     0.022814787      0.11878341       10.500017      -4.8283137       -4.8283137       10.500017                       10.500017
              4      0.52011071       68.854109     0.022808784      0.11879842       10.696849      -4.8283137       -4.8283137       10.696849                       10.696849
              1      0.60806564       69.356444     0.022904097      0.11810389       10.872759      -4.8283137       -4.8283137       10.872759                       10.872759
              4       0.3753871       68.983033     0.022913506      0.11715269       10.407402      -4.8283137       -4.8283137       10.407402                       10.407402
              1        0.656054       69.252377      0.02295541      0.11603953       10.968735      -4.8283137       -4.8283137       10.968735                       10.968735
              2      0.58178765        68.83945     0.022669819      0.11456478       10.820203      -4.8283137       -4.8283137       10.820203                       10.820203
              3      0.92250526       68.467916     0.022641225      0.11430685       11.501638      -4.8283137       -4.8283137       11.501638                       11.501638
              3      0.57836715        68.62178     0.022363867      0.11401664       10.813362      -4.8283137       -4.8283137       10.813362                       10.813362
              2      0.67108744       68.715908     0.022354453       0.1141638       10.998802      -4.8283137       -4.8283137       10.998802                       10.998802
              1      0.56942161       68.271021      0.02219695      0.11429453       10.795471      -4.8283137       -4.8283137       10.795471                       10.795471
              3      0.39689727       68.380381     0.022092584      0.11464471       10.450422      -4.8283137       -4.8283137       10.450422                       10.450422
              4      0.36261846       68.481497     0.021972116      0.11661277       10.381864      -4.8283137       -4.8283137       10.381864                       10.381864
              3       3.0299449       67.816917     0.022142163      0.11837131       15.716517      -4.8283137       -4.8283137       15.716517                       15.716517
              2       3.2831262       67.708748     0.022109415       0.1174126        16.22288      -4.8283137       -4.8283137        16.22288                        16.22288
              1        1.514498       68.274631     0.022405399      0.11872066       12.685624      -4.8283137       -4.8283137       12.685624                       12.685624
              3      0.73784469       68.973007     0.022281482      0.12031612       11.132317      -4.8283137       -4.8283137       11.132317                       11.132317
              6      0.53442686       68.984642     0.022539612      0.12078917       10.725481      -4.8283137       -4.8283137       10.725481                       10.725481
              5      0.99753434       69.177827      0.02255736      0.12322585       11.651696      -4.8283137       -4.8283137       11.651696                       11.651696
              2       2.1088957       68.752654     0.022687886      0.12409052       13.874419      -4.8283137       -4.8283137       13.874419                       13.874419
              2       2.0231856       69.749468     0.022768311      0.12483706       13.702999      -4.8283137       -4.8283137       13.702999                       13.702999
              3        1.394928       69.542892     0.022804472      0.12492016       12.446483      -4.8283137       -4.8283137       12.446483                       12.446483
              2       1.3965772       69.505886      0.02272713      0.12446331       12.449782      -4.8283137       -4.8283137       12.449782                       12.449782
              2       2.1343391       69.755686     0.022728018      0.12397849       13.925306      -4.8283137       -4.8283137       13.925306                       13.925306
              1       1.3022491       68.593077     0.022487485      0.12153836       12.261126      -4.8283137       -4.8283137       12.261126                       12.261126
              1       1.7718125       69.126663     0.022061941      0.12095591       13.200252      -4.8283137       -4.8283137       13.200252                       13.200252
              3      0.59640298       68.212401     0.022072077      0.11686507       10.849433      -4.8283137       -4.8283137       10.849433                       10.849433
              1      0.46013725       68.659921     0.022071178      0.11810689       10.576902      -4.8283137       -4.8283137       10.576902                       10.576902
              3      0.44189942       68.399752      0.02188048      0.11846811       10.540426      -4.8283137       -4.8283137       10.540426                       10.540426
              1      0.54912007       68.064661     0.021758989      0.11735096       10.754868      -4.8283137       -4.8283137       10.754868                       10.754868
              4       1.5299421       68.925639      0.02189954      0.12123021       12.716512      -4.8283137       -4.8283137       12.716512                       12.716512
              2       1.8762447       68.279219     0.021945858      0.12284544       13.409117      -4.8283137       -4.8283137       13.409117                       13.409117
              1       1.9660639       68.678562     0.022177392        0.124959       13.588755      -4.8283137       -4.8283137       13.588755                       13.588755
              3      0.71837171       69.040042     0.022460875      0.12158033       11.093371      -4.8283137       -4.8283137       11.093371                       11.093371
              1      0.70738665       69.001658     0.022457588      0.12163886       11.071401      -4.8283137       -4.8283137       11.071401                       11.071401
              1      0.57456369       68.667956     0.022333721      0.12006775       10.805755      -4.8283137       -4.8283137       10.805755                       10.805755
              2      0.43444225       69.038203     0.022576404      0.11957856       10.525512      -4.8283137       -4.8283137       10.525512                       10.525512
              1      0.46868342       69.031065     0.022591628      0.12031223       10.593994      -4.8283137       -4.8283137       10.593994                       10.593994
              1      0.55901477       68.786057     0.022559495      0.12003879       10.774657      -4.8283137       -4.8283137       10.774657                       10.774657
              3      0.34580757       68.875063     0.022726951      0.11775187       10.348243      -4.8283137       -4.8283137       10.348243                       10.348243
              2      0.55531777       68.793718     0.022749541      0.11874403       10.767263      -4.8283137       -4.8283137       10.767263                       10.767263
              3       1.1414249       68.583528     0.022820271      0.11743481       11.939477      -4.8283137       -4.8283137       11.939477                       11.939477
              2      0.89668608       68.796029     0.022841148      0.11990081           11.45      -4.8283137       -4.8283137           11.45                           11.45
              3        1.820982       69.670972     0.022792302      0.11964058       13.298592      -4.8283137       -4.8283137       13.298592                       13.298592
              3       2.1978858       69.538643     0.022535019      0.11922462       14.052399      -4.8283137       -4.8283137       14.052399                       14.052399
              1      0.57491811       68.127548     0.021932806      0.11293833       10.806464      -4.8283137       -4.8283137       10.806464                       10.806464
              3      0.59148908       68.114988     0.021932448      0.11286215       10.839606      -4.8283137       -4.8283137       10.839606                       10.839606
              2      0.64848251       68.166392     0.022121358      0.11396048       10.953592      -4.8283137       -4.8283137       10.953592                       10.953592
              1       1.4495144        67.89161     0.021922074      0.11743957       12.555656      -4.8283137       -4.8283137       12.555656                       12.555656
              5       1.2322983       68.145849     0.022019826       0.1194248       12.121224      -4.8283137       -4.8283137       12.121224                       12.121224
              1        2.139683       68.174402       0.0221303      0.12147375       13.935993      -4.8283137       -4.8283137       13.935993                       13.935993
              4       1.5402091       68.226072     0.021694589      0.12240437       12.737046      -4.8283137       -4.8283137       12.737046                       12.737046
              1       1.1403205       68.241702     0.021358934      0.12079947       11.937269      -4.8283137       -4.8283137       11.937269                       11.937269
              6       1.4941083       68.493655     0.021391404      0.12013018       12.644844      -4.8283137       -4.8283137       12.644844                       12.644844
              2      0.88925984       68.242037       0.0213506      0.11922691       11.435147      -4.8283137       -4.8283137       11.435147                       11.435147
              2      0.76972313        68.41645     0.021567636      0.11796165       11.196074      -4.8283137       -4.8283137       11.196074                       11.196074
              3      0.63209364       68.420347     0.021652304      0.11800579       10.920815      -4.8283137       -4.8283137       10.920815                       10.920815
              4       1.0337816       67.881879     0.021589961      0.11867259       11.724191      -4.8283137       -4.8283137       11.724191                       11.724191
              1       1.3105849       67.914119     0.021780328      0.11864278       12.277797      -4.8283137       -4.8283137       12.277797                       12.277797
              2      0.57506517       67.919798     0.021772594      0.11372813       10.806758      -4.8283137       -4.8283137       10.806758                       10.806758
              3      0.74730605       67.826141     0.021756536        0.113859        11.15124      -4.8283137       -4.8283137        11.15124                        11.15124
              1      0.78888026       68.409258     0.021678025      0.11484614       11.234388      -4.8283137       -4.8283137       11.234388                       11.234388
              3      0.81978756       68.684138      0.02194749      0.11633978       11.296203      -4.8283137       -4.8283137       11.296203                       11.296203
              2      0.44641581       68.414211     0.021782019      0.11741319       10.549459      -4.8283137       -4.8283137       10.549459                       10.549459
              2      0.85325908        68.04805     0.021774879      0.11859314       11.363146      -4.8283137       -4.8283137       11.363146                       11.363146
              5      0.32677512       68.024557     0.021546115      0.11598887       10.310178      -4.8283137       -4.8283137       10.310178                       10.310178
              2      0.35708526       67.987181     0.021543587      0.11622609       10.370798      -4.8283137       -4.8283137       10.370798                       10.370798
              5       0.5050594       68.313801     0.021624565      0.11614985       10.666746      -4.8283137       -4.8283137       10.666746                       10.666746
              2      0.45310981        68.27963     0.021613082      0.11639813       10.562847      -4.8283137       -4.8283137       10.562847                       10.562847
              3      0.31435869       67.920375     0.021400674        0.115218       10.285345      -4.8283137       -4.8283137       10.285345                       10.285345
              5      0.31368832       67.875287      0.02137405      0.11504338       10.284004      -4.8283137       -4.8283137       10.284004                       10.284004
              1      0.34212751       67.746896     0.021325978      0.11419935       10.340882      -4.8283137       -4.8283137       10.340882                       10.340882
              1       2.2259592       68.373919     0.021171707      0.11469648       14.108546      -4.8283137       -4.8283137       14.108546                       14.108546
              5       1.7193195       68.315531      0.02118746      0.11523424       13.095267      -4.8283137       -4.8283137       13.095267                       13.095267
              4      0.51465878       68.028705     0.021276501      0.11512634       10.685945      -4.8283137       -4.8283137       10.685945                       10.685945
              1      0.31488829       67.796038     0.021269734      0.11442938       10.286404      -4.8283137       -4.8283137       10.286404                       10.286404
              1      0.92091012         67.4737     0.021317301      0.11481362       11.498448      -4.8283137       -4.8283137       11.498448                       11.498448
              1      0.64336979       68.219539     0.021623972      0.11351992       10.943367      -4.8283137       -4.8283137       10.943367                       10.943367
              1       2.7974829       67.281076     0.021610224      0.11398571       15.251593      -4.8283137       -4.8283137       15.251593                       15.251593
              2       2.6031685       67.449967     0.021714247      0.11565385       14.862964      -4.8283137       -4.8283137       14.862964                       14.862964
              3      0.37753964       68.060833     0.021493015      0.11685852       10.411707      -4.8283137       -4.8283137       10.411707                       10.411707
              1      0.80038915        68.41786     0.021577096      0.11662264       11.257406      -4.8283137       -4.8283137       11.257406                       11.257406
              2      0.98968172        68.49425     0.021579222      0.11716091       11.635991      -4.8283137       -4.8283137       11.635991                       11.635991
              1       1.9409198       68.672987     0.021495644      0.11786746       13.538467      -4.8283137       -4.8283137       13.538467                       13.538467
              2      0.42857539       67.901729     0.021352183      0.11695088       10.513778      -4.8283137       -4.8283137       10.513778                       10.513778
              1       2.6541062        68.67094     0.021354247      0.11714666        14.96484      -4.8283137       -4.8283137        14.96484                        14.96484
              3       2.6553072       68.666321     0.021344449      0.11722957       14.967242      -4.8283137       -4.8283137       14.967242                       14.967242
              1       2.9128476       68.655079     0.021318347      0.11630606       15.482323      -4.8283137       -4.8283137       15.482323                       15.482323
              1      0.54814696        68.68478     0.022579863       0.1144546       10.752921      -4.8283137       -4.8283137       10.752921                       10.752921
              2       0.8988433       70.186945      0.02475753      0.12176835       11.454314      -4.8283137       -4.8283137       11.454314                       11.454314
              3      0.63591596       70.914855       0.0247272      0.12506061       10.928459      -4.8283137       -4.8283137       10.928459                       10.928459
              8      0.65733473       70.936599     0.024740271      0.12515953       10.971297      -4.8283137       -4.8283137       10.971297                       10.971297
              1      0.43616873       70.367125     0.024222867      0.12217852       10.528965      -4.8283137       -4.8283137       10.528965                       10.528965
              2      0.67494575       70.547739     0.024340659      0.12159551       11.006519      -4.8283137       -4.8283137       11.006519                       11.006519
              1      0.71756197           70.41     0.024331157      0.12623273       11.091751      -4.8283137       -4.8283137       11.091751                       11.091751
              1       1.1513021       70.192765     0.024535386       0.1254851       11.959232      -4.8283137       -4.8283137       11.959232                       11.959232
              1      0.90990877       70.349208     0.024660804      0.12550902       11.476445      -4.8283137       -4.8283137       11.476445                       11.476445
              1      0.77194199       69.447002     0.023481159      0.11530076       11.200511      -4.8283137       -4.8283137       11.200511                       11.200511
              3      0.92790574        69.33971     0.023586509      0.11477764       11.512439      -4.8283137       -4.8283137       11.512439                       11.512439
              1      0.95889808       69.400329     0.023731542      0.11519028       11.574424      -4.8283137       -4.8283137       11.574424                       11.574424
              1       1.3264447       69.709874     0.024224805      0.11489424       12.309517      -4.8283137       -4.8283137       12.309517                       12.309517
              2      0.82776767       70.105908     0.024420014      0.11694652       11.312163      -4.8283137       -4.8283137       11.312163                       11.312163
              3      0.57095447       69.738014     0.023977342       0.1175567       10.798536      -4.8283137       -4.8283137       10.798536                       10.798536
              2      0.78702734       69.351066     0.023695888      0.11741125       11.230682      -4.8283137       -4.8283137       11.230682                       11.230682
              1      0.90118071       69.316556      0.02370877      0.11711415       11.458989      -4.8283137       -4.8283137       11.458989                       11.458989
              3      0.63513414        70.49153     0.024755706      0.11888962       10.926896      -4.8283137       -4.8283137       10.926896                       10.926896
              4       1.1565373       70.886818     0.024786606       0.1200048       11.969702      -4.8283137       -4.8283137       11.969702                       11.969702
              1       1.2914236       69.980821     0.024357797      0.11499007       12.239475      -4.8283137       -4.8283137       12.239475                       12.239475
              3       1.1097163       69.816578     0.024163849      0.11520612        11.87606      -4.8283137       -4.8283137        11.87606                        11.87606
              4      0.63258755       69.928178     0.024178611      0.11744962       10.921803      -4.8283137       -4.8283137       10.921803                       10.921803
              2      0.69835712       70.088055     0.024256055      0.11743133       11.053342      -4.8283137       -4.8283137       11.053342                       11.053342
              2       1.0523041       69.972225     0.024379455       0.1159139       11.761236      -4.8283137       -4.8283137       11.761236                       11.761236
              4       1.8878413       69.397801     0.024164855      0.11615762        13.43231      -4.8283137       -4.8283137        13.43231                        13.43231
              1       2.0050734       69.069668     0.023778101      0.11502459       13.666774      -4.8283137       -4.8283137       13.666774                       13.666774
              3       1.3180422       70.125308     0.024583888      0.11537238       12.292712      -4.8283137       -4.8283137       12.292712                       12.292712
              1      0.79376819       70.101481      0.02445748      0.11719756       11.244164      -4.8283137       -4.8283137       11.244164                       11.244164
              1      0.86934994       70.000514     0.024451723      0.11708878       11.395327      -4.8283137       -4.8283137       11.395327                       11.395327
              2      0.87609239       69.968068     0.024410711      0.11695773       11.408812      -4.8283137       -4.8283137       11.408812                       11.408812
              6      0.96755887       70.333026     0.024833772      0.11727267       11.591745      -4.8283137       -4.8283137       11.591745                       11.591745
              3        2.566623         69.7436     0.024734344      0.11968472       14.789873      -4.8283137       -4.8283137       14.789873                       14.789873
              4       3.1058334       69.819744     0.024968225      0.11934868       15.868294      -4.8283137       -4.8283137       15.868294                       15.868294
              1       4.5885254       69.010511     0.024246699      0.11521913       18.833678      -4.8283137       -4.8283137       18.833678                       18.833678
              1       4.5715128       68.089498     0.023057775       0.1103321       18.799653      -4.8283137       -4.8283137       18.799653                       18.799653
              1       4.0946116       68.479188     0.023352835       0.1087198       17.845851      -4.8283137       -4.8283137       17.845851                       17.845851
              7       2.1183996       68.906288     0.023263677       0.1104516       13.893427      -4.8283137       -4.8283137       13.893427                       13.893427
              1       2.2602487       68.643889     0.022972457      0.10956713       14.177125      -4.8283137       -4.8283137       14.177125                       14.177125
              1       1.7733881       68.484832     0.022885211      0.11157816       13.203404      -4.8283137       -4.8283137       13.203404                       13.203404
              1       2.1292157        68.40789     0.022909386      0.11131268       13.915059      -4.8283137       -4.8283137       13.915059                       13.915059
              1       1.5673807       68.644058     0.023070531      0.11299005       12.791389      -4.8283137       -4.8283137       12.791389                       12.791389
              1       1.4167494       69.163209     0.023077343      0.11249032       12.490126      -4.8283137       -4.8283137       12.490126                       12.490126
              2       1.7673754       69.438632     0.023561413      0.11220777       13.191378      -4.8283137       -4.8283137       13.191378                       13.191378
              1      0.40042139       69.714577     0.023578578       0.1187959        10.45747      -4.8283137       -4.8283137        10.45747                        10.45747
              1      0.38201794       69.281681     0.023036672      0.11777236       10.420663      -4.8283137       -4.8283137       10.420663                       10.420663
              3      0.31698634       69.515405     0.023443837      0.11967314         10.2906      -4.8283137       -4.8283137         10.2906                         10.2906
              3       1.5868221        68.57525     0.023014104      0.11583074       12.830272      -4.8283137       -4.8283137       12.830272                       12.830272
              1       0.5434073       70.028109     0.024201644      0.11811096       10.743442      -4.8283137       -4.8283137       10.743442                       10.743442
              1      0.75269685       69.927453     0.024336213      0.11752531       11.162021      -4.8283137       -4.8283137       11.162021                       11.162021
              2       1.3673111       70.063444     0.024699734      0.12275341        12.39125      -4.8283137       -4.8283137        12.39125                        12.39125
              1       0.5239731       70.153165     0.024169111      0.11890348       10.704574      -4.8283137       -4.8283137       10.704574                       10.704574
              3      0.55726382       70.207667     0.024241984      0.11884312       10.771155      -4.8283137       -4.8283137       10.771155                       10.771155
              4      0.70437701       70.308037      0.02470501      0.11822721       11.065381      -4.8283137       -4.8283137       11.065381                       11.065381
              2         1.29452       70.019199     0.024663175      0.11625116       12.245668      -4.8283137       -4.8283137       12.245668                       12.245668
              5       1.5033991       70.174005     0.024992128      0.11709657       12.663426      -4.8283137       -4.8283137       12.663426                       12.663426
              2       0.6525226       70.619318     0.024871042      0.11921741       10.961673      -4.8283137       -4.8283137       10.961673                       10.961673
              3       1.3562416       69.956608      0.02468669       0.1199449       12.369111      -4.8283137       -4.8283137       12.369111                       12.369111
              1      0.76097657       70.238636     0.024789892      0.11920818       11.178581      -4.8283137       -4.8283137       11.178581                       11.178581
              6      0.75189218       69.774519     0.024159896      0.11729047       11.160412      -4.8283137       -4.8283137       11.160412                       11.160412
              1      0.63036228       70.200977     0.024120133      0.11897132       10.917352      -4.8283137       -4.8283137       10.917352                       10.917352
              2      0.94970971       70.448636     0.024362686      0.11866455       11.556047      -4.8283137       -4.8283137       11.556047                       11.556047
              3       2.9180045       69.766883      0.02484698      0.11422117       15.492637      -4.8283137       -4.8283137       15.492637                       15.492637
              4       2.4688511       69.850634     0.024891561      0.11616627        14.59433      -4.8283137       -4.8283137        14.59433                        14.59433
              1      0.99139961       70.188776     0.024671283      0.11684491       11.639427      -4.8283137       -4.8283137       11.639427                       11.639427
              1      0.64129796       69.852124     0.024190819      0.12101525       10.939223      -4.8283137       -4.8283137       10.939223                       10.939223
              4        1.469361       70.447771     0.023875769      0.12148235        12.59535      -4.8283137       -4.8283137        12.59535                        12.59535
              3       1.8245418       69.894019     0.023765573      0.11416663       13.305711      -4.8283137       -4.8283137       13.305711                       13.305711
              4       1.9773954       69.911924     0.023726107      0.11413852       13.611418      -4.8283137       -4.8283137       13.611418                       13.611418
              4       1.4572391       69.908992     0.024129009      0.11426459       12.571106      -4.8283137       -4.8283137       12.571106                       12.571106
              2       2.7239804       69.882867     0.024430334      0.11145903       15.104588      -4.8283137       -4.8283137       15.104588                       15.104588
              5       4.2224486       70.657867     0.024860907      0.11171077       18.101525      -4.8283137       -4.8283137       18.101525                       18.101525
              1       2.1077589       70.500598     0.024671536      0.11474163       13.872145      -4.8283137       -4.8283137       13.872145                       13.872145
              7      0.45538472       69.935358     0.024132354      0.11868318       10.567397      -4.8283137       -4.8283137       10.567397                       10.567397
              2      0.49922429        70.27523     0.024432267      0.11912566       10.655076      -4.8283137       -4.8283137       10.655076                       10.655076
              1      0.68754156       70.390658     0.024406654      0.11896665       11.031711      -4.8283137       -4.8283137       11.031711                       11.031711
              4      0.77274791       70.229072     0.024318265      0.11770736       11.202123      -4.8283137       -4.8283137       11.202123                       11.202123
              1      0.83711349       68.915107     0.023016913      0.11967507       11.330854      -4.8283137       -4.8283137       11.330854                       11.330854
              1        1.279734       68.545206     0.022648278      0.11962749       12.216096      -4.8283137       -4.8283137       12.216096                       12.216096
              4      0.57592149        68.71613     0.022513657      0.11972845        10.80847      -4.8283137       -4.8283137        10.80847                        10.80847
              1      0.33658751       68.732407     0.022524489      0.11661056       10.329802      -4.8283137       -4.8283137       10.329802                       10.329802
              1      0.44087161        69.07311     0.023090804      0.11832794       10.538371      -4.8283137       -4.8283137       10.538371                       10.538371
              3       1.4822275       68.688128     0.022733537      0.12151379       12.621083      -4.8283137       -4.8283137       12.621083                       12.621083
              3       1.2988623       69.112295     0.023267093      0.12214734       12.254352      -4.8283137       -4.8283137       12.254352                       12.254352
              1       1.2982842       69.112377     0.023267073      0.12214658       12.253196      -4.8283137       -4.8283137       12.253196                       12.253196
              1       1.2368766       68.647061     0.022074656      0.12293107       12.130381      -4.8283137       -4.8283137       12.130381                       12.130381
              4      0.50532048        68.03577      0.02126961      0.11666934       10.667268      -4.8283137       -4.8283137       10.667268                       10.667268
              4      0.47063792       67.212581     0.020308238      0.11285408       10.597903      -4.8283137       -4.8283137       10.597903                       10.597903
              2       1.0323849       67.292197      0.02022071      0.11148309       11.721397      -4.8283137       -4.8283137       11.721397                       11.721397
              1      0.75283496       68.230279     0.021582022      0.11980945       11.162297      -4.8283137       -4.8283137       11.162297                       11.162297
              4       2.0671282       67.493054     0.021371856       0.1186651       13.790884      -4.8283137       -4.8283137       13.790884                       13.790884
              2       2.4193165       68.562411     0.023057895      0.11900494        14.49526      -4.8283137       -4.8283137        14.49526                        14.49526
              2       1.6918668          69.546     0.023559474      0.12605207       13.040361      -4.8283137       -4.8283137       13.040361                       13.040361
              5       2.0696497       70.811708     0.024811098      0.13189735       13.795927      -4.8283137       -4.8283137       13.795927                       13.795927
              2       2.1172507        70.79939     0.024778765      0.13199956       13.891129      -4.8283137       -4.8283137       13.891129                       13.891129
              1       1.5933463       69.334816     0.023489598      0.12410693        12.84332      -4.8283137       -4.8283137        12.84332                        12.84332
              1      0.98066312       69.202154     0.022432553      0.12082917       11.617954      -4.8283137       -4.8283137       11.617954                       11.617954
              2        1.265246       69.507667     0.022719461      0.12014286        12.18712      -4.8283137       -4.8283137        12.18712                        12.18712
              1       1.0208322       67.471431     0.021356709      0.11478147       11.698292      -4.8283137       -4.8283137       11.698292                       11.698292
              1      0.93830161       67.495367     0.021419061      0.11343488       11.533231      -4.8283137       -4.8283137       11.533231                       11.533231
              1      0.89996114       67.496328     0.021404983      0.11341555        11.45655      -4.8283137       -4.8283137        11.45655                        11.45655
              2       1.0491538       68.179625     0.021596055      0.11167552       11.754935      -4.8283137       -4.8283137       11.754935                       11.754935
              2       1.8623929       66.821045     0.020290814      0.10519145       13.381413      -4.8283137       -4.8283137       13.381413                       13.381413
              2       1.4742293       66.956101      0.02091039      0.11249183       12.605086      -4.8283137       -4.8283137       12.605086                       12.605086
              3       1.3062686       66.810595     0.020705985      0.10927534       12.269165      -4.8283137       -4.8283137       12.269165                       12.269165
              3       1.1905403       66.839394     0.020712533      0.11011653       12.037708      -4.8283137       -4.8283137       12.037708                       12.037708
              2       1.1781986       66.843265     0.020712753      0.11011098       12.013025      -4.8283137       -4.8283137       12.013025                       12.013025
              1        3.124213       67.022043     0.021411934      0.10776613       15.905053      -4.8283137       -4.8283137       15.905053                       15.905053
              2       2.8612554       67.059661     0.021378481       0.1073717       15.379138      -4.8283137       -4.8283137       15.379138                       15.379138
              1      0.62042149       68.315133     0.021951043      0.11301321        10.89747      -4.8283137       -4.8283137        10.89747                        10.89747
              7      0.70957851       67.485416      0.02105774      0.11026356       11.075784      -4.8283137       -4.8283137       11.075784                       11.075784
              1      0.72687606       67.496509     0.021070994      0.11021487        11.11038      -4.8283137       -4.8283137        11.11038                        11.11038
              3      0.94233349       67.302145     0.020808535      0.10886737       11.541294      -4.8283137       -4.8283137       11.541294                       11.541294
              1       1.3220153         67.9229     0.020801012      0.11921003       12.300658      -4.8283137       -4.8283137       12.300658                       12.300658
              3       1.9044674       68.441309     0.022537645      0.12111557       13.465562      -4.8283137       -4.8283137       13.465562                       13.465562
              1       2.1790721       68.587704     0.022791271      0.12167012       14.014772      -4.8283137       -4.8283137       14.014772                       14.014772
              1       2.1590804       68.606481     0.022791787      0.12186804       13.974788      -4.8283137       -4.8283137       13.974788                       13.974788
              1      0.64338903       69.139451     0.022979929      0.12160972       10.943406      -4.8283137       -4.8283137       10.943406                       10.943406
              1      0.84425925       68.475672      0.02214095      0.12059962       11.345146      -4.8283137       -4.8283137       11.345146                       11.345146
              1       1.1588469       68.983009     0.022140942      0.12195457       11.974321      -4.8283137       -4.8283137       11.974321                       11.974321
              1       1.4348988       69.014149     0.022216054      0.12392567       12.526425      -4.8283137       -4.8283137       12.526425                       12.526425
              2      0.94607155       69.417088     0.022895944      0.12390453       11.548771      -4.8283137       -4.8283137       11.548771                       11.548771
              1      0.77579352       68.456243     0.021662168      0.11613376       11.208215      -4.8283137       -4.8283137       11.208215                       11.208215
              1      0.39780093       67.974341     0.021684365       0.1142245       10.452229      -4.8283137       -4.8283137       10.452229                       10.452229
              1        0.406935       67.884497     0.021571805      0.11370879       10.470497      -4.8283137       -4.8283137       10.470497                       10.470497
              1      0.38549584       67.551939     0.021138918      0.11404754       10.427619      -4.8283137       -4.8283137       10.427619                       10.427619
              3       1.6020336       66.798055     0.020781807      0.10890908       12.860695      -4.8283137       -4.8283137       12.860695                       12.860695
              9       1.3674059       66.621851     0.020382766      0.10697453       12.391439      -4.8283137       -4.8283137       12.391439                       12.391439
              1       1.9584589       66.460759     0.020465469      0.10945825       13.573545      -4.8283137       -4.8283137       13.573545                       13.573545
              1      0.60855002       67.973043      0.02149527      0.11816871       10.873728      -4.8283137       -4.8283137       10.873728                       10.873728
              5       1.0390266       70.228556     0.024807023      0.12292382       11.734681      -4.8283137       -4.8283137       11.734681                       11.734681
              1      0.89502424       70.149055     0.024752226      0.12043921       11.446676      -4.8283137       -4.8283137       11.446676                       11.446676
              1      0.39386767       68.416285     0.021938773      0.11535237       10.444363      -4.8283137       -4.8283137       10.444363                       10.444363
              2        0.363721       68.295126     0.021993008      0.11485739       10.384069      -4.8283137       -4.8283137       10.384069                       10.384069
              1      0.37639259       69.558823     0.023550518      0.11817126       10.409413      -4.8283137       -4.8283137       10.409413                       10.409413
              1      0.48466072       68.675039     0.022559787      0.11824108       10.625949      -4.8283137       -4.8283137       10.625949                       10.625949
              1       1.0291037       67.021205      0.02070676      0.10828388       11.714835      -4.8283137       -4.8283137       11.714835                       11.714835
              4       1.3395639       67.093271     0.020045228      0.10916801       12.335755      -4.8283137       -4.8283137       12.335755                       12.335755
              2       1.3013038       67.041536     0.020019693      0.10886695       12.259235      -4.8283137       -4.8283137       12.259235                       12.259235
              2      0.83910253       69.176528     0.023382275      0.12000033       11.334833      -4.8283137       -4.8283137       11.334833                       11.334833
              3      0.93368238       68.431614     0.022391884      0.11896912       11.523992      -4.8283137       -4.8283137       11.523992                       11.523992
              3       0.5488929        69.11368     0.023130467      0.11980762       10.754413      -4.8283137       -4.8283137       10.754413                       10.754413
              1      0.94636281       67.437389     0.021260146      0.10997991       11.549353      -4.8283137       -4.8283137       11.549353                       11.549353
              7      0.82289125        67.39625     0.021140109      0.11007581        11.30241      -4.8283137       -4.8283137        11.30241                        11.30241
              1      0.64229525       67.846101     0.021723651      0.11343318       10.941218      -4.8283137       -4.8283137       10.941218                       10.941218
              2      0.81932413       67.402286     0.020314435       0.1156727       11.295276      -4.8283137       -4.8283137       11.295276                       11.295276
              2      0.77806779       67.747023     0.021588028      0.11564091       11.212763      -4.8283137       -4.8283137       11.212763                       11.212763
              1      0.85644235       70.283216     0.024136921      0.11868485       11.369512      -4.8283137       -4.8283137       11.369512                       11.369512
              6      0.50280201       70.133662     0.024186896      0.12387124       10.662231      -4.8283137       -4.8283137       10.662231                       10.662231
              1      0.41939901       70.025985     0.024280129      0.12000038       10.495425      -4.8283137       -4.8283137       10.495425                       10.495425
              5       0.5281366       68.400717     0.021983035      0.11395232       10.712901      -4.8283137       -4.8283137       10.712901                       10.712901
              2      0.51785181       67.584215     0.021192113      0.11162721       10.692331      -4.8283137       -4.8283137       10.692331                       10.692331
              3      0.40295178       67.713646     0.021369332      0.11358362       10.462531      -4.8283137       -4.8283137       10.462531                       10.462531
              3      0.40811973        67.69539     0.021352853      0.11353013       10.472867      -4.8283137       -4.8283137       10.472867                       10.472867
              4      0.49898475        68.88521      0.02252238      0.11577459       10.654597      -4.8283137       -4.8283137       10.654597                       10.654597
              1       2.5631506       68.631329     0.021595168      0.11307461       14.782929      -4.8283137       -4.8283137       14.782929                       14.782929
              5       3.8173369        68.81816     0.022128175      0.10910428       17.291301      -4.8283137       -4.8283137       17.291301                       17.291301
              4       2.8387251       67.844152     0.021574354      0.10597442       15.334078      -4.8283137       -4.8283137       15.334078                       15.334078
              1       2.8683175       67.824293     0.021560658      0.10586612       15.393263      -4.8283137       -4.8283137       15.393263                       15.393263
              8       4.2770372       69.775134     0.024338607       0.1086111       18.210702      -4.8283137       -4.8283137       18.210702                       18.210702
              4       4.3743581       69.599811     0.024234083      0.10813684       18.405344      -4.8283137       -4.8283137       18.405344                       18.405344
              1        4.433988       68.118243     0.022889532      0.10688147       18.524603      -4.8283137       -4.8283137       18.524603                       18.524603
              2       3.2699967       67.851619     0.022396866      0.10788871       16.196621      -4.8283137       -4.8283137       16.196621                       16.196621
              1       3.4648081        67.65727       0.0221504      0.10681551       16.586244      -4.8283137       -4.8283137       16.586244                       16.586244
              1        2.454843       68.948972      0.02237969      0.11125866       14.566313      -4.8283137       -4.8283137       14.566313                       14.566313
              1        1.093152       69.616349     0.023202708      0.11660054       11.842932      -4.8283137       -4.8283137       11.842932                       11.842932
              1       0.9203994       68.743084     0.022024473      0.11581667       11.497426      -4.8283137       -4.8283137       11.497426                       11.497426
              1      0.78632287       68.750932     0.021982959      0.11975013       11.229273      -4.8283137       -4.8283137       11.229273                       11.229273
              2       2.0366234       69.130912     0.021993088      0.12112415       13.729874      -4.8283137       -4.8283137       13.729874                       13.729874
              1       3.5341632       69.820226     0.022563729      0.12822135       16.724954      -4.8283137       -4.8283137       16.724954                       16.724954
              1       6.5281857       66.839291     0.020612992      0.12369273       22.712999      -4.8283137       -4.8283137       22.712999                       22.712999
              2       6.1888903        66.55016     0.020155361       0.1229711       22.034408      -4.8283137       -4.8283137       22.034408                       22.034408
              1       4.3511432       67.776593     0.020257925      0.11002588       18.358914      -4.8283137       -4.8283137       18.358914                       18.358914
              4       4.1942945       67.746361     0.020268821      0.10972411       18.045216      -4.8283137       -4.8283137       18.045216                       18.045216
              5       4.1178379       67.697709     0.020212082      0.10971217       17.892303      -4.8283137       -4.8283137       17.892303                       17.892303
              2      0.87044065       67.183576     0.020201252      0.11074842       11.397509      -4.8283137       -4.8283137       11.397509                       11.397509
             10      0.96503573       67.068377     0.020099303      0.10972532       11.586699      -4.8283137       -4.8283137       11.586699                       11.586699
              8      0.33083292       67.160722     0.020398088      0.11304701       10.318293      -4.8283137       -4.8283137       10.318293                       10.318293
              1      0.32842374       67.157862     0.020408438      0.11281361       10.313475      -4.8283137       -4.8283137       10.313475                       10.313475
              1      0.36263831       68.981677      0.02271956      0.11934806       10.381904      -4.8283137       -4.8283137       10.381904                       10.381904
              5       1.1799306       68.032801     0.022203496      0.11397227       12.016489      -4.8283137       -4.8283137       12.016489                       12.016489
              1       1.1896882       67.959572     0.022110514      0.11260942       12.036004      -4.8283137       -4.8283137       12.036004                       12.036004
              2       2.1626954       70.036248     0.024231088      0.11304825       13.982018      -4.8283137       -4.8283137       13.982018                       13.982018
              3       2.2647318       70.125828     0.023929302      0.11442568       14.186091      -4.8283137       -4.8283137       14.186091                       14.186091
              3       2.3071682       70.338671     0.024627159      0.11355064       14.270964      -4.8283137       -4.8283137       14.270964                       14.270964
              2      0.44546354       68.619435     0.022435389      0.11491791       10.547555      -4.8283137       -4.8283137       10.547555                       10.547555
             11      0.72823466       66.646138     0.020087966      0.11374052       11.113097      -4.8283137       -4.8283137       11.113097                       11.113097
              2      0.78796537       66.829619      0.02049428      0.11242516       11.232558      -4.8283137       -4.8283137       11.232558                       11.232558
              2      0.99987073       67.816753     0.021670195      0.11708894       11.656369      -4.8283137       -4.8283137       11.656369                       11.656369
              5      0.82231476       70.293201     0.024582363      0.11743072       11.301257      -4.8283137       -4.8283137       11.301257                       11.301257
              4       2.6565311       70.256569     0.023219745      0.12700282        14.96969      -4.8283137       -4.8283137        14.96969                        14.96969
              1       2.0104928        69.12412     0.022575784      0.11277401       13.677613      -4.8283137       -4.8283137       13.677613                       13.677613
              1       1.9307875       69.341542     0.022873089      0.11339133       13.518203      -4.8283137       -4.8283137       13.518203                       13.518203
              9      0.35141056       69.866613     0.023983812      0.11988244       10.359449      -4.8283137       -4.8283137       10.359449                       10.359449
              9      0.40890087       69.705053     0.023679957      0.11826048       10.474429      -4.8283137       -4.8283137       10.474429                       10.474429
              3       1.4351018       69.039274     0.022632391      0.11305221       12.526831      -4.8283137       -4.8283137       12.526831                       12.526831
              2       0.8968094       69.044093     0.022674707      0.11454769       11.450246      -4.8283137       -4.8283137       11.450246                       11.450246
              4       1.5182033       69.853355     0.024520688      0.11530781       12.693034      -4.8283137       -4.8283137       12.693034                       12.693034
              1       1.6503033       69.976888     0.023769701      0.11524922       12.957234      -4.8283137       -4.8283137       12.957234                       12.957234
              2       1.5330768       68.856878      0.02249337      0.11193084       12.722781      -4.8283137       -4.8283137       12.722781                       12.722781
              3      0.91494054        67.07073      0.02005692      0.11030145       11.486509      -4.8283137       -4.8283137       11.486509                       11.486509
              2      0.74749433       66.666304     0.020169407      0.10822685       11.151616      -4.8283137       -4.8283137       11.151616                       11.151616
              1      0.63498846       68.659645     0.022674702      0.11784849       10.926604      -4.8283137       -4.8283137       10.926604                       10.926604
              3      0.59352779       69.768187     0.023617998      0.12358527       10.843683      -4.8283137       -4.8283137       10.843683                       10.843683
              1      0.37755772       68.908941     0.022668246      0.11919672       10.411743      -4.8283137       -4.8283137       10.411743                       10.411743
              4      0.61821843        68.67424     0.022514124      0.11953125       10.893064      -4.8283137       -4.8283137       10.893064                       10.893064
              3      0.50229058       68.794308     0.022804931      0.11722387       10.661209      -4.8283137       -4.8283137       10.661209                       10.661209
              1      0.52926887       68.910359     0.022413813       0.1167444       10.715165      -4.8283137       -4.8283137       10.715165                       10.715165
              1      0.67095945       68.799247     0.022146283       0.1169699       10.998546      -4.8283137       -4.8283137       10.998546                       10.998546
              2      0.81687293       69.800587     0.023398161      0.12450791       11.290373      -4.8283137       -4.8283137       11.290373                       11.290373
              4       0.8556245        69.60797     0.023315198      0.12443285       11.367876      -4.8283137       -4.8283137       11.367876                       11.367876
              8      0.87829514       68.956245     0.022472098       0.1225431       11.413218      -4.8283137       -4.8283137       11.413218                       11.413218
              2      0.59357177       70.352917     0.024612829      0.12431169       10.843771      -4.8283137       -4.8283137       10.843771                       10.843771
              1       1.5922129       71.308384     0.024894974      0.12416796       12.841053      -4.8283137       -4.8283137       12.841053                       12.841053
              4      0.38862614       70.804452     0.024822748      0.12341927        10.43388      -4.8283137       -4.8283137        10.43388                        10.43388
              5      0.43970368       70.386608     0.024289398      0.12145207       10.536035      -4.8283137       -4.8283137       10.536035                       10.536035
              1      0.38515215       70.395376     0.024645241       0.1205671       10.426932      -4.8283137       -4.8283137       10.426932                       10.426932
              9      0.37671342        70.29929     0.024559486      0.12074937       10.410054      -4.8283137       -4.8283137       10.410054                       10.410054
              1      0.45544122       70.469497     0.024329084      0.12256568        10.56751      -4.8283137       -4.8283137        10.56751                        10.56751
              4       0.4568205       70.844572     0.024784816       0.1240723       10.570268      -4.8283137       -4.8283137       10.570268                       10.570268
              8       1.1587721       67.290616     0.020374647      0.10963585       11.974172      -4.8283137       -4.8283137       11.974172                       11.974172
              1       3.0016588       67.638637     0.021510323      0.10515699       15.659945      -4.8283137       -4.8283137       15.659945                       15.659945
              1       1.0360165       66.812639      0.02018551      0.10729277        11.72866      -4.8283137       -4.8283137        11.72866                        11.72866
              1       1.0997047       67.047155     0.020315003      0.10802823       11.856037      -4.8283137       -4.8283137       11.856037                       11.856037
              2      0.82324719       69.299417     0.023419946      0.12146188       11.303122      -4.8283137       -4.8283137       11.303122                       11.303122
              1      0.83965526       69.264625     0.023411449      0.12113149       11.335938      -4.8283137       -4.8283137       11.335938                       11.335938
              4      0.52794668       67.954163     0.021637442      0.11677529       10.712521      -4.8283137       -4.8283137       10.712521                       10.712521
              4      0.63648751       70.595012     0.024901829      0.11916783       10.929602      -4.8283137       -4.8283137       10.929602                       10.929602
              3       1.2881382       70.708036     0.024723904       0.1180831       12.232904      -4.8283137       -4.8283137       12.232904                       12.232904
              7       1.1077338       70.667882     0.024766889      0.11809811       11.872095      -4.8283137       -4.8283137       11.872095                       11.872095
             10       1.1057565       70.661431     0.024759301      0.11808405       11.868141      -4.8283137       -4.8283137       11.868141                       11.868141
              1       1.0565996       70.640026     0.024831237      0.11783792       11.769827      -4.8283137       -4.8283137       11.769827                       11.769827
              1       2.0250892       69.932287     0.023975694      0.11331207       13.706806      -4.8283137       -4.8283137       13.706806                       13.706806
              1      0.95563107       68.781501     0.022725159      0.11276825        11.56789      -4.8283137       -4.8283137        11.56789                        11.56789
              2      0.73988005       68.894459     0.023022521       0.1146836       11.136388      -4.8283137       -4.8283137       11.136388                       11.136388
              4      0.69826614       68.589242      0.02263367      0.11414597        11.05316      -4.8283137       -4.8283137        11.05316                        11.05316
              7      0.34181575       68.622079     0.022404552      0.11633002       10.340259      -4.8283137       -4.8283137       10.340259                       10.340259
              2      0.50471088       70.199866      0.02442666      0.12320908       10.666049      -4.8283137       -4.8283137       10.666049                       10.666049
              3      0.67567719       69.311062     0.023539109      0.11929571       11.007982      -4.8283137       -4.8283137       11.007982                       11.007982
              3      0.70433289       68.617948     0.021876055      0.11946055       11.065293      -4.8283137       -4.8283137       11.065293                       11.065293
              1      0.66193642       68.650399     0.021921219      0.11768859         10.9805      -4.8283137       -4.8283137         10.9805                         10.9805
              2      0.56646596       68.166463     0.021382823      0.11639613       10.789559      -4.8283137       -4.8283137       10.789559                       10.789559
              1       1.1098557       67.987216     0.021002652      0.11390979       11.876339      -4.8283137       -4.8283137       11.876339                       11.876339
              2       1.5571937       67.484122     0.021183191      0.10759027       12.771015      -4.8283137       -4.8283137       12.771015                       12.771015
              7      0.60196829       66.780279     0.020258841      0.10914264       10.860564      -4.8283137       -4.8283137       10.860564                       10.860564
              3       0.6206969       67.435669      0.02110108      0.11494091       10.898021      -4.8283137       -4.8283137       10.898021                       10.898021
              5      0.39026022       66.792577     0.020204326      0.11088443       10.437148      -4.8283137       -4.8283137       10.437148                       10.437148
              3      0.45774836       70.344061     0.024704046      0.12032954       10.572124      -4.8283137       -4.8283137       10.572124                       10.572124
              3      0.37139112       68.648878     0.022403946      0.11805818        10.39941      -4.8283137       -4.8283137        10.39941                        10.39941
              4      0.65161435       68.509548     0.021806057      0.11604665       10.959856      -4.8283137       -4.8283137       10.959856                       10.959856
              1      0.87260243        68.61035     0.021854371      0.11580693       11.401832      -4.8283137       -4.8283137       11.401832                       11.401832
              1       0.7443427        69.32014     0.022861896      0.11707178       11.145313      -4.8283137       -4.8283137       11.145313                       11.145313
              3      0.34853931       69.703673     0.023776902      0.11982264       10.353706      -4.8283137       -4.8283137       10.353706                       10.353706
              1       0.3669328       69.830205     0.023963679       0.1196478       10.390493      -4.8283137       -4.8283137       10.390493                       10.390493
              6       1.1628462       69.279276     0.023742828      0.11855092        11.98232      -4.8283137       -4.8283137        11.98232                        11.98232
              5       1.3135537        68.15267     0.022248192      0.11762631       12.283735      -4.8283137       -4.8283137       12.283735                       12.283735
              3      0.49010093       70.363398     0.024226573      0.12122607       10.636829      -4.8283137       -4.8283137       10.636829                       10.636829
              4      0.53944069       70.495479     0.024462672      0.12053668       10.735509      -4.8283137       -4.8283137       10.735509                       10.735509
              8      0.54070704       68.520173     0.021902787      0.11915712       10.738042      -4.8283137       -4.8283137       10.738042                       10.738042
              2       1.5799346       68.389237     0.022477068      0.11998749       12.816497      -4.8283137       -4.8283137       12.816497                       12.816497
              6       1.6460138       68.447149      0.02253185      0.12051229       12.948655      -4.8283137       -4.8283137       12.948655                       12.948655
              1       2.3070596       69.921705     0.023991553        0.112647       14.270747      -4.8283137       -4.8283137       14.270747                       14.270747
              5       1.8559967        70.18728     0.023596107      0.12888883       13.368621      -4.8283137       -4.8283137       13.368621                       13.368621
              1       2.2466678       67.644441     0.020270264      0.12059276       14.149963      -4.8283137       -4.8283137       14.149963                       14.149963
              5      0.92531804       69.319158      0.02344634      0.12196926       11.507264      -4.8283137       -4.8283137       11.507264                       11.507264
              1       1.2796996       70.146878     0.024553805      0.12523689       12.216027      -4.8283137       -4.8283137       12.216027                       12.216027
              2       1.2303577       70.273985     0.024763344      0.12502678       12.117343      -4.8283137       -4.8283137       12.117343                       12.117343
              1      0.99914194       68.613117     0.022399166      0.11220559       11.654911      -4.8283137       -4.8283137       11.654911                       11.654911
              4      0.68195046       70.005129      0.02438828      0.12176169       11.020528      -4.8283137       -4.8283137       11.020528                       11.020528
              1       1.7566378       68.905234      0.02202152      0.12447169       13.169903      -4.8283137       -4.8283137       13.169903                       13.169903
              8       1.7342522       69.095799     0.022206144      0.12466046       13.125132      -4.8283137       -4.8283137       13.125132                       13.125132
              3       1.4398601       69.623905     0.022828736      0.12450024       12.536348      -4.8283137       -4.8283137       12.536348                       12.536348
              5       1.4150931       69.610895      0.02281547       0.1243176       12.486814      -4.8283137       -4.8283137       12.486814                       12.486814
              2       1.5240455       69.207146     0.023454351      0.11232982       12.704718      -4.8283137       -4.8283137       12.704718                       12.704718
              1       1.4349191       67.692631     0.021519487      0.10855461       12.526466      -4.8283137       -4.8283137       12.526466                       12.526466
              1       2.1945876       68.139239     0.021490079      0.10903278       14.045803      -4.8283137       -4.8283137       14.045803                       14.045803
              4      0.86367994       67.475842     0.020396825      0.11396137       11.383987      -4.8283137       -4.8283137       11.383987                       11.383987
              8      0.91653788       67.682931     0.020624864      0.11461159       11.489703      -4.8283137       -4.8283137       11.489703                       11.489703
              1      0.92530899       68.126336      0.02115392      0.11818359       11.507245      -4.8283137       -4.8283137       11.507245                       11.507245
              1       1.0811906       67.987121     0.020926548      0.11822416       11.819009      -4.8283137       -4.8283137       11.819009                       11.819009
              1      0.73173148       68.342635     0.021509557       0.1183798        11.12009      -4.8283137       -4.8283137        11.12009                        11.12009
              1       0.8687911       68.312944     0.021414771      0.11640745        11.39421      -4.8283137       -4.8283137        11.39421                        11.39421
              3      0.70644246       68.069588     0.021198148      0.11556935       11.069512      -4.8283137       -4.8283137       11.069512                       11.069512
              7      0.54829664       67.658608     0.020801232      0.11404197       10.753221      -4.8283137       -4.8283137       10.753221                       10.753221
              4      0.35166234         67.7543     0.021352653      0.11423821       10.359952      -4.8283137       -4.8283137       10.359952                       10.359952
              2      0.54242479       66.982522       0.0204196       0.1142667       10.741477      -4.8283137       -4.8283137       10.741477                       10.741477
             19      0.54833173       66.956494     0.020387104      0.11423499       10.753291      -4.8283137       -4.8283137       10.753291                       10.753291
              6       1.2726024       69.190449     0.023246769      0.12312103       12.201832      -4.8283137       -4.8283137       12.201832                       12.201832
              2      0.49809425       67.695522     0.021297708      0.11597901       10.652816      -4.8283137       -4.8283137       10.652816                       10.652816
              2      0.31356343       67.158585     0.020493242      0.11276208       10.283754      -4.8283137       -4.8283137       10.283754                       10.283754
              1      0.32846657       66.902942     0.020224287      0.11255328       10.313561      -4.8283137       -4.8283137       10.313561                       10.313561
              3      0.64805414       68.528305     0.022163005      0.11360466       10.952736      -4.8283137       -4.8283137       10.952736                       10.952736
              6      0.79938355       70.284067     0.024833585      0.11861923       11.255395      -4.8283137       -4.8283137       11.255395                       11.255395
              2      0.84538913       70.318551     0.024895037      0.11852107       11.347406      -4.8283137       -4.8283137       11.347406                       11.347406
              3       1.2186356       69.973146     0.024291442      0.11514061       12.093899      -4.8283137       -4.8283137       12.093899                       12.093899
              1       1.0672081       69.609477     0.023268885      0.11614712       11.791044      -4.8283137       -4.8283137       11.791044                       11.791044
              6       0.7617884        69.49342     0.023363571      0.11578798       11.180204      -4.8283137       -4.8283137       11.180204                       11.180204
             12       1.4590229       70.513386     0.024394873      0.11750019       12.574673      -4.8283137       -4.8283137       12.574673                       12.574673
              1       1.8925366       70.425931     0.024132158      0.11708674       13.441701      -4.8283137       -4.8283137       13.441701                       13.441701
              1       1.7658724       70.506076     0.023813573      0.12796175       13.188372      -4.8283137       -4.8283137       13.188372                       13.188372
             13       1.8437288       68.400101     0.021433414      0.12334331       13.344085      -4.8283137       -4.8283137       13.344085                       13.344085
              1       1.8579388       67.870693     0.020905096      0.12214605       13.372505      -4.8283137       -4.8283137       13.372505                       13.372505
              1        2.267357       67.989128     0.021093133      0.12360604       14.191341      -4.8283137       -4.8283137       14.191341                       14.191341
              8       1.1452726       68.998623     0.023132846      0.12119648       11.947173      -4.8283137       -4.8283137       11.947173                       11.947173
              1       1.5630368       68.817209     0.022766511      0.12294994       12.782701      -4.8283137       -4.8283137       12.782701                       12.782701
              4      0.50329945       66.987789     0.020072468      0.11468737       10.663226      -4.8283137       -4.8283137       10.663226                       10.663226
              2       2.6802646        68.46535     0.022868936      0.12033829       15.017157      -4.8283137       -4.8283137       15.017157                       15.017157
              1       3.2031412       68.754273     0.023001194      0.12439526        16.06291      -4.8283137       -4.8283137        16.06291                        16.06291
              1       3.4557761        68.91503     0.023271979      0.12483863        16.56818      -4.8283137       -4.8283137        16.56818                        16.56818
              1       3.8078306       69.919338     0.024063999      0.13127635       17.272289      -4.8283137       -4.8283137       17.272289                       17.272289
              2       3.3651562       70.047189     0.024199347      0.13102683        16.38694      -4.8283137       -4.8283137        16.38694                        16.38694
              3       3.4137777       69.418889     0.023463371      0.12893706       16.484183      -4.8283137       -4.8283137       16.484183                       16.484183
              2       3.7922059       69.516565      0.02404827      0.12711599       17.241039      -4.8283137       -4.8283137       17.241039                       17.241039
              1       3.6528057       68.064719     0.021219457      0.12656587       16.962239      -4.8283137       -4.8283137       16.962239                       16.962239
              1      0.60854764       67.442694     0.020470289      0.11436315       10.873723      -4.8283137       -4.8283137       10.873723                       10.873723
              2       1.2241188       68.516688     0.021542944      0.11662367       12.104865      -4.8283137       -4.8283137       12.104865                       12.104865
              7      0.76945352       67.735212      0.02073516      0.11582473       11.195535      -4.8283137       -4.8283137       11.195535                       11.195535
              4       1.6555446       67.960306      0.02069111      0.11854043       12.967717      -4.8283137       -4.8283137       12.967717                       12.967717
              1       3.3341398       69.206907     0.022555426      0.11121039       16.324907      -4.8283137       -4.8283137       16.324907                       16.324907
              3       3.3839196       69.672966     0.024871124      0.11493798       16.424467      -4.8283137       -4.8283137       16.424467                       16.424467
              2       4.1057798       69.585952     0.024911504      0.11497983       17.868187      -4.8283137       -4.8283137       17.868187                       17.868187
              2       3.8913383       69.623558     0.024920878       0.1155344       17.439304      -4.8283137       -4.8283137       17.439304                       17.439304
              8         5.98939       68.772931     0.024136355      0.11552819       21.635407      -4.8283137       -4.8283137       21.635407                       21.635407
              3       5.5238141       66.608505     0.021279889       0.1050593       20.704256      -4.8283137       -4.8283137       20.704256                       20.704256
              2       5.3402083       66.001032     0.020413842      0.10231014       20.337044      -4.8283137       -4.8283137       20.337044                       20.337044
              2         4.22881       66.672488     0.020835994      0.10225509       18.114247      -4.8283137       -4.8283137       18.114247                       18.114247
              3       2.6708165       67.693911     0.022056452      0.10790743        14.99826      -4.8283137       -4.8283137        14.99826                        14.99826
              1       2.2365025       68.917054     0.023642484      0.11576828       14.129632      -4.8283137       -4.8283137       14.129632                       14.129632
              4       1.8077924       69.264076     0.023612657      0.11188508       13.272212      -4.8283137       -4.8283137       13.272212                       13.272212
              2       1.8091619       69.294639     0.023632429      0.11191449       13.274951      -4.8283137       -4.8283137       13.274951                       13.274951
              5       1.1592438       69.699652     0.024252081      0.11619151       11.975115      -4.8283137       -4.8283137       11.975115                       11.975115
              4       1.0111206       68.160351     0.021912151      0.11953599       11.678869      -4.8283137       -4.8283137       11.678869                       11.678869
              1      0.74791607       69.247407     0.022897074      0.12285919        11.15246      -4.8283137       -4.8283137        11.15246                        11.15246
              3      0.53151489       69.134737     0.022694364      0.12108861       10.719657      -4.8283137       -4.8283137       10.719657                       10.719657
              1      0.94092807       69.234267     0.022854221      0.12365226       11.538484      -4.8283137       -4.8283137       11.538484                       11.538484
              2       2.4840659       70.188098     0.023223319      0.12785431       14.624759      -4.8283137       -4.8283137       14.624759                       14.624759
              6      0.91519565        68.72527     0.021876247      0.11916984       11.487019      -4.8283137       -4.8283137       11.487019                       11.487019
              2      0.54831354       69.255036     0.023011437      0.11635998       10.753255      -4.8283137       -4.8283137       10.753255                       10.753255
              6        1.687531        68.80609     0.021748413      0.12228667        13.03169      -4.8283137       -4.8283137        13.03169                        13.03169
              1       2.2235213       69.772183     0.022741175      0.12509925        14.10367      -4.8283137       -4.8283137        14.10367                        14.10367
              2       2.2732486       69.943625     0.023158438      0.12875271       14.203125      -4.8283137       -4.8283137       14.203125                       14.203125
              3      0.59828623       67.663044     0.021111974      0.11722586         10.8532      -4.8283137       -4.8283137         10.8532                         10.8532
              6      0.45308165        67.75133     0.021270991      0.11639678       10.562791      -4.8283137       -4.8283137       10.562791                       10.562791
              4      0.94651371       68.767279     0.022351811       0.1135002       11.549655      -4.8283137       -4.8283137       11.549655                       11.549655
              6      0.84398663       69.727548     0.023233679      0.11919845       11.344601      -4.8283137       -4.8283137       11.344601                       11.344601
              3      0.63882555       69.130123     0.022683986      0.11661137       10.934279      -4.8283137       -4.8283137       10.934279                       10.934279
              5      0.65441718       67.174234     0.020356799      0.11047008       10.965462      -4.8283137       -4.8283137       10.965462                       10.965462
              4       1.4656671       67.268993     0.020849868      0.10724558       12.587962      -4.8283137       -4.8283137       12.587962                       12.587962
              4       2.7677355       69.659609     0.024086564      0.12659796       15.192098      -4.8283137       -4.8283137       15.192098                       15.192098
              4       1.0344374       70.139433     0.024495959      0.12468258       11.725502      -4.8283137       -4.8283137       11.725502                       11.725502
              1      0.68939435       70.371228     0.024785605      0.12368019       11.035416      -4.8283137       -4.8283137       11.035416                       11.035416
              1      0.85842718        69.80024      0.02322414      0.12243704       11.373482      -4.8283137       -4.8283137       11.373482                       11.373482
              5      0.46489776       66.812349     0.020028805      0.10998838       10.586423      -4.8283137       -4.8283137       10.586423                       10.586423
              1       1.0712748       67.421925     0.020648368      0.10961894       11.799177      -4.8283137       -4.8283137       11.799177                       11.799177
              1       1.1491385       68.079915     0.021943616      0.11033609       11.954905      -4.8283137       -4.8283137       11.954905                       11.954905
              3        1.358631       67.447905     0.021523139       0.1127716       12.373889      -4.8283137       -4.8283137       12.373889                       12.373889
              4       1.4124425       67.438183      0.02153262      0.11249119       12.481512      -4.8283137       -4.8283137       12.481512                       12.481512
              1       1.4605645       67.768433      0.02193844      0.11431677       12.577757      -4.8283137       -4.8283137       12.577757                       12.577757
              2       0.3436728       68.383514     0.021964872      0.11548936       10.343973      -4.8283137       -4.8283137       10.343973                       10.343973
              2      0.36797097       68.654489     0.022294192      0.11594869       10.392569      -4.8283137       -4.8283137       10.392569                       10.392569
              1      0.39934093       69.341094     0.022976051      0.11979865       10.455309      -4.8283137       -4.8283137       10.455309                       10.455309
              5       0.6860003       70.043813     0.024496306      0.12075212       11.028628      -4.8283137       -4.8283137       11.028628                       11.028628
             14       1.9679588       68.249476     0.022176785      0.12159844       13.592545      -4.8283137       -4.8283137       13.592545                       13.592545
              7       2.9967677       67.691261     0.020694712      0.12419956       15.650163      -4.8283137       -4.8283137       15.650163                       15.650163
              5       1.5112519       67.840576      0.02190807      0.11693601       12.679131      -4.8283137       -4.8283137       12.679131                       12.679131
              2      0.52675156       67.345895     0.020742501      0.11585361       10.710131      -4.8283137       -4.8283137       10.710131                       10.710131
              8      0.37990442       67.554606     0.020961953      0.11544385       10.416436      -4.8283137       -4.8283137       10.416436                       10.416436
              5      0.47493649       68.337325     0.021889106      0.11417578         10.6065      -4.8283137       -4.8283137         10.6065                         10.6065
              1       1.6349346        67.46591     0.021635229      0.11082323       12.926497      -4.8283137       -4.8283137       12.926497                       12.926497
              2        2.170398       67.612213     0.021972922      0.11159734       13.997423      -4.8283137       -4.8283137       13.997423                       13.997423
              1       1.9417679       67.188842     0.021312413      0.11349267       13.540163      -4.8283137       -4.8283137       13.540163                       13.540163
              1       4.1973285       69.022426     0.023334043      0.12698453       18.051285      -4.8283137       -4.8283137       18.051285                       18.051285
              3       2.2543906       69.644061     0.022907712      0.12830963       14.165409      -4.8283137       -4.8283137       14.165409                       14.165409
              2       1.6955892       69.859731     0.023149603       0.1269661       13.047806      -4.8283137       -4.8283137       13.047806                       13.047806
              1        2.837502       68.758851     0.021599158      0.12594723       15.331632      -4.8283137       -4.8283137       15.331632                       15.331632
              2       2.2188164       68.499944     0.021407362      0.12404382        14.09426      -4.8283137       -4.8283137        14.09426                        14.09426
              2       2.3872346        68.98866     0.021877892      0.12515469       14.431097      -4.8283137       -4.8283137       14.431097                       14.431097
              1       3.5450783       68.163708     0.020508452      0.12124048       16.746784      -4.8283137       -4.8283137       16.746784                       16.746784
              6       1.4666827       68.833826     0.021860959      0.12220851       12.589993      -4.8283137       -4.8283137       12.589993                       12.589993
              5      0.58101154        70.85582     0.024784225      0.12251158       10.818651      -4.8283137       -4.8283137       10.818651                       10.818651
              6       2.4033677       67.816709     0.021404356      0.10683125       14.463363      -4.8283137       -4.8283137       14.463363                       14.463363
              2       2.2042899       69.051508     0.023795881      0.11671092       14.065207      -4.8283137       -4.8283137       14.065207                       14.065207
              5      0.79160143       70.232237     0.024752323      0.11835923        11.23983      -4.8283137       -4.8283137        11.23983                        11.23983
              3      0.81367337       68.417611     0.021574931      0.11650793       11.283974      -4.8283137       -4.8283137       11.283974                       11.283974
              3      0.66617956       67.893318      0.02105101      0.11414132       10.988987      -4.8283137       -4.8283137       10.988987                       10.988987
              1      0.67009151       67.957423     0.021144558      0.11408198        10.99681      -4.8283137       -4.8283137        10.99681                        10.99681
              1       1.9472168       70.175859     0.023323646       0.1265109       13.551061      -4.8283137       -4.8283137       13.551061                       13.551061
              1       4.0912688       70.072103     0.022686456      0.12472138       17.839165      -4.8283137       -4.8283137       17.839165                       17.839165
              1       5.2998865         69.8614     0.022219098      0.12522419         20.2564      -4.8283137       -4.8283137         20.2564                         20.2564
              1       5.0973938       70.042315     0.022467484       0.1270007       19.851415      -4.8283137       -4.8283137       19.851415                       19.851415
              5       3.0503513       67.587657     0.020029669      0.12143431        15.75733      -4.8283137       -4.8283137        15.75733                        15.75733
              1       1.3828424       68.097464     0.021713402      0.12108615       12.422312      -4.8283137       -4.8283137       12.422312                       12.422312
             10      0.80805195       67.958837     0.021678906      0.11112408       11.272731      -4.8283137       -4.8283137       11.272731                       11.272731
              7       0.5591975        69.99233     0.023655527      0.12114085       10.775022      -4.8283137       -4.8283137       10.775022                       10.775022
              6      0.71695371       70.147617     0.023801495      0.12470892       11.090535      -4.8283137       -4.8283137       11.090535                       11.090535
              3       1.0614771       70.901538     0.024942465      0.12922896       11.779582      -4.8283137       -4.8283137       11.779582                       11.779582
              1       2.6409138        69.30732     0.022243308      0.12690352       14.938455      -4.8283137       -4.8283137       14.938455                       14.938455
              2       2.0280214       68.513364     0.021564597      0.12423228        13.71267      -4.8283137       -4.8283137        13.71267                        13.71267
              2       1.3780866       69.735283     0.023582801      0.12649643       12.412801      -4.8283137       -4.8283137       12.412801                       12.412801
              6       1.1577902       68.632192     0.021909763      0.12237898       11.972208      -4.8283137       -4.8283137       11.972208                       11.972208
              1       1.0964618       67.920776     0.020966659      0.11962429       11.849551      -4.8283137       -4.8283137       11.849551                       11.849551
              3       1.1428578        67.90433     0.020940278      0.11975623       11.942343      -4.8283137       -4.8283137       11.942343                       11.942343
              4      0.89799955       68.704758     0.022107324      0.12179466       11.452627      -4.8283137       -4.8283137       11.452627                       11.452627
              3       1.0132155       69.301319     0.022701216      0.11707083       11.683058      -4.8283137       -4.8283137       11.683058                       11.683058
              3      0.99006994       68.976383     0.022235036      0.11714526       11.636767      -4.8283137       -4.8283137       11.636767                       11.636767
              3       1.0499161        69.43162     0.022741736       0.1232168        11.75646      -4.8283137       -4.8283137        11.75646                        11.75646
              1       1.0493273       69.924656     0.023298308      0.12188999       11.755282      -4.8283137       -4.8283137       11.755282                       11.755282
              3      0.53641084       69.455708     0.023295435      0.12220499       10.729449      -4.8283137       -4.8283137       10.729449                       10.729449
              1      0.98655866       68.032647     0.021675802      0.11948819       11.629745      -4.8283137       -4.8283137       11.629745                       11.629745
              6       1.0613819       67.866608     0.021931095      0.11447592       11.779391      -4.8283137       -4.8283137       11.779391                       11.779391
              2         1.29194       67.447778     0.020907564      0.10831203       12.240508      -4.8283137       -4.8283137       12.240508                       12.240508
              4       0.7666108       68.685014      0.02216651       0.1144402       11.189849      -4.8283137       -4.8283137       11.189849                       11.189849
              2       1.0903686       69.626464       0.0231039      0.11764071       11.837365      -4.8283137       -4.8283137       11.837365                       11.837365
              1       1.2229789       66.892482     0.020736615      0.10861641       12.102585      -4.8283137       -4.8283137       12.102585                       12.102585
              6       1.6238521       67.380497     0.021499567      0.11324363       12.904332      -4.8283137       -4.8283137       12.904332                       12.904332
             10       1.3324193       71.155632     0.024714786      0.12840135       12.321466      -4.8283137       -4.8283137       12.321466                       12.321466
              2       1.1370893        69.45855     0.023003759       0.1250022       11.930806      -4.8283137       -4.8283137       11.930806                       11.930806
              4      0.75151581       69.392397     0.022930945      0.12304677       11.159659      -4.8283137       -4.8283137       11.159659                       11.159659
              1      0.41941705        69.05398     0.023027834      0.11861081       10.495462      -4.8283137       -4.8283137       10.495462                       10.495462
              2      0.35579245       68.656547     0.022285809      0.11617148       10.368212      -4.8283137       -4.8283137       10.368212                       10.368212
              2       1.0479591       67.291799      0.02034726      0.11815083       11.752546      -4.8283137       -4.8283137       11.752546                       11.752546
              5      0.74293947       69.270459     0.023250704      0.11494362       11.142506      -4.8283137       -4.8283137       11.142506                       11.142506
              3      0.60414297       67.869524     0.021025028      0.11710585       10.864913      -4.8283137       -4.8283137       10.864913                       10.864913
              2      0.40979227       68.293605     0.021825142       0.1179214       10.476212      -4.8283137       -4.8283137       10.476212                       10.476212
              4      0.65957022       67.178462     0.020740445      0.11489194       10.975768      -4.8283137       -4.8283137       10.975768                       10.975768
              4      0.84525106       69.359221     0.022703787      0.12178789        11.34713      -4.8283137       -4.8283137        11.34713                        11.34713
              6      0.75134693        67.23923     0.020392158      0.11047444       11.159321      -4.8283137       -4.8283137       11.159321                       11.159321
              5      0.61858799       67.063597     0.020265283      0.11010478       10.893803      -4.8283137       -4.8283137       10.893803                       10.893803
              1       3.3038925       68.456752     0.021201528      0.12604852       16.264413      -4.8283137       -4.8283137       16.264413                       16.264413
              1       3.1752066       68.647887     0.021430602      0.12631249       16.007041      -4.8283137       -4.8283137       16.007041                       16.007041
              2       2.8714366       69.019981     0.022493411      0.12807538       15.399501      -4.8283137       -4.8283137       15.399501                       15.399501
              1       3.4029069       69.337963     0.023664234      0.12700035       16.462441      -4.8283137       -4.8283137       16.462441                       16.462441
              1       2.0899098       69.034205      0.02331524      0.12305118       13.836447      -4.8283137       -4.8283137       13.836447                       13.836447
              1       1.1006217       69.031422     0.022693584      0.12352473       11.857871      -4.8283137       -4.8283137       11.857871                       11.857871
              2      0.69578184       68.446385     0.022030916      0.12010058       11.048191      -4.8283137       -4.8283137       11.048191                       11.048191
              2      0.68275956       68.035484     0.021793486      0.11751389       11.022147      -4.8283137       -4.8283137       11.022147                       11.022147
              2      0.44723977       68.804671     0.022753421      0.11594853       10.551107      -4.8283137       -4.8283137       10.551107                       10.551107
              6      0.50561308       68.858899      0.02287227       0.1158552       10.667854      -4.8283137       -4.8283137       10.667854                       10.667854
              1      0.71448382       69.351777     0.023305411      0.11533053       11.085595      -4.8283137       -4.8283137       11.085595                       11.085595
              1       1.0861427       68.692466     0.021835696      0.11655143       11.828913      -4.8283137       -4.8283137       11.828913                       11.828913
              2       1.2483697       68.235194     0.021176582      0.11618114       12.153367      -4.8283137       -4.8283137       12.153367                       12.153367
              5      0.87886609       68.198881     0.021255043      0.11667984        11.41436      -4.8283137       -4.8283137        11.41436                        11.41436
             11      0.69211104       68.063653     0.021376196      0.11323243        11.04085      -4.8283137       -4.8283137        11.04085                        11.04085
              6      0.87205234       67.212705     0.020770845      0.10891027       11.400732      -4.8283137       -4.8283137       11.400732                       11.400732
              1      0.96841663       67.240844     0.020797274      0.10862339       11.593461      -4.8283137       -4.8283137       11.593461                       11.593461
              5       0.5708655       69.029516     0.022601699      0.11639317       10.798358      -4.8283137       -4.8283137       10.798358                       10.798358
              3      0.35207979       70.081706     0.024246286      0.12032152       10.360787      -4.8283137       -4.8283137       10.360787                       10.360787
              5        1.033329       70.388276     0.024651112      0.11692838       11.723285      -4.8283137       -4.8283137       11.723285                       11.723285
              7       1.0587741       69.859684     0.024139498       0.1153712       11.774176      -4.8283137       -4.8283137       11.774176                       11.774176
              2       1.5270599       69.470392     0.023954843      0.11364589       12.710747      -4.8283137       -4.8283137       12.710747                       12.710747
              1       1.0726599        69.71116     0.024277284      0.11899012       11.801947      -4.8283137       -4.8283137       11.801947                       11.801947
              7      0.77023381       68.100973     0.021938391      0.11184457       11.197095      -4.8283137       -4.8283137       11.197095                       11.197095
              1      0.50234803       68.039041       0.0216115      0.11289879       10.661324      -4.8283137       -4.8283137       10.661324                       10.661324
              4      0.89544165       68.409731     0.021976449      0.11241555       11.447511      -4.8283137       -4.8283137       11.447511                       11.447511
             10       1.2963589       68.160973     0.021810901      0.11015104       12.249345      -4.8283137       -4.8283137       12.249345                       12.249345
              1       1.2003556       67.992054      0.02158392      0.10999654       12.057339      -4.8283137       -4.8283137       12.057339                       12.057339
              9      0.55047629       69.151034     0.023039446      0.12092706        10.75758      -4.8283137       -4.8283137        10.75758                        10.75758
             11      0.39277219       69.510583     0.023387511      0.11798899       10.442172      -4.8283137       -4.8283137       10.442172                       10.442172
              4      0.39394641       69.508236     0.023383453      0.11797464        10.44452      -4.8283137       -4.8283137        10.44452                        10.44452
              5      0.36418197       69.451523     0.023172465       0.1193888       10.384991      -4.8283137       -4.8283137       10.384991                       10.384991
              7      0.44158988       69.870794     0.023589268      0.12174708       10.539807      -4.8283137       -4.8283137       10.539807                       10.539807
              4      0.38597622       70.450376     0.024665915      0.12340255        10.42858      -4.8283137       -4.8283137        10.42858                        10.42858
              2       1.1975983       68.693246     0.022985602      0.11760466       12.051824      -4.8283137       -4.8283137       12.051824                       12.051824
              6       1.1532262       68.711965     0.023049881      0.11493967        11.96308      -4.8283137       -4.8283137        11.96308                        11.96308
              1      0.93242674       71.114497     0.024812213      0.12671203       11.521481      -4.8283137       -4.8283137       11.521481                       11.521481
              1      0.92111315       71.112093     0.024815457       0.1267413       11.498854      -4.8283137       -4.8283137       11.498854                       11.498854
              2      0.51170089       70.866821     0.024811043      0.12307098       10.680029      -4.8283137       -4.8283137       10.680029                       10.680029
              3      0.90794855       70.437231     0.024206456       0.1270269       11.472525      -4.8283137       -4.8283137       11.472525                       11.472525
              2      0.66212682        67.73239     0.021271716      0.11745783       10.980881      -4.8283137       -4.8283137       10.980881                       10.980881
              2       2.8856881       68.420448     0.023048081      0.11752182       15.428004      -4.8283137       -4.8283137       15.428004                       15.428004
              1       1.5634586       69.405958     0.023971839      0.12023586       12.783545      -4.8283137       -4.8283137       12.783545                       12.783545
              2       0.5502601       68.571324     0.022571713      0.11600664       10.757148      -4.8283137       -4.8283137       10.757148                       10.757148
              1      0.78269849       68.236423     0.022291065      0.11458045       11.222024      -4.8283137       -4.8283137       11.222024                       11.222024
              7      0.71603302       68.125762     0.022074299      0.11298871       11.088694      -4.8283137       -4.8283137       11.088694                       11.088694
              6       1.0319867       67.460615     0.020886021      0.10916172       11.720601      -4.8283137       -4.8283137       11.720601                       11.720601
              6      0.99357471       67.762874     0.020693936      0.11753927       11.643777      -4.8283137       -4.8283137       11.643777                       11.643777
              8      0.95169245       67.855855     0.020807125      0.11722232       11.560012      -4.8283137       -4.8283137       11.560012                       11.560012
              1       2.2182012       67.954352     0.020535187      0.11664292        14.09303      -4.8283137       -4.8283137        14.09303                        14.09303
              1       1.0459625       68.227018     0.021277489      0.11967968       11.748552      -4.8283137       -4.8283137       11.748552                       11.748552
              1       1.4887032       70.870109     0.024287715      0.12687235       12.634034      -4.8283137       -4.8283137       12.634034                       12.634034
              6      0.76224606       70.950049     0.024765862      0.12319069        11.18112      -4.8283137       -4.8283137        11.18112                        11.18112
              1        1.422443       70.498072     0.023863164      0.12387349       12.501514      -4.8283137       -4.8283137       12.501514                       12.501514
              1       0.8440174       67.790476     0.020782169      0.11506571       11.344662      -4.8283137       -4.8283137       11.344662                       11.344662
              1       2.4299446       67.777884     0.020441403      0.11239576       14.516517      -4.8283137       -4.8283137       14.516517                       14.516517
              2        2.493954       67.761668     0.020383829       0.1126983       14.644535      -4.8283137       -4.8283137       14.644535                       14.644535
              1       1.7184551       67.683106     0.020331919      0.11599668       13.093538      -4.8283137       -4.8283137       13.093538                       13.093538
              8       2.9108114       67.002362     0.021312614      0.10711526        15.47825      -4.8283137       -4.8283137        15.47825                        15.47825
              3       3.6925049       66.863867     0.021332803      0.10751692       17.041637      -4.8283137       -4.8283137       17.041637                       17.041637
              6       3.1850683       66.659044     0.020969817      0.10700511       16.026764      -4.8283137       -4.8283137       16.026764                       16.026764
              7       2.7885592       66.922995     0.021243379      0.10984192       15.233746      -4.8283137       -4.8283137       15.233746                       15.233746
              7       2.4483268       68.767241     0.022587409      0.12541105       14.553281      -4.8283137       -4.8283137       14.553281                       14.553281
              4        1.494451        67.95764     0.020745223      0.11866783       12.645529      -4.8283137       -4.8283137       12.645529                       12.645529
              1       2.4336949       68.696288      0.02256717      0.12486799       14.524017      -4.8283137       -4.8283137       14.524017                       14.524017
              4       3.2106588       66.686339     0.020436046      0.11829451       16.077945      -4.8283137       -4.8283137       16.077945                       16.077945
              3       2.7874334       67.471779     0.021319405      0.12038618       15.231494      -4.8283137       -4.8283137       15.231494                       15.231494
              1       3.7997514       68.409347     0.022082059      0.12696609        17.25613      -4.8283137       -4.8283137        17.25613                        17.25613
              6       3.4518706       68.899758     0.022806883      0.12744242       16.560369      -4.8283137       -4.8283137       16.560369                       16.560369
              1       1.7025113       71.105938     0.024872789       0.1318296        13.06165      -4.8283137       -4.8283137        13.06165                        13.06165
              1      0.71063612       70.342674     0.023991535      0.12452024         11.0779      -4.8283137       -4.8283137         11.0779                         11.0779
              1      0.52013931       70.096745     0.024055538       0.1189548       10.696906      -4.8283137       -4.8283137       10.696906                       10.696906
              8      0.45862326       66.866919     0.020360364       0.1122229       10.573874      -4.8283137       -4.8283137       10.573874                       10.573874
              4       1.0960614       68.217241     0.021470177      0.11268605        11.84875      -4.8283137       -4.8283137        11.84875                        11.84875
              1      0.59826862       68.857657      0.02246736      0.12091807       10.853165      -4.8283137       -4.8283137       10.853165                       10.853165
              6         1.17054       69.717896     0.023077373      0.12475362       11.997707      -4.8283137       -4.8283137       11.997707                       11.997707
              1      0.58435052       68.573401     0.022446241      0.11859911       10.825329      -4.8283137       -4.8283137       10.825329                       10.825329
              2      0.83571239       67.143557     0.020926958      0.11045452       11.328052      -4.8283137       -4.8283137       11.328052                       11.328052
              1         1.41888       67.713863     0.020987299      0.10951945       12.494387      -4.8283137       -4.8283137       12.494387                       12.494387
              3       1.7001459       68.611124     0.022321262      0.11046625       13.056919      -4.8283137       -4.8283137       13.056919                       13.056919
              6      0.70238629       69.437765     0.022962971      0.11815177         11.0614      -4.8283137       -4.8283137         11.0614                         11.0614
              9       0.4242801       70.190451     0.024104273      0.12042648       10.505188      -4.8283137       -4.8283137       10.505188                       10.505188
              1      0.91722636       69.998047     0.023501451      0.12054002        11.49108      -4.8283137       -4.8283137        11.49108                        11.49108
              9       1.4864448       71.381357     0.024944265      0.12957272       12.629517      -4.8283137       -4.8283137       12.629517                       12.629517
             10       1.4265111       71.414558      0.02498967      0.12905293        12.50965      -4.8283137       -4.8283137        12.50965                        12.50965
              1      0.43029722       70.324959      0.02418854      0.12178076       10.517222      -4.8283137       -4.8283137       10.517222                       10.517222
              4      0.74209085       68.872899     0.022142645      0.11938671       11.140809      -4.8283137       -4.8283137       11.140809                       11.140809
              1      0.81225997       69.307358      0.02264314      0.12002628       11.281147      -4.8283137       -4.8283137       11.281147                       11.281147
              1      0.78851907       69.223339     0.022567661      0.11909897       11.233666      -4.8283137       -4.8283137       11.233666                       11.233666
              3       1.1048143       68.010371     0.020983463      0.11905569       11.866256      -4.8283137       -4.8283137       11.866256                       11.866256
              2      0.84960102       67.929462     0.021184328      0.11932649        11.35583      -4.8283137       -4.8283137        11.35583                        11.35583
              2      0.38511515       68.817211     0.022424673      0.11913299       10.426858      -4.8283137       -4.8283137       10.426858                       10.426858
              8      0.38057165       68.838513     0.022467474      0.11917253       10.417771      -4.8283137       -4.8283137       10.417771                       10.417771
              5      0.41565025       69.613951      0.02347972      0.12180833       10.487928      -4.8283137       -4.8283137       10.487928                       10.487928
              5      0.58389466       69.280836     0.022788933      0.12138924       10.824417      -4.8283137       -4.8283137       10.824417                       10.824417
              6       1.3534999       66.673127     0.020097454      0.10600272       12.363627      -4.8283137       -4.8283137       12.363627                       12.363627
              2       1.5941316       68.164512     0.021916169      0.12131278       12.844891      -4.8283137       -4.8283137       12.844891                       12.844891
              1      0.32132644       70.190686     0.024259057      0.12095822        10.29928      -4.8283137       -4.8283137        10.29928                        10.29928
              2       2.6502899       69.045182     0.023724134      0.11091701       14.957207      -4.8283137       -4.8283137       14.957207                       14.957207
              4       2.9846978       68.167711     0.022863197      0.11327487       15.626023      -4.8283137       -4.8283137       15.626023                       15.626023
              4       3.5913474       67.871622     0.022602855      0.11264408       16.839322      -4.8283137       -4.8283137       16.839322                       16.839322
              8       1.2145245       70.246382     0.024756116      0.11611376       12.085676      -4.8283137       -4.8283137       12.085676                       12.085676
              6      0.90477029       68.582883     0.022384069      0.11242659       11.466168      -4.8283137       -4.8283137       11.466168                       11.466168
              3      0.76398509       68.495554     0.022525006      0.11345306       11.184598      -4.8283137       -4.8283137       11.184598                       11.184598
              6      0.67383096       68.817323     0.022860135      0.11446202       11.004289      -4.8283137       -4.8283137       11.004289                       11.004289
              1        0.438825       69.761722     0.023656331      0.11848262       10.534277      -4.8283137       -4.8283137       10.534277                       10.534277
              1      0.56158846       69.928872     0.023917682      0.11793918       10.779804      -4.8283137       -4.8283137       10.779804                       10.779804
              3      0.57206036       69.935466     0.023904232      0.11797304       10.800748      -4.8283137       -4.8283137       10.800748                       10.800748
              6      0.54709441       69.972274     0.023828921      0.11883595       10.750816      -4.8283137       -4.8283137       10.750816                       10.750816
             17      0.67281312       69.751695     0.023680205      0.11692257       11.002254      -4.8283137       -4.8283137       11.002254                       11.002254
              6      0.43119237       69.743676     0.023688183      0.11827673       10.519012      -4.8283137       -4.8283137       10.519012                       10.519012
              3       0.4283359       68.622654     0.022463455      0.11784064       10.513299      -4.8283137       -4.8283137       10.513299                       10.513299
              1       1.7424633        67.97131     0.021378232      0.12215583       13.141554      -4.8283137       -4.8283137       13.141554                       13.141554
              4      0.75377654       66.973668      0.02029372      0.11587466       11.164181      -4.8283137       -4.8283137       11.164181                       11.164181
              3      0.59220637       67.394504     0.020776486      0.11643976        10.84104      -4.8283137       -4.8283137        10.84104                        10.84104
              1      0.59185632       67.347761     0.020753287      0.11619092        10.84034      -4.8283137       -4.8283137        10.84034                        10.84034
              3       0.3633487       67.665631     0.021186975      0.11514676       10.383325      -4.8283137       -4.8283137       10.383325                       10.383325
              5      0.41084356       69.264167     0.023061252      0.11719052       10.478315      -4.8283137       -4.8283137       10.478315                       10.478315
              8       1.1611271       69.341024     0.022544069      0.12229663       11.978882      -4.8283137       -4.8283137       11.978882                       11.978882
              4       1.2050711       70.140992     0.023508598       0.1223928        12.06677      -4.8283137       -4.8283137        12.06677                        12.06677
              1      0.90817977       70.764223     0.024396592      0.12591342       11.472987      -4.8283137       -4.8283137       11.472987                       11.472987
              8      0.90841441       70.096837      0.02367587      0.12544532       11.473456      -4.8283137       -4.8283137       11.473456                       11.473456
              4       1.7208029       69.053449     0.022311983      0.12528965       13.098233      -4.8283137       -4.8283137       13.098233                       13.098233
              1       1.9989548       68.921667     0.022134113      0.12565598       13.654537      -4.8283137       -4.8283137       13.654537                       13.654537
              2      0.69282204       67.174391     0.020683102       0.1154565       11.042272      -4.8283137       -4.8283137       11.042272                       11.042272
              4      0.83138417       67.210004     0.020776379      0.11584997       11.319396      -4.8283137       -4.8283137       11.319396                       11.319396
              2       2.5612545       66.716488     0.020446131       0.1172934       14.779136      -4.8283137       -4.8283137       14.779136                       14.779136
              8       4.1500667       69.759026     0.024727691       0.1250883       17.956761      -4.8283137       -4.8283137       17.956761                       17.956761
              2        4.218341       69.660761     0.024635149       0.1245767       18.093309      -4.8283137       -4.8283137       18.093309                       18.093309
              1         2.17885       68.984997     0.022300786      0.12648314       14.014328      -4.8283137       -4.8283137       14.014328                       14.014328
              1       2.1752078       68.980052     0.022295342       0.1264593       14.007043      -4.8283137       -4.8283137       14.007043                       14.007043
              2       1.3411345        69.37969     0.022759922       0.1251495       12.338897      -4.8283137       -4.8283137       12.338897                       12.338897
              1       2.1882058       69.823437      0.02357804      0.12905051       14.033039      -4.8283137       -4.8283137       14.033039                       14.033039
              1       2.4884956       69.682398     0.023352342      0.12933898       14.633619      -4.8283137       -4.8283137       14.633619                       14.633619
              2       1.5837561       70.839243     0.024395793       0.1299057        12.82414      -4.8283137       -4.8283137        12.82414                        12.82414
              1       1.0510853       69.653483     0.023881715      0.11483882       11.758798      -4.8283137       -4.8283137       11.758798                       11.758798
              1       1.1515349       69.580481     0.023682058      0.11427435       11.959697      -4.8283137       -4.8283137       11.959697                       11.959697
              4      0.84756543       68.839475     0.022778066      0.11333162       11.351758      -4.8283137       -4.8283137       11.351758                       11.351758
             12       1.0058384        69.01048     0.023029922      0.11321516       11.668304      -4.8283137       -4.8283137       11.668304                       11.668304
              4       2.4057052       67.625325     0.021977844      0.10890599       14.468038      -4.8283137       -4.8283137       14.468038                       14.468038
              6       1.1252235        69.83399     0.024036342      0.12464259       11.907074      -4.8283137       -4.8283137       11.907074                       11.907074
              2      0.79922946       69.867651     0.024351081      0.11956753       11.255086      -4.8283137       -4.8283137       11.255086                       11.255086
              8      0.65406343       69.927295      0.02434727      0.11965328       10.964754      -4.8283137       -4.8283137       10.964754                       10.964754
             10      0.42770446       70.214107     0.024529336        0.120795       10.512036      -4.8283137       -4.8283137       10.512036                       10.512036
              7      0.41372174       70.278215     0.024593635      0.12117584       10.484071      -4.8283137       -4.8283137       10.484071                       10.484071
              7      0.39906363       70.323676     0.024632784      0.12138736       10.454755      -4.8283137       -4.8283137       10.454755                       10.454755
              1       0.8647239       69.499827     0.023898496      0.11670401       11.386075      -4.8283137       -4.8283137       11.386075                       11.386075
              1       1.6771504       68.867656     0.022331114      0.11242548       13.010928      -4.8283137       -4.8283137       13.010928                       13.010928
             12       1.5961329       69.224098     0.022673691      0.11423324       12.848893      -4.8283137       -4.8283137       12.848893                       12.848893
              2       1.6781082       69.365726     0.022804019      0.11472966       13.012844      -4.8283137       -4.8283137       13.012844                       13.012844
              6      0.49673503       69.850631     0.023624639       0.1192707       10.650098      -4.8283137       -4.8283137       10.650098                       10.650098
              1      0.78275573       69.907568     0.023917058      0.11675611       11.222139      -4.8283137       -4.8283137       11.222139                       11.222139
              8      0.80859343       69.918158     0.023930534      0.11668141       11.273814      -4.8283137       -4.8283137       11.273814                       11.273814
              1      0.56706044       69.834087     0.023698477      0.11806685       10.790748      -4.8283137       -4.8283137       10.790748                       10.790748
              1      0.54159455       68.731666     0.022132915      0.11950581       10.739817      -4.8283137       -4.8283137       10.739817                       10.739817
              4       0.9622359       67.346463     0.020362067      0.11114695       11.581099      -4.8283137       -4.8283137       11.581099                       11.581099
              2      0.94727995       66.935373     0.020573838      0.10829067       11.551187      -4.8283137       -4.8283137       11.551187                       11.551187
              9       1.0075968       66.986992     0.020646935       0.1082053       11.671821      -4.8283137       -4.8283137       11.671821                       11.671821
              3       1.1838285        66.96474     0.020588847      0.10739383       12.024284      -4.8283137       -4.8283137       12.024284                       12.024284
              1       1.0242525       67.715564     0.021472422      0.10978305       11.705133      -4.8283137       -4.8283137       11.705133                       11.705133
              2       1.9756335       67.496429     0.021551129      0.11672754       13.607895      -4.8283137       -4.8283137       13.607895                       13.607895
              2       2.6415964       67.116059     0.021226422      0.11581843        14.93982      -4.8283137       -4.8283137        14.93982                        14.93982
              1        2.737051       67.162302     0.021298144      0.11603978        15.13073      -4.8283137       -4.8283137        15.13073                        15.13073
              2       2.0162591       67.687256     0.021642851      0.11884923       13.689146      -4.8283137       -4.8283137       13.689146                       13.689146
              2       2.4217257       68.845386     0.023194568      0.12232245       14.500079      -4.8283137       -4.8283137       14.500079                       14.500079
              1      0.97625837        69.25831     0.023432928      0.12148345       11.609144      -4.8283137       -4.8283137       11.609144                       11.609144
              4       1.8742001       68.050952      0.02177654      0.12166543       13.405028      -4.8283137       -4.8283137       13.405028                       13.405028
              6      0.49171398       67.424023     0.021078027      0.11370537       10.640055      -4.8283137       -4.8283137       10.640055                       10.640055
              7      0.82245846       66.547343     0.020188455      0.11093263       11.301544      -4.8283137       -4.8283137       11.301544                       11.301544
             22      0.54134728        67.65703     0.020852873      0.11329321       10.739322      -4.8283137       -4.8283137       10.739322                       10.739322
              3      0.79727351       68.192181     0.021352959      0.11495004       11.251174      -4.8283137       -4.8283137       11.251174                       11.251174
              6      0.72515762       68.363439      0.02156465      0.11603837       11.106943      -4.8283137       -4.8283137       11.106943                       11.106943
              8       1.6842022       67.800397     0.020489564      0.11594057       13.025032      -4.8283137       -4.8283137       13.025032                       13.025032
              4      0.42214287       68.397926     0.021872243      0.11535931       10.500913      -4.8283137       -4.8283137       10.500913                       10.500913
              2      0.80258209       67.216935     0.020475696      0.10962955       11.261792      -4.8283137       -4.8283137       11.261792                       11.261792
              1      0.72431182       67.158885      0.02041899      0.10972475       11.105251      -4.8283137       -4.8283137       11.105251                       11.105251
              3      0.82204456       67.292317      0.02061361      0.10959397       11.300717      -4.8283137       -4.8283137       11.300717                       11.300717
              1       1.2198743       68.332345     0.021794202      0.11153087       12.096376      -4.8283137       -4.8283137       12.096376                       12.096376
              3       0.8625322       68.469427      0.02200568      0.11287699       11.381692      -4.8283137       -4.8283137       11.381692                       11.381692
              2      0.69399748       68.165251     0.022153901      0.11431732       11.044622      -4.8283137       -4.8283137       11.044622                       11.044622
              1      0.73345495       68.104044     0.022098401      0.11402715       11.123537      -4.8283137       -4.8283137       11.123537                       11.123537
              2       0.6539845       67.463851      0.02113533      0.11525586       10.964596      -4.8283137       -4.8283137       10.964596                       10.964596
              8      0.40358215       67.429922     0.020972532      0.11428736       10.463792      -4.8283137       -4.8283137       10.463792                       10.463792
              4      0.52629132       67.520622     0.020750287      0.11649544        10.70921      -4.8283137       -4.8283137        10.70921                        10.70921
              4       1.3177119       66.608016     0.020007781      0.11598952       12.292051      -4.8283137       -4.8283137       12.292051                       12.292051
              1       0.4383484       66.990525     0.020230736      0.11072666       10.533324      -4.8283137       -4.8283137       10.533324                       10.533324
              1      0.37394107       68.579174      0.02223502      0.11553157        10.40451      -4.8283137       -4.8283137        10.40451                        10.40451
              6        5.412014       69.222102     0.021540527      0.12843145       20.480655      -4.8283137       -4.8283137       20.480655                       20.480655
              4       5.9484155       69.201074     0.021553378      0.11657621       21.553458      -4.8283137       -4.8283137       21.553458                       21.553458
              1       2.8672321       70.960483     0.024026365      0.12950341       15.391092      -4.8283137       -4.8283137       15.391092                       15.391092
              3       1.7564603       70.907766     0.024251773      0.12771065       13.169548      -4.8283137       -4.8283137       13.169548                       13.169548
              2       1.1963094       70.941768     0.024549987      0.12350353       12.049246      -4.8283137       -4.8283137       12.049246                       12.049246
              5      0.72300561       70.392224     0.024518772      0.11839417       11.102639      -4.8283137       -4.8283137       11.102639                       11.102639
              3      0.97562241       69.615907     0.023618839      0.11507583       11.607872      -4.8283137       -4.8283137       11.607872                       11.607872
              3       1.1443245       68.626252     0.021743491      0.12128871       11.945276      -4.8283137       -4.8283137       11.945276                       11.945276
              6       1.6547723       68.603121     0.022002027      0.12402601       12.966172      -4.8283137       -4.8283137       12.966172                       12.966172
              2       2.2053764       68.059141     0.021140748      0.12363092        14.06738      -4.8283137       -4.8283137        14.06738                        14.06738
              2       1.1477892       67.713679      0.02074542      0.11941084       11.952206      -4.8283137       -4.8283137       11.952206                       11.952206
              2       1.4506866       68.998445     0.022510692      0.12465867       12.558001      -4.8283137       -4.8283137       12.558001                       12.558001
              7      0.35471833       69.630095      0.02340804      0.11993399       10.366064      -4.8283137       -4.8283137       10.366064                       10.366064
              2      0.33830098       68.568745     0.022130429      0.11668702       10.333229      -4.8283137       -4.8283137       10.333229                       10.333229
              5      0.88975848       69.063013     0.023138596      0.12096235       11.436144      -4.8283137       -4.8283137       11.436144                       11.436144
              1       1.2249415        67.24974     0.021010976      0.11596304        12.10651      -4.8283137       -4.8283137        12.10651                        12.10651
              3      0.40744912       68.312885     0.022120612      0.11524086       10.471526      -4.8283137       -4.8283137       10.471526                       10.471526
              5      0.48210425       67.949078     0.021501448      0.11277998       10.620836      -4.8283137       -4.8283137       10.620836                       10.620836
              3      0.49734134       69.292903     0.023120458       0.1214009        10.65131      -4.8283137       -4.8283137        10.65131                        10.65131
              2      0.54482944       68.806092     0.022476169      0.11502146       10.746286      -4.8283137       -4.8283137       10.746286                       10.746286
              1      0.94626989       68.692099     0.021895842      0.11645491       11.549167      -4.8283137       -4.8283137       11.549167                       11.549167
              3       0.7949817       67.834051     0.020924618      0.11379485       11.246591      -4.8283137       -4.8283137       11.246591                       11.246591
              1       1.3697244       67.257686     0.020067956      0.11126463       12.396076      -4.8283137       -4.8283137       12.396076                       12.396076
              3       2.1524109       69.165745     0.022109473       0.1248882       13.961449      -4.8283137       -4.8283137       13.961449                       13.961449
              1       1.3838013       68.095839      0.02096612      0.11939235        12.42423      -4.8283137       -4.8283137        12.42423                        12.42423
              3      0.80065082       68.674958     0.021871787      0.11818271       11.257929      -4.8283137       -4.8283137       11.257929                       11.257929
              8        1.193386       70.663293     0.024412043      0.12001128       12.043399      -4.8283137       -4.8283137       12.043399                       12.043399
              1       3.1732333        67.79752     0.021119547      0.10624805       16.003094      -4.8283137       -4.8283137       16.003094                       16.003094
              3       1.6257998       67.296731      0.02056447      0.10753718       12.908227      -4.8283137       -4.8283137       12.908227                       12.908227
              2       2.4744526       67.403244     0.020851552      0.10572332       14.605533      -4.8283137       -4.8283137       14.605533                       14.605533
              2       1.6415893       67.242116     0.020802691       0.1067551       12.939806      -4.8283137       -4.8283137       12.939806                       12.939806
              7      0.56689753       70.897271     0.024932018      0.12177962       10.790423      -4.8283137       -4.8283137       10.790423                       10.790423
              4       2.2123097       70.701673     0.024258037       0.1187957       14.081247      -4.8283137       -4.8283137       14.081247                       14.081247
              5       1.7597586       70.621729     0.024211049      0.11935541       13.176145      -4.8283137       -4.8283137       13.176145                       13.176145
              2       2.1688498       69.527962     0.022690361      0.11674959       13.994327      -4.8283137       -4.8283137       13.994327                       13.994327
              2      0.53364746       68.527894     0.022150402      0.11944724       10.723922      -4.8283137       -4.8283137       10.723922                       10.723922
              1       0.9825796       68.314707     0.021871363      0.12084735       11.621787      -4.8283137       -4.8283137       11.621787                       11.621787
              2      0.86618037       67.787117      0.02106961      0.11903697       11.388988      -4.8283137       -4.8283137       11.388988                       11.388988
              3      0.49423691       70.270388     0.024218811      0.12445803       10.645101      -4.8283137       -4.8283137       10.645101                       10.645101
              2      0.41767999       69.966862     0.023731502      0.12176497       10.491987      -4.8283137       -4.8283137       10.491987                       10.491987
              1      0.33978905       69.736641     0.023562581      0.12074988       10.336206      -4.8283137       -4.8283137       10.336206                       10.336206
              2       1.4411993       67.502397     0.020195961      0.11655626       12.539026      -4.8283137       -4.8283137       12.539026                       12.539026
              3       2.6276345       67.616657     0.020526436        0.123109       14.911896      -4.8283137       -4.8283137       14.911896                       14.911896
              5       2.7513566       67.268669     0.020117252      0.12232186       15.159341      -4.8283137       -4.8283137       15.159341                       15.159341
             11       3.2013427       66.998319     0.020007155        0.122414       16.059313      -4.8283137       -4.8283137       16.059313                       16.059313
              2       2.4426427       69.240889     0.023256623      0.12648426       14.541913      -4.8283137       -4.8283137       14.541913                       14.541913
              4       2.4693373       69.917875     0.023899596      0.12944337       14.595302      -4.8283137       -4.8283137       14.595302                       14.595302
              2        2.591781       69.340647     0.023135294      0.12803848       14.840189      -4.8283137       -4.8283137       14.840189                       14.840189
              7       2.3154158       68.599992     0.022529455       0.1239185       14.287459      -4.8283137       -4.8283137       14.287459                       14.287459
              8       2.2315474       67.971003     0.021830474      0.12139046       14.119722      -4.8283137       -4.8283137       14.119722                       14.119722
              4        1.312934       70.201627     0.023982135      0.12795658       12.282495      -4.8283137       -4.8283137       12.282495                       12.282495
              1       1.8966256       66.942315     0.020290905      0.11896601       13.449879      -4.8283137       -4.8283137       13.449879                       13.449879
              8       2.0277391       66.941789     0.020252806      0.11938093       13.712106      -4.8283137       -4.8283137       13.712106                       13.712106
              1       1.9453083       66.342564     0.020040485      0.11424798       13.547244      -4.8283137       -4.8283137       13.547244                       13.547244
              1       0.7314814       67.486422     0.021104947      0.11022121        11.11959      -4.8283137       -4.8283137        11.11959                        11.11959
             12      0.74266614       67.421642     0.021044856      0.11003727        11.14196      -4.8283137       -4.8283137        11.14196                        11.14196
              2      0.74302272       68.116317     0.021523854      0.11260058       11.142673      -4.8283137       -4.8283137       11.142673                       11.142673
              2      0.59249706       68.070822     0.021441249      0.11337982       10.841622      -4.8283137       -4.8283137       10.841622                       10.841622
              1      0.61440551       68.142075     0.021447262      0.11412458       10.885439      -4.8283137       -4.8283137       10.885439                       10.885439
              5      0.61883078       67.589475     0.020737799      0.11287541       10.894289      -4.8283137       -4.8283137       10.894289                       10.894289
              3      0.58291054       67.610774     0.020803083       0.1127664       10.822449      -4.8283137       -4.8283137       10.822449                       10.822449
              9       1.1299654       67.497974     0.020299055      0.11630636       11.916558      -4.8283137       -4.8283137       11.916558                       11.916558
              2       1.1193414       67.383999     0.020164347       0.1159291        11.89531      -4.8283137       -4.8283137        11.89531                        11.89531
              3      0.35710475        69.57043     0.023625382      0.11940576       10.370837      -4.8283137       -4.8283137       10.370837                       10.370837
              1      0.69521608       68.330898     0.022362672      0.11486776        11.04706      -4.8283137       -4.8283137        11.04706                        11.04706
              1      0.82536711       68.018013     0.021581969      0.11133832       11.307362      -4.8283137       -4.8283137       11.307362                       11.307362
              2      0.73843677       67.369461      0.02031147       0.1153151       11.133501      -4.8283137       -4.8283137       11.133501                       11.133501
              1       1.8121266       68.211944     0.021465286      0.11063239       13.280881      -4.8283137       -4.8283137       13.280881                       13.280881
              1       1.3562666        68.94537     0.022401665      0.11364447       12.369161      -4.8283137       -4.8283137       12.369161                       12.369161
              9       1.4630349       69.116232     0.022709999      0.11327889       12.582697      -4.8283137       -4.8283137       12.582697                       12.582697
              1       1.1398017        69.78989     0.024075524      0.11492189       11.936231      -4.8283137       -4.8283137       11.936231                       11.936231
              1      0.63377363        69.07609     0.023248489      0.11632125       10.924175      -4.8283137       -4.8283137       10.924175                       10.924175
              1      0.47734558       70.700994     0.024756308      0.12562747       10.611319      -4.8283137       -4.8283137       10.611319                       10.611319
              1      0.46410572       66.981099     0.020256252       0.1145365       10.584839      -4.8283137       -4.8283137       10.584839                       10.584839
              1      0.69233589        66.92723     0.020326237      0.11507704       11.041299      -4.8283137       -4.8283137       11.041299                       11.041299
              6      0.65056393       66.921736     0.020357664      0.11462758       10.957755      -4.8283137       -4.8283137       10.957755                       10.957755
              2        0.864641       67.406839     0.021213429      0.11457146       11.385909      -4.8283137       -4.8283137       11.385909                       11.385909
              7      0.79109317       67.609454     0.021507528      0.11324493       11.238814      -4.8283137       -4.8283137       11.238814                       11.238814
              4      0.53417772       68.812971     0.022857968      0.11704049       10.724983      -4.8283137       -4.8283137       10.724983                       10.724983
              2      0.32764655       68.778509     0.022448011      0.11696203       10.311921      -4.8283137       -4.8283137       10.311921                       10.311921
              2       0.3289701        68.72095     0.022384179      0.11671761       10.314568      -4.8283137       -4.8283137       10.314568                       10.314568
              7      0.40677739       70.264905     0.024138392      0.12320919       10.470182      -4.8283137       -4.8283137       10.470182                       10.470182
              3      0.54243688       70.608166     0.024422367      0.12454832       10.741501      -4.8283137       -4.8283137       10.741501                       10.741501
              3      0.75936475       69.610031     0.023298839      0.12398489       11.175357      -4.8283137       -4.8283137       11.175357                       11.175357
              1      0.81555676       69.069308     0.022700664      0.11496104       11.287741      -4.8283137       -4.8283137       11.287741                       11.287741
              6      0.80910518       68.040365     0.021354302      0.11257093       11.274838      -4.8283137       -4.8283137       11.274838                       11.274838
              8      0.83085498       67.963744     0.021311921      0.11194963       11.318337      -4.8283137       -4.8283137       11.318337                       11.318337
              1      0.53870804       69.905362     0.024157227      0.11811888       10.734044      -4.8283137       -4.8283137       10.734044                       10.734044
              2      0.38977622       69.156618     0.023155705      0.11780768        10.43618      -4.8283137       -4.8283137        10.43618                        10.43618
              5      0.42870893       69.113771     0.023147453      0.11758785       10.514045      -4.8283137       -4.8283137       10.514045                       10.514045
              1      0.48148022       69.123357     0.023101884      0.11610272       10.619588      -4.8283137       -4.8283137       10.619588                       10.619588
              1      0.38598502       68.806992     0.022376306      0.11700263       10.428598      -4.8283137       -4.8283137       10.428598                       10.428598
              2       1.5503404       66.681466     0.020236051      0.10561189       12.757308      -4.8283137       -4.8283137       12.757308                       12.757308
              2       1.7279911       66.694786     0.020107974      0.10517153        13.11261      -4.8283137       -4.8283137        13.11261                        13.11261
              1       2.2796636       67.256379     0.020003337      0.12090807       14.215955      -4.8283137       -4.8283137       14.215955                       14.215955
              4       1.9370778       69.323836     0.022980796      0.12687083       13.530783      -4.8283137       -4.8283137       13.530783                       13.530783
              5       2.1792924       69.264295     0.022985053       0.1270858       14.015212      -4.8283137       -4.8283137       14.015212                       14.015212
              1       2.6867186       69.579817     0.022690497      0.12871269       15.030065      -4.8283137       -4.8283137       15.030065                       15.030065
              5       2.4024602        69.26612     0.022465466      0.12757813       14.461548      -4.8283137       -4.8283137       14.461548                       14.461548
              7       1.4749847       70.710062     0.024104618      0.12685352       12.606597      -4.8283137       -4.8283137       12.606597                       12.606597
              6       1.9368758       70.147874     0.023661562      0.12940926       13.530379      -4.8283137       -4.8283137       13.530379                       13.530379
              2       2.2722271       68.571175     0.021260629      0.11889091       14.201082      -4.8283137       -4.8283137       14.201082                       14.201082
              1       2.1689309       68.567672     0.021284652      0.11866276       13.994489      -4.8283137       -4.8283137       13.994489                       13.994489
              3       2.0140459        68.44063     0.021237945      0.11608628       13.684719      -4.8283137       -4.8283137       13.684719                       13.684719
              3       1.3363734       68.797769     0.021829644      0.11795295       12.329374      -4.8283137       -4.8283137       12.329374                       12.329374
              6       0.8293725        70.36852     0.023982352      0.12198356       11.315372      -4.8283137       -4.8283137       11.315372                       11.315372
              7      0.84828921       68.659508     0.021919345      0.12078233       11.353206      -4.8283137       -4.8283137       11.353206                       11.353206
              3      0.70024953       68.767387     0.022206372      0.12103901       11.057127      -4.8283137       -4.8283137       11.057127                       11.057127
              7      0.87761595         69.1547     0.022643804      0.12301507       11.411859      -4.8283137       -4.8283137       11.411859                       11.411859
              4      0.92631525       68.041547      0.02211432      0.11391351       11.509258      -4.8283137       -4.8283137       11.509258                       11.509258
             25      0.34094743       70.877502     0.024981804      0.12397671       10.338522      -4.8283137       -4.8283137       10.338522                       10.338522
              4       1.8939364        69.87641     0.024437978       0.1244318         13.4445      -4.8283137       -4.8283137         13.4445                         13.4445
              1      0.84224003       68.571188     0.022692526      0.11722339       11.341108      -4.8283137       -4.8283137       11.341108                       11.341108
              1      0.67963844       67.176514     0.020899643      0.11267424       11.015904      -4.8283137       -4.8283137       11.015904                       11.015904
              3      0.49059988       67.696409     0.020887052      0.11613075       10.637827      -4.8283137       -4.8283137       10.637827                       10.637827
              2      0.69671791       67.795003     0.021227377      0.11820496       11.050063      -4.8283137       -4.8283137       11.050063                       11.050063
              3      0.61032673       68.247541     0.021523763      0.11865682       10.877281      -4.8283137       -4.8283137       10.877281                       10.877281
              9       1.2101951       70.337859     0.024361221       0.1277713       12.077018      -4.8283137       -4.8283137       12.077018                       12.077018
              1       2.7541566       69.977117     0.023233037      0.13043599       15.164941      -4.8283137       -4.8283137       15.164941                       15.164941
              2       2.4548029        69.77969     0.022989136      0.12896373       14.566233      -4.8283137       -4.8283137       14.566233                       14.566233
              9       2.3293112       69.693297      0.02293472      0.12855089        14.31525      -4.8283137       -4.8283137        14.31525                        14.31525
              1       2.7391972       69.960575     0.024851074      0.12375432       15.135022      -4.8283137       -4.8283137       15.135022                       15.135022
              1       1.7037459       69.882465     0.024727919      0.11838116       13.064119      -4.8283137       -4.8283137       13.064119                       13.064119
              3       2.5618318       68.201397     0.022810969      0.11364733       14.780291      -4.8283137       -4.8283137       14.780291                       14.780291
              9       1.2701679       67.916029     0.022084145      0.11393374       12.196963      -4.8283137       -4.8283137       12.196963                       12.196963
              2       1.2088552       67.880694     0.021963822      0.11543803       12.074338      -4.8283137       -4.8283137       12.074338                       12.074338
              6       1.5004749       67.868453     0.022107383      0.11313313       12.657577      -4.8283137       -4.8283137       12.657577                       12.657577
              5      0.91824182       67.212511     0.021000925      0.11393748       11.493111      -4.8283137       -4.8283137       11.493111                       11.493111
              1       1.1747089       66.675786     0.020398455      0.11298812       12.006045      -4.8283137       -4.8283137       12.006045                       12.006045
              4       1.1726059       66.675523     0.020397175       0.1129905       12.001839      -4.8283137       -4.8283137       12.001839                       12.001839
              1       2.1453643       67.476007     0.021544078      0.10711588       13.947356      -4.8283137       -4.8283137       13.947356                       13.947356
              2      0.72330449       69.919863     0.024113236      0.11683823       11.103236      -4.8283137       -4.8283137       11.103236                       11.103236
              2      0.36257951       69.493319     0.023458534      0.12035435       10.381786      -4.8283137       -4.8283137       10.381786                       10.381786
              5      0.85990841       67.190731      0.02040638      0.11725161       11.376444      -4.8283137       -4.8283137       11.376444                       11.376444
              5      0.92296452       66.945222     0.020022525      0.11679402       11.502557      -4.8283137       -4.8283137       11.502557                       11.502557
              1      0.44419469       68.899667     0.022690529       0.1156679       10.545017      -4.8283137       -4.8283137       10.545017                       10.545017
              4      0.87349863        68.71487     0.022896498      0.11426325       11.403625      -4.8283137       -4.8283137       11.403625                       11.403625
              2      0.71924843       68.917935     0.022408837      0.12164029       11.095124      -4.8283137       -4.8283137       11.095124                       11.095124
              2       0.6039606       68.928927     0.022503614       0.1211509       10.864549      -4.8283137       -4.8283137       10.864549                       10.864549
              1      0.52800444       68.098617     0.021365739      0.11508724       10.712636      -4.8283137       -4.8283137       10.712636                       10.712636
              2       2.6369832       68.350206     0.021001464      0.11550599       14.930594      -4.8283137       -4.8283137       14.930594                       14.930594
              5       2.6364186       68.256137     0.020886397       0.1152592       14.929465      -4.8283137       -4.8283137       14.929465                       14.929465
              2      0.82924814       70.002188     0.024214732      0.11659067       11.315124      -4.8283137       -4.8283137       11.315124                       11.315124
              3      0.81811445       70.000491     0.024216075      0.11663356       11.292856      -4.8283137       -4.8283137       11.292856                       11.292856
              1      0.33520252       70.839762     0.024948594      0.12389776       10.327033      -4.8283137       -4.8283137       10.327033                       10.327033
              1       1.5411585       69.959348     0.024482203      0.12413162       12.738944      -4.8283137       -4.8283137       12.738944                       12.738944
              1       2.1097184        67.34162     0.020629701      0.12105275       13.876064      -4.8283137       -4.8283137       13.876064                       13.876064
              5       1.6220511       68.547393     0.022800702      0.11928181        12.90073      -4.8283137       -4.8283137        12.90073                        12.90073
              2       1.4840077          67.123     0.021043634      0.11439086       12.624643      -4.8283137       -4.8283137       12.624643                       12.624643
              1       2.2210442       67.129045     0.021366677      0.11135423       14.098716      -4.8283137       -4.8283137       14.098716                       14.098716
              3       1.8474467       66.880059     0.020965161      0.10969839       13.351521      -4.8283137       -4.8283137       13.351521                       13.351521
              2       2.1529473       66.892799     0.021059602       0.1101514       13.962522      -4.8283137       -4.8283137       13.962522                       13.962522
              1        2.346252       67.425933     0.021406196      0.11815121       14.349131      -4.8283137       -4.8283137       14.349131                       14.349131
              6      0.67965675       69.486334     0.023579598      0.12186745       11.015941      -4.8283137       -4.8283137       11.015941                       11.015941
              2      0.35462423        69.84505     0.023751828      0.12179538       10.365876      -4.8283137       -4.8283137       10.365876                       10.365876
              1      0.38529116       69.323593     0.023122452      0.11766559        10.42721      -4.8283137       -4.8283137        10.42721                        10.42721
              2       0.8348942       68.176195     0.021273798      0.11857093       11.326416      -4.8283137       -4.8283137       11.326416                       11.326416
              5      0.75972052       67.391129     0.020321406      0.11466997       11.176069      -4.8283137       -4.8283137       11.176069                       11.176069
              4      0.63631438       67.474138     0.020494024      0.11436497       10.929256      -4.8283137       -4.8283137       10.929256                       10.929256
              7      0.37539694       67.732337     0.021348237      0.11458844       10.407421      -4.8283137       -4.8283137       10.407421                       10.407421
              1        2.591773       68.476764      0.02262902        0.122505       14.840173      -4.8283137       -4.8283137       14.840173                       14.840173
              3       2.5800154       69.640996     0.022762754      0.12858937       14.816658      -4.8283137       -4.8283137       14.816658                       14.816658
              1       3.1117408       69.825126     0.022579336      0.12380827       15.880109      -4.8283137       -4.8283137       15.880109                       15.880109
              3       1.1726994       69.132353     0.022425389      0.11662779       12.002026      -4.8283137       -4.8283137       12.002026                       12.002026
              2      0.54417636       67.249672     0.020604013      0.11057633        10.74498      -4.8283137       -4.8283137        10.74498                        10.74498
              9       0.4697253        67.25992     0.020521303      0.11546428       10.596078      -4.8283137       -4.8283137       10.596078                       10.596078
              1       1.1232385       68.479533     0.021990228      0.12197666       11.903104      -4.8283137       -4.8283137       11.903104                       11.903104
              6         1.83296       68.021394     0.021497511      0.12239077       13.322548      -4.8283137       -4.8283137       13.322548                       13.322548
              3       1.9382082        68.00307     0.021478549      0.12256912       13.533044      -4.8283137       -4.8283137       13.533044                       13.533044
              3       3.7013431       69.620292     0.023375465       0.1312276       17.059314      -4.8283137       -4.8283137       17.059314                       17.059314
              3        4.299344       71.372877     0.024582306      0.13727468       18.255315      -4.8283137       -4.8283137       18.255315                       18.255315
              2        5.493284       71.341714     0.024246013      0.13796011       20.643196      -4.8283137       -4.8283137       20.643196                       20.643196
              2       4.7592527       69.668305     0.022077748       0.1242256       19.175133      -4.8283137       -4.8283137       19.175133                       19.175133
              4       4.7439285       69.600329       0.0219977      0.12416053       19.144485      -4.8283137       -4.8283137       19.144485                       19.144485
              1        1.674393       69.312959     0.022400115      0.12432404       13.005413      -4.8283137       -4.8283137       13.005413                       13.005413
              2       1.6231155       69.368967     0.022476675      0.12430843       12.902858      -4.8283137       -4.8283137       12.902858                       12.902858
              3      0.71287172       70.308855     0.024287727      0.12584858       11.082371      -4.8283137       -4.8283137       11.082371                       11.082371
             11      0.73263722       70.395073     0.024347334      0.12625553       11.121902      -4.8283137       -4.8283137       11.121902                       11.121902
              6      0.41971638       70.469733     0.024629556      0.12414726        10.49606      -4.8283137       -4.8283137        10.49606                        10.49606
              1      0.54337929       69.917974     0.023746998      0.12373216       10.743386      -4.8283137       -4.8283137       10.743386                       10.743386
              2      0.52254253       70.126835     0.024301715      0.12336511       10.701713      -4.8283137       -4.8283137       10.701713                       10.701713
              5      0.76057253        70.27333     0.024461051      0.12524325       11.177773      -4.8283137       -4.8283137       11.177773                       11.177773
              1      0.82812899       70.291572     0.023855618      0.12441089       11.312885      -4.8283137       -4.8283137       11.312885                       11.312885
              4      0.54182022       66.884691     0.020114702      0.10972693       10.740268      -4.8283137       -4.8283137       10.740268                       10.740268
              4       1.5511031       67.084131     0.020906496      0.10713053       12.758834      -4.8283137       -4.8283137       12.758834                       12.758834
              9       1.0628505       66.898957     0.020154787      0.10768207       11.782328      -4.8283137       -4.8283137       11.782328                       11.782328
              1      0.91087866       67.071549     0.020242473      0.10908808       11.478385      -4.8283137       -4.8283137       11.478385                       11.478385
              6      0.99047999       69.148197     0.023099744      0.11365189       11.637587      -4.8283137       -4.8283137       11.637587                       11.637587
              5       3.6236609       67.961843     0.021386452      0.10579585       16.903949      -4.8283137       -4.8283137       16.903949                       16.903949
              5       2.7417954        71.00301     0.024264857      0.12250759       15.140218      -4.8283137       -4.8283137       15.140218                       15.140218
              2       2.7572947        71.01219     0.024339645      0.12154965       15.171217      -4.8283137       -4.8283137       15.171217                       15.171217
              5        2.751765       70.898395     0.024202127      0.12119108       15.160157      -4.8283137       -4.8283137       15.160157                       15.160157
              2      0.88628123       68.678368     0.021837066      0.11815314        11.42919      -4.8283137       -4.8283137        11.42919                        11.42919
             12      0.87777393       68.433511     0.021543324      0.11731564       11.412175      -4.8283137       -4.8283137       11.412175                       11.412175
              3       1.0746284       67.467614     0.020440093      0.11832609       11.805884      -4.8283137       -4.8283137       11.805884                       11.805884
              3       1.0608717       70.224206     0.023669413      0.12483199       11.778371      -4.8283137       -4.8283137       11.778371                       11.778371
              1       1.0508659       70.300234     0.023766856      0.12503458       11.758359      -4.8283137       -4.8283137       11.758359                       11.758359
              1       1.1405476       70.205358     0.023844838      0.11886943       11.937723      -4.8283137       -4.8283137       11.937723                       11.937723
              3      0.77736354       70.052295     0.023844803      0.11840156       11.211355      -4.8283137       -4.8283137       11.211355                       11.211355
              1       1.0100563       71.034737     0.024722681      0.12409847        11.67674      -4.8283137       -4.8283137        11.67674                        11.67674
              2       1.1293267       71.160766     0.024828848      0.12453595       11.915281      -4.8283137       -4.8283137       11.915281                       11.915281
              2        1.093783       71.140144     0.024770075      0.12622775       11.844193      -4.8283137       -4.8283137       11.844193                       11.844193
              2       1.8245587         67.5141      0.02154538       0.1078927       13.305745      -4.8283137       -4.8283137       13.305745                       13.305745
              7       1.6143523       67.671617      0.02166927      0.10856027       12.885332      -4.8283137       -4.8283137       12.885332                       12.885332
              3       1.1251478       67.043358     0.020940758      0.11150923       11.906923      -4.8283137       -4.8283137       11.906923                       11.906923
              4       1.5708967       70.691617     0.024815456      0.11679239       12.798421      -4.8283137       -4.8283137       12.798421                       12.798421
             23      0.45457418       70.327442     0.024465602      0.11964554       10.565776      -4.8283137       -4.8283137       10.565776                       10.565776
              1      0.49009916       70.510193     0.024630772        0.120095       10.636826      -4.8283137       -4.8283137       10.636826                       10.636826
              4      0.35734138       70.514334     0.024539176      0.12200433        10.37131      -4.8283137       -4.8283137        10.37131                        10.37131
             12      0.34884167       70.434592     0.024445121      0.12188634       10.354311      -4.8283137       -4.8283137       10.354311                       10.354311
              4       1.4070819       67.991475     0.021158032      0.12139566       12.470791      -4.8283137       -4.8283137       12.470791                       12.470791
              1       1.6081039       68.787513     0.022458657      0.12410696       12.872835      -4.8283137       -4.8283137       12.872835                       12.872835
              1       1.7643643       68.064934     0.022344084      0.11041209       13.185356      -4.8283137       -4.8283137       13.185356                       13.185356
              6       1.3197245       68.181745      0.02229597      0.11088445       12.296076      -4.8283137       -4.8283137       12.296076                       12.296076
              1      0.89120966         67.9499     0.021902349      0.11167424       11.439047      -4.8283137       -4.8283137       11.439047                       11.439047
              2       1.5575406       67.374811      0.02097879      0.10729195       12.771709      -4.8283137       -4.8283137       12.771709                       12.771709
              5      0.56509172       67.304945     0.020925284      0.11089811       10.786811      -4.8283137       -4.8283137       10.786811                       10.786811
              1       1.6518679       69.801577     0.024449741      0.12213978       12.960363      -4.8283137       -4.8283137       12.960363                       12.960363
              2       2.5328302       67.537933     0.021651239      0.11789924       14.722288      -4.8283137       -4.8283137       14.722288                       14.722288
              4       2.0055574       67.313746     0.021450892      0.11449923       13.667742      -4.8283137       -4.8283137       13.667742                       13.667742
             14      0.89442202       67.774516     0.021520463      0.11737868       11.445472      -4.8283137       -4.8283137       11.445472                       11.445472
              7       1.4754678       67.447338      0.02047632      0.11993961       12.607563      -4.8283137       -4.8283137       12.607563                       12.607563
              5       1.9522468       70.645675     0.023864771      0.12658071       13.561121      -4.8283137       -4.8283137       13.561121                       13.561121
              8       1.8697963       66.884386     0.020597156      0.11658614        13.39622      -4.8283137       -4.8283137        13.39622                        13.39622
              2       2.9008208       67.765191     0.022092937      0.11768714       15.458269      -4.8283137       -4.8283137       15.458269                       15.458269
              5        3.151176       66.536625     0.020310404      0.11729875       15.958979      -4.8283137       -4.8283137       15.958979                       15.958979
              2       1.1583993       69.800343     0.023619731      0.12609963       11.973426      -4.8283137       -4.8283137       11.973426                       11.973426
              2      0.34311063       69.407518     0.023357361      0.11827429       10.342849      -4.8283137       -4.8283137       10.342849                       10.342849
              3      0.52105745       69.387626      0.02347495      0.11666288       10.698742      -4.8283137       -4.8283137       10.698742                       10.698742
              4      0.41401675       69.611581     0.023632649      0.11791736       10.484661      -4.8283137       -4.8283137       10.484661                       10.484661
              1      0.32224618       69.728341     0.023609893      0.12007128        10.30112      -4.8283137       -4.8283137        10.30112                        10.30112
              2      0.88064148       68.110062     0.021286878       0.1137636        11.41791      -4.8283137       -4.8283137        11.41791                        11.41791
              3       2.0902808       69.974308     0.023193231      0.12817695       13.837189      -4.8283137       -4.8283137       13.837189                       13.837189
              3       2.9813516       69.877473     0.023290212       0.1310552       15.619331      -4.8283137       -4.8283137       15.619331                       15.619331
              2       2.0777364       68.578671     0.021653562      0.12461516         13.8121      -4.8283137       -4.8283137         13.8121                         13.8121
              1       2.5853692        68.53322     0.021590043      0.12576593       14.827366      -4.8283137       -4.8283137       14.827366                       14.827366
              7       2.2413465        68.97415     0.022381518      0.12663779       14.139321      -4.8283137       -4.8283137       14.139321                       14.139321
             14      0.41091649       67.218298     0.020520201      0.11152802        10.47846      -4.8283137       -4.8283137        10.47846                        10.47846
              1      0.50788131       67.713457     0.021220907      0.11668253        10.67239      -4.8283137       -4.8283137        10.67239                        10.67239
              1      0.47140753       67.891196     0.021424786      0.11701171       10.599443      -4.8283137       -4.8283137       10.599443                       10.599443
              3      0.83510078       68.266535     0.021994585      0.11945032       11.326829      -4.8283137       -4.8283137       11.326829                       11.326829
              2       1.8444365       69.202887     0.023837517      0.11885543         13.3455      -4.8283137       -4.8283137         13.3455                         13.3455
              4       1.3204357       69.479335     0.024074261      0.11836285       12.297499      -4.8283137       -4.8283137       12.297499                       12.297499
              1       1.3631212       69.384044     0.023834334      0.12085804        12.38287      -4.8283137       -4.8283137        12.38287                        12.38287
             12      0.93218883       70.099659       0.0245417      0.12322743       11.521005      -4.8283137       -4.8283137       11.521005                       11.521005
              2       2.9826356        68.95504     0.023743899      0.11907843       15.621899      -4.8283137       -4.8283137       15.621899                       15.621899
              5       1.9397312       67.530645     0.021808013      0.11203158        13.53609      -4.8283137       -4.8283137        13.53609                        13.53609
              2       1.4929387       69.964116     0.023371796      0.12707228       12.642505      -4.8283137       -4.8283137       12.642505                       12.642505
              4      0.55626259       69.058517     0.022516648      0.12041379       10.769153      -4.8283137       -4.8283137       10.769153                       10.769153
              2      0.85825039       68.425664     0.021667382      0.12039354       11.373128      -4.8283137       -4.8283137       11.373128                       11.373128
              4      0.84973866       67.666395     0.020928269      0.11861719       11.356105      -4.8283137       -4.8283137       11.356105                       11.356105
              4       1.0650269        68.29124      0.02158989      0.12122228       11.786681      -4.8283137       -4.8283137       11.786681                       11.786681
              2       1.0568459       68.210194     0.021497254      0.12095855       11.770319      -4.8283137       -4.8283137       11.770319                       11.770319
              4      0.81659813       68.211621     0.021705164      0.12000285       11.289824      -4.8283137       -4.8283137       11.289824                       11.289824
              6       1.0280101       67.947634     0.021045263      0.11964438       11.712648      -4.8283137       -4.8283137       11.712648                       11.712648
              5       1.3990191       67.580049     0.020704903      0.12019635       12.454666      -4.8283137       -4.8283137       12.454666                       12.454666
              2      0.51514508       68.451763     0.022383222      0.11494194       10.686918      -4.8283137       -4.8283137       10.686918                       10.686918
              2      0.32013433       67.498769     0.020956548      0.11352719       10.296896      -4.8283137       -4.8283137       10.296896                       10.296896
             10      0.42331285       67.910221     0.021205435      0.11638813       10.503253      -4.8283137       -4.8283137       10.503253                       10.503253
              1      0.36498813       67.753315      0.02106133       0.1149658       10.386604      -4.8283137       -4.8283137       10.386604                       10.386604
              7      0.36380188       68.339145     0.022099272      0.11575221       10.384231      -4.8283137       -4.8283137       10.384231                       10.384231
              5      0.43835492       70.647901     0.024861729      0.12480329       10.533337      -4.8283137       -4.8283137       10.533337                       10.533337
              6       0.3374685       70.667946     0.024819935      0.12392573       10.331564      -4.8283137       -4.8283137       10.331564                       10.331564
             11       0.3253423       70.643893     0.024812274      0.12354192       10.307312      -4.8283137       -4.8283137       10.307312                       10.307312
              5      0.67680463       68.907618     0.022949947      0.11456061       11.010237      -4.8283137       -4.8283137       11.010237                       11.010237
              9      0.87471214       68.394088     0.022052777      0.11216732       11.406052      -4.8283137       -4.8283137       11.406052                       11.406052
              1      0.33460898       69.601581     0.023405164      0.12006295       10.325845      -4.8283137       -4.8283137       10.325845                       10.325845
              2      0.69921451       70.643545      0.02462095      0.12022316       11.055056      -4.8283137       -4.8283137       11.055056                       11.055056
              4       1.9311702        71.36482     0.024930615      0.12331766       13.518968      -4.8283137       -4.8283137       13.518968                       13.518968
              3       1.3397283       69.562736     0.023501897       0.1139436       12.336084      -4.8283137       -4.8283137       12.336084                       12.336084
              6       1.1288948       69.877387     0.023900334      0.11540492       11.914417      -4.8283137       -4.8283137       11.914417                       11.914417
              2       1.1689725       68.796184     0.022584263      0.11224429       11.994572      -4.8283137       -4.8283137       11.994572                       11.994572
              2        1.605467       68.663067     0.022550345      0.11055749       12.867561      -4.8283137       -4.8283137       12.867561                       12.867561
              2       1.7884061       68.574452      0.02238025      0.10996912        13.23344      -4.8283137       -4.8283137        13.23344                        13.23344
              6       1.7404202       68.368778     0.022055391      0.12279513       13.137468      -4.8283137       -4.8283137       13.137468                       13.137468
              2       2.0884529       68.876553     0.022517213      0.12565999       13.833533      -4.8283137       -4.8283137       13.833533                       13.833533
              1      0.96606621       68.235518     0.022149571      0.11853052        11.58876      -4.8283137       -4.8283137        11.58876                        11.58876
             14      0.55672236        66.90452     0.020182072      0.11483576       10.770072      -4.8283137       -4.8283137       10.770072                       10.770072
              3      0.50887859        67.00289     0.020285979      0.11488325       10.674385      -4.8283137       -4.8283137       10.674385                       10.674385
              2      0.67813624       66.879979     0.020097752      0.11550305         11.0129      -4.8283137       -4.8283137         11.0129                         11.0129
              6       1.8431231       68.354657     0.021170995      0.12139038       13.342874      -4.8283137       -4.8283137       13.342874                       13.342874
              4       2.0923862       67.122525       0.0203868      0.12030302         13.8414      -4.8283137       -4.8283137         13.8414                         13.8414
              5       1.5090434       67.321698     0.020677666      0.11940776       12.674714      -4.8283137       -4.8283137       12.674714                       12.674714
              2       0.6232526       67.361478     0.021106252      0.11283364       10.903133      -4.8283137       -4.8283137       10.903133                       10.903133
              2      0.32278713        68.63612     0.022337228      0.11645116       10.302202      -4.8283137       -4.8283137       10.302202                       10.302202
              2       0.4485444       68.184425     0.021971356        0.114126       10.553716      -4.8283137       -4.8283137       10.553716                       10.553716
              1      0.51134419       67.759014     0.021439365      0.11568477       10.679316      -4.8283137       -4.8283137       10.679316                       10.679316
              1      0.56588712       68.105168     0.021305815       0.1166999       10.788402      -4.8283137       -4.8283137       10.788402                       10.788402
              1        0.917468       67.745313     0.021033774      0.11107559       11.491563      -4.8283137       -4.8283137       11.491563                       11.491563
              1       0.9310256       67.857222     0.021173745      0.11132028       11.518679      -4.8283137       -4.8283137       11.518679                       11.518679
              3      0.48006149       67.939345       0.0212411      0.11415925        10.61675      -4.8283137       -4.8283137        10.61675                        10.61675
              2       2.1513348       68.799525     0.021617067      0.11768373       13.959297      -4.8283137       -4.8283137       13.959297                       13.959297
              1       2.8744109       69.033785      0.02200377       0.1143311       15.405449      -4.8283137       -4.8283137       15.405449                       15.405449
              3       2.1997177       68.318931      0.02143828      0.11109552       14.056063      -4.8283137       -4.8283137       14.056063                       14.056063
              5       1.9502837       67.346583     0.021096351      0.11865708       13.557195      -4.8283137       -4.8283137       13.557195                       13.557195
              7      0.97691651        67.37055     0.021184395      0.11492753       11.610461      -4.8283137       -4.8283137       11.610461                       11.610461
              2       1.1904713       69.928936     0.024062752      0.12566457        12.03757      -4.8283137       -4.8283137        12.03757                        12.03757
              2      0.79189238        70.23601     0.023841815      0.12489511       11.240412      -4.8283137       -4.8283137       11.240412                       11.240412
              2      0.67933065       68.667263     0.022143257      0.12075866       11.015289      -4.8283137       -4.8283137       11.015289                       11.015289
              2      0.80466203        68.24584     0.021925714      0.11192896       11.265952      -4.8283137       -4.8283137       11.265952                       11.265952
              3       0.9650462       69.612904     0.023525936      0.11531988        11.58672      -4.8283137       -4.8283137        11.58672                        11.58672
              2       2.2579493       69.072112     0.022711054      0.12674305       14.172526      -4.8283137       -4.8283137       14.172526                       14.172526
              1         2.91049       68.351288     0.021884721      0.12566181       15.477608      -4.8283137       -4.8283137       15.477608                       15.477608
              1       1.2413519       67.060535     0.020989128      0.11217391       12.139331      -4.8283137       -4.8283137       12.139331                       12.139331
              3      0.80268849       68.153244     0.021232886      0.11760556       11.262004      -4.8283137       -4.8283137       11.262004                       11.262004
              9      0.64858348       67.693905     0.020918653      0.11766965       10.953794      -4.8283137       -4.8283137       10.953794                       10.953794
              1       1.6323601       68.667195     0.022859839      0.12063238       12.921348      -4.8283137       -4.8283137       12.921348                       12.921348
              3      0.89749332       69.665735     0.024103759      0.11673346       11.451614      -4.8283137       -4.8283137       11.451614                       11.451614
              2       1.5966492       67.143219     0.020018477      0.10925487       12.849926      -4.8283137       -4.8283137       12.849926                       12.849926
              9       2.1671056       67.174307     0.020080572      0.10775755       13.990839      -4.8283137       -4.8283137       13.990839                       13.990839
              2       1.1735743       67.051162     0.020718479      0.10771333       12.003776      -4.8283137       -4.8283137       12.003776                       12.003776
              8       1.2391527       66.574392     0.020160457       0.1063834       12.134933      -4.8283137       -4.8283137       12.134933                       12.134933
              5       1.9462613       68.624595     0.021549719      0.11536874        13.54915      -4.8283137       -4.8283137        13.54915                        13.54915
              1       2.5127354       68.592759     0.021618209      0.11241587       14.682098      -4.8283137       -4.8283137       14.682098                       14.682098
             12       1.0016052       67.347279     0.020928753      0.10878799       11.659838      -4.8283137       -4.8283137       11.659838                       11.659838
             10      0.41293768       67.739526     0.021347006      0.11285367       10.482503      -4.8283137       -4.8283137       10.482503                       10.482503
              5      0.54650178         67.8227     0.021554594      0.11235048       10.749631      -4.8283137       -4.8283137       10.749631                       10.749631
              6      0.47486665       67.334145     0.020582187      0.11177923       10.606361      -4.8283137       -4.8283137       10.606361                       10.606361
              5      0.42909807       67.290574     0.020491377      0.11235819       10.514824      -4.8283137       -4.8283137       10.514824                       10.514824
              2      0.90949745       67.392697     0.020342207      0.11243826       11.475622      -4.8283137       -4.8283137       11.475622                       11.475622
              3       1.1115273       67.736666     0.020594627      0.11693464       11.879682      -4.8283137       -4.8283137       11.879682                       11.879682
              1       1.0232924       68.277762     0.022290054      0.11166942       11.703212      -4.8283137       -4.8283137       11.703212                       11.703212
              2      0.34718709       68.964323     0.022804906      0.11693832       10.351002      -4.8283137       -4.8283137       10.351002                       10.351002
              5       1.4717288       68.446242     0.022624907      0.11899971       12.600085      -4.8283137       -4.8283137       12.600085                       12.600085
              3       1.1153894       67.521804     0.021253426      0.11716215       11.887406      -4.8283137       -4.8283137       11.887406                       11.887406
              2       1.0728974        68.05821     0.021006789      0.11812127       11.802422      -4.8283137       -4.8283137       11.802422                       11.802422
              2      0.84153081       67.933725     0.020968624      0.11775235       11.339689      -4.8283137       -4.8283137       11.339689                       11.339689
              1      0.49918201       69.589037      0.02320019      0.11993028       10.654991      -4.8283137       -4.8283137       10.654991                       10.654991
              1      0.49628293       68.474299     0.021811544      0.11728312       10.649193      -4.8283137       -4.8283137       10.649193                       10.649193
              3      0.92899223       68.617126     0.021753048       0.1175643       11.514612      -4.8283137       -4.8283137       11.514612                       11.514612
             10       1.2602616       68.654587     0.021674415      0.11770432       12.177151      -4.8283137       -4.8283137       12.177151                       12.177151
             11       1.0317746       67.915079     0.020915629      0.11887114       11.720177      -4.8283137       -4.8283137       11.720177                       11.720177
              1       1.0640018       69.434672     0.022840519      0.11750251       11.784631      -4.8283137       -4.8283137       11.784631                       11.784631
              5      0.78529997       69.380052     0.023719774      0.11685876       11.227227      -4.8283137       -4.8283137       11.227227                       11.227227
              4       1.3238307        70.06238     0.024777344      0.11691506       12.304289      -4.8283137       -4.8283137       12.304289                       12.304289
              2       1.4562055       70.633277     0.024261222      0.12935999       12.569038      -4.8283137       -4.8283137       12.569038                       12.569038
              2       1.6051035       70.482705     0.023788267      0.12656509       12.866834      -4.8283137       -4.8283137       12.866834                       12.866834
              2      0.58199607       70.210614     0.023890501      0.12275533        10.82062      -4.8283137       -4.8283137        10.82062                        10.82062
              7      0.54246902       67.134581     0.020165747      0.11476275       10.741566      -4.8283137       -4.8283137       10.741566                       10.741566
             11        4.387148       70.060059     0.024664028      0.13029898       18.430923      -4.8283137       -4.8283137       18.430923                       18.430923
             11       1.9599973       70.243807     0.024955455      0.12518943       13.576622      -4.8283137       -4.8283137       13.576622                       13.576622
              1       2.3248472       69.003785     0.023752604      0.11339946       14.306322      -4.8283137       -4.8283137       14.306322                       14.306322
              1       2.5375968        68.21623     0.022825028      0.11228457       14.731821      -4.8283137       -4.8283137       14.731821                       14.731821
              4       2.3877816       66.449583     0.020501639      0.11125627       14.432191      -4.8283137       -4.8283137       14.432191                       14.432191
              1       2.1184619       67.256938     0.021404398      0.11439784       13.893551      -4.8283137       -4.8283137       13.893551                       13.893551
              3       1.0676086       67.314561     0.021197684      0.11402871       11.791845      -4.8283137       -4.8283137       11.791845                       11.791845
              1      0.32389898       67.954154     0.021393053      0.11538921       10.304425      -4.8283137       -4.8283137       10.304425                       10.304425
              9       0.3983366       68.280215     0.021824247      0.11460336       10.453301      -4.8283137       -4.8283137       10.453301                       10.453301
              8      0.37457966       67.570153     0.020861606      0.11528641       10.405787      -4.8283137       -4.8283137       10.405787                       10.405787
              3      0.51313886       67.427691     0.020582115      0.11586615       10.682905      -4.8283137       -4.8283137       10.682905                       10.682905
              3      0.35869271       68.239695     0.021953386      0.11603596       10.374013      -4.8283137       -4.8283137       10.374013                       10.374013
              1      0.37337068       68.232071     0.021722457      0.11733706       10.403369      -4.8283137       -4.8283137       10.403369                       10.403369
              1      0.48009069       67.548124       0.0206991      0.11539559       10.616809      -4.8283137       -4.8283137       10.616809                       10.616809
              3      0.48039022       67.550986     0.020701756      0.11539027       10.617408      -4.8283137       -4.8283137       10.617408                       10.617408
              2      0.73609321       67.388624     0.020626255      0.11064543       11.128814      -4.8283137       -4.8283137       11.128814                       11.128814
              3      0.60425693       70.573729     0.024833113       0.1193118       10.865141      -4.8283137       -4.8283137       10.865141                       10.865141
              4      0.54423286       70.539488     0.024834345      0.11954988       10.745093      -4.8283137       -4.8283137       10.745093                       10.745093
             14      0.40067197       70.605157     0.024757628      0.12105805       10.457971      -4.8283137       -4.8283137       10.457971                       10.457971
              1      0.66122041         70.4688     0.024164797      0.12314122       10.979068      -4.8283137       -4.8283137       10.979068                       10.979068
              6       1.5024896       71.281209     0.024951088      0.12313838       12.661607      -4.8283137       -4.8283137       12.661607                       12.661607
              4       0.6735978       70.398129     0.024517883      0.11866057       11.003823      -4.8283137       -4.8283137       11.003823                       11.003823
              1      0.66230657       70.397484     0.024525203      0.11868881       10.981241      -4.8283137       -4.8283137       10.981241                       10.981241
              1      0.54579408       70.409499     0.024483197      0.11953373       10.748216      -4.8283137       -4.8283137       10.748216                       10.748216
              2      0.90006983       69.483466     0.023175217      0.11601549       11.456767      -4.8283137       -4.8283137       11.456767                       11.456767
              3       2.9918224       69.819399     0.024598623      0.11136738       15.640272      -4.8283137       -4.8283137       15.640272                       15.640272
              4      0.42241878       67.241619     0.020632294      0.11128117       10.501465      -4.8283137       -4.8283137       10.501465                       10.501465
              8       0.3876872        68.15204     0.021577432      0.11499469       10.432002      -4.8283137       -4.8283137       10.432002                       10.432002
              7       1.5530685       70.021419     0.024817355      0.11667652       12.762765      -4.8283137       -4.8283137       12.762765                       12.762765
              4       1.3497413       69.698415     0.024327285      0.11594859        12.35611      -4.8283137       -4.8283137        12.35611                        12.35611
              9      0.97656989       69.717899       0.0242461      0.11900433       11.609767      -4.8283137       -4.8283137       11.609767                       11.609767
              3       1.0905496       70.153898     0.024846359      0.12024744       11.837727      -4.8283137       -4.8283137       11.837727                       11.837727
              5       1.5365846        70.09078     0.024937978      0.11929325       12.729797      -4.8283137       -4.8283137       12.729797                       12.729797
              3       1.7530744       67.069423     0.021104035      0.10810264       13.162776      -4.8283137       -4.8283137       13.162776                       13.162776
              1      0.43086707       67.605027     0.021142631      0.11549639       10.518362      -4.8283137       -4.8283137       10.518362                       10.518362
             10      0.49992794       67.413662     0.020938675      0.11527769       10.656483      -4.8283137       -4.8283137       10.656483                       10.656483
              4      0.61653025       67.646077     0.020941386      0.11747641       10.889688      -4.8283137       -4.8283137       10.889688                       10.889688
              3       1.6440854       67.695933     0.020468957      0.11962349       12.944798      -4.8283137       -4.8283137       12.944798                       12.944798
              1       1.6356541       68.053773     0.020887075      0.12048009       12.927936      -4.8283137       -4.8283137       12.927936                       12.927936
              3       1.9374429       67.638655     0.021944855      0.11154658       13.531513      -4.8283137       -4.8283137       13.531513                       13.531513
              1      0.34749566       67.515649     0.020856209      0.11494467       10.351619      -4.8283137       -4.8283137       10.351619                       10.351619
              4      0.36718111       67.760443     0.021170753      0.11593795        10.39099      -4.8283137       -4.8283137        10.39099                        10.39099
              1      0.93394863       67.960968     0.021092373      0.11938403       11.524525      -4.8283137       -4.8283137       11.524525                       11.524525
              1      0.95440179       68.168286     0.021380987      0.12025244       11.565431      -4.8283137       -4.8283137       11.565431                       11.565431
              3      0.43354791       68.668588     0.022581328      0.11710585       10.523723      -4.8283137       -4.8283137       10.523723                       10.523723
              1      0.42526721         68.6669     0.022568775      0.11716008       10.507162      -4.8283137       -4.8283137       10.507162                       10.507162
              4      0.37262474       68.825045     0.022699647      0.11650838       10.401877      -4.8283137       -4.8283137       10.401877                       10.401877
              5       0.3321687       67.882576      0.02136943       0.1141862       10.320965      -4.8283137       -4.8283137       10.320965                       10.320965
              6       1.2189318       66.479285     0.020192946      0.10721142       12.094491      -4.8283137       -4.8283137       12.094491                       12.094491
              4        1.549583       66.968314     0.020959003      0.10879577       12.755794      -4.8283137       -4.8283137       12.755794                       12.755794
              3       1.9044425       68.517304     0.022943974      0.11125422       13.465512      -4.8283137       -4.8283137       13.465512                       13.465512
              2       1.8446744       68.848585     0.022955005      0.12284444       13.345976      -4.8283137       -4.8283137       13.345976                       13.345976
              2       3.6492191       68.971383     0.023767839      0.12112342       16.955066      -4.8283137       -4.8283137       16.955066                       16.955066
              2       3.1731011       66.594794     0.020904996      0.10916821        16.00283      -4.8283137       -4.8283137        16.00283                        16.00283
              2        2.926555       69.017653     0.022898362      0.10906185       15.509737      -4.8283137       -4.8283137       15.509737                       15.509737
              4       2.9411165       69.978344     0.023900142      0.11214759        15.53886      -4.8283137       -4.8283137        15.53886                        15.53886
              5       4.5966206       69.959478     0.023285614      0.11259495       18.849869      -4.8283137       -4.8283137       18.849869                       18.849869
              3       4.0744165       69.898831      0.02273333      0.11796605        17.80546      -4.8283137       -4.8283137        17.80546                        17.80546
              1       4.3523671       70.121259     0.022909809      0.11932595       18.361362      -4.8283137       -4.8283137       18.361362                       18.361362
              8       3.3396445       70.157798      0.02307456      0.12050272       16.335917      -4.8283137       -4.8283137       16.335917                       16.335917
              2      0.74360989       68.240047     0.021365061      0.11731532       11.143847      -4.8283137       -4.8283137       11.143847                       11.143847
              4      0.69782849       68.153446     0.021535584      0.11310912       11.052284      -4.8283137       -4.8283137       11.052284                       11.052284
              2       2.1195181       68.919671     0.022780743      0.11024141       13.895664      -4.8283137       -4.8283137       13.895664                       13.895664
              2       2.1210452       68.924802     0.022785538      0.11025501       13.898718      -4.8283137       -4.8283137       13.898718                       13.898718
              2       3.3344635       69.938523     0.024633055      0.11065327       16.325554      -4.8283137       -4.8283137       16.325554                       16.325554
              6       3.2927335       70.024333     0.024722596      0.11091387       16.242094      -4.8283137       -4.8283137       16.242094                       16.242094
              6       1.8060517        68.58751     0.022978582      0.11839717       13.268731      -4.8283137       -4.8283137       13.268731                       13.268731
              4       2.9295517       66.762388     0.020541155      0.11788955       15.515731      -4.8283137       -4.8283137       15.515731                       15.515731
              2       2.0979137       66.938833     0.020142739      0.11981519       13.852455      -4.8283137       -4.8283137       13.852455                       13.852455
              1       2.0788776       66.913694     0.020109586      0.11970565       13.814383      -4.8283137       -4.8283137       13.814383                       13.814383
              1       2.7369585       67.094838     0.020051911      0.12187912       15.130544      -4.8283137       -4.8283137       15.130544                       15.130544
              1      0.96842232        67.11115     0.020704962      0.11575792       11.593472      -4.8283137       -4.8283137       11.593472                       11.593472
              2      0.52438177       68.520317     0.021872204      0.11657245       10.705391      -4.8283137       -4.8283137       10.705391                       10.705391
              1      0.31868212       68.983006     0.022686553      0.11826853       10.293992      -4.8283137       -4.8283137       10.293992                       10.293992
              1      0.34841758       68.402888     0.022113471      0.11686167       10.353463      -4.8283137       -4.8283137       10.353463                       10.353463
              7       2.2314088       68.667641     0.022004757      0.12565926       14.119445      -4.8283137       -4.8283137       14.119445                       14.119445
              6       1.0568802        70.92561     0.024884923      0.12930912       11.770388      -4.8283137       -4.8283137       11.770388                       11.770388
              5      0.62271091       70.068963     0.024023459      0.12460663       10.902049      -4.8283137       -4.8283137       10.902049                       10.902049
              1      0.55841805       69.445297     0.023487094      0.12133273       10.773464      -4.8283137       -4.8283137       10.773464                       10.773464
              2      0.66393778       69.408551      0.02349762      0.12143257       10.984503      -4.8283137       -4.8283137       10.984503                       10.984503
             13      0.59336603       70.392008     0.024773687      0.12347098        10.84336      -4.8283137       -4.8283137        10.84336                        10.84336
             12        0.638375       70.333794     0.024726794      0.12334629       10.933377      -4.8283137       -4.8283137       10.933377                       10.933377
              3       2.4317897       69.458933      0.02369901      0.12618636       14.520207      -4.8283137       -4.8283137       14.520207                       14.520207
              5       1.1995348       66.285529     0.020007239      0.11019888       12.055697      -4.8283137       -4.8283137       12.055697                       12.055697
              1       1.2840036        70.20456     0.023699915      0.12709264       12.224635      -4.8283137       -4.8283137       12.224635                       12.224635
              5       3.5229328       70.285397     0.024682574      0.11113983       16.702493      -4.8283137       -4.8283137       16.702493                       16.702493
              2      0.69408347       70.078951      0.02447872      0.12211491       11.044794      -4.8283137       -4.8283137       11.044794                       11.044794
              2      0.43901623       70.237426     0.024421331      0.12316383        10.53466      -4.8283137       -4.8283137        10.53466                        10.53466
              1      0.40943418       69.846949     0.024020464       0.1207248       10.475496      -4.8283137       -4.8283137       10.475496                       10.475496
              4      0.36652234       69.470525     0.023336885      0.12079917       10.389672      -4.8283137       -4.8283137       10.389672                       10.389672
              2      0.43140087       67.220266     0.020661735      0.11446263       10.519429      -4.8283137       -4.8283137       10.519429                       10.519429
              4      0.67287261        68.38142     0.022030767      0.11956536       11.002373      -4.8283137       -4.8283137       11.002373                       11.002373
              2      0.69640405       66.958762     0.020076901      0.11588999       11.049436      -4.8283137       -4.8283137       11.049436                       11.049436
              4      0.39820746       67.543325     0.021090631        0.114778       10.453042      -4.8283137       -4.8283137       10.453042                       10.453042
              1      0.44300196       69.278502     0.023309436      0.11698658       10.542631      -4.8283137       -4.8283137       10.542631                       10.542631
              6      0.40747116        69.28902      0.02329729      0.11732059        10.47157      -4.8283137       -4.8283137        10.47157                        10.47157
              6      0.42195053       69.256936     0.023305977      0.11751527       10.500529      -4.8283137       -4.8283137       10.500529                       10.500529
              3       0.6404211       70.329577     0.024179129      0.12001579        10.93747      -4.8283137       -4.8283137        10.93747                        10.93747
              6       1.5730978         68.5922     0.021675075      0.11449015       12.802823      -4.8283137       -4.8283137       12.802823                       12.802823
              4       1.1349135       68.629615     0.021898922        0.114365       11.926454      -4.8283137       -4.8283137       11.926454                       11.926454
              9       0.8921072       67.470747     0.020724943       0.1102688       11.440842      -4.8283137       -4.8283137       11.440842                       11.440842
              4      0.98110297       67.335694      0.02037783      0.11077643       11.618833      -4.8283137       -4.8283137       11.618833                       11.618833
              2       1.1008335       67.990366     0.021122933       0.1126185       11.858294      -4.8283137       -4.8283137       11.858294                       11.858294
             10       1.0802904       67.940883     0.021879134      0.11722996       11.817208      -4.8283137       -4.8283137       11.817208                       11.817208
              1       1.3377022       68.655883     0.022855319      0.11944317       12.332032      -4.8283137       -4.8283137       12.332032                       12.332032
              4       1.3017163       68.823198     0.022004674      0.11566515        12.26006      -4.8283137       -4.8283137        12.26006                        12.26006
              6       2.3006447       68.766971     0.021677036      0.11517573       14.257917      -4.8283137       -4.8283137       14.257917                       14.257917
              4       1.2553682       70.199791     0.023686339      0.12006582       12.167364      -4.8283137       -4.8283137       12.167364                       12.167364
              1       1.5554733       69.024684     0.022739997       0.1247223       12.767574      -4.8283137       -4.8283137       12.767574                       12.767574
              8      0.95901455       69.032823     0.022733141      0.12296159       11.574657      -4.8283137       -4.8283137       11.574657                       11.574657
              4      0.34923961       70.132219     0.024083789      0.12250137       10.355107      -4.8283137       -4.8283137       10.355107                       10.355107
              3      0.75805713       70.465159     0.024242824      0.12072423       11.172742      -4.8283137       -4.8283137       11.172742                       11.172742
              4      0.48056679       69.133982     0.022647541        0.119958       10.617761      -4.8283137       -4.8283137       10.617761                       10.617761
              1       1.1583743       70.270598      0.02374801        0.126286       11.973376      -4.8283137       -4.8283137       11.973376                       11.973376
              6       2.5468213       71.259189     0.024621076      0.12333815        14.75027      -4.8283137       -4.8283137        14.75027                        14.75027
              5       2.4284793       70.154361     0.023193444      0.12197795       14.513586      -4.8283137       -4.8283137       14.513586                       14.513586
              6       2.7952548       70.171409     0.023117842      0.12243781       15.247137      -4.8283137       -4.8283137       15.247137                       15.247137
              4      0.77294599       68.374481     0.022318048       0.1180169       11.202519      -4.8283137       -4.8283137       11.202519                       11.202519
              1      0.56174553       67.168609     0.020230212      0.11531243       10.780119      -4.8283137       -4.8283137       10.780119                       10.780119
              6      0.40813053       67.718493     0.020986991        0.114232       10.472889      -4.8283137       -4.8283137       10.472889                       10.472889
              1      0.39820175       67.718641     0.020992375      0.11433869       10.453031      -4.8283137       -4.8283137       10.453031                       10.453031
              5      0.56242009       69.676384     0.023789967      0.11703231       10.781468      -4.8283137       -4.8283137       10.781468                       10.781468
              1       2.5254291       69.653015     0.024635186      0.11862348       14.707486      -4.8283137       -4.8283137       14.707486                       14.707486
              1       3.1197742       68.195696     0.022855335       0.1159649       15.896176      -4.8283137       -4.8283137       15.896176                       15.896176
              3       3.0385794       68.552515     0.023101153      0.12009015       15.733786      -4.8283137       -4.8283137       15.733786                       15.733786
              2       1.0596405       68.297601     0.022490784      0.11474429       11.775909      -4.8283137       -4.8283137       11.775909                       11.775909
              2      0.88295608        68.34752     0.021826573      0.11259534        11.42254      -4.8283137       -4.8283137        11.42254                        11.42254
              2       1.7471512       68.710652     0.021667374      0.11627218        13.15093      -4.8283137       -4.8283137        13.15093                        13.15093
              1       1.4218243       69.498364     0.022677963      0.11954873       12.500276      -4.8283137       -4.8283137       12.500276                       12.500276
              1       1.4682348       69.996131     0.023302875      0.12043942       12.593097      -4.8283137       -4.8283137       12.593097                       12.593097
              5       3.9429307       68.883196      0.02255389      0.10766378       17.542489      -4.8283137       -4.8283137       17.542489                       17.542489
              6      0.64595731       70.685449     0.024726349      0.12028476       10.948542      -4.8283137       -4.8283137       10.948542                       10.948542
             11      0.76726966       70.464386     0.024450466      0.11906134       11.191167      -4.8283137       -4.8283137       11.191167                       11.191167
             15      0.63054242       70.712718     0.024740744      0.12056821       10.917712      -4.8283137       -4.8283137       10.917712                       10.917712
              2       1.5933313       67.329825     0.020739522      0.10731276        12.84329      -4.8283137       -4.8283137        12.84329                        12.84329
              7       1.5556836       67.402781     0.020865244      0.10751847       12.767995      -4.8283137       -4.8283137       12.767995                       12.767995
              4       1.6836577       67.413386     0.020887918      0.10723918       13.023943      -4.8283137       -4.8283137       13.023943                       13.023943
              2        1.696201       67.299403     0.020758343      0.10689681       13.049029      -4.8283137       -4.8283137       13.049029                       13.049029
              2       3.2584643       67.241336      0.02025885      0.10542697       16.173556      -4.8283137       -4.8283137       16.173556                       16.173556
              3       4.2188949       67.728513     0.020789178      0.10564487       18.094417      -4.8283137       -4.8283137       18.094417                       18.094417
              3       5.3208703       67.584689     0.020346079      0.10535779       20.298368      -4.8283137       -4.8283137       20.298368                       20.298368
              7       4.4720758       68.347033     0.021256819      0.10868115       18.600779      -4.8283137       -4.8283137       18.600779                       18.600779
              1       4.2549739       68.885576     0.022017091      0.10978248       18.166575      -4.8283137       -4.8283137       18.166575                       18.166575
              1       2.9746859       67.741873     0.022182138      0.10771674       15.605999      -4.8283137       -4.8283137       15.605999                       15.605999
              1       2.7603947       67.407048     0.021736562      0.10737662       15.177417      -4.8283137       -4.8283137       15.177417                       15.177417
              1       1.4517414        68.54504     0.022875979      0.11733145        12.56011      -4.8283137       -4.8283137        12.56011                        12.56011
              1       1.7237216       68.812383     0.023056024      0.12120557       13.104071      -4.8283137       -4.8283137       13.104071                       13.104071
              2       1.4590625        68.59351     0.022677329      0.12067676       12.574752      -4.8283137       -4.8283137       12.574752                       12.574752
              6       2.2898306       68.738333     0.021855401      0.11282855       14.236289      -4.8283137       -4.8283137       14.236289                       14.236289
              5       1.7608635       69.023105     0.022337445        0.113875       13.178355      -4.8283137       -4.8283137       13.178355                       13.178355
              1        1.274136       69.623892     0.023253612      0.11572291       12.204899      -4.8283137       -4.8283137       12.204899                       12.204899
              4       3.7974563        69.44277     0.022431865      0.11424284        17.25154      -4.8283137       -4.8283137        17.25154                        17.25154
              1       4.1333868       69.612241     0.022613404      0.11434033       17.923401      -4.8283137       -4.8283137       17.923401                       17.923401
              2       3.6999357       70.127838      0.02310141      0.11836358       17.056499      -4.8283137       -4.8283137       17.056499                       17.056499
              2       4.6484769       69.716337     0.022501851        0.116243       18.953581      -4.8283137       -4.8283137       18.953581                       18.953581
              2       1.0938085       68.188557     0.022369021      0.11403131       11.844245      -4.8283137       -4.8283137       11.844245                       11.844245
              9       1.1115984       68.206202     0.022398048      0.11394467       11.879824      -4.8283137       -4.8283137       11.879824                       11.879824
              1       2.0983682       67.762776      0.02152854      0.10708737       13.853364      -4.8283137       -4.8283137       13.853364                       13.853364
              1       2.2295368       67.929174     0.021641804      0.10730399       14.115701      -4.8283137       -4.8283137       14.115701                       14.115701
              1       1.5072966        68.78581      0.02274428      0.11110599       12.671221      -4.8283137       -4.8283137       12.671221                       12.671221
              1      0.78800669       68.620313     0.022346404      0.11308379       11.232641      -4.8283137       -4.8283137       11.232641                       11.232641
              4       1.0346713       70.560021     0.024227575       0.1210075        11.72597      -4.8283137       -4.8283137        11.72597                        11.72597
              3      0.87131669        70.39896     0.024196143      0.11959486       11.399261      -4.8283137       -4.8283137       11.399261                       11.399261
              6       0.5159761       70.473686     0.024448455      0.12054265        10.68858      -4.8283137       -4.8283137        10.68858                        10.68858
              1       0.5573678       70.208454     0.024016828      0.12034843       10.771363      -4.8283137       -4.8283137       10.771363                       10.771363
              3      0.66770567       68.665079      0.02265484      0.11400531       10.992039      -4.8283137       -4.8283137       10.992039                       10.992039
              3      0.79303601        69.07719     0.022721706      0.12253897       11.242699      -4.8283137       -4.8283137       11.242699                       11.242699
              1      0.51556836       68.355568     0.021799902      0.11889091       10.687764      -4.8283137       -4.8283137       10.687764                       10.687764
              3       1.0510748       69.660806     0.023316804      0.12536327       11.758777      -4.8283137       -4.8283137       11.758777                       11.758777
              6      0.37359495       69.943477     0.023928604      0.12226917       10.403817      -4.8283137       -4.8283137       10.403817                       10.403817
              5      0.47779594       70.196855     0.024058671      0.12397514       10.612219      -4.8283137       -4.8283137       10.612219                       10.612219
              1      0.83627324       68.660203     0.021862303      0.11995144       11.329174      -4.8283137       -4.8283137       11.329174                       11.329174
              2      0.31387599       69.783011      0.02376403      0.12035147       10.284379      -4.8283137       -4.8283137       10.284379                       10.284379
              4       1.3756267       69.461449     0.023627194      0.12398201       12.407881      -4.8283137       -4.8283137       12.407881                       12.407881
              1      0.59522539       69.814626     0.023964604      0.12253715       10.847078      -4.8283137       -4.8283137       10.847078                       10.847078
              2       0.9244805       70.023567     0.023684747      0.12580129       11.505588      -4.8283137       -4.8283137       11.505588                       11.505588
              2      0.77341667       69.381217     0.022842661      0.11815339       11.203461      -4.8283137       -4.8283137       11.203461                       11.203461
              7       1.2129412       67.634852     0.020429386      0.11637403        12.08251      -4.8283137       -4.8283137        12.08251                        12.08251
              1      0.66267201        69.14295     0.022540179      0.11868231       10.981972      -4.8283137       -4.8283137       10.981972                       10.981972
              3      0.54384238       69.123303     0.022641024      0.12092645       10.744312      -4.8283137       -4.8283137       10.744312                       10.744312
             19      0.40612832       69.240086     0.022974942      0.11745936       10.468884      -4.8283137       -4.8283137       10.468884                       10.468884
              2      0.37167532       69.897975     0.023711567      0.12083023       10.399978      -4.8283137       -4.8283137       10.399978                       10.399978
              2      0.71828352       67.011216     0.020464108      0.10896303       11.093195      -4.8283137       -4.8283137       11.093195                       11.093195
              3      0.78153306       69.702554     0.023914782      0.11605403       11.219694      -4.8283137       -4.8283137       11.219694                       11.219694
              1       1.8471312       70.092368      0.02462678      0.11389341        13.35089      -4.8283137       -4.8283137        13.35089                        13.35089
              3       2.9145579       69.184817     0.024069193      0.11218734       15.485743      -4.8283137       -4.8283137       15.485743                       15.485743
              1       1.5811985       69.033298     0.023608196      0.11607224       12.819024      -4.8283137       -4.8283137       12.819024                       12.819024
              2      0.76511287       69.247634     0.023483868       0.1156081       11.186853      -4.8283137       -4.8283137       11.186853                       11.186853
              4       1.5802221       69.009599     0.022019814      0.12257759       12.817072      -4.8283137       -4.8283137       12.817072                       12.817072
              1       1.0227707       68.454783     0.021549893      0.12010456       11.702169      -4.8283137       -4.8283137       11.702169                       11.702169
              1       1.2179012       68.530995     0.022267355      0.12181917        12.09243      -4.8283137       -4.8283137        12.09243                        12.09243
              4      0.96032989       68.637782     0.022453926      0.12102563       11.577287      -4.8283137       -4.8283137       11.577287                       11.577287
              4      0.80352758       69.323818     0.023616968      0.11941733       11.263683      -4.8283137       -4.8283137       11.263683                       11.263683
              6        1.345358       68.173198     0.021819267      0.11006613       12.347344      -4.8283137       -4.8283137       12.347344                       12.347344
              1       1.4478313       68.390477     0.022363583      0.11028489        12.55229      -4.8283137       -4.8283137        12.55229                        12.55229
              1       1.0945615       67.198653     0.021057471      0.10941543        11.84575      -4.8283137       -4.8283137        11.84575                        11.84575
              1      0.87343307       67.388359      0.02124377      0.11091131       11.403494      -4.8283137       -4.8283137       11.403494                       11.403494
              3      0.40523889       67.281049      0.02069327      0.11152758       10.467105      -4.8283137       -4.8283137       10.467105                       10.467105
              9      0.40946122        67.21457      0.02060034      0.11131613        10.47555      -4.8283137       -4.8283137        10.47555                        10.47555
              5      0.37335047       67.192405     0.020582966      0.11161154       10.403328      -4.8283137       -4.8283137       10.403328                       10.403328
              2      0.33138735       67.125551     0.020493524      0.11207178       10.319402      -4.8283137       -4.8283137       10.319402                       10.319402
              2      0.33098168       67.127904     0.020487525         0.11207       10.318591      -4.8283137       -4.8283137       10.318591                       10.318591
              1       1.4497203       68.841554     0.023121776      0.12003841       12.556068      -4.8283137       -4.8283137       12.556068                       12.556068
              7       1.2785491       69.106161     0.023561123      0.11816322       12.213726      -4.8283137       -4.8283137       12.213726                       12.213726
              3      0.33823062       67.922008     0.021318741      0.11553599       10.333089      -4.8283137       -4.8283137       10.333089                       10.333089
              1       1.0729908       68.832465     0.022286447      0.12291738       11.802609      -4.8283137       -4.8283137       11.802609                       11.802609
              3       1.1652016        68.30074      0.02241928       0.1117129       11.987031      -4.8283137       -4.8283137       11.987031                       11.987031
              8      0.52244937       67.953695     0.021716381      0.11291474       10.701526      -4.8283137       -4.8283137       10.701526                       10.701526
              3      0.60543639       67.556542     0.020626014      0.11410266         10.8675      -4.8283137       -4.8283137         10.8675                         10.8675
              1      0.48647809       67.567029     0.020717719      0.11413725       10.629584      -4.8283137       -4.8283137       10.629584                       10.629584
             17      0.47081963       67.864624     0.021110733      0.11654971       10.598267      -4.8283137       -4.8283137       10.598267                       10.598267
              1      0.46533534       67.704398     0.020914683       0.1160058       10.587298      -4.8283137       -4.8283137       10.587298                       10.587298
              6       1.3975155       68.470995     0.021462422      0.11584057       12.451658      -4.8283137       -4.8283137       12.451658                       12.451658
              3       1.3672397       67.816934     0.021262236      0.12055512       12.391107      -4.8283137       -4.8283137       12.391107                       12.391107
              1       1.2368498       67.755051     0.021128086      0.12012785       12.130327      -4.8283137       -4.8283137       12.130327                       12.130327
              8       0.8281157       66.851952     0.020520541      0.11284427       11.312859      -4.8283137       -4.8283137       11.312859                       11.312859
              1       1.0204322       67.011066     0.020863855      0.11102167       11.697492      -4.8283137       -4.8283137       11.697492                       11.697492
              2      0.36976974       69.230814     0.023215766      0.11858936       10.396167      -4.8283137       -4.8283137       10.396167                       10.396167
              3       1.0111786       68.932758     0.023264349      0.11697819       11.678985      -4.8283137       -4.8283137       11.678985                       11.678985
              1      0.87847041       69.427768     0.023458605      0.12292699       11.413568      -4.8283137       -4.8283137       11.413568                       11.413568
              4      0.52062333       69.299095     0.022808725      0.12012392       10.697874      -4.8283137       -4.8283137       10.697874                       10.697874
              7      0.96581657        69.65112     0.023084952      0.11897386       11.588261      -4.8283137       -4.8283137       11.588261                       11.588261
              6      0.42257658       70.657915     0.024810617      0.12492384       10.501781      -4.8283137       -4.8283137       10.501781                       10.501781
              2       0.4496897       69.820323     0.023834944      0.12239453       10.556007      -4.8283137       -4.8283137       10.556007                       10.556007
              2      0.56341953       69.809329     0.023887428      0.12279586       10.783467      -4.8283137       -4.8283137       10.783467                       10.783467
              1      0.81654548       69.637047     0.023754177      0.12307744       11.289718      -4.8283137       -4.8283137       11.289718                       11.289718
              1       1.5675583       69.135924     0.023733626      0.11646187       12.791744      -4.8283137       -4.8283137       12.791744                       12.791744
              1        1.243718       67.114746     0.020628429      0.11723254       12.144063      -4.8283137       -4.8283137       12.144063                       12.144063
              2       2.4723044       67.876778     0.021507796      0.12267741       14.601236      -4.8283137       -4.8283137       14.601236                       14.601236
              1       2.7097743       67.611635     0.021161567      0.12242005       15.076176      -4.8283137       -4.8283137       15.076176                       15.076176
              5       2.2446975       67.958658     0.020672684      0.12180288       14.146023      -4.8283137       -4.8283137       14.146023                       14.146023
              2       2.0709336       68.435672     0.021249733      0.12255418       13.798495      -4.8283137       -4.8283137       13.798495                       13.798495
              2       1.8784427        68.36931      0.02120243      0.12183662       13.413513      -4.8283137       -4.8283137       13.413513                       13.413513
              9      0.97855864       69.984198     0.024103151      0.11604714       11.613745      -4.8283137       -4.8283137       11.613745                       11.613745
              1      0.78817866       70.269802      0.02422487      0.11832122       11.232985      -4.8283137       -4.8283137       11.232985                       11.232985
              3       2.0851438       70.068524       0.0237664      0.11512822       13.826915      -4.8283137       -4.8283137       13.826915                       13.826915
              5       0.3157991       69.187355     0.023027176      0.11873445       10.288226      -4.8283137       -4.8283137       10.288226                       10.288226
              5      0.86396093       69.201746     0.022621103      0.11706799       11.384549      -4.8283137       -4.8283137       11.384549                       11.384549
              2      0.96718405       69.319408      0.02264506      0.11850998       11.590996      -4.8283137       -4.8283137       11.590996                       11.590996
              1      0.78605584       68.625196     0.022297573      0.12089941       11.228739      -4.8283137       -4.8283137       11.228739                       11.228739
              4        1.436517        68.75629     0.023193694      0.11404421       12.529661      -4.8283137       -4.8283137       12.529661                       12.529661
              1       1.2065816       68.152549     0.022355099      0.11480679       12.069791      -4.8283137       -4.8283137       12.069791                       12.069791
             11       1.0702518       68.185583     0.022346763      0.11489724       11.797131      -4.8283137       -4.8283137       11.797131                       11.797131
              1       1.2569541       68.393672     0.022679035      0.11353456       12.170536      -4.8283137       -4.8283137       12.170536                       12.170536
              4       1.1085669        67.50741     0.021378006      0.10956663       11.873761      -4.8283137       -4.8283137       11.873761                       11.873761
              4      0.62252583       67.399065     0.020899647       0.1104309       10.901679      -4.8283137       -4.8283137       10.901679                       10.901679
              2      0.67137393       68.510479     0.022318205      0.11319559       10.999375      -4.8283137       -4.8283137       10.999375                       10.999375
              3      0.93634461       66.825218     0.020573148      0.10941239       11.529317      -4.8283137       -4.8283137       11.529317                       11.529317
              7      0.31340234       69.337625     0.023186083        0.119213       10.283432      -4.8283137       -4.8283137       10.283432                       10.283432
              1      0.61555916       69.757078     0.023363805      0.12301174       10.887746      -4.8283137       -4.8283137       10.887746                       10.887746
              3      0.57648384       70.091591     0.023853634      0.12420808       10.809595      -4.8283137       -4.8283137       10.809595                       10.809595
              7       0.5127599       70.251045     0.024170456      0.12452458       10.682147      -4.8283137       -4.8283137       10.682147                       10.682147
              1       2.1250495         70.2919     0.023540663      0.12898618       13.906727      -4.8283137       -4.8283137       13.906727                       13.906727
              2       2.0494375       69.973544     0.023124066       0.1273325       13.755503      -4.8283137       -4.8283137       13.755503                       13.755503
              6       2.6669945       70.616371     0.023777371      0.13063903       14.990616      -4.8283137       -4.8283137       14.990616                       14.990616
              2       1.2841404       69.245579     0.023703817      0.11447975       12.224908      -4.8283137       -4.8283137       12.224908                       12.224908
              1       1.5019647       67.873514     0.022115477      0.11278342       12.660557      -4.8283137       -4.8283137       12.660557                       12.660557
              2       1.4275939       68.248916     0.022547346      0.11266394       12.511815      -4.8283137       -4.8283137       12.511815                       12.511815
              2       1.1958054       69.052959     0.023480451      0.11755432       12.048238      -4.8283137       -4.8283137       12.048238                       12.048238
             12       1.1758016       69.393498     0.023919148       0.1178302       12.008231      -4.8283137       -4.8283137       12.008231                       12.008231
              3      0.91439829       69.820035     0.023918838      0.11579055       11.485424      -4.8283137       -4.8283137       11.485424                       11.485424
              3       1.9185219       69.602046     0.023838599      0.11227024       13.493671      -4.8283137       -4.8283137       13.493671                       13.493671
              6       1.2337556       70.277978     0.024929924      0.11675024       12.124139      -4.8283137       -4.8283137       12.124139                       12.124139
              1      0.92006082       67.168066      0.02101579      0.11192418       11.496749      -4.8283137       -4.8283137       11.496749                       11.496749
              4      0.72644454       67.951128     0.021066031      0.11785353       11.109517      -4.8283137       -4.8283137       11.109517                       11.109517
              4      0.75210509       69.169437     0.022524947       0.1187761       11.160838      -4.8283137       -4.8283137       11.160838                       11.160838
              2       2.1491464       70.922236     0.024282396       0.1308335        13.95492      -4.8283137       -4.8283137        13.95492                        13.95492
              3       1.1064502        69.89401     0.023312934      0.12508592       11.869528      -4.8283137       -4.8283137       11.869528                       11.869528
              2       1.6598181        70.06414     0.023412658      0.12755256       12.976264      -4.8283137       -4.8283137       12.976264                       12.976264
              1        1.710748        69.45906     0.022844833       0.1266252       13.078124      -4.8283137       -4.8283137       13.078124                       13.078124
              2        1.981229       69.620416     0.023694122      0.12679626       13.619086      -4.8283137       -4.8283137       13.619086                       13.619086
              5       1.6570637       69.717627      0.02382498      0.12624474       12.970755      -4.8283137       -4.8283137       12.970755                       12.970755
              5      0.65206978       68.281797     0.022249922      0.11382841       10.960767      -4.8283137       -4.8283137       10.960767                       10.960767
              2      0.53564905       67.810507     0.021558643      0.11535411       10.727926      -4.8283137       -4.8283137       10.727926                       10.727926
              3      0.64967791       69.354104     0.023177333      0.12250777       10.955983      -4.8283137       -4.8283137       10.955983                       10.955983
              4       2.6990556       66.600622     0.020671567      0.10506152       15.054739      -4.8283137       -4.8283137       15.054739                       15.054739
              6       1.1280625       68.300314     0.022456873       0.1123052       11.912753      -4.8283137       -4.8283137       11.912753                       11.912753
             15       1.0245737       68.381305     0.022540708      0.11303618       11.705775      -4.8283137       -4.8283137       11.705775                       11.705775
              2       1.4734324       68.669803     0.023112245      0.11517647       12.603492      -4.8283137       -4.8283137       12.603492                       12.603492
              1       1.8988718       68.412628     0.022914802      0.11366381       13.454371      -4.8283137       -4.8283137       13.454371                       13.454371
              2        1.852466       68.430741     0.022921454      0.11461941       13.361559      -4.8283137       -4.8283137       13.361559                       13.361559
              4       1.4443912       68.498159     0.022883854      0.11494656        12.54541      -4.8283137       -4.8283137        12.54541                        12.54541
              1       1.4338876       68.336701     0.022677604       0.1138455       12.524403      -4.8283137       -4.8283137       12.524403                       12.524403
              8       3.5188635       66.396392     0.020606901      0.11216908       16.694354      -4.8283137       -4.8283137       16.694354                       16.694354
              1       3.1077543       68.903492     0.023824129      0.11559733       15.872136      -4.8283137       -4.8283137       15.872136                       15.872136
              2       1.5322049       68.880993      0.02330031      0.11280355       12.721037      -4.8283137       -4.8283137       12.721037                       12.721037
              7       1.3822905       68.993544     0.023379521      0.11321217       12.421208      -4.8283137       -4.8283137       12.421208                       12.421208
              5       0.6103902       67.661923     0.020963156      0.11198401       10.877408      -4.8283137       -4.8283137       10.877408                       10.877408
              8      0.48186213       67.940211     0.021679711      0.11570944       10.620352      -4.8283137       -4.8283137       10.620352                       10.620352
              1       2.5613834        67.24278     0.021276499      0.11720233       14.779394      -4.8283137       -4.8283137       14.779394                       14.779394
              1       1.9523405       68.591758     0.023133769      0.11599296       13.561308      -4.8283137       -4.8283137       13.561308                       13.561308
              5       2.5296324       66.856691     0.020589816      0.10412282       14.715892      -4.8283137       -4.8283137       14.715892                       14.715892
              2       2.1422927       68.950011     0.022982477      0.11007821       13.941213      -4.8283137       -4.8283137       13.941213                       13.941213
              6      0.81123918       68.947305     0.022203537       0.1201004       11.279106      -4.8283137       -4.8283137       11.279106                       11.279106
              1       1.8197235       68.646459     0.021935444      0.11222099       13.296074      -4.8283137       -4.8283137       13.296074                       13.296074
              4      0.45900181       69.429613     0.023536718      0.11967516       10.574631      -4.8283137       -4.8283137       10.574631                       10.574631
              7       1.4639006       68.260868     0.022514792      0.11667529       12.584429      -4.8283137       -4.8283137       12.584429                       12.584429
              2       1.3616651       67.889028     0.021119711      0.11059116       12.379958      -4.8283137       -4.8283137       12.379958                       12.379958
              1       1.4239653       67.539746     0.020803937      0.10889868       12.504558      -4.8283137       -4.8283137       12.504558                       12.504558
              5      0.41387838       67.413089     0.021002744       0.1135351       10.484384      -4.8283137       -4.8283137       10.484384                       10.484384
              1      0.96605191       68.291251     0.022365349        0.116967       11.588731      -4.8283137       -4.8283137       11.588731                       11.588731
              1       1.2643918       68.148239     0.022379453      0.11422637       12.185411      -4.8283137       -4.8283137       12.185411                       12.185411
              1      0.47714279       70.004941     0.024303484      0.12071784       10.610913      -4.8283137       -4.8283137       10.610913                       10.610913
              9      0.43179867       69.669353     0.023455695      0.11883174       10.520225      -4.8283137       -4.8283137       10.520225                       10.520225
              2      0.44799014       69.640625     0.023509875      0.11804163       10.552608      -4.8283137       -4.8283137       10.552608                       10.552608
              7      0.84007237       68.865568     0.022995697       0.1190706       11.336772      -4.8283137       -4.8283137       11.336772                       11.336772
              2      0.81929846       69.296348     0.023576873      0.11957089       11.295224      -4.8283137       -4.8283137       11.295224                       11.295224
              3      0.83811487       69.302242      0.02358795       0.1196751       11.332857      -4.8283137       -4.8283137       11.332857                       11.332857
             17       0.5200419       69.872994     0.024170977      0.11886315       10.696711      -4.8283137       -4.8283137       10.696711                       10.696711
             10      0.54184093        69.89106     0.024206333      0.11874606       10.740309      -4.8283137       -4.8283137       10.740309                       10.740309
              4       2.0469297       68.119323     0.022474853      0.11001148       13.750487      -4.8283137       -4.8283137       13.750487                       13.750487
              2       1.2935257       67.766388     0.021388346       0.1090256       12.243679      -4.8283137       -4.8283137       12.243679                       12.243679
              7        1.209851       67.788418     0.021516348      0.10930333        12.07633      -4.8283137       -4.8283137        12.07633                        12.07633
              3       1.2091228       67.714571     0.021352583      0.10910595       12.074873      -4.8283137       -4.8283137       12.074873                       12.074873
              4      0.41742118       69.030437     0.022992932      0.11659753        10.49147      -4.8283137       -4.8283137        10.49147                        10.49147
              3      0.73623943       68.856275     0.022794681       0.1138595       11.129106      -4.8283137       -4.8283137       11.129106                       11.129106
              1      0.96561078        69.53466     0.023444966      0.11505196       11.587849      -4.8283137       -4.8283137       11.587849                       11.587849
              5       1.5085137       69.797994     0.023809041      0.11411762       12.673655      -4.8283137       -4.8283137       12.673655                       12.673655
              1       1.3773681       69.707917     0.023708523      0.11417964       12.411364      -4.8283137       -4.8283137       12.411364                       12.411364
              2       1.3682803        68.87916     0.022794031      0.11175866       12.393188      -4.8283137       -4.8283137       12.393188                       12.393188
              8       1.9291759       68.532324     0.021405444      0.11568847       13.514979      -4.8283137       -4.8283137       13.514979                       13.514979
              3       3.8459433       70.135735     0.022902829      0.12148275       17.348514      -4.8283137       -4.8283137       17.348514                       17.348514
              7       1.2268949       68.655025     0.021679848      0.11793806       12.110417      -4.8283137       -4.8283137       12.110417                       12.110417
              7      0.38746954       70.077998     0.024014316      0.12290935       10.431567      -4.8283137       -4.8283137       10.431567                       10.431567
              4      0.31575737       70.242192     0.024276307      0.12197289       10.288142      -4.8283137       -4.8283137       10.288142                       10.288142
              2      0.33142825       70.140686     0.024134998      0.12223897       10.319484      -4.8283137       -4.8283137       10.319484                       10.319484
              1      0.72567541       69.656414     0.024042616       0.1191372       11.107978      -4.8283137       -4.8283137       11.107978                       11.107978
              3      0.88663762       70.318009     0.024924013      0.12202428       11.429903      -4.8283137       -4.8283137       11.429903                       11.429903
              1       2.2224572       70.570381     0.024051465      0.11880393       14.101542      -4.8283137       -4.8283137       14.101542                       14.101542
              4       1.8176712       67.598936     0.020534914      0.11022393        13.29197      -4.8283137       -4.8283137        13.29197                        13.29197
              1       4.8713091       69.895157     0.022865797      0.13385712       19.399246      -4.8283137       -4.8283137       19.399246                       19.399246
             15       4.3018546       69.971143     0.023210424      0.13371132       18.260337      -4.8283137       -4.8283137       18.260337                       18.260337
              2       5.8604084       69.701982     0.022920126      0.13540487       21.377444      -4.8283137       -4.8283137       21.377444                       21.377444
              7       5.9966175       69.722283     0.023004826      0.13568315       21.649863      -4.8283137       -4.8283137       21.649863                       21.649863
              2       3.2203946        69.59964     0.022307629       0.1258382       16.097417      -4.8283137       -4.8283137       16.097417                       16.097417
              2       1.4493171       69.829605     0.023022103      0.12269243       12.555262      -4.8283137       -4.8283137       12.555262                       12.555262
              8       1.2787301       69.392914     0.022546751      0.12132997       12.214088      -4.8283137       -4.8283137       12.214088                       12.214088
              3       3.1843351        68.11485     0.020747026       0.1243513       16.025298      -4.8283137       -4.8283137       16.025298                       16.025298
              2       1.9864673       68.772613     0.021843036      0.12474735       13.629562      -4.8283137       -4.8283137       13.629562                       13.629562
              6      0.46934196       68.219272     0.021828136      0.11794668       10.595311      -4.8283137       -4.8283137       10.595311                       10.595311
              5      0.61642302       69.159048     0.023215761       0.1201446       10.889474      -4.8283137       -4.8283137       10.889474                       10.889474
              1      0.50147143       68.972906     0.022718293      0.11562338        10.65957      -4.8283137       -4.8283137        10.65957                        10.65957
              3      0.31519126       67.797711     0.021243916      0.11461498        10.28701      -4.8283137       -4.8283137        10.28701                        10.28701
              3      0.64018233       68.026934     0.021162184      0.11653297       10.936992      -4.8283137       -4.8283137       10.936992                       10.936992
              2      0.82079333       68.165432     0.021329765      0.11457089       11.298214      -4.8283137       -4.8283137       11.298214                       11.298214
              1      0.70572579       67.575751     0.020714661      0.11234854       11.068079      -4.8283137       -4.8283137       11.068079                       11.068079
              1      0.35562722       67.496363     0.020773854      0.11371593       10.367882      -4.8283137       -4.8283137       10.367882                       10.367882
              3       1.8568061       68.946393     0.021880369      0.12315057        13.37024      -4.8283137       -4.8283137        13.37024                        13.37024
              1       1.8105748       67.696293     0.020374194       0.1191734       13.277777      -4.8283137       -4.8283137       13.277777                       13.277777
             10       1.6021359       67.795598     0.020497255       0.1167777       12.860899      -4.8283137       -4.8283137       12.860899                       12.860899
              4        1.586568       68.022431     0.020839247       0.1149526       12.829763      -4.8283137       -4.8283137       12.829763                       12.829763
              1       1.9209255       69.689085      0.02364396      0.11294341       13.498478      -4.8283137       -4.8283137       13.498478                       13.498478
              4         1.85747       70.142123     0.024880412       0.1239446       13.371567      -4.8283137       -4.8283137       13.371567                       13.371567
              4       1.6820514       70.201413     0.024961837      0.12335821        13.02073      -4.8283137       -4.8283137        13.02073                        13.02073
              8      0.80614045       68.375056     0.022332405      0.11805964       11.268908      -4.8283137       -4.8283137       11.268908                       11.268908
              3       1.0867606       67.016399     0.020835505      0.10906341       11.830149      -4.8283137       -4.8283137       11.830149                       11.830149
              6       0.4767036       67.689181     0.021279029       0.1121106       10.610035      -4.8283137       -4.8283137       10.610035                       10.610035
              4       0.4472686       67.720213     0.021348841      0.11254988       10.551165      -4.8283137       -4.8283137       10.551165                       10.551165
              2      0.44974046       68.774653     0.022742376      0.11643563       10.556108      -4.8283137       -4.8283137       10.556108                       10.556108
              4       1.3860654       67.572705      0.02134077      0.10833131       12.428758      -4.8283137       -4.8283137       12.428758                       12.428758
              2        1.172452       67.575375     0.021297855      0.10891091       12.001532      -4.8283137       -4.8283137       12.001532                       12.001532
              1      0.36978633       70.254456     0.024254387      0.12069906         10.3962      -4.8283137       -4.8283137         10.3962                         10.3962
              1        1.793221       69.178127     0.022356147      0.12546093       13.243069      -4.8283137       -4.8283137       13.243069                       13.243069
              1       2.3283423       69.347711     0.022220305      0.12453882       14.313312      -4.8283137       -4.8283137       14.313312                       14.313312
              2        2.109709       71.009423     0.024263865      0.12709258       13.876045      -4.8283137       -4.8283137       13.876045                       13.876045
              5      0.95080049       69.854823     0.023947252      0.11577567       11.558228      -4.8283137       -4.8283137       11.558228                       11.558228
              5      0.56254348       70.068741     0.024250615      0.11810251       10.781714      -4.8283137       -4.8283137       10.781714                       10.781714
              2      0.40627956       70.070639     0.024320733      0.12078307       10.469187      -4.8283137       -4.8283137       10.469187                       10.469187
              1      0.84177433       68.852919     0.023095244      0.11632144       11.340176      -4.8283137       -4.8283137       11.340176                       11.340176
              1      0.84331246       68.735097     0.022947127      0.11605876       11.343252      -4.8283137       -4.8283137       11.343252                       11.343252
              2      0.89152437       69.020832     0.023103811      0.12069411       11.439676      -4.8283137       -4.8283137       11.439676                       11.439676
              6      0.73351791       68.971099     0.022803566      0.12140183       11.123663      -4.8283137       -4.8283137       11.123663                       11.123663
              2       0.9953644       68.571244     0.022107812      0.12180822       11.647356      -4.8283137       -4.8283137       11.647356                       11.647356
              1       1.5751402       69.396435     0.022485015      0.11980249       12.806908      -4.8283137       -4.8283137       12.806908                       12.806908
              2       1.1371722       69.115956     0.022262003      0.12014639       11.930972      -4.8283137       -4.8283137       11.930972                       11.930972
              7      0.94971709       69.110839      0.02311938      0.11367335       11.556062      -4.8283137       -4.8283137       11.556062                       11.556062
              6      0.80481721         69.3914     0.023324553      0.11510703       11.266262      -4.8283137       -4.8283137       11.266262                       11.266262
              1      0.78031165       69.398552     0.023339991      0.11521393       11.217251      -4.8283137       -4.8283137       11.217251                       11.217251
              5      0.34441824       67.289402      0.02054023      0.11310371       10.345464      -4.8283137       -4.8283137       10.345464                       10.345464
              6       1.6639537       68.806287     0.022242145      0.12467588       12.984535      -4.8283137       -4.8283137       12.984535                       12.984535
              2       1.0348616        68.55835     0.022653871       0.1187334       11.726351      -4.8283137       -4.8283137       11.726351                       11.726351
              1       2.3062131       69.990583     0.024610401      0.12565619       14.269054      -4.8283137       -4.8283137       14.269054                       14.269054
              1       1.3340309       70.252878     0.024680105      0.12579284       12.324689      -4.8283137       -4.8283137       12.324689                       12.324689
              6       2.4022042       70.089876     0.024190671      0.12956238       14.461036      -4.8283137       -4.8283137       14.461036                       14.461036
              1       6.7918925       68.740382      0.02303992       0.1294366       23.240413      -4.8283137       -4.8283137       23.240413                       23.240413
              5       4.7116239       67.386352     0.021486394      0.12150482       19.079875      -4.8283137       -4.8283137       19.079875                       19.079875
              1       5.3203118       67.304308     0.021363655      0.12233946       20.297251      -4.8283137       -4.8283137       20.297251                       20.297251
              2       4.7459421       68.548758     0.021107908      0.12845082       19.148512      -4.8283137       -4.8283137       19.148512                       19.148512
              6       2.3172108       68.084713     0.020657814      0.11784931       14.291049      -4.8283137       -4.8283137       14.291049                       14.291049
              3        1.192374       68.558652     0.021560802       0.1184468       12.041375      -4.8283137       -4.8283137       12.041375                       12.041375
              1      0.47727529       69.022914     0.022729031       0.1205904       10.611178      -4.8283137       -4.8283137       10.611178                       10.611178
              1      0.47132249       68.993435     0.022700385      0.12044934       10.599272      -4.8283137       -4.8283137       10.599272                       10.599272
              1       1.2721807       68.309531     0.022522964      0.11664261       12.200989      -4.8283137       -4.8283137       12.200989                       12.200989
              1       1.4438902        68.95418     0.023374409      0.11876452       12.544408      -4.8283137       -4.8283137       12.544408                       12.544408
              1       1.2543691       69.188942     0.023677135      0.11541405       12.165366      -4.8283137       -4.8283137       12.165366                       12.165366
              3      0.56379647       69.441576     0.023521337      0.12104569        10.78422      -4.8283137       -4.8283137        10.78422                        10.78422
              4      0.34815011       69.584791     0.023434614      0.11896915       10.352928      -4.8283137       -4.8283137       10.352928                       10.352928
              5      0.51855219       69.543939     0.023516459      0.11692797       10.693732      -4.8283137       -4.8283137       10.693732                       10.693732
              1      0.84282561       69.657911     0.023765366      0.11558233       11.342279      -4.8283137       -4.8283137       11.342279                       11.342279
              2       0.8107204       69.680697     0.023826048      0.11578398       11.278068      -4.8283137       -4.8283137       11.278068                       11.278068
              1       0.4674641       69.147341     0.023100376      0.11989989       10.591556      -4.8283137       -4.8283137       10.591556                       10.591556
              8      0.36346864       68.880088     0.022585324      0.11907913       10.383565      -4.8283137       -4.8283137       10.383565                       10.383565
              6       1.0094604       69.370248     0.023430003      0.12300831       11.675548      -4.8283137       -4.8283137       11.675548                       11.675548
              4       2.2683994       70.131401     0.023962584      0.13019896       14.193426      -4.8283137       -4.8283137       14.193426                       14.193426
              1       2.7794136       69.623934     0.023350863      0.12963106       15.215455      -4.8283137       -4.8283137       15.215455                       15.215455
              1       2.3131939       69.371289     0.023268281      0.12724957       14.283015      -4.8283137       -4.8283137       14.283015                       14.283015
              2        2.658231       69.571671     0.023539106      0.12849451       14.973089      -4.8283137       -4.8283137       14.973089                       14.973089
              8       1.4326374       70.340343     0.024849178      0.12591868       12.521902      -4.8283137       -4.8283137       12.521902                       12.521902
              3      0.83939893       68.715477     0.022916144      0.11635841       11.335425      -4.8283137       -4.8283137       11.335425                       11.335425
              1       1.0597826        69.04072     0.023424704      0.11704517       11.776193      -4.8283137       -4.8283137       11.776193                       11.776193
              1       2.9412629       68.016644     0.022602828      0.11522055       15.539153      -4.8283137       -4.8283137       15.539153                       15.539153
              2       2.4336585       68.756713     0.023335032      0.11069849       14.523945      -4.8283137       -4.8283137       14.523945                       14.523945
              2       1.7665352       71.523142     0.024999097      0.12803971       13.189698      -4.8283137       -4.8283137       13.189698                       13.189698
              2       2.8647156       68.169419     0.021166777      0.12529448       15.386059      -4.8283137       -4.8283137       15.386059                       15.386059
             12       3.8723912       68.223907     0.020797787       0.1259161        17.40141      -4.8283137       -4.8283137        17.40141                        17.40141
              6      0.90731038        70.15262     0.023634991      0.12361502       11.471248      -4.8283137       -4.8283137       11.471248                       11.471248
              2        1.198968       68.832543     0.023221871       0.1158343       12.054563      -4.8283137       -4.8283137       12.054563                       12.054563
              6       1.3769019       69.070951     0.023554295      0.11793401       12.410431      -4.8283137       -4.8283137       12.410431                       12.410431
              2      0.37934111       69.024955     0.022773573      0.11678213        10.41531      -4.8283137       -4.8283137        10.41531                        10.41531
              5      0.63690064       68.760831     0.022106244      0.11707406       10.930429      -4.8283137       -4.8283137       10.930429                       10.930429
              3      0.56547067       68.073589     0.021533494      0.11841008       10.787569      -4.8283137       -4.8283137       10.787569                       10.787569
              2      0.81606073       68.062059      0.02134951      0.11957024       11.288749      -4.8283137       -4.8283137       11.288749                       11.288749
              6       1.5745231       66.966352     0.020264946      0.11846438       12.805674      -4.8283137       -4.8283137       12.805674                       12.805674
              1       1.2357211        66.69846     0.020042937      0.11638561        12.12807      -4.8283137       -4.8283137        12.12807                        12.12807
              8      0.83919473       67.002299     0.020369532      0.11613958       11.335017      -4.8283137       -4.8283137       11.335017                       11.335017
              4      0.92488774       68.843108     0.022939862        0.119784       11.506403      -4.8283137       -4.8283137       11.506403                       11.506403
              2       1.4049951       68.329344     0.022327544      0.11990357       12.466618      -4.8283137       -4.8283137       12.466618                       12.466618
              3       2.7267287       68.284165     0.020865745      0.12218446       15.110085      -4.8283137       -4.8283137       15.110085                       15.110085
              1       3.0316109       68.202564      0.02073866      0.12288442       15.719849      -4.8283137       -4.8283137       15.719849                       15.719849
              1       1.1791035       68.128954      0.02201583      0.11906302       12.014834      -4.8283137       -4.8283137       12.014834                       12.014834
              3       1.1922409       67.767424     0.021596746      0.11782459       12.041109      -4.8283137       -4.8283137       12.041109                       12.041109
              2      0.91426036       69.726041     0.024117983        0.116157       11.485148      -4.8283137       -4.8283137       11.485148                       11.485148
              3        1.142343       69.368584     0.023855446       0.1158867       11.941314      -4.8283137       -4.8283137       11.941314                       11.941314
              1      0.83795257       68.298272     0.022323136      0.11690832       11.332533      -4.8283137       -4.8283137       11.332533                       11.332533
             11      0.87915586       68.646878     0.022693973      0.11899329       11.414939      -4.8283137       -4.8283137       11.414939                       11.414939
              2       1.3772453        68.51237      0.02251973      0.12063395       12.411118      -4.8283137       -4.8283137       12.411118                       12.411118
              1       0.9141974       67.519125     0.020664714       0.1183655       11.485022      -4.8283137       -4.8283137       11.485022                       11.485022
              4       1.1520592          67.902     0.021998016      0.11173685       11.960746      -4.8283137       -4.8283137       11.960746                       11.960746
              4       1.4194357       68.156676     0.022412036      0.11201652       12.495499      -4.8283137       -4.8283137       12.495499                       12.495499
              4       1.8772772       66.539202      0.02006378      0.11641067       13.411182      -4.8283137       -4.8283137       13.411182                       13.411182
             12      0.46274281       70.427265     0.024800826      0.12244695       10.582113      -4.8283137       -4.8283137       10.582113                       10.582113
              3      0.35414515       70.168838     0.024350972      0.12165694       10.364918      -4.8283137       -4.8283137       10.364918                       10.364918
              1      0.69164385       68.483446     0.022541226       0.1161457       11.039915      -4.8283137       -4.8283137       11.039915                       11.039915
              3      0.36213415       68.251176     0.021828163       0.1172045       10.380896      -4.8283137       -4.8283137       10.380896                       10.380896
              2      0.32152743       68.537771     0.022203573      0.11723434       10.299682      -4.8283137       -4.8283137       10.299682                       10.299682
              2       1.1683985       69.145273     0.022286203      0.12021517       11.993424      -4.8283137       -4.8283137       11.993424                       11.993424
              1       1.1052568       69.723566     0.023023676      0.12288306       11.867141      -4.8283137       -4.8283137       11.867141                       11.867141
              6      0.99307838       69.767886     0.023125951      0.12286335       11.642784      -4.8283137       -4.8283137       11.642784                       11.642784
              8       1.8491159       70.750895     0.024764523      0.11681489       13.354859      -4.8283137       -4.8283137       13.354859                       13.354859
             10       1.9336712       70.251606     0.024128431      0.11527695        13.52397      -4.8283137       -4.8283137        13.52397                        13.52397
              2        1.479756       68.510188     0.022144877      0.11084959       12.616139      -4.8283137       -4.8283137       12.616139                       12.616139
              1      0.31969638       68.827726     0.022514781      0.11808577        10.29602      -4.8283137       -4.8283137        10.29602                        10.29602
              7      0.32262764       66.871306     0.020112205      0.11266992       10.301883      -4.8283137       -4.8283137       10.301883                       10.301883
              4       0.4044764       67.759428     0.021244393      0.11617304        10.46558      -4.8283137       -4.8283137        10.46558                        10.46558
              5      0.39585027       67.755288     0.021240737      0.11607501       10.448328      -4.8283137       -4.8283137       10.448328                       10.448328
              3      0.32760107       67.684872     0.021185745      0.11472596        10.31183      -4.8283137       -4.8283137        10.31183                        10.31183
              3        5.498571       67.689341     0.022684755      0.11198796       20.653769      -4.8283137       -4.8283137       20.653769                       20.653769
              7       4.9615906       67.930419     0.022926152      0.11148192       19.579809      -4.8283137       -4.8283137       19.579809                       19.579809
              4       3.6915439       69.511003     0.024277212      0.12482817       17.039715      -4.8283137       -4.8283137       17.039715                       17.039715
              2       10.171528       68.569925      0.02444996      0.11182374       29.999683      -4.8283137       -4.8283137       29.999683                       29.999683
              2       7.7160183       67.688335     0.022610866      0.10194874       25.088664      -4.8283137       -4.8283137       25.088664                       25.088664
              2       5.5060926        68.68784     0.023391505      0.12422725       20.668813      -4.8283137       -4.8283137       20.668813                       20.668813
              1       3.5130351       68.541904     0.021128841      0.12549418       16.682698      -4.8283137       -4.8283137       16.682698                       16.682698
              6       2.8655835       70.214954     0.023123794      0.12722626       15.387795      -4.8283137       -4.8283137       15.387795                       15.387795
              5       1.8253673       68.426508     0.021950959      0.11012852       13.307362      -4.8283137       -4.8283137       13.307362                       13.307362
              2       1.5806306       67.614716     0.021351492      0.10787176       12.817889      -4.8283137       -4.8283137       12.817889                       12.817889
              1       1.1917524       69.714599     0.024324844      0.11706932       12.040132      -4.8283137       -4.8283137       12.040132                       12.040132
              1      0.69774463       70.100608     0.024502848      0.11800484       11.052117      -4.8283137       -4.8283137       11.052117                       11.052117
              3      0.64489514        68.35375     0.021842447       0.1196872       10.946418      -4.8283137       -4.8283137       10.946418                       10.946418
              2      0.48707333       67.915376     0.021691057      0.11356182       10.630774      -4.8283137       -4.8283137       10.630774                       10.630774
              1      0.54655438       67.882178     0.021638511      0.11257781       10.749736      -4.8283137       -4.8283137       10.749736                       10.749736
              3       1.0807043       67.060281        0.020912      0.10955686       11.818036      -4.8283137       -4.8283137       11.818036                       11.818036
              6       0.6222176       67.967412     0.021728271      0.11679095       10.901063      -4.8283137       -4.8283137       10.901063                       10.901063
              5      0.33528365       68.614687     0.022388782         0.11677       10.327195      -4.8283137       -4.8283137       10.327195                       10.327195
              1       1.3861308       68.740343     0.023150306      0.11667489       12.428889      -4.8283137       -4.8283137       12.428889                       12.428889
              3          1.2593       69.397715     0.023840162      0.12054621       12.175227      -4.8283137       -4.8283137       12.175227                       12.175227
              1       0.8858522       68.129406     0.022193545      0.11506695       11.428332      -4.8283137       -4.8283137       11.428332                       11.428332
              1       1.2554846       68.899473      0.02201189      0.12202048       12.167597      -4.8283137       -4.8283137       12.167597                       12.167597
              2       1.3519233       70.297006     0.023710162      0.12135352       12.360474      -4.8283137       -4.8283137       12.360474                       12.360474
              1      0.79367766       69.510552     0.023611318      0.11538851       11.243983      -4.8283137       -4.8283137       11.243983                       11.243983
              1        1.121727       66.930027       0.0206059      0.10773229       11.900081      -4.8283137       -4.8283137       11.900081                       11.900081
              4       1.1322198       66.929324     0.020614033      0.10773107       11.921067      -4.8283137       -4.8283137       11.921067                       11.921067
              2       0.7182941       67.607064     0.021225795      0.11056297       11.093216      -4.8283137       -4.8283137       11.093216                       11.093216
              1      0.70593054       67.659148     0.021320556      0.11080538       11.068489      -4.8283137       -4.8283137       11.068489                       11.068489
              1      0.73660047       67.638563     0.021307762      0.11062776       11.129828      -4.8283137       -4.8283137       11.129828                       11.129828
              1      0.39275323         68.8841     0.022433132        0.117715       10.442134      -4.8283137       -4.8283137       10.442134                       10.442134
