#        weight    minuslogpost              H0         omega_b       omega_cdm       chi2__BAO   minuslogprior minuslogprior__0            chi2 chi2__bao.desi_dr2.desi_bao_all
              3       1.7048518       70.210866     0.024633991      0.12182858       10.869106      -3.7297014       -3.7297014       10.869106                       10.869106
              2       1.7549122       70.308168     0.024730613      0.12297956       10.969227      -3.7297014       -3.7297014       10.969227                       10.969227
              2       1.9221445       70.081545     0.024510351      0.12265856       11.303692      -3.7297014       -3.7297014       11.303692                       11.303692
              1       1.9326764       70.648229     0.024520193      0.12038299       11.324756      -3.7297014       -3.7297014       11.324756                       11.324756
              1       2.0127766       70.340712     0.024936033      0.11818011       11.484956      -3.7297014       -3.7297014       11.484956                       11.484956
              1       2.1141175       70.277509     0.024957268      0.11861625       11.687638      -3.7297014       -3.7297014       11.687638                       11.687638
              2       1.8743492       70.674439     0.024976291      0.11875372       11.208101      -3.7297014       -3.7297014       11.208101                       11.208101
              4       3.2488065       70.268529     0.025000283      0.11395244       13.957016      -3.7297014       -3.7297014       13.957016                       13.957016
              2       3.3320028        70.57742      0.02492633      0.11434753       14.123408      -3.7297014       -3.7297014       14.123408                       14.123408
              1       1.7769118       70.318376     0.024679876      0.11829019       11.013227      -3.7297014       -3.7297014       11.013227                       11.013227
              3       1.6683393       70.479741     0.024837439      0.11931752       10.796081      -3.7297014       -3.7297014       10.796081                       10.796081
              4       1.5561568       70.634433      0.02491309       0.1204426       10.571717      -3.7297014       -3.7297014       10.571717                       10.571717
              2       1.7921488       70.508059     0.025078805      0.12232274       11.043701      -3.7297014       -3.7297014       11.043701                       11.043701
              1       1.7991216       70.742464      0.02534547      0.12003538       11.057646      -3.7297014       -3.7297014       11.057646                       11.057646
              1       2.1902969       70.506271      0.02516218      0.11769493       11.839997      -3.7297014       -3.7297014       11.839997                       11.839997
              4       1.4924483       70.439755     0.024752366       0.1209312       10.444299      -3.7297014       -3.7297014       10.444299                       10.444299
              1       1.7907333       70.219723     0.024737295      0.12067303        11.04087      -3.7297014       -3.7297014        11.04087                        11.04087
              1       2.9461241       69.842228     0.024527088      0.12269306       13.351651      -3.7297014       -3.7297014       13.351651                       13.351651
              2       2.5790993       70.080602     0.024648748      0.12413725       12.617602      -3.7297014       -3.7297014       12.617602                       12.617602
              2       1.5117916       70.319494     0.024466834      0.12351861       10.482986      -3.7297014       -3.7297014       10.482986                       10.482986
              2       3.5984372       71.135765     0.024573374      0.12164658       14.656277      -3.7297014       -3.7297014       14.656277                       14.656277
              1       1.5089236       70.500111     0.024525741      0.12119713        10.47725      -3.7297014       -3.7297014        10.47725                        10.47725
              1       1.4727745       70.461704     0.024569124      0.12095463       10.404952      -3.7297014       -3.7297014       10.404952                       10.404952
              2       1.7269935       69.634952     0.023908148      0.12041429        10.91339      -3.7297014       -3.7297014        10.91339                        10.91339
              2       1.8588255       69.589396     0.023939394      0.11687098       11.177054      -3.7297014       -3.7297014       11.177054                       11.177054
              4       1.7785627       69.444665      0.02373493      0.11707943       11.016528      -3.7297014       -3.7297014       11.016528                       11.016528
              1       1.4763928       69.700368     0.023481496       0.1197739       10.412188      -3.7297014       -3.7297014       10.412188                       10.412188
              1       1.4398802       69.332531     0.023271753      0.11935038       10.339163      -3.7297014       -3.7297014       10.339163                       10.339163
              7       1.4379133       69.479968     0.023246826      0.12007268       10.335229      -3.7297014       -3.7297014       10.335229                       10.335229
              2       1.4927922       69.366962      0.02335138      0.11750072       10.444987      -3.7297014       -3.7297014       10.444987                       10.444987
              1       1.9598546       69.718459     0.023365837      0.11754519       11.379112      -3.7297014       -3.7297014       11.379112                       11.379112
              1       4.2604718       69.922126     0.023252455      0.11479249       15.980346      -3.7297014       -3.7297014       15.980346                       15.980346
              4       4.7470304       69.991395     0.023260387      0.11470037       16.953464      -3.7297014       -3.7297014       16.953464                       16.953464
              1       5.1497676       70.048675     0.023257531      0.11475594       17.758938      -3.7297014       -3.7297014       17.758938                       17.758938
              1       3.5569312        70.09873     0.023555961      0.11608312       14.573265      -3.7297014       -3.7297014       14.573265                       14.573265
              1       4.6560478       70.233661     0.023623983      0.11504278       16.771498      -3.7297014       -3.7297014       16.771498                       16.771498
              2       2.4665445       69.986414     0.023787887      0.11598617       12.392492      -3.7297014       -3.7297014       12.392492                       12.392492
              1       2.3925366       70.040347     0.023797961      0.11667557       12.244476      -3.7297014       -3.7297014       12.244476                       12.244476
              2       2.4016487       69.132722     0.023632814      0.11720093         12.2627      -3.7297014       -3.7297014         12.2627                         12.2627
              2       2.1544863       69.701667     0.023308473      0.11698414       11.768375      -3.7297014       -3.7297014       11.768375                       11.768375
              2       1.9160185       69.453641     0.023301011      0.11549684        11.29144      -3.7297014       -3.7297014        11.29144                        11.29144
              1       2.0989151       68.735224     0.023019378      0.11575277       11.657233      -3.7297014       -3.7297014       11.657233                       11.657233
              5        2.617429       68.734195     0.023050907      0.11921081       12.694261      -3.7297014       -3.7297014       12.694261                       12.694261
              2       3.2691493       69.025083     0.022950812      0.12542116       13.997702      -3.7297014       -3.7297014       13.997702                       13.997702
              2       2.9084877       68.993708     0.022882117      0.12462778       13.276378      -3.7297014       -3.7297014       13.276378                       13.276378
              1       1.8115409       69.620302     0.023109206      0.12256239       11.082485      -3.7297014       -3.7297014       11.082485                       11.082485
              3       1.7392927       69.491977     0.023067221      0.12267082       10.937988      -3.7297014       -3.7297014       10.937988                       10.937988
              1       2.4751134       69.826797     0.023043931      0.12320982        12.40963      -3.7297014       -3.7297014        12.40963                        12.40963
              1       1.9931231       69.570371     0.023036003      0.12381271       11.445649      -3.7297014       -3.7297014       11.445649                       11.445649
              1       2.0235176       69.335963     0.022709569      0.12298463       11.506438      -3.7297014       -3.7297014       11.506438                       11.506438
              2       2.0956098       69.404135     0.022741949      0.12316378       11.650622      -3.7297014       -3.7297014       11.650622                       11.650622
              1       2.0617724       69.386783     0.022744903       0.1231368       11.582948      -3.7297014       -3.7297014       11.582948                       11.582948
              5        2.146771       69.497794     0.022808363       0.1231772       11.752945      -3.7297014       -3.7297014       11.752945                       11.752945
              2       2.0466274       69.400865     0.022933719      0.12405326       11.552658      -3.7297014       -3.7297014       11.552658                       11.552658
              3        1.973196       69.299319      0.02295089      0.12357739       11.405795      -3.7297014       -3.7297014       11.405795                       11.405795
              3       1.9438286       69.377292     0.022983734      0.12365895        11.34706      -3.7297014       -3.7297014        11.34706                        11.34706
              1       3.4720469       69.636874     0.022916527      0.12867695       14.403497      -3.7297014       -3.7297014       14.403497                       14.403497
              1       3.9717963       69.522985     0.022473515      0.12810718       15.402996      -3.7297014       -3.7297014       15.402996                       15.402996
              4       4.2413151       69.364682     0.022224397      0.12796899       15.942033      -3.7297014       -3.7297014       15.942033                       15.942033
              6       4.2937424       69.407864     0.022231127      0.12784386       16.046888      -3.7297014       -3.7297014       16.046888                       16.046888
              1       3.6397009       69.098506      0.02224732      0.12736025       14.738805      -3.7297014       -3.7297014       14.738805                       14.738805
              1       4.4373805       69.611345     0.022304804      0.12624051       16.334164      -3.7297014       -3.7297014       16.334164                       16.334164
              4       3.8600669       69.326593     0.022571456      0.12872747       15.179537      -3.7297014       -3.7297014       15.179537                       15.179537
              2       3.2007707       69.146145     0.022673366      0.12681467       13.860944      -3.7297014       -3.7297014       13.860944                       13.860944
              3        5.810285       68.564192     0.022530169      0.12772494       19.079973      -3.7297014       -3.7297014       19.079973                       19.079973
              1       5.3068703       68.921191     0.022720927      0.12918153       18.073144      -3.7297014       -3.7297014       18.073144                       18.073144
              5       4.2478313       69.110182     0.022748276      0.12863808       15.955066      -3.7297014       -3.7297014       15.955066                       15.955066
              1        3.393369       69.716919       0.0229178      0.12830711       14.246141      -3.7297014       -3.7297014       14.246141                       14.246141
              3       3.3580281       69.669524     0.022925492      0.12835354       14.175459      -3.7297014       -3.7297014       14.175459                       14.175459
              1       3.2322597       69.577772      0.02289019      0.12797015       13.923922      -3.7297014       -3.7297014       13.923922                       13.923922
              1       3.3711765       69.686803     0.022868105      0.12806913       14.201756      -3.7297014       -3.7297014       14.201756                       14.201756
              1       3.4583925        69.32744      0.02302489      0.12775886       14.376188      -3.7297014       -3.7297014       14.376188                       14.376188
              1       3.6712114       70.072771     0.023104148      0.12831087       14.801826      -3.7297014       -3.7297014       14.801826                       14.801826
              2       3.6776834       70.076158     0.023104108      0.12829315        14.81477      -3.7297014       -3.7297014        14.81477                        14.81477
              1       4.2383725       69.232649     0.023223876      0.12790897       15.936148      -3.7297014       -3.7297014       15.936148                       15.936148
              4       3.4929014       69.716527     0.023402685       0.1292337       14.445206      -3.7297014       -3.7297014       14.445206                       14.445206
              2       3.1492229       69.765665     0.023351545      0.12867034       13.757849      -3.7297014       -3.7297014       13.757849                       13.757849
              1       3.3489261       70.110085     0.023330021      0.12898589       14.157255      -3.7297014       -3.7297014       14.157255                       14.157255
              1       3.0875716       69.942868     0.023544335      0.12906994       13.634546      -3.7297014       -3.7297014       13.634546                       13.634546
              1       3.5763734       69.783344     0.023537507      0.12954134        14.61215      -3.7297014       -3.7297014        14.61215                        14.61215
              1       4.7699347       70.683422     0.023560688      0.13079327       16.999272      -3.7297014       -3.7297014       16.999272                       16.999272
              3        3.372598       70.548632     0.023717512      0.12876425       14.204599      -3.7297014       -3.7297014       14.204599                       14.204599
              1       2.0497704       70.258105     0.023758472      0.12468952       11.558944      -3.7297014       -3.7297014       11.558944                       11.558944
              5       1.8130356       70.313654     0.023979911      0.12489628       11.085474      -3.7297014       -3.7297014       11.085474                       11.085474
              5       1.7683614       70.055627     0.023859238      0.12486961       10.996126      -3.7297014       -3.7297014       10.996126                       10.996126
              7        2.184013       70.350697     0.023806246      0.12329769       11.827429      -3.7297014       -3.7297014       11.827429                       11.827429
              1        1.909598       69.780734     0.023896663      0.12370894       11.278599      -3.7297014       -3.7297014       11.278599                       11.278599
              1       1.7390827       70.339382     0.024021107      0.12406991       10.937568      -3.7297014       -3.7297014       10.937568                       10.937568
              1       1.5466803       70.273764     0.024082765       0.1223505       10.552763      -3.7297014       -3.7297014       10.552763                       10.552763
              2       1.8437616       69.788221     0.024089506      0.12191765       11.146926      -3.7297014       -3.7297014       11.146926                       11.146926
              7       1.4312251       70.019574      0.02413459       0.1209498       10.321853      -3.7297014       -3.7297014       10.321853                       10.321853
              1       1.4275304       69.727087      0.02371762      0.12065508       10.314464      -3.7297014       -3.7297014       10.314464                       10.314464
              2       1.4783841       69.633703     0.023732517      0.11891813       10.416171      -3.7297014       -3.7297014       10.416171                       10.416171
              4       1.4769282       69.965435     0.023833338      0.12025951       10.413259      -3.7297014       -3.7297014       10.413259                       10.413259
             10        1.476348       69.964433     0.023833343      0.12025196       10.412099      -3.7297014       -3.7297014       10.412099                       10.412099
              1       1.5092125       69.795551     0.023670248      0.11898442       10.477828      -3.7297014       -3.7297014       10.477828                       10.477828
              1       1.4584037       69.716002     0.023720129      0.11881776        10.37621      -3.7297014       -3.7297014        10.37621                        10.37621
              2       1.4577866       69.747218     0.023726026      0.11893466       10.374976      -3.7297014       -3.7297014       10.374976                       10.374976
              3       1.4470252       69.713442     0.023714747      0.11898455       10.353453      -3.7297014       -3.7297014       10.353453                       10.353453
              1       1.9305096       69.419754     0.023758666      0.11954767       11.320422      -3.7297014       -3.7297014       11.320422                       11.320422
              1       1.5622792       69.824289     0.024013861      0.11840129       10.583961      -3.7297014       -3.7297014       10.583961                       10.583961
              1       1.9745744       69.562336     0.024007982      0.11790066       11.408552      -3.7297014       -3.7297014       11.408552                       11.408552
              3       2.7001522       69.382284     0.024048929      0.11775484       12.859707      -3.7297014       -3.7297014       12.859707                       12.859707
              2       2.9405332       69.338831     0.024057902      0.11788047       13.340469      -3.7297014       -3.7297014       13.340469                       13.340469
              1       3.5967341       69.154067     0.023952828      0.11837532       14.652871      -3.7297014       -3.7297014       14.652871                       14.652871
              1       1.9306575       69.474026     0.023863635      0.11873173       11.320718      -3.7297014       -3.7297014       11.320718                       11.320718
              2       1.9617597       69.420006     0.023821377      0.11786821       11.382922      -3.7297014       -3.7297014       11.382922                       11.382922
              2       1.7218549       69.534784     0.023828164      0.11791586       10.903113      -3.7297014       -3.7297014       10.903113                       10.903113
              4       1.6450513       69.524161     0.023761592       0.1189665       10.749505      -3.7297014       -3.7297014       10.749505                       10.749505
              2       1.4410554       69.969076     0.023877141      0.12051622       10.341514      -3.7297014       -3.7297014       10.341514                       10.341514
              3       1.6580359        69.64662     0.023712938      0.12211084       10.775475      -3.7297014       -3.7297014       10.775475                       10.775475
              3       1.6959493       69.897706      0.02357112      0.12354609       10.851302      -3.7297014       -3.7297014       10.851302                       10.851302
              2        3.248799       70.184115     0.023294857      0.12211888       13.957001      -3.7297014       -3.7297014       13.957001                       13.957001
              5       1.6799012       69.672546     0.023228524      0.12162333       10.819205      -3.7297014       -3.7297014       10.819205                       10.819205
              4       1.7455316       69.032768     0.023196609      0.11797545       10.950466      -3.7297014       -3.7297014       10.950466                       10.950466
              1       2.4391761       68.767792     0.023131343      0.11775084       12.337755      -3.7297014       -3.7297014       12.337755                       12.337755
              1        2.531616       68.745402     0.023172732      0.11665379       12.522635      -3.7297014       -3.7297014       12.522635                       12.522635
              2       1.6598922       69.448351     0.023017501      0.11880882       10.779187      -3.7297014       -3.7297014       10.779187                       10.779187
              1        1.611224       69.331237     0.022921575      0.11827066       10.681851      -3.7297014       -3.7297014       10.681851                       10.681851
              4       3.2556079       69.804144     0.023102658      0.11678932       13.970619      -3.7297014       -3.7297014       13.970619                       13.970619
              1       2.5024951       69.721308     0.023034812      0.11880549       12.464393      -3.7297014       -3.7297014       12.464393                       12.464393
              2       2.3240074       70.210772     0.024664724      0.11586523       12.107418      -3.7297014       -3.7297014       12.107418                       12.107418
              1        2.339632       70.014039     0.024310338      0.11516378       12.138667      -3.7297014       -3.7297014       12.138667                       12.138667
              1       3.1462963       69.852623      0.02446529      0.11311176       13.751996      -3.7297014       -3.7297014       13.751996                       13.751996
              1       3.6596242       70.264893     0.024592995      0.11278317       14.778651      -3.7297014       -3.7297014       14.778651                       14.778651
              5       5.7342213       70.259656     0.024577469      0.10961434       18.927845      -3.7297014       -3.7297014       18.927845                       18.927845
              6       5.6559378       70.290455     0.024593888      0.10983622       18.771279      -3.7297014       -3.7297014       18.771279                       18.771279
              1       4.7646047       70.377874     0.024644456      0.11141832       16.988612      -3.7297014       -3.7297014       16.988612                       16.988612
              1       4.5002478       70.335751     0.024616036      0.11165758       16.459899      -3.7297014       -3.7297014       16.459899                       16.459899
              2       5.1401263       70.536102     0.024278837      0.11334709       17.739656      -3.7297014       -3.7297014       17.739656                       17.739656
              3       3.7761389       70.293559     0.023729634      0.11670379       15.011681      -3.7297014       -3.7297014       15.011681                       15.011681
              1       3.6582017       70.049764      0.02334995      0.11699621       14.775806      -3.7297014       -3.7297014       14.775806                       14.775806
              1        2.739443       69.213828       0.0237038      0.11302524       12.938289      -3.7297014       -3.7297014       12.938289                       12.938289
              3       2.6867304       68.681944     0.023089525      0.11248166       12.832864      -3.7297014       -3.7297014       12.832864                       12.832864
              1       2.6167044       68.669905     0.023072611      0.11285154       12.692812      -3.7297014       -3.7297014       12.692812                       12.692812
              1       1.8357932       68.236846     0.022223174      0.11321352       11.130989      -3.7297014       -3.7297014       11.130989                       11.130989
              1       1.7220511       68.305135     0.022208808      0.11338105       10.903505      -3.7297014       -3.7297014       10.903505                       10.903505
              1       1.5214719       68.176593      0.02195311      0.11444457       10.502347      -3.7297014       -3.7297014       10.502347                       10.502347
              3       1.6433506       68.507694     0.021879069      0.11909559       10.746104      -3.7297014       -3.7297014       10.746104                       10.746104
              4       3.1100201       67.876669     0.021496994       0.1217554       13.679443      -3.7297014       -3.7297014       13.679443                       13.679443
              1       2.1356638       67.769849     0.021818904      0.11268601        11.73073      -3.7297014       -3.7297014        11.73073                        11.73073
              2        1.469124       68.248519     0.021797751      0.11735412       10.397651      -3.7297014       -3.7297014       10.397651                       10.397651
              3       2.3088644       68.353807      0.02130552      0.11776079       12.077132      -3.7297014       -3.7297014       12.077132                       12.077132
              1       2.3456744       68.083577      0.02150719      0.11068985       12.150752      -3.7297014       -3.7297014       12.150752                       12.150752
              1       1.6271265       67.915462     0.021211971      0.11367397       10.713656      -3.7297014       -3.7297014       10.713656                       10.713656
              3       1.8441745       68.321826     0.021476649      0.11663104       11.147752      -3.7297014       -3.7297014       11.147752                       11.147752
              1       1.8454086        68.31108     0.021455795      0.11690896        11.15022      -3.7297014       -3.7297014        11.15022                        11.15022
              3       1.5553415       68.654576     0.022241792       0.1193812       10.570086      -3.7297014       -3.7297014       10.570086                       10.570086
              1       2.5327532       69.039558     0.022410432      0.11444058       12.524909      -3.7297014       -3.7297014       12.524909                       12.524909
              7       1.7788627       69.208411     0.022651062      0.11806335       11.017128      -3.7297014       -3.7297014       11.017128                       11.017128
              2       1.5976611       69.008828     0.022925805        0.119768       10.654725      -3.7297014       -3.7297014       10.654725                       10.654725
              2       1.5063109       68.443815     0.022285315      0.11609589       10.472025      -3.7297014       -3.7297014       10.472025                       10.472025
              1       2.0069063       68.862942     0.022185394      0.11606368       11.473216      -3.7297014       -3.7297014       11.473216                       11.473216
              1       2.1846107       68.700896     0.022396921      0.11239714       11.828624      -3.7297014       -3.7297014       11.828624                       11.828624
              2       2.7456883        69.08834     0.022911174      0.11187995        12.95078      -3.7297014       -3.7297014        12.95078                        12.95078
              1       1.7226921       69.337165     0.022799764      0.12119383       10.904787      -3.7297014       -3.7297014       10.904787                       10.904787
              1       1.7236339       69.342606     0.022804171      0.12117248       10.906671      -3.7297014       -3.7297014       10.906671                       10.906671
              2       1.6259666       69.139384     0.023051485      0.12059761       10.711336      -3.7297014       -3.7297014       10.711336                       10.711336
              1       2.2023862       69.138353     0.023188688      0.12235699       11.864175      -3.7297014       -3.7297014       11.864175                       11.864175
              2       2.3367914       69.531297     0.022955911      0.12524443       12.132986      -3.7297014       -3.7297014       12.132986                       12.132986
              1       2.2853271       69.423553     0.023288498      0.12471465       12.030057      -3.7297014       -3.7297014       12.030057                       12.030057
              3       1.9059601       69.129295     0.023366942      0.11899237       11.271323      -3.7297014       -3.7297014       11.271323                       11.271323
              2       2.0522758       69.235672     0.023629779      0.11671346       11.563954      -3.7297014       -3.7297014       11.563954                       11.563954
              1       1.5555623       69.432328     0.023575524      0.11852175       10.570528      -3.7297014       -3.7297014       10.570528                       10.570528
              1       1.6118243       69.595365     0.023717676      0.11723484       10.683051      -3.7297014       -3.7297014       10.683051                       10.683051
              2       1.5726184       69.965725     0.024087584      0.12261233        10.60464      -3.7297014       -3.7297014        10.60464                        10.60464
              1       2.8235136       70.707024     0.024277823       0.1201143        13.10643      -3.7297014       -3.7297014        13.10643                        13.10643
              4       2.2215934       70.716701     0.024509263      0.12016492        11.90259      -3.7297014       -3.7297014        11.90259                        11.90259
              1       2.0386271       70.818145     0.024623471       0.1213909       11.536657      -3.7297014       -3.7297014       11.536657                       11.536657
              2       1.6502469       70.244905     0.024621151      0.12225164       10.759897      -3.7297014       -3.7297014       10.759897                       10.759897
              2       2.1914836       69.983924     0.023977987      0.12613574        11.84237      -3.7297014       -3.7297014        11.84237                        11.84237
              2       2.3090543       69.997908      0.02390896      0.12679328       12.077511      -3.7297014       -3.7297014       12.077511                       12.077511
              7       1.8289639       69.940824     0.023723785      0.12485518       11.117331      -3.7297014       -3.7297014       11.117331                       11.117331
              1       1.7802471       70.313969     0.024129966      0.11998623       11.019897      -3.7297014       -3.7297014       11.019897                       11.019897
              1       2.0618738       69.904626     0.024481387      0.11852686       11.583151      -3.7297014       -3.7297014       11.583151                       11.583151
              3       1.8216716       70.151138     0.024671173      0.12025281       11.102746      -3.7297014       -3.7297014       11.102746                       11.102746
              2       1.4722457       70.217414     0.024108968      0.12263077       10.403894      -3.7297014       -3.7297014       10.403894                       10.403894
              2       1.4838272       70.245785      0.02412502      0.12272601       10.427057      -3.7297014       -3.7297014       10.427057                       10.427057
              3        1.650868       70.051407     0.023717307      0.12193711       10.761139      -3.7297014       -3.7297014       10.761139                       10.761139
              4       1.8139624       69.809996     0.023319122      0.12258962       11.087328      -3.7297014       -3.7297014       11.087328                       11.087328
              1       1.8204058       69.808523     0.023314814      0.12264275       11.100215      -3.7297014       -3.7297014       11.100215                       11.100215
              2       1.7941102          69.789     0.023308394      0.12260142       11.047623      -3.7297014       -3.7297014       11.047623                       11.047623
              4       1.8009908       69.784332     0.023298357      0.12259667       11.061385      -3.7297014       -3.7297014       11.061385                       11.061385
              2       1.6596584       69.689252     0.023278329      0.12206867        10.77872      -3.7297014       -3.7297014        10.77872                        10.77872
              2       1.4835555       69.144616     0.023125581      0.11841302       10.426514      -3.7297014       -3.7297014       10.426514                       10.426514
              1       1.7103709       68.915498     0.022984653       0.1185176       10.880145      -3.7297014       -3.7297014       10.880145                       10.880145
              4       2.1562621       68.841057     0.023080082      0.11870928       11.771927      -3.7297014       -3.7297014       11.771927                       11.771927
              1       1.9488506       68.922036     0.023139427      0.11815944       11.357104      -3.7297014       -3.7297014       11.357104                       11.357104
              3        1.935158       69.175446      0.02340879      0.11503459       11.329719      -3.7297014       -3.7297014       11.329719                       11.329719
              1       1.7311097       69.092418      0.02328177      0.11708301       10.921622      -3.7297014       -3.7297014       10.921622                       10.921622
              2       1.4618585       69.065991     0.022898069      0.11692545        10.38312      -3.7297014       -3.7297014        10.38312                        10.38312
              1       1.4429788       68.979874     0.022777356      0.11696225        10.34536      -3.7297014       -3.7297014        10.34536                        10.34536
              1        1.414878       68.955171     0.022717992      0.11825421       10.289159      -3.7297014       -3.7297014       10.289159                       10.289159
              3       3.1337409        68.44327     0.022886787      0.11750009       13.726885      -3.7297014       -3.7297014       13.726885                       13.726885
              1        3.242474       68.356419     0.022744636      0.11822349       13.944351      -3.7297014       -3.7297014       13.944351                       13.944351
              1       2.2366046       69.369793     0.022859102      0.11603843       11.932612      -3.7297014       -3.7297014       11.932612                       11.932612
              1       3.1875547       69.365164     0.023301458      0.11156362       13.834512      -3.7297014       -3.7297014       13.834512                       13.834512
              3       2.6735419       69.502095     0.023504671      0.11300354       12.806487      -3.7297014       -3.7297014       12.806487                       12.806487
              3       2.4236666       68.987391       0.0234646      0.11592682       12.306736      -3.7297014       -3.7297014       12.306736                       12.306736
              2       2.5974383       69.941174     0.023464729      0.11730748       12.654279      -3.7297014       -3.7297014       12.654279                       12.654279
              1       3.4876357       70.153972     0.023288447      0.12020583       14.434674      -3.7297014       -3.7297014       14.434674                       14.434674
              3       4.9658737       70.073654      0.02293039      0.11927966        17.39115      -3.7297014       -3.7297014        17.39115                        17.39115
              3       4.9695899       70.091664     0.022941579      0.11949609       17.398583      -3.7297014       -3.7297014       17.398583                       17.398583
              1       2.9469584       68.886696     0.023456269      0.11752662        13.35332      -3.7297014       -3.7297014        13.35332                        13.35332
              1       2.5918072       68.926046     0.023362093      0.11854389       12.643017      -3.7297014       -3.7297014       12.643017                       12.643017
              2       2.2949752       69.256772     0.023689723      0.11931455       12.049353      -3.7297014       -3.7297014       12.049353                       12.049353
              3       3.8528788       69.956719      0.02354695      0.11392925       15.165161      -3.7297014       -3.7297014       15.165161                       15.165161
              1       3.8975951         69.9622      0.02354707      0.11390057       15.254593      -3.7297014       -3.7297014       15.254593                       15.254593
              1       3.8931742       69.958002     0.023149688      0.11704713       15.245751      -3.7297014       -3.7297014       15.245751                       15.245751
              4       3.3467693        69.29339     0.022742642      0.11298459       14.152942      -3.7297014       -3.7297014       14.152942                       14.152942
              3       4.7741568       68.074189     0.022480451      0.10601555       17.007717      -3.7297014       -3.7297014       17.007717                       17.007717
              2       1.6928718       68.523742     0.022532103      0.11497541       10.845147      -3.7297014       -3.7297014       10.845147                       10.845147
              1       1.8879673       68.776165     0.022097461      0.11628489       11.235338      -3.7297014       -3.7297014       11.235338                       11.235338
              1        1.595573       68.489654     0.021830516      0.11727426       10.650549      -3.7297014       -3.7297014       10.650549                       10.650549
              1       2.3459856       68.652368     0.021674784      0.12048149       12.151374      -3.7297014       -3.7297014       12.151374                       12.151374
              1        2.256981       68.412783     0.021869391       0.1219368       11.973365      -3.7297014       -3.7297014       11.973365                       11.973365
              1       2.2820477       68.429434     0.022077015       0.1216564       12.023498      -3.7297014       -3.7297014       12.023498                       12.023498
              4        1.874718       68.665915     0.022456187      0.11317463       11.208839      -3.7297014       -3.7297014       11.208839                       11.208839
              1       2.0026306       68.579068     0.022417313      0.11240084       11.464664      -3.7297014       -3.7297014       11.464664                       11.464664
              1        1.458103        69.00786     0.022639243      0.11912971       10.375609      -3.7297014       -3.7297014       10.375609                       10.375609
              2       1.7422204       69.297853     0.022903027      0.11696615       10.943844      -3.7297014       -3.7297014       10.943844                       10.943844
              1        1.949039       69.360203     0.022917563      0.11660241       11.357481      -3.7297014       -3.7297014       11.357481                       11.357481
              1       1.9500488       69.345588     0.022905486      0.11650682         11.3595      -3.7297014       -3.7297014         11.3595                         11.3595
              2       1.9454018       69.343891     0.022912514       0.1164497       11.350206      -3.7297014       -3.7297014       11.350206                       11.350206
              1       2.2808334       69.349845     0.022678475      0.11739539        12.02107      -3.7297014       -3.7297014        12.02107                        12.02107
              1       1.5845581       69.060567     0.022591454      0.11771686       10.628519      -3.7297014       -3.7297014       10.628519                       10.628519
              3       1.6019943       68.685979       0.0221166      0.11932602       10.663392      -3.7297014       -3.7297014       10.663392                       10.663392
              3       1.8028927       69.028705     0.022389037      0.11805357       11.065188      -3.7297014       -3.7297014       11.065188                       11.065188
              4       1.4339743       69.451807     0.023297301      0.11864423       10.327352      -3.7297014       -3.7297014       10.327352                       10.327352
              1       1.7469225       69.470206     0.023164548      0.11707182       10.953248      -3.7297014       -3.7297014       10.953248                       10.953248
              2         2.48446       68.975168     0.023398925      0.11361324       12.428323      -3.7297014       -3.7297014       12.428323                       12.428323
              1       4.0953857        68.96426     0.023616318       0.1097179       15.650174      -3.7297014       -3.7297014       15.650174                       15.650174
              1       4.0569827       69.138223     0.023710858      0.10962774       15.573368      -3.7297014       -3.7297014       15.573368                       15.573368
              1       4.0642009       69.139844     0.023712274      0.10961378       15.587805      -3.7297014       -3.7297014       15.587805                       15.587805
              4         3.96842       69.158243     0.023699205      0.10973575       15.396243      -3.7297014       -3.7297014       15.396243                       15.396243
              1       4.3718265       68.882385      0.02329499      0.10809278       16.203056      -3.7297014       -3.7297014       16.203056                       16.203056
              1       4.2388834       68.955543     0.023211667       0.1082639        15.93717      -3.7297014       -3.7297014        15.93717                        15.93717
              1       2.4818723        69.41734     0.023374113       0.1133067       12.423147      -3.7297014       -3.7297014       12.423147                       12.423147
              1       2.3316179       68.584694      0.02253763      0.12090603       12.122639      -3.7297014       -3.7297014       12.122639                       12.122639
              1       1.9494935        68.78812     0.022691442      0.12074963        11.35839      -3.7297014       -3.7297014        11.35839                        11.35839
              5       1.9854482       68.748046     0.022981366      0.11531245       11.430299      -3.7297014       -3.7297014       11.430299                       11.430299
              1       2.2578612       68.525531     0.022775009      0.11682903       11.975125      -3.7297014       -3.7297014       11.975125                       11.975125
              2       1.5691329       67.618336     0.020934178      0.11648085       10.597669      -3.7297014       -3.7297014       10.597669                       10.597669
              1       2.2086076       67.331953     0.020441928      0.11856521       11.876618      -3.7297014       -3.7297014       11.876618                       11.876618
              3       2.0973248       67.248217     0.020326428       0.1178955       11.654052      -3.7297014       -3.7297014       11.654052                       11.654052
              8        2.277173          69.181     0.023134375      0.11314805       12.013749      -3.7297014       -3.7297014       12.013749                       12.013749
              8       2.4770946       70.003944     0.024775296      0.11887949       12.413592      -3.7297014       -3.7297014       12.413592                       12.413592
              2       2.5103306        70.10742     0.024906607      0.11783755       12.480064      -3.7297014       -3.7297014       12.480064                       12.480064
              3       1.8697728       69.477179     0.023545134        0.115386       11.198948      -3.7297014       -3.7297014       11.198948                       11.198948
              1       3.6916551       69.931522     0.023023118      0.11870352       14.842713      -3.7297014       -3.7297014       14.842713                       14.842713
              2       3.0338642       70.926336     0.024212359      0.12662306       13.527131      -3.7297014       -3.7297014       13.527131                       13.527131
              2       1.9031877       70.316834     0.024309674      0.12627231       11.265778      -3.7297014       -3.7297014       11.265778                       11.265778
              1       2.1244418       69.916476     0.024368028      0.12251969       11.708286      -3.7297014       -3.7297014       11.708286                       11.708286
              5       1.7646267       70.495034     0.024886738      0.11881899       10.988656      -3.7297014       -3.7297014       10.988656                       10.988656
              1       1.9360212       70.880764     0.025633311      0.12054339       11.331445      -3.7297014       -3.7297014       11.331445                       11.331445
              4       1.5266047       70.936293     0.025440341      0.12302201       10.512612      -3.7297014       -3.7297014       10.512612                       10.512612
              4       1.7403976       70.465497     0.025009784      0.12177016       10.940198      -3.7297014       -3.7297014       10.940198                       10.940198
              3       1.7005908       70.473391     0.024968521      0.12247816       10.860584      -3.7297014       -3.7297014       10.860584                       10.860584
              3       3.2535534       70.415053     0.024840876      0.12882745        13.96651      -3.7297014       -3.7297014        13.96651                        13.96651
              5       1.7960905       72.476911      0.02721731      0.13177167       11.051584      -3.7297014       -3.7297014       11.051584                       11.051584
              1        3.416808       72.213518     0.026056914      0.13685999       14.293019      -3.7297014       -3.7297014       14.293019                       14.293019
              1       3.4536639       72.218979     0.026598584      0.13705881       14.366731      -3.7297014       -3.7297014       14.366731                       14.366731
              6       1.5105513       72.832441     0.027745342      0.12743045       10.480505      -3.7297014       -3.7297014       10.480505                       10.480505
              2       3.2678871       72.495306      0.02809178      0.12126414       13.995177      -3.7297014       -3.7297014       13.995177                       13.995177
              3       1.7724353       72.274824     0.026530775      0.13152943       11.004273      -3.7297014       -3.7297014       11.004273                       11.004273
              4       1.8425827       72.265439     0.026421309      0.13143991       11.144568      -3.7297014       -3.7297014       11.144568                       11.144568
              1       1.5304426       72.934148     0.027454281      0.13163834       10.520288      -3.7297014       -3.7297014       10.520288                       10.520288
              2       1.7030094        73.11343     0.027607122       0.1292008       10.865422      -3.7297014       -3.7297014       10.865422                       10.865422
              1       2.3777082       73.218554     0.027327837      0.13093275       12.214819      -3.7297014       -3.7297014       12.214819                       12.214819
              1       3.6568903       74.958887     0.029336764      0.13312839       14.773183      -3.7297014       -3.7297014       14.773183                       14.773183
              6       2.4140729       73.638753     0.029289053      0.12619286       12.287549      -3.7297014       -3.7297014       12.287549                       12.287549
              1       4.5625117       73.258965     0.029463874      0.12231249       16.584426      -3.7297014       -3.7297014       16.584426                       16.584426
              4       4.1190814       72.569276     0.028258741      0.11911087       15.697566      -3.7297014       -3.7297014       15.697566                       15.697566
              1       4.3546454       71.618929     0.027284644      0.11817747       16.168694      -3.7297014       -3.7297014       16.168694                       16.168694
              1       4.9820391       71.077988     0.024905416      0.13675929       17.423481      -3.7297014       -3.7297014       17.423481                       17.423481
              2       4.7281614       72.974862     0.026333575      0.13793021       16.915726      -3.7297014       -3.7297014       16.915726                       16.915726
              2       4.9245263        72.49772     0.025676251      0.13272671       17.308456      -3.7297014       -3.7297014       17.308456                       17.308456
              1       4.3300863       71.464078     0.024712437      0.13457636       16.119576      -3.7297014       -3.7297014       16.119576                       16.119576
              1       2.7795948       70.085768     0.024891313      0.12179987       13.018593      -3.7297014       -3.7297014       13.018593                       13.018593
              2       1.4538301       68.662361     0.022255976      0.11830986       10.367063      -3.7297014       -3.7297014       10.367063                       10.367063
              1       1.8935001        68.43707     0.022178424      0.11992391       11.246403      -3.7297014       -3.7297014       11.246403                       11.246403
              2       2.0838511       69.386937     0.023829593      0.11814047       11.627105      -3.7297014       -3.7297014       11.627105                       11.627105
              1       1.5280019       69.984052     0.024191614      0.11912819       10.515407      -3.7297014       -3.7297014       10.515407                       10.515407
              2       2.4732841        70.18531       0.0246289      0.12546391       12.405971      -3.7297014       -3.7297014       12.405971                       12.405971
              1       2.5974389       70.890156     0.024747033      0.13069628       12.654281      -3.7297014       -3.7297014       12.654281                       12.654281
              3       2.1146328       72.996501     0.028437536      0.12887326       11.688669      -3.7297014       -3.7297014       11.688669                       11.688669
              1       1.6890757       73.046037     0.028257821      0.12936196       10.837554      -3.7297014       -3.7297014       10.837554                       10.837554
              2       2.1697937       72.458179     0.027585538      0.13039656        11.79899      -3.7297014       -3.7297014        11.79899                        11.79899
              2       1.9021703       72.086139      0.02717723      0.12579134       11.263743      -3.7297014       -3.7297014       11.263743                       11.263743
              1       1.8299372       73.995067     0.029169782      0.12868981       11.119277      -3.7297014       -3.7297014       11.119277                       11.119277
              4       1.7388937       74.000405     0.028908252      0.13018259        10.93719      -3.7297014       -3.7297014        10.93719                        10.93719
              1       2.3534685       71.924841     0.026145087      0.13321091        12.16634      -3.7297014       -3.7297014        12.16634                        12.16634
              3       2.0589913       71.671492     0.025569079      0.13024135       11.577386      -3.7297014       -3.7297014       11.577386                       11.577386
              2       1.9666887       71.775586     0.025688866       0.1295371        11.39278      -3.7297014       -3.7297014        11.39278                        11.39278
              2       2.2306665       71.231277     0.024867235      0.12742535       11.920736      -3.7297014       -3.7297014       11.920736                       11.920736
              7       1.6770093       71.951534     0.026102119      0.12659481       10.813422      -3.7297014       -3.7297014       10.813422                       10.813422
              1       1.6267475       71.275524     0.025301153      0.12715538       10.712898      -3.7297014       -3.7297014       10.712898                       10.712898
              4       1.8230779       71.770443     0.026711942      0.12354968       11.105559      -3.7297014       -3.7297014       11.105559                       11.105559
              4       1.6744532       71.364491     0.025540326      0.12835466       10.808309      -3.7297014       -3.7297014       10.808309                       10.808309
              1        1.481462       72.772118     0.027653181      0.12761439       10.422327      -3.7297014       -3.7297014       10.422327                       10.422327
              1        1.544183       72.988586     0.027803707      0.12758832       10.547769      -3.7297014       -3.7297014       10.547769                       10.547769
              1       2.3533666       73.889195      0.02970001      0.13104214       12.166136      -3.7297014       -3.7297014       12.166136                       12.166136
              3       2.2255779       73.882554     0.029598633      0.13222265       11.910559      -3.7297014       -3.7297014       11.910559                       11.910559
              1       1.5291823       73.767314     0.028968955      0.13297994       10.517768      -3.7297014       -3.7297014       10.517768                       10.517768
              1       1.5081516       74.207332     0.029274166      0.13192094       10.475706      -3.7297014       -3.7297014       10.475706                       10.475706
              2       1.5568011       74.742145     0.029678217      0.13724826       10.573005      -3.7297014       -3.7297014       10.573005                       10.573005
              2       2.0847229       74.668331     0.029239787      0.13940696       11.628849      -3.7297014       -3.7297014       11.628849                       11.628849
              2       2.0578524       74.586277     0.029166221      0.13931164       11.575108      -3.7297014       -3.7297014       11.575108                       11.575108
              7       1.6483721       73.797413     0.029050607      0.12917916       10.756147      -3.7297014       -3.7297014       10.756147                       10.756147
              2       1.5762989       73.650736     0.028502503      0.12996011       10.612001      -3.7297014       -3.7297014       10.612001                       10.612001
              1       1.5394863       73.860952     0.028805505      0.13509294       10.538375      -3.7297014       -3.7297014       10.538375                       10.538375
              2       1.5673028       74.230083     0.029017593      0.13551112       10.594009      -3.7297014       -3.7297014       10.594009                       10.594009
              5       1.4927776       74.064379     0.029243163      0.13127345       10.444958      -3.7297014       -3.7297014       10.444958                       10.444958
              2       1.6109203        73.92755      0.02925684      0.13010076       10.681244      -3.7297014       -3.7297014       10.681244                       10.681244
              2       1.7699093       71.895385     0.026037777        0.130217       10.999221      -3.7297014       -3.7297014       10.999221                       10.999221
              3       1.4157028       71.470718     0.025881269      0.12559294       10.290808      -3.7297014       -3.7297014       10.290808                       10.290808
              1       2.1036895       72.466957     0.026752956      0.12536035       11.666782      -3.7297014       -3.7297014       11.666782                       11.666782
              2        3.795666       72.303375     0.026743249      0.11934661       15.050735      -3.7297014       -3.7297014       15.050735                       15.050735
              1       3.9403104       72.267219     0.026998754      0.11798047       15.340024      -3.7297014       -3.7297014       15.340024                       15.340024
              3       3.1740763       72.912613     0.027752279      0.12149633       13.807556      -3.7297014       -3.7297014       13.807556                       13.807556
              9       2.6220694       71.899522     0.026052359      0.13402928       12.703542      -3.7297014       -3.7297014       12.703542                       12.703542
              1       2.3986383       73.129911     0.027149004      0.13381306       12.256679      -3.7297014       -3.7297014       12.256679                       12.256679
              1       1.7967874       72.068611      0.02630585      0.13115694       11.052978      -3.7297014       -3.7297014       11.052978                       11.052978
              1       1.4647583       72.283134     0.026977675      0.12861207       10.388919      -3.7297014       -3.7297014       10.388919                       10.388919
              4       1.4864098       72.356642     0.026929181      0.12650819       10.432222      -3.7297014       -3.7297014       10.432222                       10.432222
              1         1.90885       72.926765     0.027183625      0.12963812       11.277103      -3.7297014       -3.7297014       11.277103                       11.277103
              1       2.2640236       74.094544     0.029632526        0.127136        11.98745      -3.7297014       -3.7297014        11.98745                        11.98745
              1       1.9319812        73.89103     0.029480914      0.12928159       11.323365      -3.7297014       -3.7297014       11.323365                       11.323365
              3       1.8628941       73.371536     0.028629096      0.12677794       11.185191      -3.7297014       -3.7297014       11.185191                       11.185191
              3       1.4985105        73.58678     0.028482232      0.13012935       10.456424      -3.7297014       -3.7297014       10.456424                       10.456424
              3         1.50862       73.628171     0.028514696      0.13025718       10.476643      -3.7297014       -3.7297014       10.476643                       10.476643
              2       1.4906747       73.308127     0.028399243      0.12974532       10.440752      -3.7297014       -3.7297014       10.440752                       10.440752
              2       1.5040291       73.331283     0.028443334      0.12962648       10.467461      -3.7297014       -3.7297014       10.467461                       10.467461
              1       2.6105309       73.579121     0.027902981      0.12905676       12.680465      -3.7297014       -3.7297014       12.680465                       12.680465
              8       1.9462453       72.643039      0.02675733      0.13025202       11.351894      -3.7297014       -3.7297014       11.351894                       11.351894
              1       2.5474199       72.956513     0.026941109      0.13012036       12.554243      -3.7297014       -3.7297014       12.554243                       12.554243
              3       2.6800175       72.856702     0.026789797      0.12946711       12.819438      -3.7297014       -3.7297014       12.819438                       12.819438
              1       2.5560752       71.650512     0.026339874      0.13114118       12.571553      -3.7297014       -3.7297014       12.571553                       12.571553
              1       2.1755972       70.689859     0.025195707       0.1264451       11.810597      -3.7297014       -3.7297014       11.810597                       11.810597
              3       1.4425171       71.335553     0.025661044      0.12395811       10.344437      -3.7297014       -3.7297014       10.344437                       10.344437
              2       1.4519019       71.353901     0.025825592       0.1237927       10.363207      -3.7297014       -3.7297014       10.363207                       10.363207
              3       2.4320759       70.508593     0.024341285      0.12898385       12.323555      -3.7297014       -3.7297014       12.323555                       12.323555
              1       3.0653638       70.316468      0.02406469      0.13020087        13.59013      -3.7297014       -3.7297014        13.59013                        13.59013
              3       2.6493545        69.94355     0.023682634      0.12786788       12.758112      -3.7297014       -3.7297014       12.758112                       12.758112
              7       1.6621295       73.258521     0.027981767      0.13420578       10.783662      -3.7297014       -3.7297014       10.783662                       10.783662
              6       1.8941108       73.240429     0.028543958       0.1316197       11.247625      -3.7297014       -3.7297014       11.247625                       11.247625
              1       1.7487817       73.874681       0.0292535      0.12899201       10.956966      -3.7297014       -3.7297014       10.956966                       10.956966
              2       3.4576715       72.599442     0.028084397      0.13214396       14.374746      -3.7297014       -3.7297014       14.374746                       14.374746
              1       1.5645848       71.363068     0.025432174      0.12664909       10.588572      -3.7297014       -3.7297014       10.588572                       10.588572
              1       2.5464505       72.877973     0.028001872      0.12254565       12.552304      -3.7297014       -3.7297014       12.552304                       12.552304
              1       2.5597338       72.859921      0.02799694      0.12245831       12.578871      -3.7297014       -3.7297014       12.578871                       12.578871
              9       3.6859273       72.629793     0.028146074      0.13265979       14.831258      -3.7297014       -3.7297014       14.831258                       14.831258
              1       3.8628309       72.577937     0.028095183      0.13282314       15.185065      -3.7297014       -3.7297014       15.185065                       15.185065
              3       5.1731254       72.260491     0.028329669      0.12589302       17.805654      -3.7297014       -3.7297014       17.805654                       17.805654
              5       5.1808787       72.679865     0.028874216      0.12720936        17.82116      -3.7297014       -3.7297014        17.82116                        17.82116
              3       5.0918374       72.734755      0.02890779      0.12792663       17.643078      -3.7297014       -3.7297014       17.643078                       17.643078
              3       1.9497372       73.383215     0.028642867       0.1263177       11.358877      -3.7297014       -3.7297014       11.358877                       11.358877
             10        2.142201       73.721288     0.029237965      0.12689651       11.743805      -3.7297014       -3.7297014       11.743805                       11.743805
              1       2.3915348         73.6856      0.02930969      0.12616214       12.242472      -3.7297014       -3.7297014       12.242472                       12.242472
              4       2.1892045       71.852962     0.027024597      0.12429665       11.837812      -3.7297014       -3.7297014       11.837812                       11.837812
              2       2.2050273       71.889728     0.027074964       0.1248173       11.869458      -3.7297014       -3.7297014       11.869458                       11.869458
              2       1.9219471       71.929662      0.02692377        0.127082       11.303297      -3.7297014       -3.7297014       11.303297                       11.303297
              4       1.9632313       72.396883     0.027590761       0.1273424       11.385866      -3.7297014       -3.7297014       11.385866                       11.385866
              1       1.4760357       71.567614     0.025916759      0.12436741       10.411474      -3.7297014       -3.7297014       10.411474                       10.411474
              2       1.7263963       71.167947     0.025223109      0.12798627       10.912196      -3.7297014       -3.7297014       10.912196                       10.912196
              4       1.8795179       72.202832     0.026407953      0.13188939       11.218439      -3.7297014       -3.7297014       11.218439                       11.218439
              5       1.7491402       72.580716     0.026867633      0.12809985       10.957683      -3.7297014       -3.7297014       10.957683                       10.957683
              1       1.6213277       72.372232     0.026745498       0.1268547       10.702058      -3.7297014       -3.7297014       10.702058                       10.702058
              1       1.5206442       73.008971     0.027890952      0.13156203       10.500691      -3.7297014       -3.7297014       10.500691                       10.500691
              4       1.4730656       72.127045     0.026635881      0.12892786       10.405534      -3.7297014       -3.7297014       10.405534                       10.405534
              1       1.4695825       72.134224     0.026639715       0.1289131       10.398568      -3.7297014       -3.7297014       10.398568                       10.398568
              3       2.1282808       69.701221      0.02307448      0.12389632       11.715964      -3.7297014       -3.7297014       11.715964                       11.715964
              2       1.4189488       71.298844     0.025707747      0.12458942       10.297301      -3.7297014       -3.7297014       10.297301                       10.297301
              1        1.638763       71.544623     0.025686077      0.12443694       10.736929      -3.7297014       -3.7297014       10.736929                       10.736929
              1       2.6255303        68.80424     0.021756729      0.12103762       12.710464      -3.7297014       -3.7297014       12.710464                       12.710464
              4       3.1007918       68.504948     0.021260804      0.12088419       13.660987      -3.7297014       -3.7297014       13.660987                       13.660987
              1        3.116242       68.500852     0.021249475      0.12079995       13.691887      -3.7297014       -3.7297014       13.691887                       13.691887
              2       2.7293174       72.987617     0.027349864      0.12519492       12.918038      -3.7297014       -3.7297014       12.918038                       12.918038
              2        2.783509       72.376052     0.026382651      0.12491944       13.026421      -3.7297014       -3.7297014       13.026421                       13.026421
              2       2.7555255       72.378153     0.026363822       0.1252488       12.970454      -3.7297014       -3.7297014       12.970454                       12.970454
              1       2.7485481       74.026647     0.028504374      0.12954937       12.956499      -3.7297014       -3.7297014       12.956499                       12.956499
              1       2.0755787       73.260993     0.028226884      0.13539687        11.61056      -3.7297014       -3.7297014        11.61056                        11.61056
              3       2.1042714       72.969555     0.027816517      0.13477988       11.667946      -3.7297014       -3.7297014       11.667946                       11.667946
              4       1.9552511        72.86167     0.027744373      0.13351158       11.369905      -3.7297014       -3.7297014       11.369905                       11.369905
              2       1.7237856       70.143433     0.024229925      0.12450809       10.906974      -3.7297014       -3.7297014       10.906974                       10.906974
              4       1.5715366        71.18987     0.025429255       0.1270462       10.602476      -3.7297014       -3.7297014       10.602476                       10.602476
              2       2.4912438       69.055492     0.022947334      0.12377193       12.441891      -3.7297014       -3.7297014       12.441891                       12.441891
              2       2.2189951       68.051319     0.022136688       0.1160914       11.897393      -3.7297014       -3.7297014       11.897393                       11.897393
              2        3.027482       68.043713     0.021512185      0.12271222       13.514367      -3.7297014       -3.7297014       13.514367                       13.514367
              1       2.3901572       69.788115     0.023093651      0.12492141       12.239717      -3.7297014       -3.7297014       12.239717                       12.239717
              1       1.5078371       69.553981     0.023323456      0.11863901       10.475077      -3.7297014       -3.7297014       10.475077                       10.475077
              1       1.8537244       68.450578      0.02170756      0.11544235       11.166852      -3.7297014       -3.7297014       11.166852                       11.166852
              1       1.4314875       67.905701      0.02131423      0.11552278       10.322378      -3.7297014       -3.7297014       10.322378                       10.322378
              1        1.434341       68.131811     0.021588919       0.1162366       10.328085      -3.7297014       -3.7297014       10.328085                       10.328085
              3       1.6134381       68.147593     0.022012957      0.11444654       10.686279      -3.7297014       -3.7297014       10.686279                       10.686279
              2       3.6990859       70.918316     0.024353898      0.13295902       14.857575      -3.7297014       -3.7297014       14.857575                       14.857575
              1       5.2285846       70.152761     0.022768787      0.12615691       17.916572      -3.7297014       -3.7297014       17.916572                       17.916572
              2       2.2468928       67.436907     0.021106824      0.10860125       11.953188      -3.7297014       -3.7297014       11.953188                       11.953188
              1        2.406151       69.041844     0.022856988      0.11259496       12.271705      -3.7297014       -3.7297014       12.271705                       12.271705
              2         2.29251       69.406144      0.02377661      0.11427179       12.044423      -3.7297014       -3.7297014       12.044423                       12.044423
              2       1.7725954       68.010211     0.021918237      0.11296024       11.004594      -3.7297014       -3.7297014       11.004594                       11.004594
              2       1.8316106       67.981598     0.021910209      0.11266474       11.122624      -3.7297014       -3.7297014       11.122624                       11.122624
              2       1.7088088       68.288104     0.022253535      0.11544549       10.877021      -3.7297014       -3.7297014       10.877021                       10.877021
              1       1.6830291       68.246587     0.022185507      0.11532809       10.825461      -3.7297014       -3.7297014       10.825461                       10.825461
              3        1.895084       68.521138     0.022147991      0.12069664       11.249571      -3.7297014       -3.7297014       11.249571                       11.249571
              4       2.1758989       63.767562     0.016675921      0.10663123       11.811201      -3.7297014       -3.7297014       11.811201                       11.811201
              2       2.2055534        67.21172     0.020398332      0.11821034        11.87051      -3.7297014       -3.7297014        11.87051                        11.87051
              1       2.3409577       68.588917     0.022225004      0.12246245       12.141318      -3.7297014       -3.7297014       12.141318                       12.141318
              1       2.4652588       69.525266      0.02290083      0.11705038        12.38992      -3.7297014       -3.7297014        12.38992                        12.38992
              2       2.3110167       69.583487     0.022873515      0.11934761       12.081436      -3.7297014       -3.7297014       12.081436                       12.081436
              3       1.7957252       69.832909     0.023417097       0.1198346       11.050853      -3.7297014       -3.7297014       11.050853                       11.050853
              2       2.3452671       69.595547     0.023102386       0.1256977       12.149937      -3.7297014       -3.7297014       12.149937                       12.149937
              1       1.5676783       69.801837     0.023857836      0.12224747        10.59476      -3.7297014       -3.7297014        10.59476                        10.59476
              3       1.7357547       67.971064     0.021339805      0.11272218       10.930912      -3.7297014       -3.7297014       10.930912                       10.930912
              3       1.6202961       68.821391       0.0223726      0.11590831       10.699995      -3.7297014       -3.7297014       10.699995                       10.699995
              1         1.71825       68.995796     0.022382083      0.11829755       10.895903      -3.7297014       -3.7297014       10.895903                       10.895903
              1       1.5422654       67.740596     0.020957338      0.11495417       10.543934      -3.7297014       -3.7297014       10.543934                       10.543934
              5       2.4158071       67.688998     0.020933003      0.10984112       12.291017      -3.7297014       -3.7297014       12.291017                       12.291017
              5       2.3938266       67.610178      0.02084382      0.10964911       12.247056      -3.7297014       -3.7297014       12.247056                       12.247056
              1       2.7229551       67.408361     0.020535618       0.1085783       12.905313      -3.7297014       -3.7297014       12.905313                       12.905313
              1       2.4560958       69.936819     0.023957757      0.11495829       12.371594      -3.7297014       -3.7297014       12.371594                       12.371594
              1       3.3724882       69.913848     0.024063662      0.11252044       14.204379      -3.7297014       -3.7297014       14.204379                       14.204379
              2       3.2450821       69.815665     0.024065404      0.11235986       13.949567      -3.7297014       -3.7297014       13.949567                       13.949567
              1       4.8364066       70.310968     0.023777089      0.11453212       17.132216      -3.7297014       -3.7297014       17.132216                       17.132216
              3       5.2168836       66.449591     0.018582224      0.10786795        17.89317      -3.7297014       -3.7297014        17.89317                        17.89317
              8       3.5749296       67.009043     0.019855791      0.10684065       14.609262      -3.7297014       -3.7297014       14.609262                       14.609262
              1       4.0840819        68.93588     0.021623691      0.12503231       15.627567      -3.7297014       -3.7297014       15.627567                       15.627567
              4       1.7209815        70.90288     0.025399051      0.12537759       10.901366      -3.7297014       -3.7297014       10.901366                       10.901366
              1       1.8660217       71.453413     0.026035633      0.12830969       11.191446      -3.7297014       -3.7297014       11.191446                       11.191446
              2       1.7108548       72.353432     0.027390149      0.12579689       10.881113      -3.7297014       -3.7297014       10.881113                       10.881113
              4       2.2437337        72.31625     0.027532411      0.12869855        11.94687      -3.7297014       -3.7297014        11.94687                        11.94687
              1         3.57713       69.623759     0.024576319      0.11889927       14.613663      -3.7297014       -3.7297014       14.613663                       14.613663
              5       2.8768792       69.550408     0.024298424      0.11885746       13.213161      -3.7297014       -3.7297014       13.213161                       13.213161
              1       1.9503613       69.156583     0.023483067      0.11676717       11.360126      -3.7297014       -3.7297014       11.360126                       11.360126
              1       2.6314907       67.867835     0.022099898      0.11410408       12.722384      -3.7297014       -3.7297014       12.722384                       12.722384
              2       2.5255172       67.079976      0.02108656      0.11161521       12.510437      -3.7297014       -3.7297014       12.510437                       12.510437
             11       2.0116836       67.677149     0.021135566      0.11016739        11.48277      -3.7297014       -3.7297014        11.48277                        11.48277
              1        2.010867       67.679247     0.021139481      0.11017244       11.481137      -3.7297014       -3.7297014       11.481137                       11.481137
              2        2.895699       66.140047     0.019786004      0.10429516       13.250801      -3.7297014       -3.7297014       13.250801                       13.250801
              2       2.6739701       66.341735     0.019967698      0.10511831       12.807343      -3.7297014       -3.7297014       12.807343                       12.807343
              3       2.9913995       67.199434     0.021322273      0.10853267       13.442202      -3.7297014       -3.7297014       13.442202                       13.442202
              1        2.578074       67.127484     0.020017919      0.11881926       12.615551      -3.7297014       -3.7297014       12.615551                       12.615551
              2       3.7304289        64.28957     0.016863377      0.11325096       14.920261      -3.7297014       -3.7297014       14.920261                       14.920261
              5       1.9344964        65.06475     0.017597446      0.11056358       11.328396      -3.7297014       -3.7297014       11.328396                       11.328396
              2       1.7508315       64.866566      0.01743472       0.1094195       10.961066      -3.7297014       -3.7297014       10.961066                       10.961066
              3        1.832809       64.729882     0.017579029       0.1094841       11.125021      -3.7297014       -3.7297014       11.125021                       11.125021
              1       1.6729925       65.438257     0.018614716      0.10945954       10.805388      -3.7297014       -3.7297014       10.805388                       10.805388
              1       1.4990628       65.152799     0.018204346      0.10645071       10.457528      -3.7297014       -3.7297014       10.457528                       10.457528
              7       1.5443611       65.039086     0.018058063      0.10547794       10.548125      -3.7297014       -3.7297014       10.548125                       10.548125
              4       1.5728244       66.150565      0.01904354      0.10940418       10.605052      -3.7297014       -3.7297014       10.605052                       10.605052
              1       2.2662654        67.30963     0.020293615      0.11045293       11.991934      -3.7297014       -3.7297014       11.991934                       11.991934
              4       2.3493599       65.373837     0.018863958      0.10864026       12.158123      -3.7297014       -3.7297014       12.158123                       12.158123
              3       2.5715742       65.160915     0.018288025      0.11208587       12.602551      -3.7297014       -3.7297014       12.602551                       12.602551
              2       2.5432277       63.651228     0.016093521      0.10901927       12.545858      -3.7297014       -3.7297014       12.545858                       12.545858
              1       3.0859414       63.838233     0.016150461      0.11071886       13.631286      -3.7297014       -3.7297014       13.631286                       13.631286
              1       3.0143465       63.570863     0.015411322      0.10615935       13.488096      -3.7297014       -3.7297014       13.488096                       13.488096
              2       2.3187118       64.494427     0.016665715      0.10689289       12.096826      -3.7297014       -3.7297014       12.096826                       12.096826
              2       1.8386383       63.966353     0.016966697       0.1022773       11.136679      -3.7297014       -3.7297014       11.136679                       11.136679
              5       1.6349988       64.642133     0.017646147      0.10704348       10.729401      -3.7297014       -3.7297014       10.729401                       10.729401
              4       1.6643823       64.860052     0.017876279      0.10820279       10.788168      -3.7297014       -3.7297014       10.788168                       10.788168
              2        1.420455       65.508251     0.018497765      0.10873953       10.300313      -3.7297014       -3.7297014       10.300313                       10.300313
              8       1.4562008       65.265205     0.018045416      0.10837817       10.371805      -3.7297014       -3.7297014       10.371805                       10.371805
              4       1.5626546       62.771813     0.015396571      0.10017383       10.584712      -3.7297014       -3.7297014       10.584712                       10.584712
              4       1.6313352       63.648665      0.01642967         0.10464       10.722073      -3.7297014       -3.7297014       10.722073                       10.722073
              2       4.1903775       64.117474     0.017788545      0.10156462       15.840158      -3.7297014       -3.7297014       15.840158                       15.840158
              5       2.0207003       67.675197     0.021643141      0.11208139       11.500804      -3.7297014       -3.7297014       11.500804                       11.500804
              1       2.1473417       68.196946     0.021277854      0.11456921       11.754086      -3.7297014       -3.7297014       11.754086                       11.754086
              7       1.8339357       70.179699     0.023755912      0.12318453       11.127274      -3.7297014       -3.7297014       11.127274                       11.127274
              1       2.8949792       70.177712     0.023340794      0.12515565       13.249361      -3.7297014       -3.7297014       13.249361                       13.249361
              4       3.5141407       72.871129     0.026544849      0.13015069       14.487684      -3.7297014       -3.7297014       14.487684                       14.487684
              2        2.918024       72.536866     0.026287381      0.13452866       13.295451      -3.7297014       -3.7297014       13.295451                       13.295451
              1       2.1714252       72.303819     0.026222206      0.13083966       11.802253      -3.7297014       -3.7297014       11.802253                       11.802253
              2        2.700457        70.40831     0.023790179      0.12796731       12.860317      -3.7297014       -3.7297014       12.860317                       12.860317
              1       2.5185721       70.545779     0.024043248      0.12826148       12.496547      -3.7297014       -3.7297014       12.496547                       12.496547
              1       2.2986028       68.313162     0.022058952      0.12084058       12.056609      -3.7297014       -3.7297014       12.056609                       12.056609
              3       2.4449941       67.018292     0.020148241      0.11837817       12.349391      -3.7297014       -3.7297014       12.349391                       12.349391
              3       3.3950638       67.632124     0.021673814      0.11851517       14.249531      -3.7297014       -3.7297014       14.249531                       14.249531
              2       3.0766722       68.828361     0.022533504      0.12505552       13.612747      -3.7297014       -3.7297014       13.612747                       13.612747
              1       4.2642755       67.368705     0.020130699      0.12327421       15.987954      -3.7297014       -3.7297014       15.987954                       15.987954
              1       4.1450341       67.525333     0.020340726      0.12356637       15.749471      -3.7297014       -3.7297014       15.749471                       15.749471
              1       3.0469096        67.52382     0.020165814      0.11940398       13.553222      -3.7297014       -3.7297014       13.553222                       13.553222
              1       4.5115062       65.684281     0.019804988      0.10568006       16.482415      -3.7297014       -3.7297014       16.482415                       16.482415
              4       2.4540551       66.114854     0.019823957      0.10665302       12.367513      -3.7297014       -3.7297014       12.367513                       12.367513
             10       2.3801172       66.071821     0.019765081      0.10703096       12.219637      -3.7297014       -3.7297014       12.219637                       12.219637
              1       1.9870639       64.809006     0.018062167       0.1067616       11.433531      -3.7297014       -3.7297014       11.433531                       11.433531
              1       2.2675833       66.065671     0.019710493      0.11002744        11.99457      -3.7297014       -3.7297014        11.99457                        11.99457
              8        2.521024       66.005026     0.019750186       0.1081684       12.501451      -3.7297014       -3.7297014       12.501451                       12.501451
              1       4.9691769       66.099286     0.020409047      0.10646517       17.397757      -3.7297014       -3.7297014       17.397757                       17.397757
              1        4.076439       71.752397     0.027338823      0.12689632       15.612281      -3.7297014       -3.7297014       15.612281                       15.612281
              1       2.9638197       72.721959     0.028408764      0.12416423       13.387042      -3.7297014       -3.7297014       13.387042                       13.387042
              4       2.6288777       71.869026     0.027211185      0.12280705       12.717158      -3.7297014       -3.7297014       12.717158                       12.717158
              1       2.6329586       71.680551      0.02697745      0.12289456        12.72532      -3.7297014       -3.7297014        12.72532                        12.72532
              2        2.905024       71.876134     0.027320876      0.12352198       13.269451      -3.7297014       -3.7297014       13.269451                       13.269451
              1       2.2916073       71.661763     0.025514148      0.12454661       12.042617      -3.7297014       -3.7297014       12.042617                       12.042617
              3       2.1508259        67.20665     0.020161575      0.11067151       11.761055      -3.7297014       -3.7297014       11.761055                       11.761055
              6       2.3447029       69.479799     0.023145239      0.11498198       12.148809      -3.7297014       -3.7297014       12.148809                       12.148809
              5       1.4534768        73.81327     0.028984598      0.13182005       10.366357      -3.7297014       -3.7297014       10.366357                       10.366357
              3       1.4873144       68.850377     0.022522102      0.11634651       10.434032      -3.7297014       -3.7297014       10.434032                       10.434032
              1       1.4887126        68.77147     0.022391395      0.11630666       10.436828      -3.7297014       -3.7297014       10.436828                       10.436828
              4       1.4917422       68.455397     0.022064699      0.11504417       10.442887      -3.7297014       -3.7297014       10.442887                       10.442887
             13       2.4474624       71.632662     0.025411969      0.12458576       12.354328      -3.7297014       -3.7297014       12.354328                       12.354328
              1       1.6153434       71.893158     0.026493856      0.12366174        10.69009      -3.7297014       -3.7297014        10.69009                        10.69009
              6       1.4981832       71.749042     0.026314148       0.1242372       10.455769      -3.7297014       -3.7297014       10.455769                       10.455769
              1        2.006455       72.745082       0.0274911       0.1244285       11.472313      -3.7297014       -3.7297014       11.472313                       11.472313
              1       2.6451242       72.261683     0.027403988      0.12074458       12.749651      -3.7297014       -3.7297014       12.749651                       12.749651
              1       2.6614363       72.184362     0.027297555      0.12045464       12.782275      -3.7297014       -3.7297014       12.782275                       12.782275
              1       3.8034481       69.136914     0.023686209      0.12266176       15.066299      -3.7297014       -3.7297014       15.066299                       15.066299
              1       3.0184276       71.160872     0.025000126      0.13275506       13.496258      -3.7297014       -3.7297014       13.496258                       13.496258
              3       2.8736131       70.253686     0.023492465      0.12198544       13.206629      -3.7297014       -3.7297014       13.206629                       13.206629
              2       2.2489351       70.086409     0.023890245      0.11704849       11.957273      -3.7297014       -3.7297014       11.957273                       11.957273
              3       2.7252018       70.623339     0.025609981      0.11818498       12.909806      -3.7297014       -3.7297014       12.909806                       12.909806
              1       2.7487206       70.782762     0.025845388      0.11917111       12.956844      -3.7297014       -3.7297014       12.956844                       12.956844
              3       2.0290586       72.516537     0.027614573      0.12363045        11.51752      -3.7297014       -3.7297014        11.51752                        11.51752
              5       1.8767886       72.956174     0.027283454      0.12897374        11.21298      -3.7297014       -3.7297014        11.21298                        11.21298
              2       1.8001922       70.046919     0.024015566      0.11775054       11.059787      -3.7297014       -3.7297014       11.059787                       11.059787
              1       3.7615733       70.647442     0.024573147      0.11514356        14.98255      -3.7297014       -3.7297014        14.98255                        14.98255
              7       4.2170933       67.039459     0.019305431      0.11222809        15.89359      -3.7297014       -3.7297014        15.89359                        15.89359
              5       5.1113712       68.378448     0.020674341      0.11881055       17.682145      -3.7297014       -3.7297014       17.682145                       17.682145
              3       1.6241749       70.106816     0.023896745      0.12025134       10.707753      -3.7297014       -3.7297014       10.707753                       10.707753
              2       1.6168095       69.086799     0.023187108      0.11792054       10.693022      -3.7297014       -3.7297014       10.693022                       10.693022
              4         1.63293       66.680668     0.019715548      0.11412874       10.725263      -3.7297014       -3.7297014       10.725263                       10.725263
              3       1.8033164        66.16962     0.018927459      0.11284366       11.066036      -3.7297014       -3.7297014       11.066036                       11.066036
              2       1.5781345        65.97131     0.018770067       0.1105627       10.615672      -3.7297014       -3.7297014       10.615672                       10.615672
              5       2.3072656       67.382281     0.020176456      0.11314992       12.073934      -3.7297014       -3.7297014       12.073934                       12.073934
              5       2.3207955       67.491805      0.02027568      0.11421046       12.100994      -3.7297014       -3.7297014       12.100994                       12.100994
              4       2.8867165       67.137194     0.019926534      0.10945866       13.232836      -3.7297014       -3.7297014       13.232836                       13.232836
              1       2.0729994       68.544854     0.021895262      0.11388895       11.605402      -3.7297014       -3.7297014       11.605402                       11.605402
              1       1.8399385        68.05938     0.021571414      0.11194441        11.13928      -3.7297014       -3.7297014        11.13928                        11.13928
              2       2.0207193       68.888041     0.023015037      0.11357162       11.500841      -3.7297014       -3.7297014       11.500841                       11.500841
              2       2.8650286       69.429151     0.023639694       0.1121701        13.18946      -3.7297014       -3.7297014        13.18946                        13.18946
              3       4.1571698       64.071415     0.017646086      0.10592341       15.773743      -3.7297014       -3.7297014       15.773743                       15.773743
              3       4.8256173       63.310513     0.016910802      0.10053044       17.110637      -3.7297014       -3.7297014       17.110637                       17.110637
              1       2.3797004       64.443791      0.01658669      0.10687118       12.218804      -3.7297014       -3.7297014       12.218804                       12.218804
              1       1.6475858       68.508173       0.0218381      0.11658441       10.754574      -3.7297014       -3.7297014       10.754574                       10.754574
              6       1.5344047       68.308026     0.021707269       0.1178605       10.528212      -3.7297014       -3.7297014       10.528212                       10.528212
              2       2.2206674       68.644987     0.022939438      0.11638139       11.900738      -3.7297014       -3.7297014       11.900738                       11.900738
              2       2.3989347       67.708317     0.021828199      0.11360933       12.257272      -3.7297014       -3.7297014       12.257272                       12.257272
              1       2.8437891       72.686824     0.027925339      0.12126859       13.146981      -3.7297014       -3.7297014       13.146981                       13.146981
              2       2.9986246       72.529828     0.026910157      0.12225973       13.456652      -3.7297014       -3.7297014       13.456652                       13.456652
              6       2.9679901       71.846113     0.026579634      0.11856912       13.395383      -3.7297014       -3.7297014       13.395383                       13.395383
              2       2.4154796       70.076574     0.023413065      0.12544743       12.290362      -3.7297014       -3.7297014       12.290362                       12.290362
              2       2.3066686       71.074154      0.02500114      0.13030356        12.07274      -3.7297014       -3.7297014        12.07274                        12.07274
              2       2.0006524       71.735906      0.02580139      0.13101397       11.460708      -3.7297014       -3.7297014       11.460708                       11.460708
              1       2.8000268       72.320697     0.026124713      0.13446906       13.059457      -3.7297014       -3.7297014       13.059457                       13.059457
             11        1.948089       74.711276      0.02937468      0.13927768       11.355581      -3.7297014       -3.7297014       11.355581                       11.355581
              3       1.9954475       73.661322     0.028969309      0.12685563       11.450298      -3.7297014       -3.7297014       11.450298                       11.450298
              2       4.9625723       74.102779     0.029927135      0.12073295       17.384547      -3.7297014       -3.7297014       17.384547                       17.384547
              1       6.4980384       73.726517     0.028021283      0.12194482        20.45548      -3.7297014       -3.7297014        20.45548                        20.45548
              2       8.4708241       73.360656      0.02763517      0.11799795       24.401051      -3.7297014       -3.7297014       24.401051                       24.401051
              4       3.5515955       66.714772     0.020198274      0.10377653       14.562594      -3.7297014       -3.7297014       14.562594                       14.562594
              3       1.6577605       69.257853     0.023406364      0.11666637       10.774924      -3.7297014       -3.7297014       10.774924                       10.774924
              1       1.4988806        69.47324     0.023562193      0.11847403       10.457164      -3.7297014       -3.7297014       10.457164                       10.457164
              3       1.4298684       67.698316     0.021162901      0.11510082        10.31914      -3.7297014       -3.7297014        10.31914                        10.31914
              1       1.7013108       67.801123     0.021586916      0.11226037       10.862024      -3.7297014       -3.7297014       10.862024                       10.862024
              2       1.6597475       67.456275     0.020974104      0.11091189       10.778898      -3.7297014       -3.7297014       10.778898                       10.778898
              6       2.4201262       69.662983     0.023510213      0.11464309       12.299655      -3.7297014       -3.7297014       12.299655                       12.299655
              4       2.0046769       74.338752     0.029353231        0.129873       11.468757      -3.7297014       -3.7297014       11.468757                       11.468757
              2       2.2381822       74.034235     0.029211558      0.12719762       11.935767      -3.7297014       -3.7297014       11.935767                       11.935767
              1       2.1244847       73.534622      0.02855184      0.12616363       11.708372      -3.7297014       -3.7297014       11.708372                       11.708372
              5       3.4518168       74.770675     0.029802425       0.1275737       14.363036      -3.7297014       -3.7297014       14.363036                       14.363036
              4       3.0289737       67.136893     0.021098247      0.10677069        13.51735      -3.7297014       -3.7297014        13.51735                        13.51735
              3       1.7285512       68.558131     0.021970553      0.11509799       10.916505      -3.7297014       -3.7297014       10.916505                       10.916505
              3       1.5955613       68.480346      0.02182376      0.11797782       10.650525      -3.7297014       -3.7297014       10.650525                       10.650525
              5        1.521642       68.781108     0.022261425      0.11854985       10.502687      -3.7297014       -3.7297014       10.502687                       10.502687
              1       2.2220709       72.406318     0.027690384      0.12804372       11.903545      -3.7297014       -3.7297014       11.903545                       11.903545
              3        3.401274       70.462619     0.024865922      0.12951344       14.261951      -3.7297014       -3.7297014       14.261951                       14.261951
              1       3.1526568       70.337172     0.024615975      0.12904546       13.764716      -3.7297014       -3.7297014       13.764716                       13.764716
              6       2.1471452       71.292069     0.026276468       0.1217184       11.753693      -3.7297014       -3.7297014       11.753693                       11.753693
              1       1.4651427       71.823609     0.026431759      0.12497736       10.389688      -3.7297014       -3.7297014       10.389688                       10.389688
              1       1.5748626       74.354735      0.02982682      0.13226245       10.609128      -3.7297014       -3.7297014       10.609128                       10.609128
              3       2.8069781        68.24238     0.022302959      0.10943572       13.073359      -3.7297014       -3.7297014       13.073359                       13.073359
              3       2.5199589       72.622181     0.026675716      0.12683275       12.499321      -3.7297014       -3.7297014       12.499321                       12.499321
              1       5.3505805       68.642349     0.023129643      0.12383607       18.160564      -3.7297014       -3.7297014       18.160564                       18.160564
              4        5.275074       65.865044     0.018706008      0.12042744       18.009551      -3.7297014       -3.7297014       18.009551                       18.009551
              3       6.2724472       67.096304     0.020116077      0.12575119       20.004297      -3.7297014       -3.7297014       20.004297                       20.004297
              3       5.9792682        70.43099     0.024667317      0.13473624       19.417939      -3.7297014       -3.7297014       19.417939                       19.417939
              2       2.9882108       65.478745     0.018453182      0.11489206       13.435824      -3.7297014       -3.7297014       13.435824                       13.435824
             10       1.7570385       72.843077     0.027462978       0.1334504        10.97348      -3.7297014       -3.7297014        10.97348                        10.97348
              4        1.911006       72.759311     0.027256112      0.13406899       11.281415      -3.7297014       -3.7297014       11.281415                       11.281415
              1       2.4030272       71.840499      0.02639363      0.13223327       12.265457      -3.7297014       -3.7297014       12.265457                       12.265457
              1       2.3767725        71.93599     0.027200372      0.12325482       12.212948      -3.7297014       -3.7297014       12.212948                       12.212948
              2       3.2461166       66.847712     0.019787585      0.10628407       13.951636      -3.7297014       -3.7297014       13.951636                       13.951636
              3       1.6481358       68.927773     0.022652473       0.1152417       10.755675      -3.7297014       -3.7297014       10.755675                       10.755675
              5       1.6440127        68.92395     0.022645037      0.11526374       10.747428      -3.7297014       -3.7297014       10.747428                       10.747428
              2       2.7616326       68.652842     0.021563141      0.11729629       12.982668      -3.7297014       -3.7297014       12.982668                       12.982668
              1        2.758717       71.496625     0.025001727      0.12776885       12.976837      -3.7297014       -3.7297014       12.976837                       12.976837
              4       2.0690124       72.686415     0.027057727      0.13453543       11.597428      -3.7297014       -3.7297014       11.597428                       11.597428
              3       1.9805396       71.734687     0.026331689      0.13004518       11.420482      -3.7297014       -3.7297014       11.420482                       11.420482
              2        1.907982       71.927655     0.026553895      0.13044217       11.275367      -3.7297014       -3.7297014       11.275367                       11.275367
              1       2.4777864        73.60185     0.027818277      0.13122323       12.414976      -3.7297014       -3.7297014       12.414976                       12.414976
              1       3.7891225       70.381567     0.023450756      0.12177487       15.037648      -3.7297014       -3.7297014       15.037648                       15.037648
              2       5.2453825       69.991344     0.023922795      0.11034911       17.950168      -3.7297014       -3.7297014       17.950168                       17.950168
              2       1.6683853       73.268192     0.028459791      0.13140494       10.796174      -3.7297014       -3.7297014       10.796174                       10.796174
              5       1.9085727       73.105699     0.028466542      0.12715663       11.276548      -3.7297014       -3.7297014       11.276548                       11.276548
              1       1.6984482       72.317868     0.026758769      0.13148782       10.856299      -3.7297014       -3.7297014       10.856299                       10.856299
              5       1.5878617        69.38584     0.022945358      0.11971886       10.635126      -3.7297014       -3.7297014       10.635126                       10.635126
              2       1.5850924       73.051042     0.027517945      0.13082051       10.629588      -3.7297014       -3.7297014       10.629588                       10.629588
              1       1.4871521       72.818741     0.027348041      0.13075347       10.433707      -3.7297014       -3.7297014       10.433707                       10.433707
              1       2.1113026       72.194814     0.027170427      0.12220547       11.682008      -3.7297014       -3.7297014       11.682008                       11.682008
              5       1.9632828       73.238388     0.028459684       0.1329822       11.385969      -3.7297014       -3.7297014       11.385969                       11.385969
              1       1.8530262       72.334215     0.027289274       0.1297698       11.165455      -3.7297014       -3.7297014       11.165455                       11.165455
              3       1.8568616       71.188825     0.025007241      0.12711058       11.173126      -3.7297014       -3.7297014       11.173126                       11.173126
              3         1.67881        71.55712     0.025569477      0.12738733       10.817023      -3.7297014       -3.7297014       10.817023                       10.817023
              3       1.6116395       73.748851       0.0283746      0.13432198       10.682682      -3.7297014       -3.7297014       10.682682                       10.682682
              4       1.4558548        73.20304     0.028128645      0.13140594       10.371112      -3.7297014       -3.7297014       10.371112                       10.371112
              3       1.5847091       69.660346     0.023284935      0.12117549       10.628821      -3.7297014       -3.7297014       10.628821                       10.628821
              1       1.5200143       69.750385     0.023457973      0.12103763       10.499432      -3.7297014       -3.7297014       10.499432                       10.499432
             12        1.581487       63.913006     0.016784397      0.10323888       10.622377      -3.7297014       -3.7297014       10.622377                       10.622377
             12       1.7204314       64.432865     0.017048241      0.10326237       10.900266      -3.7297014       -3.7297014       10.900266                       10.900266
              2        1.865681       70.431855     0.024935147      0.11853028       11.190765      -3.7297014       -3.7297014       11.190765                       11.190765
              3       2.3665674       70.623205     0.024893343      0.12820865       12.192538      -3.7297014       -3.7297014       12.192538                       12.192538
              1       1.8511088       73.251854     0.028174365      0.13459385       11.161621      -3.7297014       -3.7297014       11.161621                       11.161621
              6       2.3334811       72.683489     0.028096744      0.12870714       12.126365      -3.7297014       -3.7297014       12.126365                       12.126365
              7       2.2940518       74.057419     0.029633211      0.13587801       12.047507      -3.7297014       -3.7297014       12.047507                       12.047507
              4       1.7792206       71.122648      0.02525442      0.12822825       11.017844      -3.7297014       -3.7297014       11.017844                       11.017844
              3       1.4140315       71.323643     0.025671607       0.1245386       10.287466      -3.7297014       -3.7297014       10.287466                       10.287466
              6       1.4338772       69.864173     0.023745015       0.1213198       10.327157      -3.7297014       -3.7297014       10.327157                       10.327157
              1       1.5543623       70.244469     0.024099697      0.12099542       10.568128      -3.7297014       -3.7297014       10.568128                       10.568128
              6       2.1852747       69.911513     0.024313347       0.1156409       11.829952      -3.7297014       -3.7297014       11.829952                       11.829952
              1        2.097351       69.725234     0.024264184      0.11762428       11.654105      -3.7297014       -3.7297014       11.654105                       11.654105
              1        2.104825       70.729123     0.025484862      0.11917867       11.669053      -3.7297014       -3.7297014       11.669053                       11.669053
              4       2.7953213       69.138939     0.022878493      0.11218699       13.050045      -3.7297014       -3.7297014       13.050045                       13.050045
              2       1.9150895       65.696446     0.018247325      0.10978986       11.289582      -3.7297014       -3.7297014       11.289582                       11.289582
              2       2.2438053       64.938889     0.017221955      0.10897164       11.947014      -3.7297014       -3.7297014       11.947014                       11.947014
              2       2.0561816       66.943348     0.019691016      0.11423201       11.571766      -3.7297014       -3.7297014       11.571766                       11.571766
              2       1.9822604       66.935679     0.019942942      0.11650932       11.423924      -3.7297014       -3.7297014       11.423924                       11.423924
              1       1.4268658       71.210763     0.025618787      0.12449852       10.313135      -3.7297014       -3.7297014       10.313135                       10.313135
              5       3.6796379       68.823845     0.023547048      0.11185099       14.818679      -3.7297014       -3.7297014       14.818679                       14.818679
             11       1.4501723        72.44027     0.027008822      0.12739842       10.359747      -3.7297014       -3.7297014       10.359747                       10.359747
              1       1.7458607       71.045114     0.025759329      0.12281509       10.951124      -3.7297014       -3.7297014       10.951124                       10.951124
              4       1.7231598       70.908569     0.025570649        0.122491       10.905723      -3.7297014       -3.7297014       10.905723                       10.905723
              1       1.7277104       67.545795     0.021239786      0.11115399       10.914824      -3.7297014       -3.7297014       10.914824                       10.914824
              4       2.1692797       68.405792     0.022609507      0.11339896       11.797962      -3.7297014       -3.7297014       11.797962                       11.797962
              2       1.8628808       68.714164     0.022880767      0.11611816       11.185165      -3.7297014       -3.7297014       11.185165                       11.185165
              4       1.4485072       66.965568     0.020132926      0.11221986       10.356417      -3.7297014       -3.7297014       10.356417                       10.356417
              2       1.4748922       67.573625     0.020867348      0.11351725       10.409187      -3.7297014       -3.7297014       10.409187                       10.409187
              1       2.3946204       68.750926     0.022666304      0.11159394       12.248644      -3.7297014       -3.7297014       12.248644                       12.248644
              1       2.1646735       69.198934     0.023436619      0.11388346        11.78875      -3.7297014       -3.7297014        11.78875                        11.78875
              6       1.8164987       71.172544     0.025571832      0.12047973         11.0924      -3.7297014       -3.7297014         11.0924                         11.0924
              1       2.1451334       73.985425     0.028539043      0.13098432        11.74967      -3.7297014       -3.7297014        11.74967                        11.74967
              5       1.9617397       73.461644     0.027835445      0.13114317       11.382882      -3.7297014       -3.7297014       11.382882                       11.382882
              8       1.8807105       75.100843     0.029870082      0.13796734       11.220824      -3.7297014       -3.7297014       11.220824                       11.220824
              1        2.416116        73.69634     0.029006573      0.13663757       12.291635      -3.7297014       -3.7297014       12.291635                       12.291635
              3       2.4500223       73.211412     0.028389031      0.13521972       12.359447      -3.7297014       -3.7297014       12.359447                       12.359447
              3       2.3586758       73.170912     0.028284059      0.13514682       12.176755      -3.7297014       -3.7297014       12.176755                       12.176755
              5       2.0385573       74.159487     0.029223732      0.13874675       11.536518      -3.7297014       -3.7297014       11.536518                       11.536518
              4       2.0217544       73.847054     0.028978383      0.13700749       11.502912      -3.7297014       -3.7297014       11.502912                       11.502912
              4       1.4212783       74.124837     0.029262718      0.13376767        10.30196      -3.7297014       -3.7297014        10.30196                        10.30196
              2       1.4266745       73.971531     0.029005979      0.13380697       10.312752      -3.7297014       -3.7297014       10.312752                       10.312752
              1       1.4323625       74.061657      0.02911591      0.13423602       10.324128      -3.7297014       -3.7297014       10.324128                       10.324128
              1       2.1174342       72.269246     0.027491035      0.12717833       11.694271      -3.7297014       -3.7297014       11.694271                       11.694271
              3       2.8781958       72.019783     0.027205147       0.1300095       13.215795      -3.7297014       -3.7297014       13.215795                       13.215795
              1       2.1918668       72.523254     0.027465775      0.13247645       11.843137      -3.7297014       -3.7297014       11.843137                       11.843137
              1       1.9124139       71.625333     0.026298804      0.12873119       11.284231      -3.7297014       -3.7297014       11.284231                       11.284231
              1       1.7232243       72.985784       0.0276029      0.13375361       10.905852      -3.7297014       -3.7297014       10.905852                       10.905852
              3       2.4502615       72.747533     0.027138057      0.12469372       12.359926      -3.7297014       -3.7297014       12.359926                       12.359926
              3       2.9776113        73.64089     0.027975018      0.12804964       13.414625      -3.7297014       -3.7297014       13.414625                       13.414625
              2       1.9624396       73.909547     0.028831518       0.1286251       11.384282      -3.7297014       -3.7297014       11.384282                       11.384282
              4       2.0303722       73.830424     0.028711425      0.12820697       11.520147      -3.7297014       -3.7297014       11.520147                       11.520147
              1       2.3266702        72.71439     0.026807462      0.12782923       12.112743      -3.7297014       -3.7297014       12.112743                       12.112743
              2       2.1670345       64.789868     0.018131147      0.10564774       11.793472      -3.7297014       -3.7297014       11.793472                       11.793472
              1       3.1864107       64.722792     0.016892642      0.11230672       13.832224      -3.7297014       -3.7297014       13.832224                       13.832224
              5        3.311109        65.08204     0.017373119      0.11407333       14.081621      -3.7297014       -3.7297014       14.081621                       14.081621
              3       3.7065133       65.265611      0.01765798      0.11582217       14.872429      -3.7297014       -3.7297014       14.872429                       14.872429
              1       3.7873486       66.057599     0.018526076      0.11811858         15.0341      -3.7297014       -3.7297014         15.0341                         15.0341
              2       3.7554758       66.072463     0.018551393      0.11811961       14.970355      -3.7297014       -3.7297014       14.970355                       14.970355
              3       1.4191439       64.274332     0.016949035       0.1055538       10.297691      -3.7297014       -3.7297014       10.297691                       10.297691
              1        1.974679       65.725971     0.018397553      0.11268303       11.408761      -3.7297014       -3.7297014       11.408761                       11.408761
              7       2.1466238        65.70093     0.018535847      0.11366499       11.752651      -3.7297014       -3.7297014       11.752651                       11.752651
              2       2.7763106       65.552258     0.018390906      0.11494205       13.012024      -3.7297014       -3.7297014       13.012024                       13.012024
              2       4.8009208       68.105902     0.022749841      0.11764781       17.061245      -3.7297014       -3.7297014       17.061245                       17.061245
              1       1.7553134       70.107776     0.024461496      0.12259765        10.97003      -3.7297014       -3.7297014        10.97003                        10.97003
              1       1.4708884       67.246287     0.020637343      0.11428751        10.40118      -3.7297014       -3.7297014        10.40118                        10.40118
              1       1.4713824       67.267084     0.020655048       0.1143903       10.402168      -3.7297014       -3.7297014       10.402168                       10.402168
              1       1.4775527       67.162928     0.020517033      0.11421014       10.414508      -3.7297014       -3.7297014       10.414508                       10.414508
              1       1.4186125       67.077236      0.02034626      0.11312265       10.296628      -3.7297014       -3.7297014       10.296628                       10.296628
              2       1.5082928       72.198707     0.027018022      0.12671084       10.475988      -3.7297014       -3.7297014       10.475988                       10.475988
              2       1.4427123       72.513393     0.027228264      0.12727582       10.344827      -3.7297014       -3.7297014       10.344827                       10.344827
              9         1.73733       74.768276     0.029644031      0.13925109       10.934063      -3.7297014       -3.7297014       10.934063                       10.934063
              1       1.7867891         74.7732     0.029779648      0.13995599       11.032981      -3.7297014       -3.7297014       11.032981                       11.032981
              2       1.6142927       73.122226     0.028037768      0.13267884       10.687988      -3.7297014       -3.7297014       10.687988                       10.687988
              7       2.3543428       66.668358     0.019260847      0.11216531       12.168088      -3.7297014       -3.7297014       12.168088                       12.168088
              8       2.1650964       68.670733     0.021753352      0.11815355       11.789596      -3.7297014       -3.7297014       11.789596                       11.789596
              4       2.4578255       67.154163     0.020012789      0.11833048       12.375054      -3.7297014       -3.7297014       12.375054                       12.375054
              2       3.0946752       69.887022     0.023148721      0.11814251       13.648753      -3.7297014       -3.7297014       13.648753                       13.648753
              1       2.2301923       73.573064     0.028293251      0.12718928       11.919787      -3.7297014       -3.7297014       11.919787                       11.919787
              1       1.9986833       72.056763     0.026745336        0.131078       11.456769      -3.7297014       -3.7297014       11.456769                       11.456769
              2       1.9949463       70.494482     0.025077706      0.12373636       11.449295      -3.7297014       -3.7297014       11.449295                       11.449295
              3       1.7633461       72.336631     0.027084959      0.12405749       10.986095      -3.7297014       -3.7297014       10.986095                       10.986095
              2        1.937715       73.505668     0.028542824      0.12674094       11.334833      -3.7297014       -3.7297014       11.334833                       11.334833
              3       2.4680271       71.162834     0.025773703      0.11793956       12.395457      -3.7297014       -3.7297014       12.395457                       12.395457
              3       1.6523527       68.688492     0.022030987      0.11808418       10.764108      -3.7297014       -3.7297014       10.764108                       10.764108
              2       2.0840036       68.418788     0.022343002      0.11177465        11.62741      -3.7297014       -3.7297014        11.62741                        11.62741
              1       2.3953547       67.171428     0.020134117       0.1095637       12.250112      -3.7297014       -3.7297014       12.250112                       12.250112
              1       2.1823667       68.671393     0.021739995      0.11868124       11.824136      -3.7297014       -3.7297014       11.824136                       11.824136
              1       2.1403571       66.399139     0.019150137      0.11507101       11.740117      -3.7297014       -3.7297014       11.740117                       11.740117
              4       1.7903344       66.553814      0.01955193      0.10890532       11.040072      -3.7297014       -3.7297014       11.040072                       11.040072
              2       2.8660981       72.189974     0.026322499      0.12262498       13.191599      -3.7297014       -3.7297014       13.191599                       13.191599
              3       2.9531676        72.02123     0.025760788       0.1253785       13.365738      -3.7297014       -3.7297014       13.365738                       13.365738
              2        2.911838       73.350835     0.027342753      0.13082353       13.283079      -3.7297014       -3.7297014       13.283079                       13.283079
              3       4.2475107       74.465278     0.028617571      0.13107663       15.954424      -3.7297014       -3.7297014       15.954424                       15.954424
              4       3.8038824        71.34978      0.02460157      0.13222687       15.067168      -3.7297014       -3.7297014       15.067168                       15.067168
              1       2.6881288       70.635723      0.02534292      0.12624827        12.83566      -3.7297014       -3.7297014        12.83566                        12.83566
              5       2.2388407       74.273093     0.029842871      0.13696209       11.937084      -3.7297014       -3.7297014       11.937084                       11.937084
              2       2.5762206       73.907052     0.029446922       0.1364752       12.611844      -3.7297014       -3.7297014       12.611844                       12.611844
              1       2.6548543       65.128905     0.017959975      0.10197573       12.769112      -3.7297014       -3.7297014       12.769112                       12.769112
              1       1.5226338       65.196854     0.018284728      0.10767241        10.50467      -3.7297014       -3.7297014        10.50467                        10.50467
              3       1.6083616       66.343803     0.019769308      0.11031485       10.676126      -3.7297014       -3.7297014       10.676126                       10.676126
              6       2.9800414       68.840736     0.021744003      0.12283807       13.419486      -3.7297014       -3.7297014       13.419486                       13.419486
              4       2.8135879       64.805245     0.018208275      0.10175623       13.086579      -3.7297014       -3.7297014       13.086579                       13.086579
              1       2.6583127       62.534594     0.015505604      0.10126467       12.776028      -3.7297014       -3.7297014       12.776028                       12.776028
              2       3.0679697       62.402773     0.015356775      0.10254663       13.595342      -3.7297014       -3.7297014       13.595342                       13.595342
              1       3.1768212       65.598793     0.019122073      0.11257265       13.813045      -3.7297014       -3.7297014       13.813045                       13.813045
              1       3.0182431       65.760922     0.019268111      0.11309507       13.495889      -3.7297014       -3.7297014       13.495889                       13.495889
              2       3.2500816       63.472873      0.01606044      0.10972875       13.959566      -3.7297014       -3.7297014       13.959566                       13.959566
              3       1.9543339       66.123863      0.01923914      0.11391429       11.368071      -3.7297014       -3.7297014       11.368071                       11.368071
              1       1.7758734       69.775591     0.024158462      0.11980012        11.01115      -3.7297014       -3.7297014        11.01115                        11.01115
              4       1.7959166       69.890363     0.024297377       0.1206076       11.051236      -3.7297014       -3.7297014       11.051236                       11.051236
              1        2.124403       69.502949     0.024001227        0.117561       11.708209      -3.7297014       -3.7297014       11.708209                       11.708209
              6        3.390637       70.485052     0.025401536      0.11466008       14.240677      -3.7297014       -3.7297014       14.240677                       14.240677
              3       1.4254205       68.179223     0.021662838      0.11587916       10.310244      -3.7297014       -3.7297014       10.310244                       10.310244
              3       1.5950414       68.431551     0.021838994      0.11548868       10.649486      -3.7297014       -3.7297014       10.649486                       10.649486
              6       1.4540953       69.448345     0.023283462      0.12063631       10.367593      -3.7297014       -3.7297014       10.367593                       10.367593
              1       1.4961903       64.865551      0.01776356      0.10519523       10.451783      -3.7297014       -3.7297014       10.451783                       10.451783
              4       2.0787001       65.226368     0.017934718      0.10430712       11.616803      -3.7297014       -3.7297014       11.616803                       11.616803
              4       2.1044761       68.879769     0.022549582      0.11336733       11.668355      -3.7297014       -3.7297014       11.668355                       11.668355
              3        1.463323       69.121137     0.023025717      0.11902562       10.386049      -3.7297014       -3.7297014       10.386049                       10.386049
              1         1.44135       69.216217     0.023086923      0.11941902       10.342103      -3.7297014       -3.7297014       10.342103                       10.342103
              1       1.4902094       71.233202     0.025720823      0.12299447       10.439822      -3.7297014       -3.7297014       10.439822                       10.439822
              1       1.8772742        73.38911     0.028509365      0.13419949       11.213951      -3.7297014       -3.7297014       11.213951                       11.213951
              3       1.5553814       65.036932     0.018092957      0.10772108       10.570166      -3.7297014       -3.7297014       10.570166                       10.570166
              5        1.500963       65.113858     0.018139309      0.10787837       10.461329      -3.7297014       -3.7297014       10.461329                       10.461329
              1       1.4226923       66.791349     0.020093148      0.11145213       10.304788      -3.7297014       -3.7297014       10.304788                       10.304788
              3       1.4827349       66.380312     0.019491792      0.11224826       10.424873      -3.7297014       -3.7297014       10.424873                       10.424873
              4       2.2091146       65.073511     0.017685927      0.10388653       11.877632      -3.7297014       -3.7297014       11.877632                       11.877632
              1       3.4482338       69.565561     0.024151677      0.11175716       14.355871      -3.7297014       -3.7297014       14.355871                       14.355871
              3       3.5755419       69.488306     0.024055305      0.11125383       14.610487      -3.7297014       -3.7297014       14.610487                       14.610487
              1       2.4737258       71.681104     0.026030884       0.1202344       12.406855      -3.7297014       -3.7297014       12.406855                       12.406855
              1       2.5137003       74.027397     0.028901746       0.1274693       12.486803      -3.7297014       -3.7297014       12.486803                       12.486803
             10       2.7543091       72.419346     0.026917056      0.13580006       12.968021      -3.7297014       -3.7297014       12.968021                       12.968021
              1       3.1150233       72.235179     0.025798476      0.13053889        13.68945      -3.7297014       -3.7297014        13.68945                        13.68945
              2       3.3293594       72.237167     0.025741202      0.13248758       14.118122      -3.7297014       -3.7297014       14.118122                       14.118122
              1       4.3277393       72.984134     0.028807754      0.13315525       16.114881      -3.7297014       -3.7297014       16.114881                       16.114881
              7        4.375735       73.037102     0.028869892      0.13352596       16.210873      -3.7297014       -3.7297014       16.210873                       16.210873
              1       4.7040066       71.697672      0.02717582       0.1299574       16.867416      -3.7297014       -3.7297014       16.867416                       16.867416
              2       2.3883023       72.607159     0.026532992      0.12978651       12.236007      -3.7297014       -3.7297014       12.236007                       12.236007
              4       1.9660231       69.008334      0.02305408      0.11378604       11.391449      -3.7297014       -3.7297014       11.391449                       11.391449
              4       1.9391806       69.090946     0.023057009      0.11403449       11.337764      -3.7297014       -3.7297014       11.337764                       11.337764
              1       1.8615223       70.549261     0.025055834      0.11873896       11.182448      -3.7297014       -3.7297014       11.182448                       11.182448
              2       2.2971553       72.185136     0.026863872       0.1215798       12.053714      -3.7297014       -3.7297014       12.053714                       12.053714
              2       2.2853733       72.255735     0.026306814      0.13355477        12.03015      -3.7297014       -3.7297014        12.03015                        12.03015
              1       2.9410381       72.090102     0.026857395      0.13381483       13.341479      -3.7297014       -3.7297014       13.341479                       13.341479
              5       1.7777765       68.359832     0.021802417      0.11988357       11.014956      -3.7297014       -3.7297014       11.014956                       11.014956
              1       2.3071738       69.740209     0.023097152      0.12497838       12.073751      -3.7297014       -3.7297014       12.073751                       12.073751
              4       2.5796651       67.894886     0.021549359      0.12038409       12.618733      -3.7297014       -3.7297014       12.618733                       12.618733
              1       1.7493401       70.638209     0.024556374      0.12648587       10.958083      -3.7297014       -3.7297014       10.958083                       10.958083
              5       2.6087721       73.823063     0.028729786      0.13984281       12.676947      -3.7297014       -3.7297014       12.676947                       12.676947
              3       4.0803127       69.988301     0.023184305      0.13081038       15.620028      -3.7297014       -3.7297014       15.620028                       15.620028
              2       3.8213624       74.590671     0.028545345      0.13698244       15.102128      -3.7297014       -3.7297014       15.102128                       15.102128
              1       4.9377148       70.937947     0.023775733      0.12795038       17.334833      -3.7297014       -3.7297014       17.334833                       17.334833
              2       3.5554727       70.129023     0.023132188      0.12260413       14.570348      -3.7297014       -3.7297014       14.570348                       14.570348
              4       3.3764889       70.804603     0.024056499      0.12322806       14.212381      -3.7297014       -3.7297014       14.212381                       14.212381
              3       4.6040656       67.133664     0.019840815      0.10648419       16.667534      -3.7297014       -3.7297014       16.667534                       16.667534
              3       2.8472809       69.556033      0.02269323      0.11888299       13.153965      -3.7297014       -3.7297014       13.153965                       13.153965
              1       2.3560512       70.494877      0.02411528      0.12014351       12.171505      -3.7297014       -3.7297014       12.171505                       12.171505
             10       2.0076275       73.255536     0.027515416      0.13451558       11.474658      -3.7297014       -3.7297014       11.474658                       11.474658
             18       2.8199789       73.545188     0.027649717      0.13875045       13.099361      -3.7297014       -3.7297014       13.099361                       13.099361
              6       1.9876977       74.359888     0.029001082      0.13910654       11.434798      -3.7297014       -3.7297014       11.434798                       11.434798
              1       1.9007273       72.903514     0.028225492      0.12783439       11.260857      -3.7297014       -3.7297014       11.260857                       11.260857
              2       3.0837851       68.552553     0.022916972      0.11923629       13.626973      -3.7297014       -3.7297014       13.626973                       13.626973
              1       2.5538238       71.464301     0.025955711      0.11877389       12.567051      -3.7297014       -3.7297014       12.567051                       12.567051
              4       3.3454231       68.949794        0.021953      0.11519094       14.150249      -3.7297014       -3.7297014       14.150249                       14.150249
              2       2.4608979       68.966536     0.022503742      0.11324306       12.381199      -3.7297014       -3.7297014       12.381199                       12.381199
              1       1.8765279       71.095576     0.025675244      0.11996829       11.212459      -3.7297014       -3.7297014       11.212459                       11.212459
              2       1.8542399       73.782813     0.028547745       0.1294535       11.167883      -3.7297014       -3.7297014       11.167883                       11.167883
              1       1.6933049       70.381199     0.024431065      0.11924467       10.846013      -3.7297014       -3.7297014       10.846013                       10.846013
              3       1.9091199       69.726699     0.023343113      0.12439162       11.277643      -3.7297014       -3.7297014       11.277643                       11.277643
              2       1.7195271        72.11288     0.026410411      0.13090474       10.898457      -3.7297014       -3.7297014       10.898457                       10.898457
              1       1.7466508       72.334183     0.027039248       0.1310555       10.952704      -3.7297014       -3.7297014       10.952704                       10.952704
              1       2.5418185       67.174698     0.020727317      0.11784007        12.54304      -3.7297014       -3.7297014        12.54304                        12.54304
              4       3.6110277       64.401673     0.016286236      0.11002131       14.681458      -3.7297014       -3.7297014       14.681458                       14.681458
              1       4.0160473       65.081621      0.01703431       0.1129684       15.491497      -3.7297014       -3.7297014       15.491497                       15.491497
              4       4.1225816       64.295035     0.016369994      0.11328495       15.704566      -3.7297014       -3.7297014       15.704566                       15.704566
              5       1.8489957       68.057573     0.021139454      0.11650093       11.157394      -3.7297014       -3.7297014       11.157394                       11.157394
              2       1.9013532       67.848961     0.020971827      0.11340146       11.262109      -3.7297014       -3.7297014       11.262109                       11.262109
              2       1.4160267       69.860552     0.023822148      0.12022149       10.291456      -3.7297014       -3.7297014       10.291456                       10.291456
              2       1.4161455       69.853053     0.023812809      0.12019464       10.291694      -3.7297014       -3.7297014       10.291694                       10.291694
              1       1.6079292       68.808736     0.022631337      0.11956665       10.675261      -3.7297014       -3.7297014       10.675261                       10.675261
             10        1.824176       72.882834     0.027298532      0.13385279       11.107755      -3.7297014       -3.7297014       11.107755                       11.107755
              2       1.8165266       73.299227     0.027714849      0.13453485       11.092456      -3.7297014       -3.7297014       11.092456                       11.092456
              2       1.9032137       73.459546     0.027990732      0.13612114        11.26583      -3.7297014       -3.7297014        11.26583                        11.26583
              4       2.2781581       72.488412     0.027840274      0.12776573       12.015719      -3.7297014       -3.7297014       12.015719                       12.015719
              1       3.2022861       69.503306     0.023866151      0.12477967       13.863975      -3.7297014       -3.7297014       13.863975                       13.863975
              2       2.7708146       69.269447     0.023463258      0.12375579       13.001032      -3.7297014       -3.7297014       13.001032                       13.001032
              4       3.0609231       69.366731     0.023587561      0.12479184       13.581249      -3.7297014       -3.7297014       13.581249                       13.581249
              1        3.123662       69.774371     0.024159526      0.12574701       13.706727      -3.7297014       -3.7297014       13.706727                       13.706727
              1       2.5141612       68.499482      0.02281596      0.11243384       12.487725      -3.7297014       -3.7297014       12.487725                       12.487725
              4       3.1810532        66.25368     0.020177774       0.1058558       13.821509      -3.7297014       -3.7297014       13.821509                       13.821509
              2       3.2224178       66.229909     0.020152985      0.10567346       13.904238      -3.7297014       -3.7297014       13.904238                       13.904238
              3        3.024454        66.65109     0.020638201      0.10704421       13.508311      -3.7297014       -3.7297014       13.508311                       13.508311
              1       2.0785479       68.707472     0.022975847      0.11558042       11.616499      -3.7297014       -3.7297014       11.616499                       11.616499
              1       2.1193917       68.564923       0.0228119      0.11547341       11.698186      -3.7297014       -3.7297014       11.698186                       11.698186
              1       1.5285783       66.427595     0.019365948      0.11128572       10.516559      -3.7297014       -3.7297014       10.516559                       10.516559
              7       1.5519754       67.523109     0.020680203      0.11448708       10.563354      -3.7297014       -3.7297014       10.563354                       10.563354
              1       1.7685911       73.698462      0.02822951      0.13204805       10.996585      -3.7297014       -3.7297014       10.996585                       10.996585
              3        3.101979       73.456443      0.02749345      0.13941208       13.663361      -3.7297014       -3.7297014       13.663361                       13.663361
             10       3.0054508       73.556145     0.027672012      0.13971855       13.470305      -3.7297014       -3.7297014       13.470305                       13.470305
              2       1.8798842       68.123142     0.021208743      0.11758542       11.219171      -3.7297014       -3.7297014       11.219171                       11.219171
              1       1.8670288       69.295736     0.023590542      0.11877081       11.193461      -3.7297014       -3.7297014       11.193461                       11.193461
              4       2.4063057       69.477546     0.024047013      0.11905373       12.272014      -3.7297014       -3.7297014       12.272014                       12.272014
              4       3.4675384       68.008707     0.022523533      0.11216751        14.39448      -3.7297014       -3.7297014        14.39448                        14.39448
              2       4.6869647       66.961029     0.021450516      0.10885605       16.833332      -3.7297014       -3.7297014       16.833332                       16.833332
              4       3.7919561       66.248731     0.020358933      0.10656163       15.043315      -3.7297014       -3.7297014       15.043315                       15.043315
              1       2.6096663       65.710221     0.019395242      0.10843741       12.678735      -3.7297014       -3.7297014       12.678735                       12.678735
              4       2.1997024       65.199623     0.018551555      0.10902322       11.858808      -3.7297014       -3.7297014       11.858808                       11.858808
              4       1.7011284       72.844534     0.027835297      0.13132632        10.86166      -3.7297014       -3.7297014        10.86166                        10.86166
              1       1.4848601       74.520579     0.029912229      0.13478237       10.429123      -3.7297014       -3.7297014       10.429123                       10.429123
             11       1.4589786       74.785555     0.029934919      0.13710992        10.37736      -3.7297014       -3.7297014        10.37736                        10.37736
              1       1.7782899       72.895753     0.027485519      0.13378766       11.015983      -3.7297014       -3.7297014       11.015983                       11.015983
              4       1.8123461       73.405472     0.028223675      0.13542882       11.084095      -3.7297014       -3.7297014       11.084095                       11.084095
              2       2.0985569       70.768714     0.025103437       0.1276129       11.656517      -3.7297014       -3.7297014       11.656517                       11.656517
              5       3.6879081       74.495778     0.028573388      0.13416692       14.835219      -3.7297014       -3.7297014       14.835219                       14.835219
              1       2.7972553       72.087465     0.027407284      0.12841625       13.053913      -3.7297014       -3.7297014       13.053913                       13.053913
              3       1.7616627       71.079681     0.025668679      0.12571913       10.982728      -3.7297014       -3.7297014       10.982728                       10.982728
              2       2.0838268         68.2298     0.022097997      0.11896506       11.627056      -3.7297014       -3.7297014       11.627056                       11.627056
              3       1.6380426       67.199817     0.020797041      0.11086407       10.735488      -3.7297014       -3.7297014       10.735488                       10.735488
              1       2.6326583       73.416136     0.028032214      0.13897088       12.724719      -3.7297014       -3.7297014       12.724719                       12.724719
              8       4.2361648       71.587324     0.026152288       0.1354101       15.931732      -3.7297014       -3.7297014       15.931732                       15.931732
              1       3.7517191       71.374839     0.024973711      0.13485525       14.962841      -3.7297014       -3.7297014       14.962841                       14.962841
              1       3.9248448       71.104997     0.024632854      0.13438788       15.309093      -3.7297014       -3.7297014       15.309093                       15.309093
              2       2.9714621       70.117897     0.023718749      0.12928578       13.402327      -3.7297014       -3.7297014       13.402327                       13.402327
              4       2.9057346        69.49727     0.022508668      0.12316212       13.270872      -3.7297014       -3.7297014       13.270872                       13.270872
              4        3.094506       67.928601     0.020658596      0.12091866       13.648415      -3.7297014       -3.7297014       13.648415                       13.648415
              1       1.4984748       68.260656     0.021711446      0.11762506       10.456352      -3.7297014       -3.7297014       10.456352                       10.456352
              1       2.1555179       70.337677     0.025068896      0.12063354       11.770439      -3.7297014       -3.7297014       11.770439                       11.770439
              1       2.1316427       70.519877     0.025283711      0.12149121       11.722688      -3.7297014       -3.7297014       11.722688                       11.722688
              5       1.8611769       71.293107     0.026144914      0.12283212       11.181757      -3.7297014       -3.7297014       11.181757                       11.181757
              1       2.0618269       71.527088     0.026543278      0.12279213       11.583057      -3.7297014       -3.7297014       11.583057                       11.583057
              1       2.0091622        71.42091     0.026338024      0.12156105       11.477727      -3.7297014       -3.7297014       11.477727                       11.477727
              1        7.428088       72.745806     0.027548664        0.114591       22.315579      -3.7297014       -3.7297014       22.315579                       22.315579
              3       7.4514614       72.024058      0.02655595      0.11284575       22.362326      -3.7297014       -3.7297014       22.362326                       22.362326
              4       5.7144542       70.271918     0.024598493      0.10966224       18.888311      -3.7297014       -3.7297014       18.888311                       18.888311
              1       4.2129185         72.3822     0.027215963      0.11766385        15.88524      -3.7297014       -3.7297014        15.88524                        15.88524
             16       4.4422964        72.38205      0.02726551      0.11718162       16.343996      -3.7297014       -3.7297014       16.343996                       16.343996
              1       2.2343881       74.106523     0.029773685      0.12774745       11.928179      -3.7297014       -3.7297014       11.928179                       11.928179
              2       4.1625485       70.437994     0.023410504      0.12971906         15.7845      -3.7297014       -3.7297014         15.7845                         15.7845
              3       6.0260403       69.158802     0.021449795      0.12510991       19.511484      -3.7297014       -3.7297014       19.511484                       19.511484
              2       1.6341274       63.801866      0.01637169      0.10630566       10.727658      -3.7297014       -3.7297014       10.727658                       10.727658
              5       2.1309148       64.544456     0.017539576      0.10910142       11.721233      -3.7297014       -3.7297014       11.721233                       11.721233
              1       1.4561722       65.755694      0.01868914      0.11016885       10.371747      -3.7297014       -3.7297014       10.371747                       10.371747
              3       1.5809606       67.005293     0.020055099      0.11420909       10.621324      -3.7297014       -3.7297014       10.621324                       10.621324
              1        1.438313       65.280296     0.018144411      0.10866133       10.336029      -3.7297014       -3.7297014       10.336029                       10.336029
              6       1.4969859       65.644084     0.018726938      0.10725491       10.453375      -3.7297014       -3.7297014       10.453375                       10.453375
             11       1.6160437       65.645042     0.018795127      0.10647128        10.69149      -3.7297014       -3.7297014        10.69149                        10.69149
              3       2.0302555       65.063315     0.018349942       0.1042303       11.519914      -3.7297014       -3.7297014       11.519914                       11.519914
              1       1.5447167       64.143799      0.01660618      0.10495865       10.548836      -3.7297014       -3.7297014       10.548836                       10.548836
              2       1.9119138       69.519435     0.023079061      0.12374831        11.28323      -3.7297014       -3.7297014        11.28323                        11.28323
              2        2.007933       68.819629     0.022063169      0.12118246       11.475269      -3.7297014       -3.7297014       11.475269                       11.475269
              1       1.7978063       64.073051     0.016717324      0.10776142       11.055016      -3.7297014       -3.7297014       11.055016                       11.055016
              1       1.7392956       70.297914     0.024804979      0.12092729       10.937994      -3.7297014       -3.7297014       10.937994                       10.937994
              3       1.7592791       72.358404     0.026521189      0.13046704       10.977961      -3.7297014       -3.7297014       10.977961                       10.977961
              4       1.7140359       71.832947     0.025991044       0.1253188       10.887475      -3.7297014       -3.7297014       10.887475                       10.887475
              3       3.2316924       70.328075     0.023991078      0.13065366       13.922788      -3.7297014       -3.7297014       13.922788                       13.922788
              2       3.7186152       71.129401     0.024946461      0.13440896       14.896633      -3.7297014       -3.7297014       14.896633                       14.896633
              5       3.1462526       70.641772     0.024608096      0.13128832       13.751908      -3.7297014       -3.7297014       13.751908                       13.751908
              4       3.4031739       67.159277     0.019582502      0.11765208       14.265751      -3.7297014       -3.7297014       14.265751                       14.265751
              4       2.0626715       70.141695     0.023593506      0.12338997       11.584746      -3.7297014       -3.7297014       11.584746                       11.584746
              2       1.5937283       71.441066     0.026146736      0.12419936        10.64686      -3.7297014       -3.7297014        10.64686                        10.64686
              1       1.7332027       71.655155     0.026520816      0.12498803       10.925808      -3.7297014       -3.7297014       10.925808                       10.925808
              2       1.6772313       72.056993     0.026993457      0.12619966       10.813865      -3.7297014       -3.7297014       10.813865                       10.813865
              3       1.6915027       72.046383     0.026993317      0.12597419       10.842408      -3.7297014       -3.7297014       10.842408                       10.842408
              2       1.8139465       72.715014     0.027739808      0.13102656       11.087296      -3.7297014       -3.7297014       11.087296                       11.087296
              1       2.2549089       67.832444     0.021930249       0.1141275       11.969221      -3.7297014       -3.7297014       11.969221                       11.969221
              3       5.9203374       70.370152     0.025447708      0.10983636       19.300078      -3.7297014       -3.7297014       19.300078                       19.300078
              3       3.6030814       74.186036     0.029136147      0.12515356       14.665566      -3.7297014       -3.7297014       14.665566                       14.665566
              2       2.0137501       71.667259     0.026086211        0.121391       11.486903      -3.7297014       -3.7297014       11.486903                       11.486903
              1       1.7684837       71.150526      0.02557647      0.12737747        10.99637      -3.7297014       -3.7297014        10.99637                        10.99637
              2       1.9642741       72.779562     0.027108722      0.13417363       11.387951      -3.7297014       -3.7297014       11.387951                       11.387951
             11       2.4232417       70.436155     0.024410763      0.12859288       12.305886      -3.7297014       -3.7297014       12.305886                       12.305886
              3        2.355292        70.67723     0.024632628       0.1292335       12.169987      -3.7297014       -3.7297014       12.169987                       12.169987
              3       2.8978974       67.324373       0.0214705      0.10926306       13.255198      -3.7297014       -3.7297014       13.255198                       13.255198
              4       2.9372779       68.648906     0.023028407      0.11109993       13.333959      -3.7297014       -3.7297014       13.333959                       13.333959
              9       3.0738315       69.842233      0.02379384      0.12815974       13.607066      -3.7297014       -3.7297014       13.607066                       13.607066
              4       1.4478287       70.745606     0.025004885      0.12398412        10.35506      -3.7297014       -3.7297014        10.35506                        10.35506
              3       1.6560976       64.678585     0.017187095      0.10586008       10.771598      -3.7297014       -3.7297014       10.771598                       10.771598
              2       1.6462943        70.10768     0.024129929       0.1241583       10.751992      -3.7297014       -3.7297014       10.751992                       10.751992
              3       2.6994626       70.656429     0.024263933      0.12987468       12.858328      -3.7297014       -3.7297014       12.858328                       12.858328
              3       2.4197409       67.978655     0.021186448      0.12114471       12.298885      -3.7297014       -3.7297014       12.298885                       12.298885
              3       2.1234619        66.91849     0.020745913      0.11021999       11.706327      -3.7297014       -3.7297014       11.706327                       11.706327
              3       2.1484669       67.009002     0.020865188      0.11024413       11.756337      -3.7297014       -3.7297014       11.756337                       11.756337
              2       1.8964273       67.131203      0.02091484      0.11125408       11.252258      -3.7297014       -3.7297014       11.252258                       11.252258
              1       1.8965158       68.875559     0.023099044      0.11583105       11.252435      -3.7297014       -3.7297014       11.252435                       11.252435
              1       2.0237966       68.696971     0.022935889      0.11520205       11.506996      -3.7297014       -3.7297014       11.506996                       11.506996
              3        1.930829       65.688775     0.018818316      0.11216477       11.321061      -3.7297014       -3.7297014       11.321061                       11.321061
              2       1.6714862       69.686513     0.023374862      0.12305999       10.802375      -3.7297014       -3.7297014       10.802375                       10.802375
              4       2.4337637       64.867149     0.017880406      0.11118887        12.32693      -3.7297014       -3.7297014        12.32693                        12.32693
              3        2.237853       63.414475      0.01551946      0.10130857       11.935109      -3.7297014       -3.7297014       11.935109                       11.935109
              4       1.8766516       64.886126     0.018127904      0.10640086       11.212706      -3.7297014       -3.7297014       11.212706                       11.212706
              5       1.8205313       64.470357     0.017601692      0.10464957       11.100465      -3.7297014       -3.7297014       11.100465                       11.100465
              1       7.0319754        66.64125     0.021138882      0.11531422       21.523354      -3.7297014       -3.7297014       21.523354                       21.523354
              1       5.2111365       71.062331     0.025774418      0.13396206       17.881676      -3.7297014       -3.7297014       17.881676                       17.881676
              4       4.5476774        72.22537     0.027894204      0.13064658       16.554758      -3.7297014       -3.7297014       16.554758                       16.554758
              6       3.1319356       72.824298     0.028339196      0.13215369       13.723274      -3.7297014       -3.7297014       13.723274                       13.723274
              2       3.0775353       72.565077     0.027991943      0.13134854       13.614474      -3.7297014       -3.7297014       13.614474                       13.614474
              5       3.4357894       68.794699     0.022982236      0.10933952       14.330982      -3.7297014       -3.7297014       14.330982                       14.330982
              3       3.3295271       65.884897     0.019806376      0.10625657       14.118457      -3.7297014       -3.7297014       14.118457                       14.118457
              5       2.8316511       66.077257     0.019926805       0.1074543       13.122705      -3.7297014       -3.7297014       13.122705                       13.122705
              2       2.3967989       68.251419     0.022518885      0.11333701       12.253001      -3.7297014       -3.7297014       12.253001                       12.253001
              1        2.555172       67.660878     0.021822447      0.11135147       12.569747      -3.7297014       -3.7297014       12.569747                       12.569747
              1       1.6199925       66.168701     0.019028526      0.10947584       10.699388      -3.7297014       -3.7297014       10.699388                       10.699388
             12       1.5806017       66.115771     0.018965885      0.10978104       10.620606      -3.7297014       -3.7297014       10.620606                       10.620606
              7        2.497806       70.817201     0.024837289      0.11819314       12.455015      -3.7297014       -3.7297014       12.455015                       12.455015
              2       2.7720763       71.709342     0.026274864      0.11888365       13.003555      -3.7297014       -3.7297014       13.003555                       13.003555
              5       3.5413156       67.371773     0.021392948      0.10601432       14.542034      -3.7297014       -3.7297014       14.542034                       14.542034
              1        2.477091       67.864462     0.021889499      0.10976836       12.413585      -3.7297014       -3.7297014       12.413585                       12.413585
              4       2.5787738       68.440937     0.022672821      0.11125164       12.616951      -3.7297014       -3.7297014       12.616951                       12.616951
              1       2.6919431       67.302415     0.021298156      0.11491554       12.843289      -3.7297014       -3.7297014       12.843289                       12.843289
              1       2.0390564       63.857268     0.016937054      0.10392667       11.537516      -3.7297014       -3.7297014       11.537516                       11.537516
              8       1.7857418       63.970952     0.016954791      0.10466177       11.030886      -3.7297014       -3.7297014       11.030886                       11.030886
              1       1.7878673        66.67034     0.020286676      0.11018517       11.035138      -3.7297014       -3.7297014       11.035138                       11.035138
              2       2.2620671       68.647538     0.022716432      0.12004593       11.983537      -3.7297014       -3.7297014       11.983537                       11.983537
              4       2.0146662       69.900818     0.024262367      0.12286606       11.488735      -3.7297014       -3.7297014       11.488735                       11.488735
              2       1.9649783       69.849489      0.02418493       0.1225928        11.38936      -3.7297014       -3.7297014        11.38936                        11.38936
              1       2.4129174       67.258258     0.021203648      0.10913086       12.285238      -3.7297014       -3.7297014       12.285238                       12.285238
              1       3.2228309       68.087644     0.022512964      0.11070025       13.905065      -3.7297014       -3.7297014       13.905065                       13.905065
              6        3.097513       65.445552     0.019101258      0.10328669       13.654429      -3.7297014       -3.7297014       13.654429                       13.654429
              3       3.0920405       65.340133     0.018966425      0.10300483       13.643484      -3.7297014       -3.7297014       13.643484                       13.643484
              3        2.999606       65.807411     0.019076269      0.10256747       13.458615      -3.7297014       -3.7297014       13.458615                       13.458615
              8       3.0960523       66.474961     0.019624752      0.11811605       13.651508      -3.7297014       -3.7297014       13.651508                       13.651508
              7       4.6304792       66.871515     0.019242307      0.12123819       16.720361      -3.7297014       -3.7297014       16.720361                       16.720361
              5       3.9246982       66.499223     0.018962193      0.11936747       15.308799      -3.7297014       -3.7297014       15.308799                       15.308799
              2       3.8402142       66.699697      0.01922023      0.11986658       15.139831      -3.7297014       -3.7297014       15.139831                       15.139831
              1       4.8898807       66.417732     0.018480895      0.10972717       17.239164      -3.7297014       -3.7297014       17.239164                       17.239164
              1       4.1791611       71.383311     0.024628003      0.12419047       15.817725      -3.7297014       -3.7297014       15.817725                       15.817725
              2       3.7175519       73.506911     0.027423641       0.1296806       14.894507      -3.7297014       -3.7297014       14.894507                       14.894507
              3       3.8592866       72.535574      0.02650693       0.1231543       15.177976      -3.7297014       -3.7297014       15.177976                       15.177976
              3       3.8116766       74.071152      0.02797027      0.13368256       15.082756      -3.7297014       -3.7297014       15.082756                       15.082756
              1       4.2399984        74.34768     0.028219491      0.13447257         15.9394      -3.7297014       -3.7297014         15.9394                         15.9394
              4       2.8315887       70.847868     0.025846797      0.12454068        13.12258      -3.7297014       -3.7297014        13.12258                        13.12258
              1       2.7428006       70.459298      0.02530408       0.1237334       12.945004      -3.7297014       -3.7297014       12.945004                       12.945004
             11       1.5754572       71.920975     0.026693058      0.12700894       10.610317      -3.7297014       -3.7297014       10.610317                       10.610317
              1       2.0997456       69.439405     0.023427261       0.1236684       11.658894      -3.7297014       -3.7297014       11.658894                       11.658894
             10       1.4479743       66.954882     0.020312409      0.11292869       10.355352      -3.7297014       -3.7297014       10.355352                       10.355352
              1       2.1968198       71.924528     0.026948828      0.12841449       11.853042      -3.7297014       -3.7297014       11.853042                       11.853042
              1       2.2193851       71.951491     0.026936678      0.12913522       11.898173      -3.7297014       -3.7297014       11.898173                       11.898173
              3        1.985431       72.280299     0.027263905      0.12992026       11.430265      -3.7297014       -3.7297014       11.430265                       11.430265
              9       1.7130641       72.855573     0.028023833      0.12902301       10.885531      -3.7297014       -3.7297014       10.885531                       10.885531
              7       1.7257435       74.201634     0.029572298      0.12984412        10.91089      -3.7297014       -3.7297014        10.91089                        10.91089
              2       1.9922296       70.256073     0.023929158      0.11993341       11.443862      -3.7297014       -3.7297014       11.443862                       11.443862
              1       1.9987435        70.34035      0.02401813      0.12032318        11.45689      -3.7297014       -3.7297014        11.45689                        11.45689
              3       2.0893465       70.755557     0.024422804      0.12252845       11.638096      -3.7297014       -3.7297014       11.638096                       11.638096
              1       2.9575966       64.201453     0.016416837      0.11098708       13.374596      -3.7297014       -3.7297014       13.374596                       13.374596
              3       1.9706475        63.59943     0.016017574      0.10719906       11.400698      -3.7297014       -3.7297014       11.400698                       11.400698
              1       1.4857049       71.598843     0.025859917      0.12513722       10.430813      -3.7297014       -3.7297014       10.430813                       10.430813
              1        1.430358       72.361353     0.026926726        0.128943       10.320119      -3.7297014       -3.7297014       10.320119                       10.320119
              3       1.4180899       72.310203     0.026869038      0.12840239       10.295583      -3.7297014       -3.7297014       10.295583                       10.295583
              1       1.8976483       73.575769      0.02816042      0.12962025         11.2547      -3.7297014       -3.7297014         11.2547                         11.2547
              5         2.05956       72.941788     0.027701922      0.12493609       11.578523      -3.7297014       -3.7297014       11.578523                       11.578523
              1       1.9757294       72.802861     0.027527812      0.12483918       11.410862      -3.7297014       -3.7297014       11.410862                       11.410862
              7       1.9843172       74.259181     0.029881843      0.12917646       11.428037      -3.7297014       -3.7297014       11.428037                       11.428037
              3       3.3086475       71.420185     0.024809305      0.12557621       14.076698      -3.7297014       -3.7297014       14.076698                       14.076698
              1       3.3550712       70.882768     0.024115705      0.12448995       14.169545      -3.7297014       -3.7297014       14.169545                       14.169545
              1       2.4036847        68.94808      0.02203649      0.11804663       12.266772      -3.7297014       -3.7297014       12.266772                       12.266772
              4       1.7598774       72.809066     0.027663123      0.12549446       10.979158      -3.7297014       -3.7297014       10.979158                       10.979158
              5       1.7456311       71.268926     0.025814182       0.1270255       10.950665      -3.7297014       -3.7297014       10.950665                       10.950665
              2       2.5629253       72.094974      0.02716088      0.13055038       12.585253      -3.7297014       -3.7297014       12.585253                       12.585253
              4       2.3132161       72.354076     0.027402111      0.13121822       12.085835      -3.7297014       -3.7297014       12.085835                       12.085835
              2       3.4210059       70.116819     0.024287825      0.12921108       14.301415      -3.7297014       -3.7297014       14.301415                       14.301415
              1       2.2951505       67.843862      0.02167395      0.11820543       12.049704      -3.7297014       -3.7297014       12.049704                       12.049704
              1       2.7276874       71.571183     0.026850717      0.12415041       12.914778      -3.7297014       -3.7297014       12.914778                       12.914778
              2       2.1079651       73.913154     0.028779785      0.12834838       11.675333      -3.7297014       -3.7297014       11.675333                       11.675333
              2        2.080773       71.982161     0.026117572      0.12424734       11.620949      -3.7297014       -3.7297014       11.620949                       11.620949
              1        1.570993       70.633498     0.024856469         0.12038       10.601389      -3.7297014       -3.7297014       10.601389                       10.601389
              3       1.7728287       71.987424     0.026716245      0.12296367        11.00506      -3.7297014       -3.7297014        11.00506                        11.00506
              1       5.6337168       70.512307     0.023562787      0.13502832       18.726837      -3.7297014       -3.7297014       18.726837                       18.726837
              1       6.2866321        64.49303     0.016535584      0.11737908       20.032667      -3.7297014       -3.7297014       20.032667                       20.032667
              7       3.0533849       63.744552     0.015797746      0.10948111       13.566173      -3.7297014       -3.7297014       13.566173                       13.566173
              9       2.7463738        72.67846     0.028150189      0.13017095       12.952151      -3.7297014       -3.7297014       12.952151                       12.952151
              4       2.0294527       70.666012     0.025329972      0.11880243       11.518308      -3.7297014       -3.7297014       11.518308                       11.518308
              2       2.0766041       74.078626     0.028730292      0.13085501       11.612611      -3.7297014       -3.7297014       11.612611                       11.612611
              3       1.6157602       71.637661      0.02572353      0.12756938       10.690923      -3.7297014       -3.7297014       10.690923                       10.690923
              6       1.6733223       70.913649     0.024828854      0.12312434       10.806047      -3.7297014       -3.7297014       10.806047                       10.806047
             21       2.0111847       73.565622       0.0282333      0.12833714       11.481772      -3.7297014       -3.7297014       11.481772                       11.481772
              1        2.022011       73.209341     0.028188914      0.12547463       11.503425      -3.7297014       -3.7297014       11.503425                       11.503425
              1       2.2788705       73.790923     0.028898869      0.12634486       12.017144      -3.7297014       -3.7297014       12.017144                       12.017144
              2       2.2680481       74.355157     0.029514226      0.12837176       11.995499      -3.7297014       -3.7297014       11.995499                       11.995499
              1       1.8444349       72.845643     0.027598817      0.13354041       11.148273      -3.7297014       -3.7297014       11.148273                       11.148273
              7       1.8343196       72.837514     0.027590153      0.13346006       11.128042      -3.7297014       -3.7297014       11.128042                       11.128042
              3       2.6775591       67.484947     0.021619246      0.11348808       12.814521      -3.7297014       -3.7297014       12.814521                       12.814521
              1       1.9995387       65.441013     0.018822798       0.1088261        11.45848      -3.7297014       -3.7297014        11.45848                        11.45848
              4       2.6538201       69.405266      0.02259305      0.11796438       12.767043      -3.7297014       -3.7297014       12.767043                       12.767043
              9       2.6671226       68.946345     0.022707387      0.11175271       12.793648      -3.7297014       -3.7297014       12.793648                       12.793648
              1       2.7380151       70.013563     0.024023485      0.11454432       12.935433      -3.7297014       -3.7297014       12.935433                       12.935433
              2       2.0798086       71.010035     0.024662026      0.12661755        11.61902      -3.7297014       -3.7297014        11.61902                        11.61902
              2       2.1084745       67.566441     0.020670487      0.11878287       11.676352      -3.7297014       -3.7297014       11.676352                       11.676352
              5       1.4699397       66.211085     0.019263072      0.10929991       10.399282      -3.7297014       -3.7297014       10.399282                       10.399282
              1       1.6069583       65.794283     0.018758744      0.10709653       10.673319      -3.7297014       -3.7297014       10.673319                       10.673319
              1       4.6115885       70.398608     0.023516298      0.11856753        16.68258      -3.7297014       -3.7297014        16.68258                        16.68258
              3       4.6151602       70.395162     0.023511259      0.11855857       16.689723      -3.7297014       -3.7297014       16.689723                       16.689723
              4       3.4061604       70.606967     0.024025376      0.11941489       14.271724      -3.7297014       -3.7297014       14.271724                       14.271724
              1       4.0918781       70.522919     0.024011698      0.11670711       15.643159      -3.7297014       -3.7297014       15.643159                       15.643159
              1       3.8653536       71.726021     0.025587757      0.12002841        15.19011      -3.7297014       -3.7297014        15.19011                        15.19011
              1       2.6300001       72.088484     0.026050358      0.12431883       12.719403      -3.7297014       -3.7297014       12.719403                       12.719403
              2       2.0646852       71.978644     0.026527461      0.12195222       11.588773      -3.7297014       -3.7297014       11.588773                       11.588773
              2       1.9730345       71.446655     0.025922926      0.12059563       11.405472      -3.7297014       -3.7297014       11.405472                       11.405472
              2        5.461385       70.773125     0.025539416      0.11102273       18.382173      -3.7297014       -3.7297014       18.382173                       18.382173
              4       2.0491995       72.407464     0.027071608      0.12325218       11.557802      -3.7297014       -3.7297014       11.557802                       11.557802
              2       4.1366192       68.576265     0.021575111      0.12676564       15.732641      -3.7297014       -3.7297014       15.732641                       15.732641
              3       3.8855576       68.204542     0.021212285      0.12524111       15.230518      -3.7297014       -3.7297014       15.230518                       15.230518
              8       2.5540506       68.882778     0.023223029      0.11245557       12.567504      -3.7297014       -3.7297014       12.567504                       12.567504
              5       4.3401962       73.497502     0.029818505      0.12607583       16.139795      -3.7297014       -3.7297014       16.139795                       16.139795
              4       3.5212023       71.664487     0.027131938      0.11913175       14.501808      -3.7297014       -3.7297014       14.501808                       14.501808
              1       3.3134234       71.300221     0.026666809      0.11950718        14.08625      -3.7297014       -3.7297014        14.08625                        14.08625
              1       2.4460323       68.420168     0.022511009       0.1109536       12.351468      -3.7297014       -3.7297014       12.351468                       12.351468
              2       2.7335238       74.589062     0.028937885      0.13481729       12.926451      -3.7297014       -3.7297014       12.926451                       12.926451
              5       2.2514385       73.964257     0.028414911      0.13153074        11.96228      -3.7297014       -3.7297014        11.96228                        11.96228
              2       2.0925204       70.990767     0.024698507      0.12349053       11.644444      -3.7297014       -3.7297014       11.644444                       11.644444
              1        3.430949       71.621428     0.025116895      0.13369586       14.321301      -3.7297014       -3.7297014       14.321301                       14.321301
             30       1.9573506       73.505273     0.028207076      0.13669066       11.374104      -3.7297014       -3.7297014       11.374104                       11.374104
             14       1.6047678       74.853673     0.029779238      0.13618097       10.668938      -3.7297014       -3.7297014       10.668938                       10.668938
              7       1.8362344       73.626909     0.029054458      0.12835533       11.131872      -3.7297014       -3.7297014       11.131872                       11.131872
              5       1.8838434       73.416906     0.027779485      0.13457549        11.22709      -3.7297014       -3.7297014        11.22709                        11.22709
              2       2.7715263       70.094449     0.023398008      0.12726373       13.002456      -3.7297014       -3.7297014       13.002456                       13.002456
              6        1.727424       73.868216     0.029305176      0.13261073       10.914251      -3.7297014       -3.7297014       10.914251                       10.914251
              6       1.6882232        74.40338     0.029850782      0.13579623       10.835849      -3.7297014       -3.7297014       10.835849                       10.835849
              1       1.5709443       68.586597     0.022525828      0.11573761       10.601292      -3.7297014       -3.7297014       10.601292                       10.601292
              2       1.6996681       69.358412     0.023399538      0.11592012       10.858739      -3.7297014       -3.7297014       10.858739                       10.858739
              1       1.5021446       69.314738     0.023368432      0.11862058       10.463692      -3.7297014       -3.7297014       10.463692                       10.463692
              1       1.5109369       71.127422     0.025663478      0.12366324       10.481277      -3.7297014       -3.7297014       10.481277                       10.481277
              2        1.489049       72.527455     0.027400153      0.12825899       10.437501      -3.7297014       -3.7297014       10.437501                       10.437501
             14       1.6704106       73.148422      0.02816834      0.12698689       10.800224      -3.7297014       -3.7297014       10.800224                       10.800224
              3       3.0666487       67.714319     0.022049168      0.11224676         13.5927      -3.7297014       -3.7297014         13.5927                         13.5927
              2        1.768031       68.382115     0.022400297      0.11438211       10.995465      -3.7297014       -3.7297014       10.995465                       10.995465
              1        1.635237       68.728678     0.022296169      0.11527936       10.729877      -3.7297014       -3.7297014       10.729877                       10.729877
              8       1.5354282       69.983291     0.023805077      0.12008941       10.530259      -3.7297014       -3.7297014       10.530259                       10.530259
              1       2.4482802       70.237524     0.023601601      0.12194758       12.355963      -3.7297014       -3.7297014       12.355963                       12.355963
              3       2.5931612       71.812856     0.025576269      0.12528638       12.645725      -3.7297014       -3.7297014       12.645725                       12.645725
              4       2.5935364       71.810514     0.025573127      0.12528095       12.646476      -3.7297014       -3.7297014       12.646476                       12.646476
              5       3.5885108       73.856565     0.029788015      0.13540541       14.636425      -3.7297014       -3.7297014       14.636425                       14.636425
              4       3.8946731       74.030907      0.02986585      0.13839243       15.248749      -3.7297014       -3.7297014       15.248749                       15.248749
              1       2.0880181       67.416249     0.021351821       0.1127422       11.635439      -3.7297014       -3.7297014       11.635439                       11.635439
              1       1.5878027       70.061862     0.024393786      0.12054743       10.635008      -3.7297014       -3.7297014       10.635008                       10.635008
              5       3.9020798       67.399611      0.02019223      0.10825642       15.263562      -3.7297014       -3.7297014       15.263562                       15.263562
              1       4.0690176       71.093207     0.024784914      0.11788849       15.597438      -3.7297014       -3.7297014       15.597438                       15.597438
              1       3.0161265        70.76711     0.025419243      0.11543893       13.491656      -3.7297014       -3.7297014       13.491656                       13.491656
              1       2.2626385       72.247602     0.026928051      0.13295954        11.98468      -3.7297014       -3.7297014        11.98468                        11.98468
              8       2.5650837       72.157308     0.026224501      0.13453768        12.58957      -3.7297014       -3.7297014        12.58957                        12.58957
              2       2.2868173       70.601656     0.024291371      0.12843249       12.033037      -3.7297014       -3.7297014       12.033037                       12.033037
              8       1.8604263       67.719332     0.021114739      0.11106525       11.180255      -3.7297014       -3.7297014       11.180255                       11.180255
              8       3.3421564       70.580727     0.023930568      0.13065901       14.143716      -3.7297014       -3.7297014       14.143716                       14.143716
              3       3.0229739       70.777314      0.02430749      0.13095449       13.505351      -3.7297014       -3.7297014       13.505351                       13.505351
              2        2.054423       72.218044     0.026183275      0.12861896       11.568249      -3.7297014       -3.7297014       11.568249                       11.568249
              1       1.5045645       72.075729     0.026855449      0.12609375       10.468532      -3.7297014       -3.7297014       10.468532                       10.468532
              1       1.8399416       73.782777     0.028986596      0.12790508       11.139286      -3.7297014       -3.7297014       11.139286                       11.139286
              2       1.9457083       72.677715     0.027709438      0.12420612       11.350819      -3.7297014       -3.7297014       11.350819                       11.350819
              4       2.0313271       72.663182     0.027653689      0.12373198       11.522057      -3.7297014       -3.7297014       11.522057                       11.522057
              1       1.4971622       73.268349     0.028319161      0.12904902       10.453727      -3.7297014       -3.7297014       10.453727                       10.453727
              3       1.6949533       73.865954     0.029301707       0.1301319        10.84931      -3.7297014       -3.7297014        10.84931                        10.84931
              1       2.1601151       72.564284     0.027903382      0.12507109       11.779633      -3.7297014       -3.7297014       11.779633                       11.779633
              4       2.5851219       73.481951     0.029087438      0.12489947       12.629647      -3.7297014       -3.7297014       12.629647                       12.629647
             12        1.629641       71.574331     0.026294564      0.12316442       10.718685      -3.7297014       -3.7297014       10.718685                       10.718685
              1       3.5168637       74.776959     0.028816445      0.13914908        14.49313      -3.7297014       -3.7297014        14.49313                        14.49313
              3       3.9743888        72.86978     0.026447085      0.13800282        15.40818      -3.7297014       -3.7297014        15.40818                        15.40818
              2       3.8422008       68.923463     0.022090905      0.12742252       15.143805      -3.7297014       -3.7297014       15.143805                       15.143805
              3       3.5007695       66.469779     0.019156282      0.10586766       14.460942      -3.7297014       -3.7297014       14.460942                       14.460942
              3        2.893016       68.657343     0.021982966      0.11208764       13.245435      -3.7297014       -3.7297014       13.245435                       13.245435
              1        2.145919       69.010201     0.022201702      0.11828792       11.751241      -3.7297014       -3.7297014       11.751241                       11.751241
              1       2.1510196       69.033913     0.022229004      0.11835283       11.761442      -3.7297014       -3.7297014       11.761442                       11.761442
              9       1.8048417       71.953778     0.026938417      0.12610755       11.069086      -3.7297014       -3.7297014       11.069086                       11.069086
              4         3.84314       68.815066     0.023587184      0.11713671       15.145683      -3.7297014       -3.7297014       15.145683                       15.145683
              4       3.8276646        69.08823     0.023931614      0.11790525       15.114732      -3.7297014       -3.7297014       15.114732                       15.114732
              1       2.7758133       67.969914     0.022257123      0.11480956        13.01103      -3.7297014       -3.7297014        13.01103                        13.01103
              1       2.9885058       68.079629     0.022485464      0.11231791       13.436414      -3.7297014       -3.7297014       13.436414                       13.436414
              1       1.8753212       66.096889     0.019576138       0.1105814       11.210045      -3.7297014       -3.7297014       11.210045                       11.210045
              1       1.5938887        66.27169     0.019665252      0.11032133        10.64718      -3.7297014       -3.7297014        10.64718                        10.64718
              1        1.708696       68.948673     0.022750182      0.12084668       10.876795      -3.7297014       -3.7297014       10.876795                       10.876795
              5       1.7718049        69.02086     0.022945012      0.12083765       11.003013      -3.7297014       -3.7297014       11.003013                       11.003013
              1       2.4472219       68.813944      0.02246465      0.11219286       12.353847      -3.7297014       -3.7297014       12.353847                       12.353847
              1       3.0782638       68.824241     0.023220333      0.11089445       13.615931      -3.7297014       -3.7297014       13.615931                       13.615931
              5       2.2334281       69.050857     0.023435717      0.11473555       11.926259      -3.7297014       -3.7297014       11.926259                       11.926259
              5       2.7296547       70.907203     0.025013979      0.11753738       12.918712      -3.7297014       -3.7297014       12.918712                       12.918712
              2       2.6328262       70.999555     0.025153278      0.11794475       12.725055      -3.7297014       -3.7297014       12.725055                       12.725055
             13       2.5357681       65.318999     0.017625363      0.10738767       12.530939      -3.7297014       -3.7297014       12.530939                       12.530939
             12       1.4625693       74.820081     0.029990195      0.13478865       10.384542      -3.7297014       -3.7297014       10.384542                       10.384542
              2       1.9261932       69.878876     0.023354472      0.12337824       11.311789      -3.7297014       -3.7297014       11.311789                       11.311789
              1       4.3073318        67.72944      0.02006036      0.11986953       16.074066      -3.7297014       -3.7297014       16.074066                       16.074066
              6       4.3074248       64.698477     0.016549767      0.10493303       16.074252      -3.7297014       -3.7297014       16.074252                       16.074252
              2       4.7550715       64.414805     0.016149545      0.10405564       16.969546      -3.7297014       -3.7297014       16.969546                       16.969546
              4       4.8459143       64.110433     0.015944137       0.1007531       17.151231      -3.7297014       -3.7297014       17.151231                       17.151231
              1       2.7291378       67.887745       0.0212128      0.10941492       12.917678      -3.7297014       -3.7297014       12.917678                       12.917678
              1       1.9227227       69.876793     0.023840773      0.11661832       11.304848      -3.7297014       -3.7297014       11.304848                       11.304848
              1       1.9313947       68.916183     0.022901337      0.11362652       11.322192      -3.7297014       -3.7297014       11.322192                       11.322192
              8       3.3510797       66.021308     0.018602995      0.11739482       14.161562      -3.7297014       -3.7297014       14.161562                       14.161562
              4       2.4005099        65.86983     0.018626935      0.11486831       12.260423      -3.7297014       -3.7297014       12.260423                       12.260423
              6       1.4762174       62.723097     0.015087926        0.102364       10.411838      -3.7297014       -3.7297014       10.411838                       10.411838
              2       1.4487467          70.964      0.02511873      0.12329415       10.356896      -3.7297014       -3.7297014       10.356896                       10.356896
              8       1.9740327        73.10428     0.027867288        0.125902       11.407468      -3.7297014       -3.7297014       11.407468                       11.407468
              2       1.5029504       73.845423     0.028946899       0.1340197       10.465304      -3.7297014       -3.7297014       10.465304                       10.465304
              2       2.2003924       68.117345     0.022123848      0.11754858       11.860188      -3.7297014       -3.7297014       11.860188                       11.860188
              2       2.2566801        66.09935     0.019774498      0.10918865       11.972763      -3.7297014       -3.7297014       11.972763                       11.972763
              4       1.6692984       62.853134     0.015555195      0.10179955          10.798      -3.7297014       -3.7297014          10.798                          10.798
              1       1.4332143       63.012044      0.01553459       0.1012641       10.325831      -3.7297014       -3.7297014       10.325831                       10.325831
              1       3.5929809       73.690195     0.029662327      0.12351141       14.645365      -3.7297014       -3.7297014       14.645365                       14.645365
              6       1.9778763       74.106266     0.028572727      0.13469622       11.415155      -3.7297014       -3.7297014       11.415155                       11.415155
              8       2.8769493       67.304978     0.019945439      0.11234834       13.213302      -3.7297014       -3.7297014       13.213302                       13.213302
              1       4.4499332       68.407347     0.022458543      0.10650718       16.359269      -3.7297014       -3.7297014       16.359269                       16.359269
              2       3.7835071       70.853171      0.02521327      0.11435573       15.026417      -3.7297014       -3.7297014       15.026417                       15.026417
              8       3.1116558       71.777771     0.026622328      0.11794778       13.682715      -3.7297014       -3.7297014       13.682715                       13.682715
              1       3.6598468       70.598804     0.024498215      0.11526671       14.779097      -3.7297014       -3.7297014       14.779097                       14.779097
              1       3.8669277         73.7415     0.028179396      0.12551143       15.193258      -3.7297014       -3.7297014       15.193258                       15.193258
              6       1.4756596       71.641339     0.026065244      0.12433164       10.410722      -3.7297014       -3.7297014       10.410722                       10.410722
              5       3.3355229       65.190832     0.017292833      0.10673679       14.130449      -3.7297014       -3.7297014       14.130449                       14.130449
              2        3.280875       64.678222     0.016778464      0.10396593       14.021153      -3.7297014       -3.7297014       14.021153                       14.021153
              1       2.8376079       65.387195     0.017668057      0.11283955       13.134619      -3.7297014       -3.7297014       13.134619                       13.134619
              2       2.4798563       63.392622     0.015421124      0.10675896       12.419116      -3.7297014       -3.7297014       12.419116                       12.419116
              5       3.5361999       63.444918     0.015942148      0.11037576       14.531803      -3.7297014       -3.7297014       14.531803                       14.531803
              3       3.3173926       69.207262     0.023667623       0.1226775       14.094188      -3.7297014       -3.7297014       14.094188                       14.094188
              5       2.7384619       71.837105      0.02714845      0.12623526       12.936327      -3.7297014       -3.7297014       12.936327                       12.936327
              1       2.6073975       70.376787      0.02519656      0.12285634       12.674198      -3.7297014       -3.7297014       12.674198                       12.674198
              1       1.7331527       74.031483     0.029529444      0.13026483       10.925708      -3.7297014       -3.7297014       10.925708                       10.925708
              1       2.3185519        73.29166      0.02738178      0.13408336       12.096507      -3.7297014       -3.7297014       12.096507                       12.096507
              2       2.4502589       72.044184     0.025805086       0.1282686       12.359921      -3.7297014       -3.7297014       12.359921                       12.359921
              5       2.6175898       70.773387     0.024945729      0.11705545       12.694583      -3.7297014       -3.7297014       12.694583                       12.694583
              1       2.6157471       70.782002     0.024956485       0.1170846       12.690897      -3.7297014       -3.7297014       12.690897                       12.690897
              4       1.9876737       70.279704     0.024120725      0.11861801        11.43475      -3.7297014       -3.7297014        11.43475                        11.43475
              1       3.2454266       68.878389     0.023569232      0.11413825       13.950256      -3.7297014       -3.7297014       13.950256                       13.950256
              2       1.6449822       73.553689     0.028578022      0.13428498       10.749367      -3.7297014       -3.7297014       10.749367                       10.749367
              1       1.7595334        72.32486     0.026853567      0.13174499        10.97847      -3.7297014       -3.7297014        10.97847                        10.97847
              4       1.8362194       71.841292     0.026302943      0.13045724       11.131842      -3.7297014       -3.7297014       11.131842                       11.131842
              2       1.5776875       73.868552     0.028705641      0.13551768       10.614778      -3.7297014       -3.7297014       10.614778                       10.614778
              1       1.8480325        67.52479     0.021365294      0.11372747       11.155468      -3.7297014       -3.7297014       11.155468                       11.155468
              3       1.9837527       67.918035     0.021940341      0.11335763       11.426908      -3.7297014       -3.7297014       11.426908                       11.426908
              2       2.2401679       67.480286     0.021489865      0.11288721       11.939739      -3.7297014       -3.7297014       11.939739                       11.939739
              4       1.7834156       70.757424     0.024501891      0.12445452       11.026234      -3.7297014       -3.7297014       11.026234                       11.026234
              4       4.2597858       71.186461     0.024398255      0.12309863       15.978974      -3.7297014       -3.7297014       15.978974                       15.978974
              1       2.5296358       67.615008      0.02113698      0.10835611       12.518674      -3.7297014       -3.7297014       12.518674                       12.518674
              4        1.914747       67.166547     0.020946083      0.11286774       11.288897      -3.7297014       -3.7297014       11.288897                       11.288897
              8       1.8694671        65.79571     0.018717533      0.10606366       11.198337      -3.7297014       -3.7297014       11.198337                       11.198337
              1       1.5715076       66.166855     0.019367321      0.11187432       10.602418      -3.7297014       -3.7297014       10.602418                       10.602418
             14       2.4810729       73.272698     0.028964602      0.12703371       12.421549      -3.7297014       -3.7297014       12.421549                       12.421549
             12       2.6626053       74.218212     0.029910743      0.12625862       12.784614      -3.7297014       -3.7297014       12.784614                       12.784614
              1       2.1142277       72.124387     0.026685267      0.12228153       11.687858      -3.7297014       -3.7297014       11.687858                       11.687858
              9       2.2977074       71.702728     0.026207824       0.1203039       12.054818      -3.7297014       -3.7297014       12.054818                       12.054818
              1       2.0197111       73.253038     0.028091943      0.12602707       11.498825      -3.7297014       -3.7297014       11.498825                       11.498825
              3       1.4801328       71.074875     0.025332334      0.12576906       10.419668      -3.7297014       -3.7297014       10.419668                       10.419668
              8       2.0490664       71.795237     0.026443731      0.12118565       11.557536      -3.7297014       -3.7297014       11.557536                       11.557536
              9       1.8463074       68.946239     0.022826972      0.11404146       11.152018      -3.7297014       -3.7297014       11.152018                       11.152018
              3       1.7596212       68.017538     0.021647773      0.11191698       10.978645      -3.7297014       -3.7297014       10.978645                       10.978645
              1       1.7858208       67.923434     0.021544461      0.11153367       11.031044      -3.7297014       -3.7297014       11.031044                       11.031044
              6       1.5992358        67.51196     0.021211728      0.11286945       10.657874      -3.7297014       -3.7297014       10.657874                       10.657874
              4       1.4734201       67.578217     0.021169232      0.11371606       10.406243      -3.7297014       -3.7297014       10.406243                       10.406243
              6       2.7418653       65.663009     0.018299582       0.1151063       12.943133      -3.7297014       -3.7297014       12.943133                       12.943133
              2       5.4446979       69.030025     0.021751764      0.11385899       18.348799      -3.7297014       -3.7297014       18.348799                       18.348799
              3       5.6506517       68.900121     0.021533423      0.11378966       18.760706      -3.7297014       -3.7297014       18.760706                       18.760706
              2       5.2655243       68.583686     0.021756873      0.10842028       17.990451      -3.7297014       -3.7297014       17.990451                       17.990451
              1       4.8526187       72.226186     0.025833414      0.12275455        17.16464      -3.7297014       -3.7297014        17.16464                        17.16464
              1       4.3493306       71.945021     0.025501681      0.12288085       16.158064      -3.7297014       -3.7297014       16.158064                       16.158064
             16       4.7183224       74.473475     0.028149032      0.13840295       16.896048      -3.7297014       -3.7297014       16.896048                       16.896048
              4       2.5580861       73.537586     0.027747516      0.13043794       12.575575      -3.7297014       -3.7297014       12.575575                       12.575575
              1       1.4367884        72.75037     0.027541891      0.12812351        10.33298      -3.7297014       -3.7297014        10.33298                        10.33298
              4       1.4204579       72.640074     0.027368072      0.12819498       10.300319      -3.7297014       -3.7297014       10.300319                       10.300319
              4        1.959259       70.182529     0.024750631      0.11839981       11.377921      -3.7297014       -3.7297014       11.377921                       11.377921
              2       2.4069278       67.980504     0.022146721      0.11158977       12.273258      -3.7297014       -3.7297014       12.273258                       12.273258
              4       2.2936961       67.387804     0.021308842      0.10948719       12.046795      -3.7297014       -3.7297014       12.046795                       12.046795
              4       1.8025555       64.132012     0.017092121      0.10214138       11.064514      -3.7297014       -3.7297014       11.064514                       11.064514
              5       2.7987799       68.134644     0.022289475      0.10967145       13.056963      -3.7297014       -3.7297014       13.056963                       13.056963
              4        2.663536       68.090777     0.022204076      0.10984747       12.786475      -3.7297014       -3.7297014       12.786475                       12.786475
              2       2.4779768       66.634004     0.019991826      0.10585788       12.415357      -3.7297014       -3.7297014       12.415357                       12.415357
              2       3.0636558       70.842339     0.024793255      0.11723744       13.586714      -3.7297014       -3.7297014       13.586714                       13.586714
              3       1.4150777       70.602076     0.024808137      0.12274414       10.289558      -3.7297014       -3.7297014       10.289558                       10.289558
              1       2.0037069       70.618048     0.024362627      0.12730521       11.466817      -3.7297014       -3.7297014       11.466817                       11.466817
              1       2.0019701        70.73504      0.02451588      0.12770177       11.463343      -3.7297014       -3.7297014       11.463343                       11.463343
              6       1.6631713       70.577699     0.024503841      0.12576767       10.785745      -3.7297014       -3.7297014       10.785745                       10.785745
              3       3.3021532       71.086719     0.025520339      0.13189924       14.063709      -3.7297014       -3.7297014       14.063709                       14.063709
              5       1.7467571       73.790697     0.028603025      0.13648966       10.952917      -3.7297014       -3.7297014       10.952917                       10.952917
              2        1.594904       73.696517     0.028497935      0.13512267       10.649211      -3.7297014       -3.7297014       10.649211                       10.649211
              1       1.4392912       73.126811     0.028009929      0.13103655       10.337985      -3.7297014       -3.7297014       10.337985                       10.337985
              4       2.6035391       71.972598     0.027006838      0.13030606       12.666481      -3.7297014       -3.7297014       12.666481                       12.666481
              2       1.7158421       73.839925     0.029290805      0.13179109       10.891087      -3.7297014       -3.7297014       10.891087                       10.891087
              3       1.4193608       73.137901     0.028022144      0.13047087       10.298124      -3.7297014       -3.7297014       10.298124                       10.298124
              2       1.4251346       73.080474     0.027798335      0.13085079       10.309672      -3.7297014       -3.7297014       10.309672                       10.309672
              8        1.423825       73.098988     0.027824444      0.13086221       10.307053      -3.7297014       -3.7297014       10.307053                       10.307053
              2       1.5802949       69.548979     0.023273537      0.11830812       10.619993      -3.7297014       -3.7297014       10.619993                       10.619993
              5       2.1575049       67.016479     0.020137959      0.11749247       11.774413      -3.7297014       -3.7297014       11.774413                       11.774413
              4       2.3238901       63.667125     0.016051103       0.1084687       12.107183      -3.7297014       -3.7297014       12.107183                       12.107183
              2       2.0354145        64.94345     0.017734853      0.11107059       11.530232      -3.7297014       -3.7297014       11.530232                       11.530232
              3       2.1857359        68.63652     0.021740302      0.11692051       11.830875      -3.7297014       -3.7297014       11.830875                       11.830875
              4       3.2929479       70.802651     0.023994268      0.12581388       14.045299      -3.7297014       -3.7297014       14.045299                       14.045299
              3        2.834237        66.93693     0.021005336      0.11053649       13.127877      -3.7297014       -3.7297014       13.127877                       13.127877
              2       2.2639553       67.538591     0.021565964      0.11328977       11.987313      -3.7297014       -3.7297014       11.987313                       11.987313
              1       1.9788291        70.20177      0.02479468      0.11859658       11.417061      -3.7297014       -3.7297014       11.417061                       11.417061
              5       2.6790961       71.161824     0.026327223      0.12180022       12.817595      -3.7297014       -3.7297014       12.817595                       12.817595
              3       1.9022227       68.672406     0.022049206      0.11503086       11.263848      -3.7297014       -3.7297014       11.263848                       11.263848
              7       2.2282328       70.528779     0.024757663      0.11712489       11.915868      -3.7297014       -3.7297014       11.915868                       11.915868
              1         3.38015       73.367502     0.027717145      0.12542699       14.219703      -3.7297014       -3.7297014       14.219703                       14.219703
              5       1.7513805       69.182174     0.022751863      0.12208927       10.962164      -3.7297014       -3.7297014       10.962164                       10.962164
              5       2.9697525       70.855643     0.024172623      0.12843771       13.398908      -3.7297014       -3.7297014       13.398908                       13.398908
              1       6.1480335        67.79199     0.019886039      0.11453793        19.75547      -3.7297014       -3.7297014        19.75547                        19.75547
              1       5.4162144       66.987753        0.019063      0.11160459       18.291832      -3.7297014       -3.7297014       18.291832                       18.291832
              1       4.8446271        66.02275     0.017982574      0.10945956       17.148657      -3.7297014       -3.7297014       17.148657                       17.148657
              1       3.8396361       68.973902     0.021655044      0.12336376       15.138675      -3.7297014       -3.7297014       15.138675                       15.138675
              3        1.969885       70.165228     0.023669772      0.12373416       11.399173      -3.7297014       -3.7297014       11.399173                       11.399173
              2       1.5445141       70.119072     0.023890181      0.12226497       10.548431      -3.7297014       -3.7297014       10.548431                       10.548431
             11       1.4478412       74.268684     0.029374506      0.13275995       10.355085      -3.7297014       -3.7297014       10.355085                       10.355085
              6       1.4592296        74.41152     0.029651151      0.13280712       10.377862      -3.7297014       -3.7297014       10.377862                       10.377862
              4       1.4552773        74.70792     0.029865844      0.13441231       10.369957      -3.7297014       -3.7297014       10.369957                       10.369957
              3       2.1417322       71.312523     0.025368616      0.13047342       11.742867      -3.7297014       -3.7297014       11.742867                       11.742867
              2       4.6644606       69.921941     0.023495694      0.13236438       16.788324      -3.7297014       -3.7297014       16.788324                       16.788324
              3        5.838422       72.014474      0.02703777      0.13767068       19.136247      -3.7297014       -3.7297014       19.136247                       19.136247
              5        1.635798       72.144699     0.026480962      0.13045013       10.730999      -3.7297014       -3.7297014       10.730999                       10.730999
              5       1.7265328       64.485155     0.017209485      0.10297339       10.912468      -3.7297014       -3.7297014       10.912468                       10.912468
              1       1.5369185       63.759121     0.016569181      0.10348817        10.53324      -3.7297014       -3.7297014        10.53324                        10.53324
              9       2.0927067       69.524654     0.023419894      0.12435761       11.644816      -3.7297014       -3.7297014       11.644816                       11.644816
             10       1.4858596       65.052322     0.017746461      0.10745953       10.431122      -3.7297014       -3.7297014       10.431122                       10.431122
              2       1.4721412       64.158748     0.016760529      0.10398711       10.403685      -3.7297014       -3.7297014       10.403685                       10.403685
              6       1.5070266       63.519274     0.015897938      0.10328545       10.473456      -3.7297014       -3.7297014       10.473456                       10.473456
              1       1.5352075       65.891281     0.018775713      0.11116902       10.529818      -3.7297014       -3.7297014       10.529818                       10.529818
              2       1.5080064         70.3753     0.024611163      0.12314065       10.475416      -3.7297014       -3.7297014       10.475416                       10.475416
              2       1.5265104       70.125912     0.024415603      0.12084749       10.512424      -3.7297014       -3.7297014       10.512424                       10.512424
              1       1.5111506       70.128427     0.024402143      0.12086085       10.481704      -3.7297014       -3.7297014       10.481704                       10.481704
              2       1.5732474       70.950379     0.025476777       0.1218582       10.605898      -3.7297014       -3.7297014       10.605898                       10.605898
              1       1.5971318       64.665378     0.017663354       0.1044334       10.653666      -3.7297014       -3.7297014       10.653666                       10.653666
              4       1.7432864       64.612037     0.017533967      0.10310119       10.945976      -3.7297014       -3.7297014       10.945976                       10.945976
              1        1.916921       74.369901     0.028939366      0.13751186       11.293245      -3.7297014       -3.7297014       11.293245                       11.293245
              9       1.7472024       74.542088     0.029331352      0.13840875       10.953808      -3.7297014       -3.7297014       10.953808                       10.953808
              1       1.7352556       74.684587     0.029519148      0.13882396       10.929914      -3.7297014       -3.7297014       10.929914                       10.929914
              6       1.5776875       73.789769     0.028751713      0.13509613       10.614778      -3.7297014       -3.7297014       10.614778                       10.614778
              6       1.8271658       71.250746     0.025987496      0.12544296       11.113735      -3.7297014       -3.7297014       11.113735                       11.113735
              5       1.6502514       71.603748     0.026398197      0.12480764       10.759906      -3.7297014       -3.7297014       10.759906                       10.759906
              2       3.0996902       68.897013     0.023558394      0.11545233       13.658783      -3.7297014       -3.7297014       13.658783                       13.658783
              4        1.710571       68.677663     0.022030071        0.119731       10.880545      -3.7297014       -3.7297014       10.880545                       10.880545
              2       1.6469236       67.084797     0.020192833      0.11122582        10.75325      -3.7297014       -3.7297014        10.75325                        10.75325
              1       1.6950339       66.371824     0.019196992      0.11264305       10.849471      -3.7297014       -3.7297014       10.849471                       10.849471
              1       1.7148518       68.525732     0.022293184      0.11931197       10.889107      -3.7297014       -3.7297014       10.889107                       10.889107
              3       2.3451122       65.483911     0.018997727      0.10894013       12.149627      -3.7297014       -3.7297014       12.149627                       12.149627
              1       2.9472703       73.493058     0.028836154      0.13701576       13.353944      -3.7297014       -3.7297014       13.353944                       13.353944
              4       2.1261712       72.392259     0.026468668      0.13305772       11.711745      -3.7297014       -3.7297014       11.711745                       11.711745
              3       3.8806409       64.822177     0.018019413      0.11311448       15.220685      -3.7297014       -3.7297014       15.220685                       15.220685
              4       3.1743861        66.96374     0.020165074      0.11985992       13.808175      -3.7297014       -3.7297014       13.808175                       13.808175
              1       4.2336084       66.479145     0.019474597      0.12060597        15.92662      -3.7297014       -3.7297014        15.92662                        15.92662
              3       4.0785157       66.427105     0.019422427      0.12016376       15.616434      -3.7297014       -3.7297014       15.616434                       15.616434
              1       2.2096075       69.342228     0.022572228      0.11963084       11.878618      -3.7297014       -3.7297014       11.878618                       11.878618
             12       2.0738157        70.27643      0.02377275      0.12252831       11.607034      -3.7297014       -3.7297014       11.607034                       11.607034
              7       2.8085178       66.845055     0.020128992      0.11839896       13.076438      -3.7297014       -3.7297014       13.076438                       13.076438
              1       2.5640747       68.949202     0.021954766      0.12146496       12.587552      -3.7297014       -3.7297014       12.587552                       12.587552
              4       2.1669212       70.310156     0.024837169       0.1168788       11.793245      -3.7297014       -3.7297014       11.793245                       11.793245
             10       2.0397305       71.467864     0.026121955      0.12026121       11.538864      -3.7297014       -3.7297014       11.538864                       11.538864
              3        2.503061        70.00485      0.02352358      0.11799193       12.465525      -3.7297014       -3.7297014       12.465525                       12.465525
              1       2.0826253        71.81818       0.0259204      0.12367638       11.624654      -3.7297014       -3.7297014       11.624654                       11.624654
              2       1.6664808       70.812421     0.024672556      0.12347881       10.792364      -3.7297014       -3.7297014       10.792364                       10.792364
              2       1.7232383       74.593569     0.029331362      0.13688736       10.905879      -3.7297014       -3.7297014       10.905879                       10.905879
              9       2.1513387       71.258308     0.025146482      0.12241656        11.76208      -3.7297014       -3.7297014        11.76208                        11.76208
              4       2.1483523       66.663941     0.019439028       0.1098852       11.756107      -3.7297014       -3.7297014       11.756107                       11.756107
              3       2.2843839       66.233722     0.018894641      0.10838551       12.028171      -3.7297014       -3.7297014       12.028171                       12.028171
             14       2.2372157       66.242535     0.018910802      0.10854718       11.933834      -3.7297014       -3.7297014       11.933834                       11.933834
              1       1.5957973       68.409644      0.02232889      0.11541746       10.650997      -3.7297014       -3.7297014       10.650997                       10.650997
              1       1.8073487       66.969526     0.020668837      0.11097554         11.0741      -3.7297014       -3.7297014         11.0741                         11.0741
              4       3.3452852       67.577491     0.021892344      0.11414193       14.149973      -3.7297014       -3.7297014       14.149973                       14.149973
              2       1.9179633       69.548284     0.023320632      0.12405258       11.295329      -3.7297014       -3.7297014       11.295329                       11.295329
              1       2.6354478       68.158984     0.021089502      0.12112152       12.730299      -3.7297014       -3.7297014       12.730299                       12.730299
              9       2.9773962       70.177057      0.02355657      0.11877961       13.414195      -3.7297014       -3.7297014       13.414195                       13.414195
              3       3.7262478       70.828543     0.024108097      0.12149233       14.911898      -3.7297014       -3.7297014       14.911898                       14.911898
              2       3.3550936       70.888292     0.024156655      0.12365321        14.16959      -3.7297014       -3.7297014        14.16959                        14.16959
              2       2.9499265       72.618313     0.026549451      0.12659433       13.359256      -3.7297014       -3.7297014       13.359256                       13.359256
              2       2.1321454       71.207307     0.025124379      0.12194367       11.723694      -3.7297014       -3.7297014       11.723694                       11.723694
              2       1.8106369       71.178999      0.02513698      0.12307715       11.080677      -3.7297014       -3.7297014       11.080677                       11.080677
              2         3.00731       71.259029     0.024911477       0.1216888       13.474023      -3.7297014       -3.7297014       13.474023                       13.474023
              3       3.0048363       71.115594     0.024730813       0.1213017       13.469076      -3.7297014       -3.7297014       13.469076                       13.469076
              2       1.4443942       69.671783     0.023527405       0.1211243       10.348191      -3.7297014       -3.7297014       10.348191                       10.348191
              6       1.4862821       69.460215     0.023194927      0.12094794       10.431967      -3.7297014       -3.7297014       10.431967                       10.431967
              9       1.5947587       63.936028     0.016334947      0.10403779        10.64892      -3.7297014       -3.7297014        10.64892                        10.64892
              4         1.56734        71.70704     0.025885609      0.12578021       10.594083      -3.7297014       -3.7297014       10.594083                       10.594083
              2       2.5159756       70.515237     0.024548859      0.11687164       12.491354      -3.7297014       -3.7297014       12.491354                       12.491354
              1       2.3868031       66.908949     0.020285983      0.11720674       12.233009      -3.7297014       -3.7297014       12.233009                       12.233009
              4       3.2090019       72.427057     0.027345164       0.1352112       13.877407      -3.7297014       -3.7297014       13.877407                       13.877407
              6       5.5737673       64.487967     0.016243862      0.11453276       18.606937      -3.7297014       -3.7297014       18.606937                       18.606937
              2       6.6359993       69.599643     0.022086851      0.13145572       20.731402      -3.7297014       -3.7297014       20.731402                       20.731402
              1       6.8563669       71.168626     0.024104692      0.12043578       21.172137      -3.7297014       -3.7297014       21.172137                       21.172137
              4       5.0853577       69.631455     0.022508169      0.11606978       17.630118      -3.7297014       -3.7297014       17.630118                       17.630118
              2       6.0156132       69.911727     0.022780272      0.11581197       19.490629      -3.7297014       -3.7297014       19.490629                       19.490629
              2       4.9307941       72.038545     0.025725567      0.12086107       17.320991      -3.7297014       -3.7297014       17.320991                       17.320991
              1       3.4713977       70.216514     0.023943539      0.13085443       14.402198      -3.7297014       -3.7297014       14.402198                       14.402198
              3       2.1677868       72.085128     0.027229167      0.12762824       11.794977      -3.7297014       -3.7297014       11.794977                       11.794977
              2       1.9554174       72.722874     0.027988658      0.12872487       11.370238      -3.7297014       -3.7297014       11.370238                       11.370238
              1       1.4528239       71.198519     0.025651832      0.12459574       10.365051      -3.7297014       -3.7297014       10.365051                       10.365051
              1       1.6283493       67.146624     0.020163975      0.11326356       10.716102      -3.7297014       -3.7297014       10.716102                       10.716102
              3       1.6900279       67.345808     0.020376964      0.11350721       10.839459      -3.7297014       -3.7297014       10.839459                       10.839459
              3       1.4469244       66.170747     0.019193262      0.10967147       10.353252      -3.7297014       -3.7297014       10.353252                       10.353252
              3       1.4244535       66.408042     0.019510359      0.11057005        10.30831      -3.7297014       -3.7297014        10.30831                        10.30831
              4       1.7357641       67.244435     0.020530886      0.11031163       10.930931      -3.7297014       -3.7297014       10.930931                       10.930931
              1       1.7033336       70.865852     0.025187778      0.12016055        10.86607      -3.7297014       -3.7297014        10.86607                        10.86607
              3       5.6036309       72.390655     0.027953209      0.11530148       18.666665      -3.7297014       -3.7297014       18.666665                       18.666665
              7       5.5577756       72.483066     0.028051838      0.11558316       18.574954      -3.7297014       -3.7297014       18.574954                       18.574954
              1       4.7399333       72.441536     0.027978143      0.11690663       16.939269      -3.7297014       -3.7297014       16.939269                       16.939269
              2       4.8337004       73.709525     0.029690187      0.12032123       17.126804      -3.7297014       -3.7297014       17.126804                       17.126804
              2       4.3368707        69.70483     0.024427744      0.11046911       16.133144      -3.7297014       -3.7297014       16.133144                       16.133144
              2       4.1060482       68.857716     0.023354604      0.10881463       15.671499      -3.7297014       -3.7297014       15.671499                       15.671499
              2       2.4540095       72.323053     0.027730489       0.1259908       12.367422      -3.7297014       -3.7297014       12.367422                       12.367422
              1       1.6969951       64.944876     0.017709926      0.10975703       10.853393      -3.7297014       -3.7297014       10.853393                       10.853393
              1       3.1367766       66.540108     0.019450563      0.11874394       13.732956      -3.7297014       -3.7297014       13.732956                       13.732956
              4       1.7086418        63.66839     0.016340617      0.10083698       10.876687      -3.7297014       -3.7297014       10.876687                       10.876687
              3       1.5863907        63.59382     0.016179282      0.10131578       10.632184      -3.7297014       -3.7297014       10.632184                       10.632184
              6       3.2705607       72.024837     0.025655072      0.12573277       14.000524      -3.7297014       -3.7297014       14.000524                       14.000524
              1       1.9591212       71.881088     0.025845617      0.12656888       11.377645      -3.7297014       -3.7297014       11.377645                       11.377645
              5       2.0841021       71.997659     0.025891421      0.12811599       11.627607      -3.7297014       -3.7297014       11.627607                       11.627607
             10       1.5238334       68.550672     0.021977363      0.11796921        10.50707      -3.7297014       -3.7297014        10.50707                        10.50707
              1       1.6364716       68.510094     0.022169365      0.11930131       10.732346      -3.7297014       -3.7297014       10.732346                       10.732346
             10       3.1967222       65.954862     0.019846897      0.10594281       13.852847      -3.7297014       -3.7297014       13.852847                       13.852847
              4       4.4542878       72.556845     0.028238856      0.13241383       16.367979      -3.7297014       -3.7297014       16.367979                       16.367979
              8       2.7134706       64.090557     0.016524843      0.11065404       12.886344      -3.7297014       -3.7297014       12.886344                       12.886344
              2       2.1801678       64.352514     0.016711702      0.10947188       11.819739      -3.7297014       -3.7297014       11.819739                       11.819739
              1       3.7182028       69.683111      0.02394974      0.12744788       14.895809      -3.7297014       -3.7297014       14.895809                       14.895809
              4       2.2441495       71.648445     0.026241322      0.13067857       11.947702      -3.7297014       -3.7297014       11.947702                       11.947702
              2       2.2685196       71.644855     0.026244244      0.13071108       11.996442      -3.7297014       -3.7297014       11.996442                       11.996442
              3       2.7032958       68.704551      0.02246526      0.12348496       12.865994      -3.7297014       -3.7297014       12.865994                       12.865994
              5       4.2088826       68.111828     0.020831972      0.12473029       15.877168      -3.7297014       -3.7297014       15.877168                       15.877168
              1       4.1592131       68.095248      0.02082369      0.12461719       15.777829      -3.7297014       -3.7297014       15.777829                       15.777829
              2       2.7863709       72.062917     0.025688834      0.13097287       13.032145      -3.7297014       -3.7297014       13.032145                       13.032145
              2        1.953775       71.402477     0.026247183      0.12587206       11.366953      -3.7297014       -3.7297014       11.366953                       11.366953
              1       2.0399967       69.556608     0.023935801      0.12070513       11.539396      -3.7297014       -3.7297014       11.539396                       11.539396
              4       3.0645024        66.79711     0.020805372      0.11289004       13.588408      -3.7297014       -3.7297014       13.588408                       13.588408
              2       2.6177781       65.701386     0.019374618      0.10882546       12.694959      -3.7297014       -3.7297014       12.694959                       12.694959
              7       1.8735561       66.933533     0.020630405      0.11241938       11.206515      -3.7297014       -3.7297014       11.206515                       11.206515
              1       1.6359288       67.681997     0.021335481      0.11576383       10.731261      -3.7297014       -3.7297014       10.731261                       10.731261
              1       1.6132682       66.460313     0.019525977      0.10905086       10.685939      -3.7297014       -3.7297014       10.685939                       10.685939
              4       2.4802168         65.5227     0.018118371       0.1050252       12.419837      -3.7297014       -3.7297014       12.419837                       12.419837
              3       2.4667122       65.520986     0.018116655      0.10505767       12.392827      -3.7297014       -3.7297014       12.392827                       12.392827
              1       3.7820307       72.809423     0.028078522      0.11933154       15.023464      -3.7297014       -3.7297014       15.023464                       15.023464
              7       4.0797017       71.895426     0.027188533      0.11659909       15.618806      -3.7297014       -3.7297014       15.618806                       15.618806
              1       3.9980888       71.476807     0.027106323      0.12135427        15.45558      -3.7297014       -3.7297014        15.45558                        15.45558
              5       3.0061848       71.044002     0.026270573      0.12206135       13.471773      -3.7297014       -3.7297014       13.471773                       13.471773
              1       2.3922954       74.070469     0.029957669      0.13119975       12.243994      -3.7297014       -3.7297014       12.243994                       12.243994
              1       3.0418394        73.26616     0.027330786      0.12857249       13.543082      -3.7297014       -3.7297014       13.543082                       13.543082
              1       3.9255779       73.659502      0.02799369      0.12574086       15.310559      -3.7297014       -3.7297014       15.310559                       15.310559
              2       3.3387425       72.334933     0.026632114      0.12109216       14.136888      -3.7297014       -3.7297014       14.136888                       14.136888
              3       3.6565073       71.610863     0.025633721       0.1188495       14.772417      -3.7297014       -3.7297014       14.772417                       14.772417
              2       4.6270381       67.288419     0.020249185      0.10548183       16.713479      -3.7297014       -3.7297014       16.713479                       16.713479
              2       3.0763305       67.298727      0.02019775      0.10876821       13.612064      -3.7297014       -3.7297014       13.612064                       13.612064
              7       6.1036184       66.203626     0.018176685      0.10686407        19.66664      -3.7297014       -3.7297014        19.66664                        19.66664
              1       4.6296569       65.754733      0.01778445      0.10701301       16.718717      -3.7297014       -3.7297014       16.718717                       16.718717
              2       3.8458877       67.698179     0.020219172      0.11308391       15.151178      -3.7297014       -3.7297014       15.151178                       15.151178
              2       3.9089846        67.64108     0.020115128      0.11334146       15.277372      -3.7297014       -3.7297014       15.277372                       15.277372
              1       2.0809024       68.778815     0.021913485      0.11958492       11.621208      -3.7297014       -3.7297014       11.621208                       11.621208
              1       2.0189664       69.701488     0.023072671      0.12162269       11.497336      -3.7297014       -3.7297014       11.497336                       11.497336
              4       1.9914903       69.673047     0.023051062      0.12143927       11.442383      -3.7297014       -3.7297014       11.442383                       11.442383
              2       1.9674933       68.071256     0.021151161      0.11497068        11.39439      -3.7297014       -3.7297014        11.39439                        11.39439
             12       2.5306321       65.090803     0.017389779      0.11143159       12.520667      -3.7297014       -3.7297014       12.520667                       12.520667
              5       1.4184056       63.628743     0.016240257      0.10312053       10.296214      -3.7297014       -3.7297014       10.296214                       10.296214
              1       1.4678004       64.798969     0.017753603      0.10612822       10.395004      -3.7297014       -3.7297014       10.395004                       10.395004
              2       1.7892103       64.494574     0.017583788      0.10616819       11.037823      -3.7297014       -3.7297014       11.037823                       11.037823
              1       2.1043328       65.148631     0.018538672      0.10533965       11.668068      -3.7297014       -3.7297014       11.668068                       11.668068
              8       2.6741931       68.762252     0.021788736      0.11626016       12.807789      -3.7297014       -3.7297014       12.807789                       12.807789
              2       1.9695402       71.193029     0.025179946      0.12197878       11.398483      -3.7297014       -3.7297014       11.398483                       11.398483
              3        2.041118       71.162644     0.025086758      0.12205326       11.541639      -3.7297014       -3.7297014       11.541639                       11.541639
              6       2.1832413       64.742007     0.017789798      0.10194885       11.825886      -3.7297014       -3.7297014       11.825886                       11.825886
              6       2.1848438       67.701035      0.02130975      0.10944938       11.829091      -3.7297014       -3.7297014       11.829091                       11.829091
              2        2.637155       65.867056     0.019604398      0.10853684       12.733713      -3.7297014       -3.7297014       12.733713                       12.733713
              1       2.6172507       66.511258     0.020384008      0.11086403       12.693904      -3.7297014       -3.7297014       12.693904                       12.693904
              3       2.0201507         66.1222      0.01962489      0.11137585       11.499704      -3.7297014       -3.7297014       11.499704                       11.499704
              4       1.9192163       66.339923     0.019240971      0.11456462       11.297836      -3.7297014       -3.7297014       11.297836                       11.297836
              1       1.4254876       67.381802     0.020679984      0.11385172       10.310378      -3.7297014       -3.7297014       10.310378                       10.310378
              9        1.464071       67.067439     0.020222801      0.11280164       10.387545      -3.7297014       -3.7297014       10.387545                       10.387545
              3       1.4966787       66.430946     0.019402777      0.11122136        10.45276      -3.7297014       -3.7297014        10.45276                        10.45276
              5       3.4545424       70.647327     0.025835004      0.12242259       14.368488      -3.7297014       -3.7297014       14.368488                       14.368488
              2       3.4658756       67.870658     0.020923868      0.10926688       14.391154      -3.7297014       -3.7297014       14.391154                       14.391154
              2       3.4676782       66.817846     0.019628705      0.10650833       14.394759      -3.7297014       -3.7297014       14.394759                       14.394759
              1       6.1835945       68.135346     0.023192131      0.10969901       19.826592      -3.7297014       -3.7297014       19.826592                       19.826592
              1       1.6474401       74.218488     0.028921111      0.13514378       10.754283      -3.7297014       -3.7297014       10.754283                       10.754283
              2       1.6357991       74.470748     0.029252425      0.13558523       10.731001      -3.7297014       -3.7297014       10.731001                       10.731001
              1       1.6939881        74.02302     0.028698922      0.13629257       10.847379      -3.7297014       -3.7297014       10.847379                       10.847379
              4       2.1804878       74.514145     0.028986748      0.13883576       11.820378      -3.7297014       -3.7297014       11.820378                       11.820378
             10       1.6480211       72.553368     0.026833984      0.13018801       10.755445      -3.7297014       -3.7297014       10.755445                       10.755445
              5       1.6891679       73.558076     0.028058303      0.13334131       10.837739      -3.7297014       -3.7297014       10.837739                       10.837739
              5       1.7571695       73.600889     0.028070439      0.13426527       10.973742      -3.7297014       -3.7297014       10.973742                       10.973742
              6       2.0353946       72.493378     0.026546481      0.13200618       11.530192      -3.7297014       -3.7297014       11.530192                       11.530192
              1       1.6478565       67.438711     0.021068982      0.11481092       10.755116      -3.7297014       -3.7297014       10.755116                       10.755116
              1       2.5893673       69.023327      0.02324216       0.1119879       12.638137      -3.7297014       -3.7297014       12.638137                       12.638137
              3       2.7882252       69.330511       0.0236678      0.11231319       13.035853      -3.7297014       -3.7297014       13.035853                       13.035853
              3       2.7823421       69.364344     0.023663314      0.11231729       13.024087      -3.7297014       -3.7297014       13.024087                       13.024087
              3       4.3661433       65.989708     0.019696624        0.101129       16.191689      -3.7297014       -3.7297014       16.191689                       16.191689
              2       1.7342823        69.76899     0.024099353      0.12046832       10.927967      -3.7297014       -3.7297014       10.927967                       10.927967
              1         1.79047       72.592352     0.026996623      0.12656158       11.040343      -3.7297014       -3.7297014       11.040343                       11.040343
              5       1.4939109       72.324958     0.026914815      0.12970841       10.447225      -3.7297014       -3.7297014       10.447225                       10.447225
              5       2.8682731       63.385386     0.015619278      0.10894712       13.195949      -3.7297014       -3.7297014       13.195949                       13.195949
              7       2.5969992       63.694299     0.016000795      0.10917504       12.653401      -3.7297014       -3.7297014       12.653401                       12.653401
              2        2.322837       64.364386     0.017632326      0.10258996       12.105077      -3.7297014       -3.7297014       12.105077                       12.105077
             12       1.8239949       62.668695     0.015054333      0.10410032       11.107393      -3.7297014       -3.7297014       11.107393                       11.107393
              3       1.8378528       62.620608     0.015019446      0.10398115       11.135108      -3.7297014       -3.7297014       11.135108                       11.135108
              2       1.8751514       62.653118     0.015113225      0.10404176       11.209706      -3.7297014       -3.7297014       11.209706                       11.209706
             16       2.1807333       64.217822     0.016887054      0.10947293       11.820869      -3.7297014       -3.7297014       11.820869                       11.820869
              6       2.3397635       62.917547     0.015553254      0.10560809        12.13893      -3.7297014       -3.7297014        12.13893                        12.13893
              3       2.2523802       62.897167     0.015609544      0.10479638       11.964163      -3.7297014       -3.7297014       11.964163                       11.964163
              3       1.5531131       74.393489     0.029276863      0.13657314       10.565629      -3.7297014       -3.7297014       10.565629                       10.565629
              1       1.4996958       72.324889     0.027057935       0.1259422       10.458794      -3.7297014       -3.7297014       10.458794                       10.458794
              2       1.6001273       67.800744     0.020996791      0.11631299       10.659658      -3.7297014       -3.7297014       10.659658                       10.659658
              1       1.5405354       67.619671     0.020811163      0.11457925       10.540474      -3.7297014       -3.7297014       10.540474                       10.540474
              1       1.9534962       68.376137     0.021494114      0.11671779       11.366395      -3.7297014       -3.7297014       11.366395                       11.366395
              5       1.7041298       67.783491     0.021054693      0.11274923       10.867662      -3.7297014       -3.7297014       10.867662                       10.867662
             18       2.0022934       69.071762      0.02304605      0.12178987        11.46399      -3.7297014       -3.7297014        11.46399                        11.46399
              4       1.7008624       66.126293     0.019172024      0.11302103       10.861128      -3.7297014       -3.7297014       10.861128                       10.861128
              7       1.5954391       66.842128     0.020098188      0.11432923       10.650281      -3.7297014       -3.7297014       10.650281                       10.650281
             15       1.5021951       68.259118     0.022041474      0.11592521       10.463793      -3.7297014       -3.7297014       10.463793                       10.463793
              3       1.5843034       67.301579     0.020423217      0.11278301        10.62801      -3.7297014       -3.7297014        10.62801                        10.62801
              4       1.7308278       67.953991     0.021161074      0.11408897       10.921059      -3.7297014       -3.7297014       10.921059                       10.921059
              1       1.8329944       65.203952     0.017694258       0.1084546       11.125392      -3.7297014       -3.7297014       11.125392                       11.125392
             12       1.8463949       63.600044      0.01655958      0.10263786       11.152193      -3.7297014       -3.7297014       11.152193                       11.152193
              2       1.8249658       69.357568     0.023554667      0.12047482       11.109335      -3.7297014       -3.7297014       11.109335                       11.109335
              2       1.7987117       69.233527     0.023315628      0.12081538       11.056826      -3.7297014       -3.7297014       11.056826                       11.056826
             13       1.6840003        69.02694     0.022992543      0.12007456       10.827403      -3.7297014       -3.7297014       10.827403                       10.827403
              2       2.6133052       72.397426      0.02629097      0.13439865       12.686013      -3.7297014       -3.7297014       12.686013                       12.686013
              5       2.6563981       72.370938     0.026241717      0.13439402       12.772199      -3.7297014       -3.7297014       12.772199                       12.772199
              3       2.6273605       72.453535     0.026345822      0.13452466       12.714124      -3.7297014       -3.7297014       12.714124                       12.714124
             10       2.9131184       73.050908     0.026952551      0.13667793        13.28564      -3.7297014       -3.7297014        13.28564                        13.28564
              1       2.1915926       67.627736     0.020472364       0.1167366       11.842588      -3.7297014       -3.7297014       11.842588                       11.842588
              5       1.8300936       68.874322     0.022194771      0.11740099        11.11959      -3.7297014       -3.7297014        11.11959                        11.11959
              1       1.4828044       69.165913     0.022778372      0.11905893       10.425012      -3.7297014       -3.7297014       10.425012                       10.425012
              1       2.3949915       71.094237     0.024715478       0.1292477       12.249386      -3.7297014       -3.7297014       12.249386                       12.249386
              3        1.800914       66.391119     0.019137369      0.11187708       11.061231      -3.7297014       -3.7297014       11.061231                       11.061231
              2       2.4569395       71.345368     0.025086334      0.12324157       12.373282      -3.7297014       -3.7297014       12.373282                       12.373282
              2       2.9571771       70.651277     0.024206411      0.11954499       13.373757      -3.7297014       -3.7297014       13.373757                       13.373757
              3       3.0430249       69.297051      0.02240708       0.1168237       13.545453      -3.7297014       -3.7297014       13.545453                       13.545453
              2       3.8218567        69.43204     0.022447183      0.11637456       15.103116      -3.7297014       -3.7297014       15.103116                       15.103116
              3       3.6293716       69.532117     0.022625741      0.11652429       14.718146      -3.7297014       -3.7297014       14.718146                       14.718146
              3       5.7402642       71.109411     0.024764886      0.11539328       18.939931      -3.7297014       -3.7297014       18.939931                       18.939931
              4       3.3671542       70.046651     0.023788166      0.11441027       14.193711      -3.7297014       -3.7297014       14.193711                       14.193711
              2       3.0255306       68.641709     0.022172935      0.11066379       13.510464      -3.7297014       -3.7297014       13.510464                       13.510464
              1       1.6720715       69.057974     0.022500129      0.11816227       10.803546      -3.7297014       -3.7297014       10.803546                       10.803546
              3        3.087159       71.923283     0.025520814      0.12641897       13.633721      -3.7297014       -3.7297014       13.633721                       13.633721
              4       2.2337174       70.333685     0.023760342      0.12358137       11.926838      -3.7297014       -3.7297014       11.926838                       11.926838
              3       3.2179744       65.250019     0.017821041      0.10236365       13.895352      -3.7297014       -3.7297014       13.895352                       13.895352
              2       2.8908166       64.771287     0.017311751      0.10144921       13.241036      -3.7297014       -3.7297014       13.241036                       13.241036
              1       2.5696336       66.684978     0.019880688      0.10607973        12.59867      -3.7297014       -3.7297014        12.59867                        12.59867
              1       2.6237655       69.823255     0.022988437      0.12325391       12.706934      -3.7297014       -3.7297014       12.706934                       12.706934
              1       2.4207361       67.685118     0.021813277      0.11178974       12.300875      -3.7297014       -3.7297014       12.300875                       12.300875
              1       3.2998148       67.813481     0.022040578      0.11719152       14.059032      -3.7297014       -3.7297014       14.059032                       14.059032
              3       3.2770315       70.557289     0.025553707       0.1244022       14.013466      -3.7297014       -3.7297014       14.013466                       14.013466
              1       3.2399292       70.747161     0.025444798      0.12853507       13.939261      -3.7297014       -3.7297014       13.939261                       13.939261
              4       2.0517258       71.219272     0.025798021      0.12803129       11.562855      -3.7297014       -3.7297014       11.562855                       11.562855
              4       3.3579565       63.019667     0.015354528       0.1089814       14.175316      -3.7297014       -3.7297014       14.175316                       14.175316
              4       2.7632369        64.15422     0.016885701      0.11058088       12.985877      -3.7297014       -3.7297014       12.985877                       12.985877
              4       2.3520856       64.519709     0.016910839      0.11058041       12.163574      -3.7297014       -3.7297014       12.163574                       12.163574
              5       3.0474101       64.990054     0.017240829      0.11289271       13.554223      -3.7297014       -3.7297014       13.554223                       13.554223
              1       3.4161131       68.248883     0.021525889      0.12454548       14.291629      -3.7297014       -3.7297014       14.291629                       14.291629
              4        2.897764       67.414963     0.021041607      0.11935295       13.254931      -3.7297014       -3.7297014       13.254931                       13.254931
              3       2.7875846       69.987862     0.024818121      0.12043281       13.034572      -3.7297014       -3.7297014       13.034572                       13.034572
              7       1.4972958       70.165924     0.024296339       0.1227934       10.453995      -3.7297014       -3.7297014       10.453995                       10.453995
              2       1.7489858       69.694334     0.023551394      0.12363549       10.957375      -3.7297014       -3.7297014       10.957375                       10.957375
              4        1.440559        62.73779     0.015213097      0.10162976       10.340521      -3.7297014       -3.7297014       10.340521                       10.340521
              2       1.6195713       63.221353      0.01591815      0.10053451       10.698545      -3.7297014       -3.7297014       10.698545                       10.698545
              4       1.6234175       63.312854     0.016040381      0.10083049       10.706238      -3.7297014       -3.7297014       10.706238                       10.706238
              6       1.7829422       64.380048     0.017357835      0.10265933       11.025287      -3.7297014       -3.7297014       11.025287                       11.025287
              1       2.9381745       65.445866     0.018914526      0.10241288       13.335752      -3.7297014       -3.7297014       13.335752                       13.335752
              1        3.217019        65.01922     0.018501332      0.10126437       13.893441      -3.7297014       -3.7297014       13.893441                       13.893441
              6        3.133138       71.838592     0.027266693      0.12621471       13.725679      -3.7297014       -3.7297014       13.725679                       13.725679
              1       1.9554757       73.952841     0.029603361      0.13057188       11.370354      -3.7297014       -3.7297014       11.370354                       11.370354
              2       1.8994978       74.084135     0.029735622      0.13070135       11.258399      -3.7297014       -3.7297014       11.258399                       11.258399
              5       1.8725435       71.310751     0.025340079      0.12917361        11.20449      -3.7297014       -3.7297014        11.20449                        11.20449
              1        1.508155       73.435587     0.028417291      0.13285377       10.475713      -3.7297014       -3.7297014       10.475713                       10.475713
              3       1.6161971       73.840057     0.028910259      0.13515654       10.691797      -3.7297014       -3.7297014       10.691797                       10.691797
              7       4.3338429        73.33281     0.029592877      0.12744818       16.127089      -3.7297014       -3.7297014       16.127089                       16.127089
              3       4.0961973       73.360189     0.029566727      0.12789788       15.651797      -3.7297014       -3.7297014       15.651797                       15.651797
              1       4.0504234       73.672586     0.029867321      0.13164665        15.56025      -3.7297014       -3.7297014        15.56025                        15.56025
              1         1.46007       71.955459     0.026493534      0.12800206       10.379543      -3.7297014       -3.7297014       10.379543                       10.379543
              1       1.4245886       74.065933     0.029035018      0.13358586        10.30858      -3.7297014       -3.7297014        10.30858                        10.30858
              2       1.6210146       68.833641     0.022624097      0.11992927       10.701432      -3.7297014       -3.7297014       10.701432                       10.701432
              2       1.9501877       68.593562     0.022773765      0.11534646       11.359778      -3.7297014       -3.7297014       11.359778                       11.359778
              6       1.9715544       67.159749     0.020970932      0.11259542       11.402512      -3.7297014       -3.7297014       11.402512                       11.402512
              1        1.662082       66.011205     0.019400423      0.10886435       10.783567      -3.7297014       -3.7297014       10.783567                       10.783567
              4       1.7482389       66.434521     0.019547384      0.11411836       10.955881      -3.7297014       -3.7297014       10.955881                       10.955881
              2        1.744961       66.501743     0.019564205      0.11435364       10.949325      -3.7297014       -3.7297014       10.949325                       10.949325
              1        3.165176       69.703084     0.023925241      0.11222731       13.789755      -3.7297014       -3.7297014       13.789755                       13.789755
             16       3.7693101       72.652105     0.028124911      0.11926063       14.998023      -3.7297014       -3.7297014       14.998023                       14.998023
              1       4.2972052       72.147266     0.027672525      0.11732355       16.053813      -3.7297014       -3.7297014       16.053813                       16.053813
              1       5.9811419       68.719201     0.023152969      0.10529199       19.421687      -3.7297014       -3.7297014       19.421687                       19.421687
              4       1.5446493       68.709682     0.022155696      0.11741286       10.548701      -3.7297014       -3.7297014       10.548701                       10.548701
              4        1.988461       65.302499     0.017855035      0.10626674       11.436325      -3.7297014       -3.7297014       11.436325                       11.436325
              1       1.7804352       67.604691     0.021228787      0.11073794       11.020273      -3.7297014       -3.7297014       11.020273                       11.020273
             10       1.9295606       65.476618     0.018231143      0.11221656       11.318524      -3.7297014       -3.7297014       11.318524                       11.318524
              4       2.0533767       66.419289     0.019572368      0.11517847       11.566156      -3.7297014       -3.7297014       11.566156                       11.566156
              5       2.5666428       66.103685     0.019156517       0.1158469       12.592689      -3.7297014       -3.7297014       12.592689                       12.592689
              7       2.3507752       67.726246     0.021266904      0.11957559       12.160953      -3.7297014       -3.7297014       12.160953                       12.160953
              9       2.1576383       67.175388     0.020818512      0.11601913        11.77468      -3.7297014       -3.7297014        11.77468                        11.77468
              4       2.0942965       68.221134     0.022251402      0.11733076       11.647996      -3.7297014       -3.7297014       11.647996                       11.647996
              3        1.506115       69.860626     0.023709475      0.12244464       10.471633      -3.7297014       -3.7297014       10.471633                       10.471633
              4       1.7498181       72.233283     0.026360503      0.12885233       10.959039      -3.7297014       -3.7297014       10.959039                       10.959039
              3       2.3953115       75.138413     0.029703086      0.13741835       12.250026      -3.7297014       -3.7297014       12.250026                       12.250026
              5       2.8851181       75.372445     0.029919592      0.13649364       13.229639      -3.7297014       -3.7297014       13.229639                       13.229639
              1       3.2442375       72.185804     0.025874133      0.13534784       13.947878      -3.7297014       -3.7297014       13.947878                       13.947878
              1       1.5155901       65.045028     0.017962966      0.10860748       10.490583      -3.7297014       -3.7297014       10.490583                       10.490583
              3       1.8091951       63.703859     0.015924243      0.10455064       11.077793      -3.7297014       -3.7297014       11.077793                       11.077793
              3       3.4033474       67.899175     0.021325651      0.12311141       14.266098      -3.7297014       -3.7297014       14.266098                       14.266098
              5       3.7576211       64.783001     0.018526217      0.10322142       14.974645      -3.7297014       -3.7297014       14.974645                       14.974645
              9       3.4147171       71.769405     0.027228923      0.11942926       14.288837      -3.7297014       -3.7297014       14.288837                       14.288837
              5       2.9495173       71.681158     0.026967647      0.11973107       13.358438      -3.7297014       -3.7297014       13.358438                       13.358438
              2       2.9596695       71.704291     0.027007355      0.11985127       13.378742      -3.7297014       -3.7297014       13.378742                       13.378742
              3       3.7752806       69.903911      0.02492374      0.11409562       15.009964      -3.7297014       -3.7297014       15.009964                       15.009964
              4       2.0643341        66.96136     0.020465548      0.10791474       11.588071      -3.7297014       -3.7297014       11.588071                       11.588071
              1       1.6824669       69.877323     0.024235091      0.11983024       10.824337      -3.7297014       -3.7297014       10.824337                       10.824337
             13       1.5460171       71.748173     0.026372184      0.12381816       10.551437      -3.7297014       -3.7297014       10.551437                       10.551437
              1       1.4260921       70.391207     0.024542297      0.12135094       10.311587      -3.7297014       -3.7297014       10.311587                       10.311587
              1       2.9207048       70.145722     0.024680018      0.12590025       13.300813      -3.7297014       -3.7297014       13.300813                       13.300813
             11       2.8300929       71.903506     0.026443457      0.13377829       13.119589      -3.7297014       -3.7297014       13.119589                       13.119589
              4       2.2965008       72.220335     0.026688586      0.13371189       12.052404      -3.7297014       -3.7297014       12.052404                       12.052404
              2       1.6473421       70.907483     0.024824025      0.12335992       10.754087      -3.7297014       -3.7297014       10.754087                       10.754087
              1       1.6304012       70.061494     0.023842602       0.1200388       10.720205      -3.7297014       -3.7297014       10.720205                       10.720205
              2        2.390424       72.983392     0.028525671      0.12546718       12.240251      -3.7297014       -3.7297014       12.240251                       12.240251
              2       3.1195772       67.695255     0.021564732       0.1071597       13.698557      -3.7297014       -3.7297014       13.698557                       13.698557
              6       2.5554625       66.049536     0.018531585      0.11431549       12.570328      -3.7297014       -3.7297014       12.570328                       12.570328
              2       2.2719811        66.25562     0.018860429      0.11434228       12.003365      -3.7297014       -3.7297014       12.003365                       12.003365
              1       3.8861559       65.783162     0.017859214       0.1089737       15.231715      -3.7297014       -3.7297014       15.231715                       15.231715
              8       2.9608527       65.628859     0.018279008      0.10386781       13.381108      -3.7297014       -3.7297014       13.381108                       13.381108
              1       3.5934795       65.006761      0.01695511      0.10857152       14.646362      -3.7297014       -3.7297014       14.646362                       14.646362
              1       3.0905008       63.972372     0.015847994      0.10615516       13.640404      -3.7297014       -3.7297014       13.640404                       13.640404
             16       2.8419354       67.302057     0.021255384      0.11604019       13.143274      -3.7297014       -3.7297014       13.143274                       13.143274
              1       2.6145907       67.258344     0.021164768      0.11553095       12.688584      -3.7297014       -3.7297014       12.688584                       12.688584
              3       3.2855087       67.932459     0.021192037      0.12325431        14.03042      -3.7297014       -3.7297014        14.03042                        14.03042
              3       3.4146319       68.247456     0.021479898      0.12454695       14.288667      -3.7297014       -3.7297014       14.288667                       14.288667
              6       3.0514944       69.804164     0.023091535       0.1278265       13.562392      -3.7297014       -3.7297014       13.562392                       13.562392
              7       2.4454822       71.970958     0.026330994      0.13350023       12.350367      -3.7297014       -3.7297014       12.350367                       12.350367
              1        2.343398       73.708386     0.028293818      0.13899507       12.146199      -3.7297014       -3.7297014       12.146199                       12.146199
              3        2.030543       74.031686     0.028688555      0.13076943       11.520489      -3.7297014       -3.7297014       11.520489                       11.520489
              2       1.8306756       73.347843     0.027904848      0.12900783       11.120754      -3.7297014       -3.7297014       11.120754                       11.120754
              2       2.0756608        72.12836     0.026953094      0.12200042       11.610724      -3.7297014       -3.7297014       11.610724                       11.610724
              1       1.4662459        65.05695      0.01806241      0.10665408       10.391895      -3.7297014       -3.7297014       10.391895                       10.391895
              4       1.9330256       70.161357     0.023932178      0.12596812       11.325454      -3.7297014       -3.7297014       11.325454                       11.325454
              3       2.4730966         73.7814     0.028672576      0.13929982       12.405596      -3.7297014       -3.7297014       12.405596                       12.405596
              9       3.8142092       65.604436     0.019554857      0.10491937       15.087821      -3.7297014       -3.7297014       15.087821                       15.087821
              2       3.0223118       67.265893      0.02143837      0.10915873       13.504026      -3.7297014       -3.7297014       13.504026                       13.504026
              2       1.6842015       65.996612     0.019396075      0.10872584       10.827806      -3.7297014       -3.7297014       10.827806                       10.827806
              5       1.4569297       72.395535     0.026856954      0.12832495       10.373262      -3.7297014       -3.7297014       10.373262                       10.373262
              8       1.8468692       67.959863     0.021128358      0.11379657       11.153141      -3.7297014       -3.7297014       11.153141                       11.153141
              5       1.8396577       68.541186     0.021748757      0.11723419       11.138718      -3.7297014       -3.7297014       11.138718                       11.138718
              2         2.16698       65.746693     0.018211322      0.11114714       11.793363      -3.7297014       -3.7297014       11.793363                       11.793363
              9       1.7520258        69.50333     0.023371293      0.11631067       10.963454      -3.7297014       -3.7297014       10.963454                       10.963454
              6       1.4767052       69.853968     0.023859421      0.11900934       10.412813      -3.7297014       -3.7297014       10.412813                       10.412813
              1       2.9428115       73.064384     0.028583073       0.1225015       13.345026      -3.7297014       -3.7297014       13.345026                       13.345026
              3       4.1013886       70.781114     0.026188238      0.11711584        15.66218      -3.7297014       -3.7297014        15.66218                        15.66218
              3       1.9662713       70.020929     0.023748632      0.12567987       11.391946      -3.7297014       -3.7297014       11.391946                       11.391946
              2       2.0676873       64.310925     0.017493862      0.10310159       11.594777      -3.7297014       -3.7297014       11.594777                       11.594777
              1       1.6275041       65.776383     0.019056759      0.10955186       10.714411      -3.7297014       -3.7297014       10.714411                       10.714411
              1       2.6822172       66.423618     0.020193734      0.11261729       12.823837      -3.7297014       -3.7297014       12.823837                       12.823837
              3       3.4762642        69.31636     0.023612132      0.12502229       14.411931      -3.7297014       -3.7297014       14.411931                       14.411931
              5       3.7315925       69.078582     0.023213873      0.12552014       14.922588      -3.7297014       -3.7297014       14.922588                       14.922588
              8       3.8396646       69.804662     0.023835624      0.12935798       15.138732      -3.7297014       -3.7297014       15.138732                       15.138732
              2       2.4540127        70.53149      0.02470766       0.1284846       12.367428      -3.7297014       -3.7297014       12.367428                       12.367428
              1       3.3008312       70.125279     0.024898792       0.1245697       14.061065      -3.7297014       -3.7297014       14.061065                       14.061065
              2       2.6368492       70.758142     0.025650676      0.12461033       12.733101      -3.7297014       -3.7297014       12.733101                       12.733101
              4       1.6418421        67.91284     0.021131081      0.11449287       10.743087      -3.7297014       -3.7297014       10.743087                       10.743087
              4       1.6128847       64.971616     0.017574773      0.10646423       10.685172      -3.7297014       -3.7297014       10.685172                       10.685172
              1        1.480315       65.121011     0.017845001      0.10728319       10.420033      -3.7297014       -3.7297014       10.420033                       10.420033
              3       2.7937676       71.114792     0.024532384      0.12592068       13.046938      -3.7297014       -3.7297014       13.046938                       13.046938
              1       3.3289939       73.334552     0.027180074      0.13129395       14.117391      -3.7297014       -3.7297014       14.117391                       14.117391
              1       2.3467031       74.163235     0.028519273      0.13390494       12.152809      -3.7297014       -3.7297014       12.152809                       12.152809
              1       2.4241882       74.355253     0.028687434      0.13559708       12.307779      -3.7297014       -3.7297014       12.307779                       12.307779
              1       2.1593801       72.353093     0.026420238       0.1267679       11.778163      -3.7297014       -3.7297014       11.778163                       11.778163
              4       1.5026051       73.685591     0.028675268      0.13012403       10.464613      -3.7297014       -3.7297014       10.464613                       10.464613
              4       3.9329532       66.703089     0.020368167      0.10315192       15.325309      -3.7297014       -3.7297014       15.325309                       15.325309
              3       4.8829372       68.740723     0.023275796      0.10726022       17.225277      -3.7297014       -3.7297014       17.225277                       17.225277
              1       3.4329472       69.422815     0.024034947      0.11170426       14.325297      -3.7297014       -3.7297014       14.325297                       14.325297
              3       3.4387216       71.584629     0.026588069      0.11679038       14.336846      -3.7297014       -3.7297014       14.336846                       14.336846
              1       3.3030289       72.201212      0.02737107      0.13249448       14.065461      -3.7297014       -3.7297014       14.065461                       14.065461
              3        2.807252       72.578955      0.02759881      0.13424671       13.073907      -3.7297014       -3.7297014       13.073907                       13.073907
              9       2.8345029       72.052174      0.02700089      0.13217925       13.128409      -3.7297014       -3.7297014       13.128409                       13.128409
              2       1.6342241       74.303827     0.029529119      0.13079769       10.727851      -3.7297014       -3.7297014       10.727851                       10.727851
              2       1.9434991       74.226669      0.02983278      0.12931518       11.346401      -3.7297014       -3.7297014       11.346401                       11.346401
              8       2.0352974         66.3384      0.01995155      0.10783462       11.529998      -3.7297014       -3.7297014       11.529998                       11.529998
              3       2.6776992       65.490748     0.017926506      0.10578157       12.814801      -3.7297014       -3.7297014       12.814801                       12.814801
              1       1.9174362       64.989084     0.017412224       0.1071906       11.294275      -3.7297014       -3.7297014       11.294275                       11.294275
              6       1.4661341       66.901024     0.020144929      0.11103022       10.391671      -3.7297014       -3.7297014       10.391671                       10.391671
              1       1.6710182       68.599307     0.022554132      0.11444497       10.801439      -3.7297014       -3.7297014       10.801439                       10.801439
              5        2.581039        66.43553     0.020291481      0.11022091       12.621481      -3.7297014       -3.7297014       12.621481                       12.621481
              9        1.954789       66.419025      0.02005376      0.11016127       11.368981      -3.7297014       -3.7297014       11.368981                       11.368981
              5       3.0555362       71.232765     0.026535818      0.12202055       13.570475      -3.7297014       -3.7297014       13.570475                       13.570475
              5       2.6567158       72.477709     0.026393223      0.13491456       12.772834      -3.7297014       -3.7297014       12.772834                       12.772834
              1       2.6199574       70.937628     0.025235953      0.13014555       12.699318      -3.7297014       -3.7297014       12.699318                       12.699318
              1       1.8646264       70.304886      0.02476499      0.11812898       11.188656      -3.7297014       -3.7297014       11.188656                       11.188656
              5       1.4799525       68.674091     0.022365964      0.11568028       10.419308      -3.7297014       -3.7297014       10.419308                       10.419308
              3       1.4704411       68.863504     0.022610866      0.11629432       10.400285      -3.7297014       -3.7297014       10.400285                       10.400285
             16       1.4390689        68.04385     0.021472377      0.11528822       10.337541      -3.7297014       -3.7297014       10.337541                       10.337541
              1       1.9054319        69.91505     0.024226894      0.11662874       11.270267      -3.7297014       -3.7297014       11.270267                       11.270267
              3       2.1715231       71.008066     0.025904252      0.12345763       11.802449      -3.7297014       -3.7297014       11.802449                       11.802449
              4       2.7706793       67.041091     0.019584472      0.11337835       13.000761      -3.7297014       -3.7297014       13.000761                       13.000761
              2       1.4821571        66.17183     0.019376453      0.11105705       10.423717      -3.7297014       -3.7297014       10.423717                       10.423717
             15       1.6385643       71.185776     0.025667032      0.12143985       10.736532      -3.7297014       -3.7297014       10.736532                       10.736532
              1       5.8139806       73.952487      0.02857481      0.12202402       19.087364      -3.7297014       -3.7297014       19.087364                       19.087364
              4       6.2359879       71.842246     0.025519605      0.11782878       19.931379      -3.7297014       -3.7297014       19.931379                       19.931379
              7       2.1123622       69.745878     0.023139541      0.11999607       11.684127      -3.7297014       -3.7297014       11.684127                       11.684127
              2       2.1358854       73.477152      0.02804525      0.12810978       11.731174      -3.7297014       -3.7297014       11.731174                       11.731174
              4       1.4634414       69.163446     0.023115068      0.11757263       10.386286      -3.7297014       -3.7297014       10.386286                       10.386286
              7       1.4350316       68.896412     0.022739891      0.11726028       10.329466      -3.7297014       -3.7297014       10.329466                       10.329466
              1       1.5392736       65.929277     0.019203608      0.10932004        10.53795      -3.7297014       -3.7297014        10.53795                        10.53795
              4       1.5160706       66.193915     0.019501659      0.10925666       10.491544      -3.7297014       -3.7297014       10.491544                       10.491544
              7       1.9008046       64.118362     0.017051274      0.10147814       11.261012      -3.7297014       -3.7297014       11.261012                       11.261012
              3       1.7507345       62.918274     0.015186003       0.1043875       10.960872      -3.7297014       -3.7297014       10.960872                       10.960872
              5       1.5960145       65.915236     0.018907387      0.10747639       10.651432      -3.7297014       -3.7297014       10.651432                       10.651432
              1       1.6012223       66.173394     0.019098579      0.10891688       10.661847      -3.7297014       -3.7297014       10.661847                       10.661847
              1       2.6407979       74.631084     0.029887547       0.1280089       12.740999      -3.7297014       -3.7297014       12.740999                       12.740999
              8       2.5460754       72.210271     0.027292339       0.1208203       12.551554      -3.7297014       -3.7297014       12.551554                       12.551554
              2       2.8164209       71.345604      0.02627432       0.1177731       13.092245      -3.7297014       -3.7297014       13.092245                       13.092245
              2       2.4374048       67.687414      0.02182736      0.11229262       12.334212      -3.7297014       -3.7297014       12.334212                       12.334212
              3       2.4457018       67.358951      0.02130656      0.10897773       12.350807      -3.7297014       -3.7297014       12.350807                       12.350807
              7       4.2653467        65.83186     0.019804904      0.10282749       15.990096      -3.7297014       -3.7297014       15.990096                       15.990096
              1       4.2287728       66.175784     0.020282728      0.10437606       15.916948      -3.7297014       -3.7297014       15.916948                       15.916948
              1       4.1778505          72.589     0.028066155      0.11821595       15.815104      -3.7297014       -3.7297014       15.815104                       15.815104
              4       2.8378119       73.243116     0.029012584      0.12517394       13.135027      -3.7297014       -3.7297014       13.135027                       13.135027
              4       1.4572284       73.414115     0.028312561      0.12988868        10.37386      -3.7297014       -3.7297014        10.37386                        10.37386
             12       1.9467086       74.220655     0.029615819      0.12869367        11.35282      -3.7297014       -3.7297014        11.35282                        11.35282
              2       1.6438628       68.355073     0.022159166      0.11783925       10.747128      -3.7297014       -3.7297014       10.747128                       10.747128
              2       2.1060991       66.978418      0.02020501      0.11707911       11.671601      -3.7297014       -3.7297014       11.671601                       11.671601
              6       1.5123099        67.95802     0.021398075      0.11699817       10.484023      -3.7297014       -3.7297014       10.484023                       10.484023
              2       1.5085499       68.148618      0.02159021      0.11746807       10.476503      -3.7297014       -3.7297014       10.476503                       10.476503
              3       1.4662917       69.236791     0.023078407      0.12002294       10.391986      -3.7297014       -3.7297014       10.391986                       10.391986
              4       2.3100606       72.612309     0.027702714       0.1322468       12.079524      -3.7297014       -3.7297014       12.079524                       12.079524
              5       2.2134706       72.477017     0.027474792      0.13190992       11.886344      -3.7297014       -3.7297014       11.886344                       11.886344
              6       2.1002421       71.645536     0.026715064      0.12423931       11.659887      -3.7297014       -3.7297014       11.659887                       11.659887
              3       1.6622817       73.589299     0.028941509      0.13017845       10.783966      -3.7297014       -3.7297014       10.783966                       10.783966
              2       1.4734031       70.848113     0.025054344      0.12207168       10.406209      -3.7297014       -3.7297014       10.406209                       10.406209
              2       1.6438289       72.373397     0.026700648      0.12718273       10.747061      -3.7297014       -3.7297014       10.747061                       10.747061
              2       1.5683958       72.014004     0.026380076      0.12545636       10.596194      -3.7297014       -3.7297014       10.596194                       10.596194
             10       1.5456078       73.497605     0.028543379      0.13309862       10.550618      -3.7297014       -3.7297014       10.550618                       10.550618
              2       2.8224105       72.716349     0.027962932      0.12141431       13.104224      -3.7297014       -3.7297014       13.104224                       13.104224
              5       3.3475306       73.829318     0.028741723      0.12438736       14.154464      -3.7297014       -3.7297014       14.154464                       14.154464
              4       5.0676344       73.257045     0.028066893      0.11948563       17.594672      -3.7297014       -3.7297014       17.594672                       17.594672
              1       3.4382288       70.304046     0.025005732      0.11346299        14.33586      -3.7297014       -3.7297014        14.33586                        14.33586
              1       3.7263384       74.741302     0.029649902      0.12751303        14.91208      -3.7297014       -3.7297014        14.91208                        14.91208
              5       3.6168309       71.208485     0.024539027      0.13238602       14.693065      -3.7297014       -3.7297014       14.693065                       14.693065
              2       1.8762255       65.606873     0.018947892      0.10970295       11.211854      -3.7297014       -3.7297014       11.211854                       11.211854
              1       2.3615466       65.933089     0.019444641      0.11182355       12.182496      -3.7297014       -3.7297014       12.182496                       12.182496
              4        2.660818       72.128111     0.026049042      0.13433999       12.781039      -3.7297014       -3.7297014       12.781039                       12.781039
              4       2.6089559       71.859588     0.025711117      0.13321805       12.677315      -3.7297014       -3.7297014       12.677315                       12.677315
              1       3.0445788       70.899637     0.024798016       0.1320072        13.54856      -3.7297014       -3.7297014        13.54856                        13.54856
              1       4.1189799         67.7818      0.02049919      0.12380154       15.697363      -3.7297014       -3.7297014       15.697363                       15.697363
              3       1.6072223       66.328504     0.019179275      0.11133329       10.673847      -3.7297014       -3.7297014       10.673847                       10.673847
              1        2.413695       66.997928     0.020762835      0.10753348       12.286793      -3.7297014       -3.7297014       12.286793                       12.286793
              1       2.0785388        69.67901     0.024181941       0.1170386       11.616481      -3.7297014       -3.7297014       11.616481                       11.616481
             13       2.4471968       73.022411     0.028569433      0.12498699       12.353797      -3.7297014       -3.7297014       12.353797                       12.353797
              1       2.6859611       72.439863     0.027956568      0.12393029       12.831325      -3.7297014       -3.7297014       12.831325                       12.831325
              1       2.4684413       70.544428     0.025422207      0.11838769       12.396286      -3.7297014       -3.7297014       12.396286                       12.396286
              3       3.0743095       72.952838     0.028766294      0.12629873       13.608022      -3.7297014       -3.7297014       13.608022                       13.608022
              1       1.5213532       74.568216      0.02976024      0.13279281       10.502109      -3.7297014       -3.7297014       10.502109                       10.502109
              2       1.6798739       66.352167     0.019234174      0.10967185       10.819151      -3.7297014       -3.7297014       10.819151                       10.819151
              4       1.8322461       67.824926     0.020877956      0.11508533       11.123895      -3.7297014       -3.7297014       11.123895                       11.123895
              5       1.8519215       69.182325     0.022538197      0.11886927       11.163246      -3.7297014       -3.7297014       11.163246                       11.163246
              3       2.5886535        68.64664     0.022501293      0.11082361        12.63671      -3.7297014       -3.7297014        12.63671                        12.63671
              6       3.5626346       70.681686     0.024255093      0.11793004       14.584672      -3.7297014       -3.7297014       14.584672                       14.584672
              3       1.7230756       69.586603     0.023099426      0.12172505       10.905554      -3.7297014       -3.7297014       10.905554                       10.905554
              7       2.2085223       74.963502     0.029518531      0.13986033       11.876447      -3.7297014       -3.7297014       11.876447                       11.876447
              1       1.8721678       73.829273     0.028366969      0.13667379       11.203739      -3.7297014       -3.7297014       11.203739                       11.203739
              3       1.6427636       73.132882     0.027567105      0.13132049        10.74493      -3.7297014       -3.7297014        10.74493                        10.74493
              1       1.5780768       71.074415      0.02505141       0.1255884       10.615557      -3.7297014       -3.7297014       10.615557                       10.615557
              1       1.5022458       72.011346      0.02631071      0.12717037       10.463895      -3.7297014       -3.7297014       10.463895                       10.463895
              3        1.656934       71.880627     0.026050129      0.12600355       10.773271      -3.7297014       -3.7297014       10.773271                       10.773271
              7       3.0938747       74.427351     0.028646508      0.13393892       13.647152      -3.7297014       -3.7297014       13.647152                       13.647152
              8       2.1914861       74.151786     0.029701731      0.12760348       11.842375      -3.7297014       -3.7297014       11.842375                       11.842375
              1       2.1124288       69.273678     0.023552875      0.12066192       11.684261      -3.7297014       -3.7297014       11.684261                       11.684261
              7       2.1832176       68.959477     0.023226055      0.11924687       11.825838      -3.7297014       -3.7297014       11.825838                       11.825838
              2       1.7164947       70.156437     0.024588497      0.12133455       10.892392      -3.7297014       -3.7297014       10.892392                       10.892392
             13       2.0478492       73.092143     0.028148398      0.13394495       11.555101      -3.7297014       -3.7297014       11.555101                       11.555101
              1       2.0176285        69.00375     0.023290616      0.11510512        11.49466      -3.7297014       -3.7297014        11.49466                        11.49466
              1       2.0246754       69.028411     0.023324253      0.11514485       11.508754      -3.7297014       -3.7297014       11.508754                       11.508754
              2       1.8459711        70.18989     0.024273461      0.11769168       11.151345      -3.7297014       -3.7297014       11.151345                       11.151345
              1       2.1209751       72.346104     0.027587675      0.12414409       11.701353      -3.7297014       -3.7297014       11.701353                       11.701353
              5       2.4231385       72.218947     0.027504668      0.12247437        12.30568      -3.7297014       -3.7297014        12.30568                        12.30568
              3       2.7499476       70.866625     0.025965554      0.11990209       12.959298      -3.7297014       -3.7297014       12.959298                       12.959298
              2       2.2805468       70.727069     0.025622099      0.12122227       12.020496      -3.7297014       -3.7297014       12.020496                       12.020496
              1       1.7149299       69.939048     0.024198168      0.12236822       10.889263      -3.7297014       -3.7297014       10.889263                       10.889263
              5       4.2484628       70.333199     0.025101915      0.12814646       15.956328      -3.7297014       -3.7297014       15.956328                       15.956328
              1         4.48647       71.320571      0.02688155      0.12540191       16.432343      -3.7297014       -3.7297014       16.432343                       16.432343
              2       4.8214665       70.282188     0.025622078      0.12217186       17.102336      -3.7297014       -3.7297014       17.102336                       17.102336
              7       4.0191405       71.791112     0.027399211      0.12657479       15.497684      -3.7297014       -3.7297014       15.497684                       15.497684
              4       2.5967114       67.197679     0.020510053      0.11905838       12.652826      -3.7297014       -3.7297014       12.652826                       12.652826
              1       3.0600009       66.598292     0.019602493      0.11870758       13.579405      -3.7297014       -3.7297014       13.579405                       13.579405
              1       2.0312372        67.51121     0.020491032      0.11769972       11.521877      -3.7297014       -3.7297014       11.521877                       11.521877
              5       2.9679681       72.591851     0.028257881      0.12442879       13.395339      -3.7297014       -3.7297014       13.395339                       13.395339
              3       2.8139466       72.867151     0.028565933      0.12695445       13.087296      -3.7297014       -3.7297014       13.087296                       13.087296
              4       3.1775327       72.644918     0.028324704      0.12842566       13.814468      -3.7297014       -3.7297014       13.814468                       13.814468
              1       3.1434778       73.013073     0.028749194      0.13034876       13.746359      -3.7297014       -3.7297014       13.746359                       13.746359
              5       2.4505474       73.182948     0.028752256      0.13079086       12.360498      -3.7297014       -3.7297014       12.360498                       12.360498
              2       2.0923568       73.404825     0.028813938      0.13264391       11.644117      -3.7297014       -3.7297014       11.644117                       11.644117
              8       2.1889482       66.122872     0.018900463      0.11482849       11.837299      -3.7297014       -3.7297014       11.837299                       11.837299
              6       1.7292209        63.05005     0.015453072      0.10478169       10.917845      -3.7297014       -3.7297014       10.917845                       10.917845
              5       1.4626242       63.686767     0.016292821      0.10248067       10.384651      -3.7297014       -3.7297014       10.384651                       10.384651
              1       1.6871414       63.586414     0.016315432      0.10518853       10.833686      -3.7297014       -3.7297014       10.833686                       10.833686
              2       1.7298721       63.865815     0.016693379      0.10581274       10.919147      -3.7297014       -3.7297014       10.919147                       10.919147
              4        1.638676       65.357379     0.018256841      0.11052906       10.736755      -3.7297014       -3.7297014       10.736755                       10.736755
              2       1.9388929       69.206925     0.023396215      0.11475948       11.337189      -3.7297014       -3.7297014       11.337189                       11.337189
              2       1.5945834        70.35626     0.024161659       0.1220319        10.64857      -3.7297014       -3.7297014        10.64857                        10.64857
              6        3.877986       75.142324      0.02972263      0.13151237       15.215375      -3.7297014       -3.7297014       15.215375                       15.215375
             11       3.6267757       74.175654     0.028742896        0.127228       14.712954      -3.7297014       -3.7297014       14.712954                       14.712954
              1       2.6710947        72.60135     0.026972974      0.12347946       12.801592      -3.7297014       -3.7297014       12.801592                       12.801592
              5       2.3622312       71.524744     0.025180622      0.12885298       12.183865      -3.7297014       -3.7297014       12.183865                       12.183865
              1       2.8276557       69.862464     0.024678878      0.11982382       13.114714      -3.7297014       -3.7297014       13.114714                       13.114714
              1       3.5488597        66.57179     0.019904692        0.118767       14.557122      -3.7297014       -3.7297014       14.557122                       14.557122
              2       3.6620544       66.484686     0.019832225      0.11858396       14.783512      -3.7297014       -3.7297014       14.783512                       14.783512
              1       4.0921865       67.274471     0.021728272       0.1095556       15.643776      -3.7297014       -3.7297014       15.643776                       15.643776
              2       3.1576081       67.740197     0.022065095      0.11006238       13.774619      -3.7297014       -3.7297014       13.774619                       13.774619
              1       3.8441024       67.930889     0.022369457      0.10838034       15.147608      -3.7297014       -3.7297014       15.147608                       15.147608
              3       4.3747368        65.53298     0.019376526      0.10131519       16.208876      -3.7297014       -3.7297014       16.208876                       16.208876
              1       1.9515703       71.301711     0.026159643      0.12140461       11.362543      -3.7297014       -3.7297014       11.362543                       11.362543
              3       4.4193862       73.035014     0.029234674      0.12513348       16.298175      -3.7297014       -3.7297014       16.298175                       16.298175
              1       2.8392231       65.647608     0.018598037      0.11520207       13.137849      -3.7297014       -3.7297014       13.137849                       13.137849
              1       2.0802325       67.015846     0.020643588      0.11507029       11.619868      -3.7297014       -3.7297014       11.619868                       11.619868
              5       2.1276758       67.286943     0.020978534      0.11603235       11.714754      -3.7297014       -3.7297014       11.714754                       11.714754
              2       1.8728877       68.341642     0.022284038      0.11785476       11.205178      -3.7297014       -3.7297014       11.205178                       11.205178
              1       1.9443355        68.60318     0.022610868      0.11899164       11.348074      -3.7297014       -3.7297014       11.348074                       11.348074
              2       1.4570455       68.379428     0.022020391      0.11740313       10.373494      -3.7297014       -3.7297014       10.373494                       10.373494
              5       1.4772097       74.525269     0.029643647      0.13345078       10.413822      -3.7297014       -3.7297014       10.413822                       10.413822
              2       1.5427145       72.769243     0.027212709      0.12964581       10.544832      -3.7297014       -3.7297014       10.544832                       10.544832
             14        1.421159       71.161759     0.025541629      0.12400203       10.301721      -3.7297014       -3.7297014       10.301721                       10.301721
              1       2.1329295       65.640691      0.01857576      0.10460823       11.725262      -3.7297014       -3.7297014       11.725262                       11.725262
              2       1.8569002       64.668142     0.017586727      0.10274513       11.173203      -3.7297014       -3.7297014       11.173203                       11.173203
              2       3.9279153       71.885357     0.026016962      0.13728658       15.315234      -3.7297014       -3.7297014       15.315234                       15.315234
              3        3.583572       71.281031     0.026707193      0.12352339       14.626547      -3.7297014       -3.7297014       14.626547                       14.626547
              5       2.7386176       70.835771      0.02589952      0.12245592       12.936638      -3.7297014       -3.7297014       12.936638                       12.936638
              4       6.3539711        70.35679     0.024920284      0.10880892       20.167345      -3.7297014       -3.7297014       20.167345                       20.167345
              6       5.6398374        69.31552     0.023747277      0.10708029       18.739078      -3.7297014       -3.7297014       18.739078                       18.739078
              2       2.4096312       66.942548     0.020643177      0.10717676       12.278665      -3.7297014       -3.7297014       12.278665                       12.278665
              2       1.6835745       67.803284     0.020956757      0.11441787       10.826552      -3.7297014       -3.7297014       10.826552                       10.826552
              4        1.600763       66.382746     0.019283108      0.11253565       10.660929      -3.7297014       -3.7297014       10.660929                       10.660929
              4       1.8859807       65.857947     0.018746674      0.11316036       11.231364      -3.7297014       -3.7297014       11.231364                       11.231364
              2       2.3725813       70.133662     0.023597478      0.12671175       12.204566      -3.7297014       -3.7297014       12.204566                       12.204566
              3       1.4574105       74.723623     0.029822438      0.13505653       10.374224      -3.7297014       -3.7297014       10.374224                       10.374224
              1       2.3511584       66.354132      0.02008366      0.10732055        12.16172      -3.7297014       -3.7297014        12.16172                        12.16172
              2       2.3834835       66.368933     0.020129815      0.10764382        12.22637      -3.7297014       -3.7297014        12.22637                        12.22637
              3       3.7252062       65.821731     0.019822489      0.10734397       14.909815      -3.7297014       -3.7297014       14.909815                       14.909815
              8       1.8767961       65.375125     0.018336642      0.11150717       11.212995      -3.7297014       -3.7297014       11.212995                       11.212995
              7       1.5467223        63.48944     0.016039612      0.10488976       10.552847      -3.7297014       -3.7297014       10.552847                       10.552847
              6       2.0812951       66.372273     0.019340545      0.10721795       11.621993      -3.7297014       -3.7297014       11.621993                       11.621993
              8       2.0180006       72.267017     0.027472675      0.12532266       11.495404      -3.7297014       -3.7297014       11.495404                       11.495404
              2        2.978296       71.556033     0.026885081      0.12032882       13.415995      -3.7297014       -3.7297014       13.415995                       13.415995
              6       3.3071155       71.411251     0.026788079      0.11937217       14.073634      -3.7297014       -3.7297014       14.073634                       14.073634
              5       3.0174154       71.510467     0.026824958      0.11990299       13.494234      -3.7297014       -3.7297014       13.494234                       13.494234
              4       1.6850865       67.312068     0.020983841      0.11117138       10.829576      -3.7297014       -3.7297014       10.829576                       10.829576
              3       1.5683773       69.427537     0.023064275      0.12137378       10.596157      -3.7297014       -3.7297014       10.596157                       10.596157
              1       1.8382627       69.673673     0.023164596      0.12287315       11.135928      -3.7297014       -3.7297014       11.135928                       11.135928
              2       1.8019564       70.895165     0.024738223      0.12697843       11.063316      -3.7297014       -3.7297014       11.063316                       11.063316
              1        1.751567       70.409829     0.024089817      0.12367751       10.962537      -3.7297014       -3.7297014       10.962537                       10.962537
             13       1.5266892       69.805386     0.024013298      0.11939588       10.512781      -3.7297014       -3.7297014       10.512781                       10.512781
              2        2.025718       71.505733     0.025343409      0.12917628       11.510839      -3.7297014       -3.7297014       11.510839                       11.510839
              5       2.7100734       70.799344     0.024665558       0.1307643        12.87955      -3.7297014       -3.7297014        12.87955                        12.87955
              3       2.4869592       70.523724     0.024358147      0.12920941       12.433321      -3.7297014       -3.7297014       12.433321                       12.433321
              3       1.8798829       69.791224     0.023259247      0.12121169       11.219169      -3.7297014       -3.7297014       11.219169                       11.219169
              3        1.874995        69.81286     0.023287964      0.12129746       11.209393      -3.7297014       -3.7297014       11.209393                       11.209393
             12        1.636826       73.351359     0.027888929      0.13086654       10.733055      -3.7297014       -3.7297014       10.733055                       10.733055
              4       1.7343293        70.46856     0.024306771      0.12574198       10.928062      -3.7297014       -3.7297014       10.928062                       10.928062
              2        1.524504       69.942304     0.024053651      0.11874613       10.508411      -3.7297014       -3.7297014       10.508411                       10.508411
              1       1.5537122       69.885117      0.02398956      0.11833084       10.566827      -3.7297014       -3.7297014       10.566827                       10.566827
              9       1.4204242       65.088307     0.017918385      0.10704182       10.300251      -3.7297014       -3.7297014       10.300251                       10.300251
              1       2.6262452       67.059538     0.019978549      0.11888365       12.711893      -3.7297014       -3.7297014       12.711893                       12.711893
              1       2.4385931       69.618035     0.023451852      0.12599118       12.336589      -3.7297014       -3.7297014       12.336589                       12.336589
             15       3.4241769       74.583657     0.028810313       0.1334889       14.307757      -3.7297014       -3.7297014       14.307757                       14.307757
              1       4.2824341       73.446215     0.026980385      0.13524661       16.024271      -3.7297014       -3.7297014       16.024271                       16.024271
              4       4.3884465       73.401226     0.026902705      0.13501269       16.236296      -3.7297014       -3.7297014       16.236296                       16.236296
              3       4.9175793       73.122614     0.026437146      0.13502795       17.294561      -3.7297014       -3.7297014       17.294561                       17.294561
              7        5.602143       73.531524      0.02679977      0.13648578       18.663689      -3.7297014       -3.7297014       18.663689                       18.663689
              5       5.3641717       71.192328     0.024141511      0.13454569       18.187746      -3.7297014       -3.7297014       18.187746                       18.187746
              1       2.8042495       73.227892     0.027252145      0.13755953       13.067902      -3.7297014       -3.7297014       13.067902                       13.067902
              8       1.7579982         65.1959     0.017995361       0.1107495       10.975399      -3.7297014       -3.7297014       10.975399                       10.975399
              1       3.3881222       65.874595     0.019814325      0.10673146       14.235647      -3.7297014       -3.7297014       14.235647                       14.235647
             14       3.3104704       66.351551     0.020393686      0.10802697       14.080344      -3.7297014       -3.7297014       14.080344                       14.080344
              2       1.7881077       65.921574     0.018813949      0.10702204       11.035618      -3.7297014       -3.7297014       11.035618                       11.035618
              4       1.9294403       74.696037     0.029342439      0.13869194       11.318284      -3.7297014       -3.7297014       11.318284                       11.318284
              8        1.706903       74.153169     0.029067652      0.13741465       10.873209      -3.7297014       -3.7297014       10.873209                       10.873209
              3        2.090024       72.448841     0.026770405      0.13387113       11.639451      -3.7297014       -3.7297014       11.639451                       11.639451
              1        1.998535       72.530326      0.02775466      0.12834781       11.456473      -3.7297014       -3.7297014       11.456473                       11.456473
              3       2.0885562       73.438686      0.02901254      0.12910804       11.636515      -3.7297014       -3.7297014       11.636515                       11.636515
              5       2.6952425       73.832121     0.029500831      0.13516747       12.849888      -3.7297014       -3.7297014       12.849888                       12.849888
              5       2.5445772       73.281903     0.028056262      0.13784544       12.548557      -3.7297014       -3.7297014       12.548557                       12.548557
              2       2.2677195       74.071178     0.029912476      0.13058339       11.994842      -3.7297014       -3.7297014       11.994842                       11.994842
              1       2.0546144       74.914081     0.029906597      0.13253784       11.568632      -3.7297014       -3.7297014       11.568632                       11.568632
              2       3.1310213       66.251496     0.018629979      0.11584175       13.721446      -3.7297014       -3.7297014       13.721446                       13.721446
              8        2.558599       73.225316     0.027582597       0.1380834       12.576601      -3.7297014       -3.7297014       12.576601                       12.576601
              3       1.6545496       71.802971     0.026081217      0.12957172       10.768502      -3.7297014       -3.7297014       10.768502                       10.768502
              7       1.8102384       72.071201     0.026319165      0.13127327        11.07988      -3.7297014       -3.7297014        11.07988                        11.07988
              1       1.9731944       74.759433     0.029385388      0.13713115       11.405792      -3.7297014       -3.7297014       11.405792                       11.405792
              4       1.8154537       74.697652     0.029844176      0.13164887        11.09031      -3.7297014       -3.7297014        11.09031                        11.09031
              6        2.067783       68.531878     0.021694327      0.12057113       11.594969      -3.7297014       -3.7297014       11.594969                       11.594969
              2       2.2067847       68.957125     0.022138641      0.12192298       11.872972      -3.7297014       -3.7297014       11.872972                       11.872972
              6       1.7870529       73.329834      0.02770866      0.13338249       11.033509      -3.7297014       -3.7297014       11.033509                       11.033509
              2       1.9014835       71.384707     0.025211951      0.12717828        11.26237      -3.7297014       -3.7297014        11.26237                        11.26237
              2       2.2726869        69.44116     0.022652556      0.12063934       12.004777      -3.7297014       -3.7297014       12.004777                       12.004777
              1       1.9913095       67.506262      0.02048173      0.11740397       11.442022      -3.7297014       -3.7297014       11.442022                       11.442022
              1       1.5955209        72.40665     0.026752304         0.12768       10.650445      -3.7297014       -3.7297014       10.650445                       10.650445
              3       1.5928029       73.067997     0.027525738      0.13139326       10.645009      -3.7297014       -3.7297014       10.645009                       10.645009
              9       1.5714154       72.760785     0.027181941      0.13117466       10.602234      -3.7297014       -3.7297014       10.602234                       10.602234
              2       1.5562618       73.159386     0.027761998      0.13290394       10.571926      -3.7297014       -3.7297014       10.571926                       10.571926
              1       1.4325414        72.44315     0.027042475      0.12924194       10.324486      -3.7297014       -3.7297014       10.324486                       10.324486
              2       1.4346086       72.222699     0.026717949      0.12855477        10.32862      -3.7297014       -3.7297014        10.32862                        10.32862
              5       1.4654934        72.29686     0.026788875      0.12934709        10.39039      -3.7297014       -3.7297014        10.39039                        10.39039
              5       1.5448527       65.490427     0.018422913      0.11030044       10.549108      -3.7297014       -3.7297014       10.549108                       10.549108
              3       3.0485078       68.965532     0.022067667      0.12517688       13.556418      -3.7297014       -3.7297014       13.556418                       13.556418
             10       3.4777871       70.195081     0.023430311      0.12968744       14.414977      -3.7297014       -3.7297014       14.414977                       14.414977
              2       3.3162541       70.313662     0.023655798      0.13002262       14.091911      -3.7297014       -3.7297014       14.091911                       14.091911
              2       2.7515037       70.082049      0.02338232      0.12711916        12.96241      -3.7297014       -3.7297014        12.96241                        12.96241
              2       4.5380431       66.567027     0.019280586      0.12149825       16.535489      -3.7297014       -3.7297014       16.535489                       16.535489
              3       3.5368691       67.584798     0.021238811      0.12131951       14.533141      -3.7297014       -3.7297014       14.533141                       14.533141
              2       4.4794039       63.621156      0.01599927      0.11262437       16.418211      -3.7297014       -3.7297014       16.418211                       16.418211
              1         5.95971       64.276051     0.016869349      0.11648423       19.378823      -3.7297014       -3.7297014       19.378823                       19.378823
              3       5.7677582       64.230202     0.016938509      0.11581987       18.994919      -3.7297014       -3.7297014       18.994919                       18.994919
              2       5.2327682       66.096468      0.02028453      0.10244231       17.924939      -3.7297014       -3.7297014       17.924939                       17.924939
              1       5.3424345       67.462479     0.022206432      0.10971786       18.144272      -3.7297014       -3.7297014       18.144272                       18.144272
              1       1.4354796        73.98091     0.028970362       0.1323139       10.330362      -3.7297014       -3.7297014       10.330362                       10.330362
              1       1.6283526       74.183753     0.029601754      0.13079518       10.716108      -3.7297014       -3.7297014       10.716108                       10.716108
              5       2.0439462       71.755715     0.026526122      0.12109261       11.547295      -3.7297014       -3.7297014       11.547295                       11.547295
              1       1.9575104       69.444468     0.023744203      0.11559364       11.374424      -3.7297014       -3.7297014       11.374424                       11.374424
              1       2.0266666       69.388407     0.023690448       0.1151495       11.512736      -3.7297014       -3.7297014       11.512736                       11.512736
              1       2.3184367       68.030328     0.021293765      0.11139026       12.096276      -3.7297014       -3.7297014       12.096276                       12.096276
              3       2.0578733       71.986059     0.026470457      0.12221924        11.57515      -3.7297014       -3.7297014        11.57515                        11.57515
             13       1.4368385       73.897559      0.02887354      0.13196579        10.33308      -3.7297014       -3.7297014        10.33308                        10.33308
              3       2.4839947        72.20097     0.026007687      0.13236568       12.427392      -3.7297014       -3.7297014       12.427392                       12.427392
              2       2.1597054       69.928036     0.023378168      0.11994105       11.778814      -3.7297014       -3.7297014       11.778814                       11.778814
              4       1.6749105       71.856334     0.026127486      0.12460974       10.809224      -3.7297014       -3.7297014       10.809224                       10.809224
              6       2.1376356       68.153725     0.021647678      0.11128284       11.734674      -3.7297014       -3.7297014       11.734674                       11.734674
              2       1.4121965       71.270463      0.02558963      0.12495572       10.283796      -3.7297014       -3.7297014       10.283796                       10.283796
              1       1.5464931       70.750707     0.024675408       0.1243151       10.552389      -3.7297014       -3.7297014       10.552389                       10.552389
              3       1.8188217        73.17514     0.027524428      0.13372047       11.097046      -3.7297014       -3.7297014       11.097046                       11.097046
              1       2.2216603       72.942997     0.027043736      0.13437834       11.902723      -3.7297014       -3.7297014       11.902723                       11.902723
              2       2.2452783       73.722176     0.028029989      0.13736565       11.949959      -3.7297014       -3.7297014       11.949959                       11.949959
              2       2.1586511       73.154709     0.027351747      0.13513493       11.776705      -3.7297014       -3.7297014       11.776705                       11.776705
              1       1.8843671       72.546733     0.026680817      0.13147736       11.228137      -3.7297014       -3.7297014       11.228137                       11.228137
              5        1.847837       74.047435     0.029531768      0.13434587       11.155077      -3.7297014       -3.7297014       11.155077                       11.155077
              5       1.7161574       66.592112      0.01981805      0.11421034       10.891718      -3.7297014       -3.7297014       10.891718                       10.891718
              1       1.4308112       65.293355     0.018282866      0.10732847       10.321025      -3.7297014       -3.7297014       10.321025                       10.321025
              4       1.4589414       65.572928     0.018573394      0.10961276       10.377286      -3.7297014       -3.7297014       10.377286                       10.377286
              4       2.0670408       64.857288     0.018074013      0.10824483       11.593485      -3.7297014       -3.7297014       11.593485                       11.593485
              1       1.7233646       70.592659     0.025040813      0.12414331       10.906132      -3.7297014       -3.7297014       10.906132                       10.906132
              2       2.3812943       68.948344     0.022538819      0.11312555       12.221991      -3.7297014       -3.7297014       12.221991                       12.221991
              3       2.3399544       66.101396     0.019203975      0.10504292       12.139312      -3.7297014       -3.7297014       12.139312                       12.139312
              1        3.012882       66.128676     0.019077251      0.10409901       13.485167      -3.7297014       -3.7297014       13.485167                       13.485167
              3       3.0927975       69.828909     0.024691442      0.11531109       13.644998      -3.7297014       -3.7297014       13.644998                       13.644998
              3       3.0985913       69.458005     0.024229377      0.11451968       13.656586      -3.7297014       -3.7297014       13.656586                       13.656586
              2       2.9405654       67.520263     0.020729815      0.10809794       13.340534      -3.7297014       -3.7297014       13.340534                       13.340534
              2       2.2293852       68.986117      0.02222838      0.11663414       11.918173      -3.7297014       -3.7297014       11.918173                       11.918173
              9       4.2849335        70.13733     0.024081635      0.11223838        16.02927      -3.7297014       -3.7297014        16.02927                        16.02927
              8       3.4653366       69.802224     0.023750948      0.11245645       14.390076      -3.7297014       -3.7297014       14.390076                       14.390076
              2       1.9053834       68.493243     0.022077836       0.1129803        11.27017      -3.7297014       -3.7297014        11.27017                        11.27017
              2       1.9048962       68.496528     0.022081922      0.11299116       11.269195      -3.7297014       -3.7297014       11.269195                       11.269195
              2       1.4278738       69.849836      0.02391621       0.1203485        10.31515      -3.7297014       -3.7297014        10.31515                        10.31515
              1       1.7198135       66.562377     0.019951677      0.10831977        10.89903      -3.7297014       -3.7297014        10.89903                        10.89903
              7       1.6286696       66.422017     0.019692059      0.10833422       10.716742      -3.7297014       -3.7297014       10.716742                       10.716742
              1       1.5827029        64.42128      0.01709432      0.10367294       10.624809      -3.7297014       -3.7297014       10.624809                       10.624809
              4       1.9229249       64.594307     0.017265188      0.10275559       11.305253      -3.7297014       -3.7297014       11.305253                       11.305253
              2       1.5924805       69.586676     0.023391223      0.11781875       10.644364      -3.7297014       -3.7297014       10.644364                       10.644364
              1       1.5046084       65.283544     0.018128982      0.10944616        10.46862      -3.7297014       -3.7297014        10.46862                        10.46862
              1       1.5800865       63.942852     0.016709811      0.10228634       10.619576      -3.7297014       -3.7297014       10.619576                       10.619576
              2       1.9702704       63.194655     0.015424112      0.10008596       11.399944      -3.7297014       -3.7297014       11.399944                       11.399944
              1       2.8125218       64.527526     0.017394464      0.11151871       13.084446      -3.7297014       -3.7297014       13.084446                       13.084446
              3       2.7695153       65.475571     0.018508484      0.11420206       12.998433      -3.7297014       -3.7297014       12.998433                       12.998433
              3       3.8356397       64.564772      0.01726437      0.11410759       15.130682      -3.7297014       -3.7297014       15.130682                       15.130682
              4       4.3205417       66.016368     0.018594553      0.11938735       16.100486      -3.7297014       -3.7297014       16.100486                       16.100486
              3       2.6881432       68.273173     0.021329542      0.12233474       12.835689      -3.7297014       -3.7297014       12.835689                       12.835689
              1       1.5785716       70.578716      0.02448306      0.12213643       10.616546      -3.7297014       -3.7297014       10.616546                       10.616546
              1       1.6753475        70.48556     0.024298179      0.12179404       10.810098      -3.7297014       -3.7297014       10.810098                       10.810098
              3       1.6180769       68.162055     0.021599247      0.11377886       10.695557      -3.7297014       -3.7297014       10.695557                       10.695557
              1       1.4287378       67.990085      0.02143927      0.11497267       10.316878      -3.7297014       -3.7297014       10.316878                       10.316878
              1       1.8199451       67.179441     0.020801495      0.11468264       11.099293      -3.7297014       -3.7297014       11.099293                       11.099293
              4       2.0466441       69.119711     0.023450559      0.11827818       11.552691      -3.7297014       -3.7297014       11.552691                       11.552691
              2       2.7175766       73.495958     0.027859996      0.13945248       12.894556      -3.7297014       -3.7297014       12.894556                       12.894556
              4       3.1203908         71.4637     0.026798986      0.11969525       13.700184      -3.7297014       -3.7297014       13.700184                       13.700184
             12       1.9394533        71.61905     0.025638725      0.13022935        11.33831      -3.7297014       -3.7297014        11.33831                        11.33831
              1       1.9934235       70.650971     0.024950692      0.12687372        11.44625      -3.7297014       -3.7297014        11.44625                        11.44625
              6       3.9721938       68.998999     0.023876067       0.1168188       15.403791      -3.7297014       -3.7297014       15.403791                       15.403791
              1       4.7252489       64.771197      0.01859917      0.10788848       16.909901      -3.7297014       -3.7297014       16.909901                       16.909901
              2       4.9854879       65.509705     0.019419404      0.11205898       17.430379      -3.7297014       -3.7297014       17.430379                       17.430379
              3       3.3239187       67.857029     0.021677221       0.1211142        14.10724      -3.7297014       -3.7297014        14.10724                        14.10724
              1       3.0260844       68.962743     0.023116969      0.12325929       13.511572      -3.7297014       -3.7297014       13.511572                       13.511572
              4        3.401127       69.018682     0.023256176      0.12383643       14.261657      -3.7297014       -3.7297014       14.261657                       14.261657
              1       4.2162597       70.174406     0.024772284      0.12860923       15.891922      -3.7297014       -3.7297014       15.891922                       15.891922
              3        3.874781       68.701977     0.022324333      0.12647435       15.208965      -3.7297014       -3.7297014       15.208965                       15.208965
              5       3.8752026       68.701878     0.022324221      0.12647481       15.209808      -3.7297014       -3.7297014       15.209808                       15.209808
              1       1.7528274       69.517798     0.022986291      0.12077787       10.965058      -3.7297014       -3.7297014       10.965058                       10.965058
              1        2.173244       69.399254      0.02264658       0.1222181       11.805891      -3.7297014       -3.7297014       11.805891                       11.805891
              1       2.0370575       68.152111     0.021291844      0.11977383       11.533518      -3.7297014       -3.7297014       11.533518                       11.533518
              5       2.2856584       65.802574     0.018243003      0.11173295        12.03072      -3.7297014       -3.7297014        12.03072                        12.03072
              6       2.7964946       75.142949     0.029838817      0.13355073       13.052392      -3.7297014       -3.7297014       13.052392                       13.052392
              6       3.2091349       69.638759     0.024232828      0.11253144       13.877673      -3.7297014       -3.7297014       13.877673                       13.877673
             21        1.671348       66.950709     0.020430941      0.10963258       10.802099      -3.7297014       -3.7297014       10.802099                       10.802099
              1       2.7495192       68.020853     0.022085818      0.10924089       12.958441      -3.7297014       -3.7297014       12.958441                       12.958441
              3       2.5166972       69.171138     0.023674727      0.11432068       12.492797      -3.7297014       -3.7297014       12.492797                       12.492797
              6       2.5519012       69.178788      0.02368155      0.11407058       12.563205      -3.7297014       -3.7297014       12.563205                       12.563205
              2       2.5249448        69.56858     0.024149274      0.11492905       12.509292      -3.7297014       -3.7297014       12.509292                       12.509292
              4       2.6157125       69.444705     0.024044677      0.11473955       12.690828      -3.7297014       -3.7297014       12.690828                       12.690828
              3       2.8647605       69.224432     0.023894405      0.11497922       13.188924      -3.7297014       -3.7297014       13.188924                       13.188924
              4       3.1503934       64.698979     0.017275788      0.11337704        13.76019      -3.7297014       -3.7297014        13.76019                        13.76019
              4       1.9520569       69.390053     0.023223915      0.11517435       11.363517      -3.7297014       -3.7297014       11.363517                       11.363517
              1       2.1936321       69.712388     0.023787254      0.11487292       11.846667      -3.7297014       -3.7297014       11.846667                       11.846667
              4       2.6277749       65.672849     0.019064204       0.1033056       12.714953      -3.7297014       -3.7297014       12.714953                       12.714953
              1       5.4523831       68.050925     0.022924229      0.11473035       18.364169      -3.7297014       -3.7297014       18.364169                       18.364169
              2       3.0076714       71.686308     0.026747259      0.12976417       13.474746      -3.7297014       -3.7297014       13.474746                       13.474746
              4       2.5339387       62.679572     0.015625136      0.10210194        12.52728      -3.7297014       -3.7297014        12.52728                        12.52728
              7       3.1467181       63.259308      0.01568168      0.10919856       13.752839      -3.7297014       -3.7297014       13.752839                       13.752839
              4       2.6983364       71.176321     0.025524467      0.11776017       12.856076      -3.7297014       -3.7297014       12.856076                       12.856076
              7       2.1896994       70.378682     0.024330463      0.11766487       11.838802      -3.7297014       -3.7297014       11.838802                       11.838802
              1       2.3580376       70.154716     0.023587941      0.12055099       12.175478      -3.7297014       -3.7297014       12.175478                       12.175478
              1       1.7872358       67.567365     0.020577804      0.11470593       11.033875      -3.7297014       -3.7297014       11.033875                       11.033875
              4       1.5528095       68.564035     0.022463874       0.1153188       10.565022      -3.7297014       -3.7297014       10.565022                       10.565022
              1       1.4285656       68.344508     0.022027698      0.11562744       10.316534      -3.7297014       -3.7297014       10.316534                       10.316534
              1       2.4898816       69.850236     0.024074427      0.12544383       12.439166      -3.7297014       -3.7297014       12.439166                       12.439166
              4       1.5235539       69.054357     0.022736869      0.12027759       10.506511      -3.7297014       -3.7297014       10.506511                       10.506511
              2       1.5222629       69.080996     0.022770553      0.12034387       10.503929      -3.7297014       -3.7297014       10.503929                       10.503929
              2       1.8960905       68.751891     0.022334306       0.1215737       11.251584      -3.7297014       -3.7297014       11.251584                       11.251584
              5       2.1588388       68.761133     0.022045286        0.122263        11.77708      -3.7297014       -3.7297014        11.77708                        11.77708
              2       1.6271112       68.202109     0.021614919      0.11854275       10.713625      -3.7297014       -3.7297014       10.713625                       10.713625
              5       2.0373904       67.133054     0.020840707      0.11467088       11.534184      -3.7297014       -3.7297014       11.534184                       11.534184
             13       1.9612277       66.494223      0.02002231      0.11283586       11.381858      -3.7297014       -3.7297014       11.381858                       11.381858
              1       1.4501547       69.090494     0.022849918      0.11952139       10.359712      -3.7297014       -3.7297014       10.359712                       10.359712
              4       1.4352248        68.74489     0.022500492      0.11644977       10.329853      -3.7297014       -3.7297014       10.329853                       10.329853
              1       1.4340191       69.744345     0.023710447      0.11931918       10.327441      -3.7297014       -3.7297014       10.327441                       10.327441
              4       3.5116796       72.330382     0.026718405      0.12024258       14.482762      -3.7297014       -3.7297014       14.482762                       14.482762
              7       1.9357437       70.148114     0.024108435      0.11760771        11.33089      -3.7297014       -3.7297014        11.33089                        11.33089
              2       1.8705673       67.767014     0.021108586       0.1114397       11.200537      -3.7297014       -3.7297014       11.200537                       11.200537
              2        1.531607       67.470114     0.020669379       0.1153388       10.522617      -3.7297014       -3.7297014       10.522617                       10.522617
              4       1.6410516        66.96415     0.019973252      0.11446454       10.741506      -3.7297014       -3.7297014       10.741506                       10.741506
              9       2.3225391       71.139531     0.025152161      0.12016212       12.104481      -3.7297014       -3.7297014       12.104481                       12.104481
              4       1.9120612       69.205027     0.022763388      0.11602791       11.283525      -3.7297014       -3.7297014       11.283525                       11.283525
              6       2.7874696       67.707115      0.02043056      0.11399703       13.034342      -3.7297014       -3.7297014       13.034342                       13.034342
              7       2.5309553       70.654475      0.02404631      0.12466509       12.521314      -3.7297014       -3.7297014       12.521314                       12.521314
              3       2.6973574       68.952504     0.023383849      0.11260997       12.854118      -3.7297014       -3.7297014       12.854118                       12.854118
              5       1.9147991       72.807312     0.027862413      0.12471707       11.289001      -3.7297014       -3.7297014       11.289001                       11.289001
              3       2.1140312       69.764644     0.023110421      0.12169517       11.687465      -3.7297014       -3.7297014       11.687465                       11.687465
              2       3.3613091       69.596636     0.022501918      0.12371028       14.182021      -3.7297014       -3.7297014       14.182021                       14.182021
              8       1.8517641       74.352856     0.028941904      0.13604862       11.162931      -3.7297014       -3.7297014       11.162931                       11.162931
              1       1.4512415       65.059321     0.017816358      0.10696342       10.361886      -3.7297014       -3.7297014       10.361886                       10.361886
              2       2.7866962       64.051189     0.016098154       0.1088573       13.032795      -3.7297014       -3.7297014       13.032795                       13.032795
              2       3.3805038       66.281782      0.01851282      0.11400087       14.220411      -3.7297014       -3.7297014       14.220411                       14.220411
              1       2.0624349         71.7259     0.025817581      0.13136446       11.584273      -3.7297014       -3.7297014       11.584273                       11.584273
              4       2.2236466       71.109897     0.025444652      0.12949605       11.906696      -3.7297014       -3.7297014       11.906696                       11.906696
             10       2.1496809       71.927849     0.026113884      0.13244889       11.758765      -3.7297014       -3.7297014       11.758765                       11.758765
              2       2.9404016       68.253255     0.021440554      0.11115906       13.340206      -3.7297014       -3.7297014       13.340206                       13.340206
              2       2.7864079        69.16481     0.022337653      0.12501844       13.032219      -3.7297014       -3.7297014       13.032219                       13.032219
              7       3.2525796       65.795723     0.018160103      0.10636534       13.964562      -3.7297014       -3.7297014       13.964562                       13.964562
              1       3.6134462        70.46283     0.024420067      0.13169744       14.686295      -3.7297014       -3.7297014       14.686295                       14.686295
              1       4.1124119       68.722209     0.022745258      0.12532848       15.684227      -3.7297014       -3.7297014       15.684227                       15.684227
              1        3.298883        70.79794     0.025112604      0.13118803       14.057169      -3.7297014       -3.7297014       14.057169                       14.057169
              2       3.3082682       71.295203     0.025879717      0.13207743       14.075939      -3.7297014       -3.7297014       14.075939                       14.075939
              5       1.7958187       73.134431     0.028314526      0.12647103        11.05104      -3.7297014       -3.7297014        11.05104                        11.05104
              8       1.7031376       73.459795     0.028604174      0.12773312       10.865678      -3.7297014       -3.7297014       10.865678                       10.865678
              3        1.519288       71.161534     0.025402774      0.12273376       10.497979      -3.7297014       -3.7297014       10.497979                       10.497979
              1       2.3714014       69.189697     0.022353636      0.11851102       12.202206      -3.7297014       -3.7297014       12.202206                       12.202206
              1       2.4040291       68.635044     0.021740298      0.11555492       12.267461      -3.7297014       -3.7297014       12.267461                       12.267461
              1       2.6626789       68.286255     0.021557173       0.1114463       12.784761      -3.7297014       -3.7297014       12.784761                       12.784761
              1       2.2854876       67.254524     0.020381546      0.10914022       12.030378      -3.7297014       -3.7297014       12.030378                       12.030378
              4       1.7086571       69.852996     0.024035926      0.11726664       10.876717      -3.7297014       -3.7297014       10.876717                       10.876717
              1       1.7385757       69.965435     0.024099468      0.11737704       10.936554      -3.7297014       -3.7297014       10.936554                       10.936554
              5       1.5793165        72.69896     0.027446359      0.12641845       10.618036      -3.7297014       -3.7297014       10.618036                       10.618036
              1       2.0971049       69.480747     0.022783532      0.12012737       11.653613      -3.7297014       -3.7297014       11.653613                       11.653613
              4       1.8705007       68.813815     0.022055553      0.11864722       11.200404      -3.7297014       -3.7297014       11.200404                       11.200404
             27       2.3362439       71.697327     0.026214894      0.13156492       12.131891      -3.7297014       -3.7297014       12.131891                       12.131891
              1       2.2697133       72.936605     0.027007182      0.13434453       11.998829      -3.7297014       -3.7297014       11.998829                       11.998829
              4        2.914178       70.514124     0.024257233       0.1304246       13.287759      -3.7297014       -3.7297014       13.287759                       13.287759
              1       1.6088259       74.853946     0.029755025      0.13736475       10.677055      -3.7297014       -3.7297014       10.677055                       10.677055
              3       1.6728869       74.257794     0.028957506      0.13480463       10.805177      -3.7297014       -3.7297014       10.805177                       10.805177
              2       2.8189566       71.479398     0.025876328      0.13253387       13.097316      -3.7297014       -3.7297014       13.097316                       13.097316
              4       2.4198585       70.440534     0.024470597      0.11686286        12.29912      -3.7297014       -3.7297014        12.29912                        12.29912
             10       1.6788459       67.872082     0.021715416      0.11427183       10.817095      -3.7297014       -3.7297014       10.817095                       10.817095
              4       2.2822711       68.984271     0.022859182      0.12293158       12.023945      -3.7297014       -3.7297014       12.023945                       12.023945
              1       2.4017802       68.982387     0.023226277      0.12067095       12.262963      -3.7297014       -3.7297014       12.262963                       12.262963
              3        2.485936       63.504364     0.016503345      0.10562352       12.431275      -3.7297014       -3.7297014       12.431275                       12.431275
              2       3.2743822       69.322807      0.02413404      0.11748736       14.008167      -3.7297014       -3.7297014       14.008167                       14.008167
              2       2.2519272       71.311255     0.026358432      0.12255307       11.963257      -3.7297014       -3.7297014       11.963257                       11.963257
              5       2.6606626       63.206272     0.016346062       0.1002181       12.780728      -3.7297014       -3.7297014       12.780728                       12.780728
              9        2.823465       63.126697     0.016295035      0.10016283       13.106333      -3.7297014       -3.7297014       13.106333                       13.106333
              3        2.664628       69.951951     0.024764917      0.11926214       12.788659      -3.7297014       -3.7297014       12.788659                       12.788659
              6       2.8901221       69.508869     0.024270893       0.1178547       13.239647      -3.7297014       -3.7297014       13.239647                       13.239647
              2       3.3282133       69.545822     0.023095183      0.12840457        14.11583      -3.7297014       -3.7297014        14.11583                        14.11583
              1       2.5220576       66.861714     0.020674532      0.11402159       12.503518      -3.7297014       -3.7297014       12.503518                       12.503518
              4       1.6404761       65.279142     0.018144004      0.10551444       10.740355      -3.7297014       -3.7297014       10.740355                       10.740355
              2       1.8712978       67.012433     0.020040359        0.116228       11.201998      -3.7297014       -3.7297014       11.201998                       11.201998
              1       1.7794646       67.878478     0.021078287      0.11814788       11.018332      -3.7297014       -3.7297014       11.018332                       11.018332
              1       1.9035521       69.759402     0.024185189      0.12028589       11.266507      -3.7297014       -3.7297014       11.266507                       11.266507
              7       1.7171538       70.640367     0.025206009      0.12260072        10.89371      -3.7297014       -3.7297014        10.89371                        10.89371
              3       1.9044894       70.727699     0.025409257       0.1231206       11.268382      -3.7297014       -3.7297014       11.268382                       11.268382
              6       2.1622831       70.317336     0.024581081      0.12623997       11.783969      -3.7297014       -3.7297014       11.783969                       11.783969
              1       1.8568511       72.001464     0.026017802        0.129676       11.173105      -3.7297014       -3.7297014       11.173105                       11.173105
              2       2.1903526        73.82636     0.028102533       0.1350955       11.840108      -3.7297014       -3.7297014       11.840108                       11.840108
              2       2.3008521       74.460396     0.029156875       0.1315574       12.061107      -3.7297014       -3.7297014       12.061107                       12.061107
              5       1.9157405       67.838982     0.021025124      0.11878514       11.290884      -3.7297014       -3.7297014       11.290884                       11.290884
              1       1.4997768       65.737431     0.018644431      0.10799102       10.458957      -3.7297014       -3.7297014       10.458957                       10.458957
              1       1.4716136       65.132719     0.018159979      0.10677487        10.40263      -3.7297014       -3.7297014        10.40263                        10.40263
              2       2.8206027       71.400883     0.026534559       0.1188776       13.100608      -3.7297014       -3.7297014       13.100608                       13.100608
              1         1.50196       71.273854     0.025423019      0.12427719       10.463323      -3.7297014       -3.7297014       10.463323                       10.463323
              2       2.3327549       70.282756     0.024505245      0.12687897       12.124913      -3.7297014       -3.7297014       12.124913                       12.124913
              2       1.8737528       70.704935     0.025046651       0.1263692       11.206908      -3.7297014       -3.7297014       11.206908                       11.206908
              1       2.9238378       68.419164     0.022220082      0.10943559       13.307078      -3.7297014       -3.7297014       13.307078                       13.307078
              3       3.2009892       68.130172     0.022078398      0.10805731       13.861381      -3.7297014       -3.7297014       13.861381                       13.861381
              2       1.9893239       73.334516     0.028827248      0.12899412       11.438051      -3.7297014       -3.7297014       11.438051                       11.438051
              2       1.8762667       70.372737     0.024377011      0.12632885       11.211936      -3.7297014       -3.7297014       11.211936                       11.211936
              2       1.7094079       69.084413     0.022858029      0.12146543       10.878219      -3.7297014       -3.7297014       10.878219                       10.878219
              1       1.4227264       71.161178     0.025386746       0.1248522       10.304856      -3.7297014       -3.7297014       10.304856                       10.304856
              1       1.9391579       69.391921     0.022776379      0.11897428       11.337719      -3.7297014       -3.7297014       11.337719                       11.337719
              1       2.9236348       72.198384     0.026830198      0.12006774       13.306673      -3.7297014       -3.7297014       13.306673                       13.306673
              7       2.7414069       72.150635     0.026839027      0.12019868       12.942217      -3.7297014       -3.7297014       12.942217                       12.942217
              7       3.7920873       62.620581      0.01578375      0.10283907       15.043578      -3.7297014       -3.7297014       15.043578                       15.043578
              1       4.6087282       66.996528     0.020027765      0.12291162       16.676859      -3.7297014       -3.7297014       16.676859                       16.676859
              1       2.2885354       68.666436     0.021912954       0.1224707       12.036474      -3.7297014       -3.7297014       12.036474                       12.036474
              6       2.0387012       70.231313     0.024031426      0.12667697       11.536805      -3.7297014       -3.7297014       11.536805                       11.536805
              6       1.5527975       68.534465     0.022423324      0.11518454       10.564998      -3.7297014       -3.7297014       10.564998                       10.564998
              5       1.7285597       69.842977     0.024226265      0.11923697       10.916522      -3.7297014       -3.7297014       10.916522                       10.916522
              1       1.5450104       71.056238     0.025597784      0.12390123       10.549424      -3.7297014       -3.7297014       10.549424                       10.549424
              7       1.7248722       72.475152     0.027361895      0.12469056       10.909147      -3.7297014       -3.7297014       10.909147                       10.909147
              5         2.47353       72.807785     0.028048124      0.12274512       12.406463      -3.7297014       -3.7297014       12.406463                       12.406463
              1       1.9587667       71.495254     0.026219428      0.12077268       11.376936      -3.7297014       -3.7297014       11.376936                       11.376936
              5       2.1395591       68.385935     0.021758184       0.1127856       11.738521      -3.7297014       -3.7297014       11.738521                       11.738521
              2       1.4184146       68.143734      0.02171294      0.11607002       10.296232      -3.7297014       -3.7297014       10.296232                       10.296232
              6       1.8462818       65.962471     0.019330081      0.11117518       11.151966      -3.7297014       -3.7297014       11.151966                       11.151966
              1       1.4915751       69.180643     0.023132997      0.11927709       10.442553      -3.7297014       -3.7297014       10.442553                       10.442553
              1       1.4564932       68.997273     0.022799034       0.1191154       10.372389      -3.7297014       -3.7297014       10.372389                       10.372389
              5       1.4534282       69.259334     0.023106017      0.11992256       10.366259      -3.7297014       -3.7297014       10.366259                       10.366259
              3       1.4269475       69.373906     0.023187146      0.11865333       10.313298      -3.7297014       -3.7297014       10.313298                       10.313298
              3       2.5640463        67.87505     0.021400411      0.12079277       12.587495      -3.7297014       -3.7297014       12.587495                       12.587495
              7       2.0620871       62.766386     0.015635066      0.10107278       11.583577      -3.7297014       -3.7297014       11.583577                       11.583577
              1       2.0013662       62.528454     0.015321615      0.10077536       11.462135      -3.7297014       -3.7297014       11.462135                       11.462135
              6       2.0323189       62.706831     0.015534982      0.10150842       11.524041      -3.7297014       -3.7297014       11.524041                       11.524041
              1       1.5939595       74.706698     0.029597321      0.13738221       10.647322      -3.7297014       -3.7297014       10.647322                       10.647322
             10       1.8516884       74.505964     0.029266168       0.1390681        11.16278      -3.7297014       -3.7297014        11.16278                        11.16278
              4       2.0199298       64.007327     0.016544787      0.10850009       11.499262      -3.7297014       -3.7297014       11.499262                       11.499262
              3       2.6999976       67.021693     0.019609119      0.11666591       12.859398      -3.7297014       -3.7297014       12.859398                       12.859398
              9       2.7070845       72.892572     0.028548284      0.12518911       12.873572      -3.7297014       -3.7297014       12.873572                       12.873572
              3       2.3400676       72.821132     0.027887535      0.12303802       12.139538      -3.7297014       -3.7297014       12.139538                       12.139538
              5       1.8579625       71.721064     0.026538771      0.12206246       11.175328      -3.7297014       -3.7297014       11.175328                       11.175328
              1       1.8378568       72.417042     0.026735991      0.12611504       11.135116      -3.7297014       -3.7297014       11.135116                       11.135116
              3       2.3566143       72.145836     0.026411137       0.1339365       12.172632      -3.7297014       -3.7297014       12.172632                       12.172632
              5       2.0902424       72.236511     0.026186661      0.13094052       11.639888      -3.7297014       -3.7297014       11.639888                       11.639888
              3       2.1801373       65.029935     0.017345933      0.10836961       11.819678      -3.7297014       -3.7297014       11.819678                       11.819678
              5       2.6180698       69.871473     0.023162926      0.11955629       12.695543      -3.7297014       -3.7297014       12.695543                       12.695543
              7       2.2112027       72.643221     0.026715008      0.12836275       11.881808      -3.7297014       -3.7297014       11.881808                       11.881808
              4       2.1249619       73.673977     0.029268048      0.12760168       11.709327      -3.7297014       -3.7297014       11.709327                       11.709327
              4        2.001401       71.029953     0.025518734      0.12752257       11.462205      -3.7297014       -3.7297014       11.462205                       11.462205
              4       2.7913717       68.553106     0.021609427      0.12324892       13.042146      -3.7297014       -3.7297014       13.042146                       13.042146
              1       2.4721858       72.635655     0.026565201       0.1340207       12.403774      -3.7297014       -3.7297014       12.403774                       12.403774
              1       2.2193194       72.007438     0.026347596      0.12240404       11.898042      -3.7297014       -3.7297014       11.898042                       11.898042
              3       1.8183213       72.467382     0.027357159      0.12413523       11.096045      -3.7297014       -3.7297014       11.096045                       11.096045
              7        2.047992        66.01104      0.01951816      0.11079211       11.555387      -3.7297014       -3.7297014       11.555387                       11.555387
              5       1.8066546       65.178034     0.018456037      0.10697713       11.072712      -3.7297014       -3.7297014       11.072712                       11.072712
              2       2.0516017       65.912409     0.018455605      0.11009275       11.562606      -3.7297014       -3.7297014       11.562606                       11.562606
              4       2.4294888       69.858074     0.024569451      0.11884526       12.318381      -3.7297014       -3.7297014       12.318381                       12.318381
              6       2.8660466       65.795958     0.018288867      0.11524703       13.191496      -3.7297014       -3.7297014       13.191496                       13.191496
              2       2.9750908        67.15408     0.020743519      0.11864728       13.409584      -3.7297014       -3.7297014       13.409584                       13.409584
              2       3.3787504       65.093547     0.017164431       0.1065615       14.216904      -3.7297014       -3.7297014       14.216904                       14.216904
              4       3.2737518       67.225229     0.020665055      0.10574101       14.006906      -3.7297014       -3.7297014       14.006906                       14.006906
              2       2.5932897       68.607797     0.023037319       0.1141665       12.645982      -3.7297014       -3.7297014       12.645982                       12.645982
              2        2.712088       67.811629      0.02207177      0.11243449       12.883579      -3.7297014       -3.7297014       12.883579                       12.883579
              9       1.9429755       66.868326     0.019646367      0.11333135       11.345354      -3.7297014       -3.7297014       11.345354                       11.345354
              3        1.567648       74.515146     0.029536392      0.13314277       10.594699      -3.7297014       -3.7297014       10.594699                       10.594699
             10        1.940711       73.823061     0.028865981      0.12788286       11.340825      -3.7297014       -3.7297014       11.340825                       11.340825
              2       1.8405051       74.114116     0.029353936      0.12894687       11.140413      -3.7297014       -3.7297014       11.140413                       11.140413
              1       1.6122172       70.110899     0.024259471      0.12339707       10.683837      -3.7297014       -3.7297014       10.683837                       10.683837
              1       1.6760279       70.348035     0.024706269      0.12334718       10.811459      -3.7297014       -3.7297014       10.811459                       10.811459
              1       1.5417031       70.468068     0.024758196      0.12015736       10.542809      -3.7297014       -3.7297014       10.542809                       10.542809
              6        1.595677       69.335542     0.023409887       0.1167363       10.650757      -3.7297014       -3.7297014       10.650757                       10.650757
              6       2.4264831       66.894636     0.020127086      0.10700837       12.312369      -3.7297014       -3.7297014       12.312369                       12.312369
             11       2.1730217       67.023353     0.020149032      0.10859061       11.805446      -3.7297014       -3.7297014       11.805446                       11.805446
              2       3.3680707       68.203801     0.021924169      0.10801313       14.195544      -3.7297014       -3.7297014       14.195544                       14.195544
              1       3.2925677       70.577865     0.023717656      0.12694487       14.044538      -3.7297014       -3.7297014       14.044538                       14.044538
              3       2.9291325       68.933503     0.022101612      0.12503287       13.317668      -3.7297014       -3.7297014       13.317668                       13.317668
              1       2.4568968       64.666714     0.018012675      0.10265616       12.373196      -3.7297014       -3.7297014       12.373196                       12.373196
              4       2.4587603       64.681865     0.018031097      0.10268113       12.376923      -3.7297014       -3.7297014       12.376923                       12.376923
              7       1.4762546        64.47831     0.017364439      0.10582859       10.411912      -3.7297014       -3.7297014       10.411912                       10.411912
              2       1.8509355       64.643189     0.017710209      0.10776612       11.161274      -3.7297014       -3.7297014       11.161274                       11.161274
              2       1.6344658       69.166485     0.023120125       0.1205052       10.728334      -3.7297014       -3.7297014       10.728334                       10.728334
              2       1.4482145       68.983112     0.022854958      0.11709374       10.355832      -3.7297014       -3.7297014       10.355832                       10.355832
              6       2.0706933       65.113503     0.017946195      0.11164924       11.600789      -3.7297014       -3.7297014       11.600789                       11.600789
              4       1.7189661       66.645044     0.019809172      0.11456464       10.897335      -3.7297014       -3.7297014       10.897335                       10.897335
              3       1.5119491       68.037013       0.0217435      0.11588474       10.483301      -3.7297014       -3.7297014       10.483301                       10.483301
              1       3.4987051       71.968825     0.025375508      0.12922561       14.456813      -3.7297014       -3.7297014       14.456813                       14.456813
              1       2.1389899       71.089845     0.024730904      0.12602414       11.737383      -3.7297014       -3.7297014       11.737383                       11.737383
              1       2.2242872       70.213727     0.023634601      0.12236186       11.907977      -3.7297014       -3.7297014       11.907977                       11.907977
              1        3.281036       67.284375     0.019791087      0.11853777       14.021475      -3.7297014       -3.7297014       14.021475                       14.021475
              1       1.8694516       70.457334     0.024079222      0.12402684       11.198306      -3.7297014       -3.7297014       11.198306                       11.198306
              2       1.7868441       68.609689     0.021966302      0.11556363       11.033091      -3.7297014       -3.7297014       11.033091                       11.033091
              1       1.7931475       68.317752     0.021545444      0.11551882       11.045698      -3.7297014       -3.7297014       11.045698                       11.045698
              2       1.6862277       73.284149     0.027825716      0.13419432       10.831858      -3.7297014       -3.7297014       10.831858                       10.831858
              3       2.1455851       66.437086     0.019110503      0.11007059       11.750573      -3.7297014       -3.7297014       11.750573                       11.750573
              1       2.0041039       70.327058     0.023882849      0.12522943       11.467611      -3.7297014       -3.7297014       11.467611                       11.467611
              1       1.9103236         71.7578     0.025688002       0.1269017        11.28005      -3.7297014       -3.7297014        11.28005                        11.28005
              2       1.8798435        71.29882     0.026163532      0.12323289        11.21909      -3.7297014       -3.7297014        11.21909                        11.21909
              2       1.4900533       71.188755     0.025710118      0.12414109       10.439509      -3.7297014       -3.7297014       10.439509                       10.439509
              1       3.0117507       70.062722     0.024983337       0.1163492       13.482904      -3.7297014       -3.7297014       13.482904                       13.482904
              1       3.0316364       66.933845     0.021035207      0.10864075       13.522676      -3.7297014       -3.7297014       13.522676                       13.522676
              1       4.1319968       67.130241     0.021523704      0.11211736       15.723396      -3.7297014       -3.7297014       15.723396                       15.723396
              3       4.2184365       70.245376     0.025559938      0.11863884       15.896276      -3.7297014       -3.7297014       15.896276                       15.896276
              2       3.3706214       72.544014     0.028056312      0.13118551       14.200646      -3.7297014       -3.7297014       14.200646                       14.200646
              1       2.7770534       70.061822     0.024513877      0.12572169        13.01351      -3.7297014       -3.7297014        13.01351                        13.01351
              2       2.5544509       67.464125     0.021540767      0.11386547       12.568305      -3.7297014       -3.7297014       12.568305                       12.568305
              1       1.5233358       69.003826     0.022769552      0.11622232       10.506075      -3.7297014       -3.7297014       10.506075                       10.506075
              9       1.5188346       69.445499     0.023255187      0.11777113       10.497072      -3.7297014       -3.7297014       10.497072                       10.497072
              1       1.4256317       69.587003     0.023451114      0.11931231       10.310666      -3.7297014       -3.7297014       10.310666                       10.310666
             12       1.5628956       70.219928      0.02400863      0.12188573       10.585194      -3.7297014       -3.7297014       10.585194                       10.585194
              2       1.9430206       73.691979     0.028103792      0.13245639       11.345444      -3.7297014       -3.7297014       11.345444                       11.345444
              2       2.4755625       74.393435     0.028948587      0.13187678       12.410528      -3.7297014       -3.7297014       12.410528                       12.410528
              1       4.1660982       73.244507     0.029288599      0.12195452       15.791599      -3.7297014       -3.7297014       15.791599                       15.791599
              2       4.1950291       73.092445     0.029084848      0.12137532       15.849461      -3.7297014       -3.7297014       15.849461                       15.849461
              4       4.6728406       73.127621     0.029219946      0.12068676       16.805084      -3.7297014       -3.7297014       16.805084                       16.805084
              1       2.4358803        72.00334     0.026708353      0.12050119       12.331164      -3.7297014       -3.7297014       12.331164                       12.331164
              5       2.5227281       71.024687     0.025533816      0.11742405       12.504859      -3.7297014       -3.7297014       12.504859                       12.504859
              5       3.3360443       69.780077     0.024153721      0.11205806       14.131491      -3.7297014       -3.7297014       14.131491                       14.131491
              5       3.4508872       70.736557     0.024225808      0.11925008       14.361177      -3.7297014       -3.7297014       14.361177                       14.361177
              9       3.9963256       74.685595     0.029136927      0.12991444       15.452054      -3.7297014       -3.7297014       15.452054                       15.452054
              8       5.0965099       67.391253     0.021492447      0.10339726       17.652423      -3.7297014       -3.7297014       17.652423                       17.652423
              1       6.1474167       72.357632     0.028432672      0.11644348       19.754236      -3.7297014       -3.7297014       19.754236                       19.754236
              1       3.8924765       73.432778     0.029483717      0.12302475       15.244356      -3.7297014       -3.7297014       15.244356                       15.244356
              8       3.8331265       73.712858     0.029795993       0.1235258       15.125656      -3.7297014       -3.7297014       15.125656                       15.125656
              1       4.2918966        71.01124     0.026565286       0.1189234       16.043196      -3.7297014       -3.7297014       16.043196                       16.043196
              2       2.9206306       72.548053     0.028174303      0.12673928       13.300664      -3.7297014       -3.7297014       13.300664                       13.300664
              5       4.9138114        73.05731     0.029262737      0.12958197       17.287026      -3.7297014       -3.7297014       17.287026                       17.287026
             14       5.0824401        72.50667     0.028377887      0.13134085       17.624283      -3.7297014       -3.7297014       17.624283                       17.624283
              3       3.4521831       70.777715     0.025943325      0.12401345       14.363769      -3.7297014       -3.7297014       14.363769                       14.363769
              2       1.5110306       62.960261     0.015243927      0.10155583       10.481464      -3.7297014       -3.7297014       10.481464                       10.481464
              1       2.2484068       63.619215     0.015942568       0.1000907       11.956217      -3.7297014       -3.7297014       11.956217                       11.956217
              4       2.1114808       67.014446     0.019795819      0.11218581       11.682365      -3.7297014       -3.7297014       11.682365                       11.682365
             20       2.0189832       67.414809     0.020286098      0.11423046       11.497369      -3.7297014       -3.7297014       11.497369                       11.497369
              2       1.4991806       68.262714     0.021662787      0.11726315       10.457764      -3.7297014       -3.7297014       10.457764                       10.457764
              9       1.9428443        69.17268      0.02321084      0.11426328       11.345092      -3.7297014       -3.7297014       11.345092                       11.345092
              1       1.6183174       69.267164     0.023379142      0.11672834       10.696038      -3.7297014       -3.7297014       10.696038                       10.696038
              2       1.6073779       69.057062     0.023108838      0.11621061       10.674159      -3.7297014       -3.7297014       10.674159                       10.674159
              7       2.4855372       73.004925     0.028323997      0.12332236       12.430477      -3.7297014       -3.7297014       12.430477                       12.430477
              1       2.4640128       73.049665     0.028370716      0.12350182       12.387428      -3.7297014       -3.7297014       12.387428                       12.387428
              5       2.5080222       72.861024     0.028120837      0.12278422       12.475447      -3.7297014       -3.7297014       12.475447                       12.475447
              2       2.4727267       72.620805     0.027820468      0.12224505       12.404856      -3.7297014       -3.7297014       12.404856                       12.404856
              4       2.5198211       72.325082     0.027529507      0.12152892       12.499045      -3.7297014       -3.7297014       12.499045                       12.499045
              1       2.3386233       71.340508     0.025559436      0.11983502       12.136649      -3.7297014       -3.7297014       12.136649                       12.136649
              1       2.5712421        67.65062     0.021447535       0.1083048       12.601887      -3.7297014       -3.7297014       12.601887                       12.601887
              1       2.2872332       67.326637     0.020970938      0.10818952       12.033869      -3.7297014       -3.7297014       12.033869                       12.033869
              1       1.9968395       68.298727       0.0223876      0.11314373       11.453082      -3.7297014       -3.7297014       11.453082                       11.453082
              1       2.2233979       67.451084     0.021320888      0.10943545       11.906199      -3.7297014       -3.7297014       11.906199                       11.906199
              2       2.4883826       70.321912     0.024597352      0.11562465       12.436168      -3.7297014       -3.7297014       12.436168                       12.436168
              2       3.3966001       69.974225     0.024390864       0.1124402       14.252603      -3.7297014       -3.7297014       14.252603                       14.252603
              2       3.6911613       69.095288     0.023181568        0.109581       14.841726      -3.7297014       -3.7297014       14.841726                       14.841726
              4       3.5481012       71.490608     0.025938657      0.11674392       14.555605      -3.7297014       -3.7297014       14.555605                       14.555605
              2       4.8429856       66.012442      0.01790245      0.11229428       17.145374      -3.7297014       -3.7297014       17.145374                       17.145374
              1       3.4777467       63.927019     0.015733719      0.10455889       14.414896      -3.7297014       -3.7297014       14.414896                       14.414896
              5       1.8277104       73.397363     0.028813822      0.12911941       11.114824      -3.7297014       -3.7297014       11.114824                       11.114824
              1       1.9265354       72.700827     0.026847604       0.1300708       11.312474      -3.7297014       -3.7297014       11.312474                       11.312474
              1       2.2131141       74.308192     0.028806209      0.13341607       11.885631      -3.7297014       -3.7297014       11.885631                       11.885631
             19       3.1957648       72.805728     0.026515449      0.13550696       13.850932      -3.7297014       -3.7297014       13.850932                       13.850932
              1       2.1379132       71.656283     0.025450675       0.1293627       11.735229      -3.7297014       -3.7297014       11.735229                       11.735229
              3       2.1442584       72.295523     0.026220545      0.13034387        11.74792      -3.7297014       -3.7297014        11.74792                        11.74792
              1       2.1145851       72.577238     0.026584504      0.13084086       11.688573      -3.7297014       -3.7297014       11.688573                       11.688573
              2       2.5809974        73.57995     0.027882205      0.12941773       12.621398      -3.7297014       -3.7297014       12.621398                       12.621398
              1       1.8793141       70.879614     0.025255284       0.1192906       11.218031      -3.7297014       -3.7297014       11.218031                       11.218031
             13       1.7038944       71.260986      0.02558592      0.12153693       10.867192      -3.7297014       -3.7297014       10.867192                       10.867192
              1       1.8390166       72.107174     0.027052795      0.12340944       11.137436      -3.7297014       -3.7297014       11.137436                       11.137436
              5       2.1608586       69.109086     0.023501203      0.11549315        11.78112      -3.7297014       -3.7297014        11.78112                        11.78112
              2       2.1017874       71.998893     0.026716049       0.1310591       11.662978      -3.7297014       -3.7297014       11.662978                       11.662978
              7       2.1226737       72.281344     0.027342869      0.12981488        11.70475      -3.7297014       -3.7297014        11.70475                        11.70475
             11       2.6890034       70.739998     0.025711863      0.11798809        12.83741      -3.7297014       -3.7297014        12.83741                        12.83741
             18       1.5425792       66.172877     0.019334123      0.10823641       10.544561      -3.7297014       -3.7297014       10.544561                       10.544561
              3        1.988349       66.028155     0.018613721      0.11135894       11.436101      -3.7297014       -3.7297014       11.436101                       11.436101
              5       2.1061281       65.894059     0.018406312      0.11119841       11.671659      -3.7297014       -3.7297014       11.671659                       11.671659
              1       2.3183194       66.644678     0.019254191      0.11173647       12.096042      -3.7297014       -3.7297014       12.096042                       12.096042
              2       1.9072014       70.844416     0.025348314      0.12606883       11.273806      -3.7297014       -3.7297014       11.273806                       11.273806
              5       1.4109201       74.087501     0.029170922      0.13319488       10.281243      -3.7297014       -3.7297014       10.281243                       10.281243
              9       1.4884164       64.560991     0.017326438      0.10727306       10.436236      -3.7297014       -3.7297014       10.436236                       10.436236
              1       2.0571229       63.152461     0.015469645         0.10626       11.573649      -3.7297014       -3.7297014       11.573649                       11.573649
             10       2.0880472       62.955438     0.015124213      0.10553309       11.635497      -3.7297014       -3.7297014       11.635497                       11.635497
              2       1.8510459       65.204838     0.018406448      0.10911887       11.161495      -3.7297014       -3.7297014       11.161495                       11.161495
              4       1.4707895       66.434438     0.019714199       0.1114548       10.400982      -3.7297014       -3.7297014       10.400982                       10.400982
              8       1.4470388       66.073183     0.019255246      0.11021349        10.35348      -3.7297014       -3.7297014        10.35348                        10.35348
              7       1.9793649        64.27264     0.016868163      0.10908811       11.418133      -3.7297014       -3.7297014       11.418133                       11.418133
              1       2.2719155       67.102991     0.020203311      0.11812439       12.003234      -3.7297014       -3.7297014       12.003234                       12.003234
              1        2.399131       66.840929     0.019705669      0.11748421       12.257665      -3.7297014       -3.7297014       12.257665                       12.257665
              5       1.6773251       67.432496     0.020530373      0.11603737       10.814053      -3.7297014       -3.7297014       10.814053                       10.814053
              1       2.3023652       63.089549     0.016107056      0.10151482       12.064133      -3.7297014       -3.7297014       12.064133                       12.064133
              5       3.0335212       63.512847     0.016656438      0.10574203       13.526445      -3.7297014       -3.7297014       13.526445                       13.526445
              4       3.4612818        67.41939     0.021202788      0.11970201       14.381967      -3.7297014       -3.7297014       14.381967                       14.381967
              6       3.7323117       63.635787     0.016256486      0.11104479       14.924026      -3.7297014       -3.7297014       14.924026                       14.924026
              4       3.3465272       70.593988     0.024772194      0.13098955       14.152457      -3.7297014       -3.7297014       14.152457                       14.152457
              2       3.0240728       70.309836     0.024274625      0.12978137       13.507549      -3.7297014       -3.7297014       13.507549                       13.507549
              3       3.3015341       69.831272      0.02366516      0.12895792       14.062471      -3.7297014       -3.7297014       14.062471                       14.062471
              4       3.1995329       69.469137     0.022992988      0.12785876       13.858469      -3.7297014       -3.7297014       13.858469                       13.858469
              2       2.2762217       73.412309     0.027551443      0.13455686       12.011846      -3.7297014       -3.7297014       12.011846                       12.011846
              5       2.2059022       73.512542     0.027707296      0.13474198       11.871207      -3.7297014       -3.7297014       11.871207                       11.871207
              2       3.5400869       70.757725     0.023942114      0.12348152       14.539577      -3.7297014       -3.7297014       14.539577                       14.539577
              7       2.6231439       73.178836     0.027153815      0.13180442       12.705691      -3.7297014       -3.7297014       12.705691                       12.705691
              4       1.9845976       73.364295     0.027765956      0.12987765       11.428598      -3.7297014       -3.7297014       11.428598                       11.428598
              5       1.5313122       74.000611     0.029290159      0.13098015       10.522027      -3.7297014       -3.7297014       10.522027                       10.522027
              1       1.8239646       71.582156     0.026081715      0.12917369       11.107332      -3.7297014       -3.7297014       11.107332                       11.107332
              6       2.6540272        64.29884     0.017651688      0.10213536       12.767457      -3.7297014       -3.7297014       12.767457                       12.767457
              4       5.4311229       71.188168     0.026946331      0.12380692       18.321649      -3.7297014       -3.7297014       18.321649                       18.321649
              3       4.8784751       71.800552     0.027704192      0.12347438       17.216353      -3.7297014       -3.7297014       17.216353                       17.216353
              1        4.196274       70.660484     0.025674892      0.12754174       15.851951      -3.7297014       -3.7297014       15.851951                       15.851951
              1       1.9741607       70.681351     0.025182066      0.12557503       11.407724      -3.7297014       -3.7297014       11.407724                       11.407724
              4       1.7744336       72.985749      0.02797236      0.13256303        11.00827      -3.7297014       -3.7297014        11.00827                        11.00827
              4        1.811478       73.757447     0.028892263      0.13558699       11.082359      -3.7297014       -3.7297014       11.082359                       11.082359
              2        1.433514       65.014878     0.017955874      0.10710687       10.326431      -3.7297014       -3.7297014       10.326431                       10.326431
              2       1.7941006       65.416939     0.018094947      0.10648468       11.047604      -3.7297014       -3.7297014       11.047604                       11.047604
              3        2.639665       74.066877     0.029379273      0.12582219       12.738733      -3.7297014       -3.7297014       12.738733                       12.738733
              4       1.6840312       72.077165     0.026354368      0.12566182       10.827465      -3.7297014       -3.7297014       10.827465                       10.827465
              5       2.4125813       68.204909     0.021109712      0.11634925       12.284565      -3.7297014       -3.7297014       12.284565                       12.284565
              3        2.409987       67.733065     0.020527241      0.11534322       12.279377      -3.7297014       -3.7297014       12.279377                       12.279377
              2         2.14587        71.38123     0.025892301      0.11968993       11.751143      -3.7297014       -3.7297014       11.751143                       11.751143
              4       1.4141524       72.256677     0.026802604      0.12769981       10.287708      -3.7297014       -3.7297014       10.287708                       10.287708
              4       1.7731546       72.674067     0.027729024      0.13017952       11.005712      -3.7297014       -3.7297014       11.005712                       11.005712
              2       1.8982174       72.589819     0.027596086      0.13098852       11.255838      -3.7297014       -3.7297014       11.255838                       11.255838
              3       2.8162172       73.974171      0.02982715      0.13429043       13.091837      -3.7297014       -3.7297014       13.091837                       13.091837
              1       2.2676303       69.085279     0.023257127      0.12140134       11.994664      -3.7297014       -3.7297014       11.994664                       11.994664
              5       2.1308586       69.264481     0.023465601      0.12151613        11.72112      -3.7297014       -3.7297014        11.72112                        11.72112
             14       1.4785886        66.78968     0.020200068      0.11162953        10.41658      -3.7297014       -3.7297014        10.41658                        10.41658
              4       4.1931486       70.132188     0.024760746      0.11141701         15.8457      -3.7297014       -3.7297014         15.8457                         15.8457
              3       5.1839144       69.254522     0.021698605      0.12391615       17.827232      -3.7297014       -3.7297014       17.827232                       17.827232
              1       4.7292467        66.53355      0.01905779      0.12140466       16.917896      -3.7297014       -3.7297014       16.917896                       16.917896
              2       3.9458682       70.337314     0.024133245      0.13221196       15.351139      -3.7297014       -3.7297014       15.351139                       15.351139
              1       4.0745982       75.257263     0.029917226      0.13098299       15.608599      -3.7297014       -3.7297014       15.608599                       15.608599
             11       2.5666069       73.408963     0.028374627      0.12445401       12.592617      -3.7297014       -3.7297014       12.592617                       12.592617
              4        2.315415       68.385295     0.022663528      0.11425877       12.090233      -3.7297014       -3.7297014       12.090233                       12.090233
              1       1.9778787       66.741427     0.020446479        0.111676        11.41516      -3.7297014       -3.7297014        11.41516                        11.41516
              3       2.5016956       66.834625     0.019767554      0.10801477       12.462794      -3.7297014       -3.7297014       12.462794                       12.462794
              7       1.8122634       66.094081      0.01958493      0.10853155        11.08393      -3.7297014       -3.7297014        11.08393                        11.08393
              2       3.2761728       70.596319     0.023775009      0.12389579       14.011749      -3.7297014       -3.7297014       14.011749                       14.011749
             12        1.424323       73.296992      0.02824951      0.13031062       10.308049      -3.7297014       -3.7297014       10.308049                       10.308049
              1       1.4510595       73.168169     0.027947512      0.12947509       10.361522      -3.7297014       -3.7297014       10.361522                       10.361522
              5       1.4201129       69.983302     0.024046273      0.12106161       10.299629      -3.7297014       -3.7297014       10.299629                       10.299629
             15        1.654124       64.983237     0.017786549      0.10467115       10.767651      -3.7297014       -3.7297014       10.767651                       10.767651
              6       2.3064726       69.039723      0.02329518      0.11313386       12.072348      -3.7297014       -3.7297014       12.072348                       12.072348
              4       2.1165199       65.387062     0.018450015      0.10367948       11.692443      -3.7297014       -3.7297014       11.692443                       11.692443
              5       2.1920049       67.196008     0.020832686       0.1081962       11.843413      -3.7297014       -3.7297014       11.843413                       11.843413
              1       1.7247884       71.768805     0.025812297      0.12858282        10.90898      -3.7297014       -3.7297014        10.90898                        10.90898
              5       1.7710142       71.619801     0.025595385      0.12824342       11.001431      -3.7297014       -3.7297014       11.001431                       11.001431
              1        1.824648       71.853758     0.025845046      0.12885769       11.108699      -3.7297014       -3.7297014       11.108699                       11.108699
              1       2.0802094       71.684721      0.02553493        0.129807       11.619822      -3.7297014       -3.7297014       11.619822                       11.619822
              1       2.9226786       69.893696     0.023264164      0.12797558        13.30476      -3.7297014       -3.7297014        13.30476                        13.30476
              1       3.1385886       69.644639     0.024062421      0.12488986        13.73658      -3.7297014       -3.7297014        13.73658                        13.73658
              3       2.1507299       63.949046     0.017101228      0.10331842       11.760863      -3.7297014       -3.7297014       11.760863                       11.760863
              4         2.12995       63.650077     0.016725363      0.10309575       11.719303      -3.7297014       -3.7297014       11.719303                       11.719303
              1       2.2271602       63.704239     0.016822371      0.10326365       11.913723      -3.7297014       -3.7297014       11.913723                       11.913723
              3       1.8978677       71.354318     0.025689167      0.12923281       11.255138      -3.7297014       -3.7297014       11.255138                       11.255138
              5       1.5001747       64.371058     0.017158369      0.10387132       10.459752      -3.7297014       -3.7297014       10.459752                       10.459752
              6       1.8935584       71.675437     0.025922574      0.12272856        11.24652      -3.7297014       -3.7297014        11.24652                        11.24652
              5       1.9792699       74.056564      0.02881377      0.13028097       11.417943      -3.7297014       -3.7297014       11.417943                       11.417943
              3       3.3753249       71.118768     0.025133203       0.1173743       14.210053      -3.7297014       -3.7297014       14.210053                       14.210053
              1       2.3558025       69.473988     0.022978858      0.12541772       12.171008      -3.7297014       -3.7297014       12.171008                       12.171008
              2       2.1712466       69.041038     0.022262708       0.1221993       11.801896      -3.7297014       -3.7297014       11.801896                       11.801896
              3       1.4114028        68.69601     0.022386713       0.1172845       10.282208      -3.7297014       -3.7297014       10.282208                       10.282208
              4       1.4199287       68.358528     0.022026032      0.11589561        10.29926      -3.7297014       -3.7297014        10.29926                        10.29926
              4       2.0054125       67.493805     0.020675909      0.11071922       11.470228      -3.7297014       -3.7297014       11.470228                       11.470228
              2       2.3283552       67.342974     0.020458616      0.10943446       12.116113      -3.7297014       -3.7297014       12.116113                       12.116113
              2       1.8430995       64.508121     0.016861725      0.10703434       11.145602      -3.7297014       -3.7297014       11.145602                       11.145602
              3       1.6821912       65.631726     0.018343764      0.11096186       10.823785      -3.7297014       -3.7297014       10.823785                       10.823785
              1       1.8685527       63.836503     0.016066959      0.10573699       11.196508      -3.7297014       -3.7297014       11.196508                       11.196508
             10       1.9644384       63.554084     0.015704049      0.10534296        11.38828      -3.7297014       -3.7297014        11.38828                        11.38828
              1       1.9558957       63.489624     0.015690436      0.10600263       11.371194      -3.7297014       -3.7297014       11.371194                       11.371194
              3       1.4725953       70.843449     0.025208579      0.12393923       10.404594      -3.7297014       -3.7297014       10.404594                       10.404594
              3       3.0586994       68.290907     0.021024917      0.11681292       13.576802      -3.7297014       -3.7297014       13.576802                       13.576802
              2       3.3662152       67.738681     0.020261215      0.11614827       14.191833      -3.7297014       -3.7297014       14.191833                       14.191833
              7       1.9935983       74.400732     0.029147348      0.13967957       11.446599      -3.7297014       -3.7297014       11.446599                       11.446599
              2       2.7291465       71.507718     0.025889029       0.1324649       12.917696      -3.7297014       -3.7297014       12.917696                       12.917696
              2        2.272944       71.353619     0.025850666      0.12996474       12.005291      -3.7297014       -3.7297014       12.005291                       12.005291
              7       1.9721161       70.477714     0.024156712      0.12646755       11.403635      -3.7297014       -3.7297014       11.403635                       11.403635
              4       1.4865321       68.875207     0.022413448      0.11838715       10.432467      -3.7297014       -3.7297014       10.432467                       10.432467
              9       1.5069347       63.799043     0.016292702      0.10299169       10.473272      -3.7297014       -3.7297014       10.473272                       10.473272
              3       1.6919987       64.475783     0.017207143      0.10836919         10.8434      -3.7297014       -3.7297014         10.8434                         10.8434
              4       2.0490751       66.091423     0.019276381      0.11387094       11.557553      -3.7297014       -3.7297014       11.557553                       11.557553
              1       1.5417577       73.411497     0.028577674      0.13111261       10.542918      -3.7297014       -3.7297014       10.542918                       10.542918
              5       1.5969604       73.172675     0.028351938      0.12940938       10.653324      -3.7297014       -3.7297014       10.653324                       10.653324
              5       1.9714955       73.020466     0.027269273      0.13406924       11.402394      -3.7297014       -3.7297014       11.402394                       11.402394
              4       1.9079076       73.947716     0.028562424      0.13760491       11.275218      -3.7297014       -3.7297014       11.275218                       11.275218
              2       1.5317575       72.101704     0.026567878      0.12952127       10.522918      -3.7297014       -3.7297014       10.522918                       10.522918
              2        2.322179       74.981961     0.029912196      0.13228117       12.103761      -3.7297014       -3.7297014       12.103761                       12.103761
              3       4.3163979       73.657096     0.029911221      0.13151724       16.092199      -3.7297014       -3.7297014       16.092199                       16.092199
              2       2.9270475       72.506263     0.027374045      0.13514946       13.313498      -3.7297014       -3.7297014       13.313498                       13.313498
              3       2.9672714       72.202207     0.026991449      0.13427914       13.393946      -3.7297014       -3.7297014       13.393946                       13.393946
              3       1.6059123       69.278931     0.023249916      0.12070711       10.671227      -3.7297014       -3.7297014       10.671227                       10.671227
              5       1.5079968       69.900746     0.023749555      0.12256148       10.475397      -3.7297014       -3.7297014       10.475397                       10.475397
              1       1.9292431       65.946549      0.01859273      0.10891517       11.317889      -3.7297014       -3.7297014       11.317889                       11.317889
              1       3.0660461       67.385348     0.019921287      0.11444752       13.591495      -3.7297014       -3.7297014       13.591495                       13.591495
              2       5.3870101       64.625798     0.016263851      0.10546353       18.233423      -3.7297014       -3.7297014       18.233423                       18.233423
              3       5.3950821       64.542479     0.016098844      0.10804541       18.249567      -3.7297014       -3.7297014       18.249567                       18.249567
             13       4.3470879       65.388073     0.017252802      0.11074553       16.153579      -3.7297014       -3.7297014       16.153579                       16.153579
              1       3.0515303       68.080422     0.020754343       0.1169049       13.562463      -3.7297014       -3.7297014       13.562463                       13.562463
              1       3.6106021       68.890685     0.021928903      0.12639125       14.680607      -3.7297014       -3.7297014       14.680607                       14.680607
              1       3.2744379       69.219389     0.023629885      0.12310543       14.008279      -3.7297014       -3.7297014       14.008279                       14.008279
              5       2.6930172       69.883806     0.024443994      0.12350586       12.845437      -3.7297014       -3.7297014       12.845437                       12.845437
              1       1.8686107       68.086234     0.021883248      0.11789248       11.196624      -3.7297014       -3.7297014       11.196624                       11.196624
              1       2.1271926       66.910941     0.020678215      0.11296762       11.713788      -3.7297014       -3.7297014       11.713788                       11.713788
              1       2.3813552       69.992223     0.024530134      0.11553493       12.222113      -3.7297014       -3.7297014       12.222113                       12.222113
              8       2.8430852       70.536869     0.025339518      0.12519654       13.145573      -3.7297014       -3.7297014       13.145573                       13.145573
              8       3.9565039       67.785395     0.021186205      0.12383718       15.372411      -3.7297014       -3.7297014       15.372411                       15.372411
              2       3.2214251       67.188314     0.020419765      0.12067044       13.902253      -3.7297014       -3.7297014       13.902253                       13.902253
              3        2.835824       66.278276     0.019506493      0.11657004       13.131051      -3.7297014       -3.7297014       13.131051                       13.131051
              3       2.5230752       68.411126     0.021903957      0.12268102       12.505553      -3.7297014       -3.7297014       12.505553                       12.505553
              9       1.6718066       64.400802     0.017202888      0.10285951       10.803016      -3.7297014       -3.7297014       10.803016                       10.803016
              7       1.8762301       63.747307     0.016450192      0.10036026       11.211863      -3.7297014       -3.7297014       11.211863                       11.211863
              1        1.494619       67.898422     0.021594261      0.11443761       10.448641      -3.7297014       -3.7297014       10.448641                       10.448641
             10       1.4633369       68.019354     0.021389076      0.11574361       10.386077      -3.7297014       -3.7297014       10.386077                       10.386077
              4       1.4931131       68.475977     0.021972166      0.11587381       10.445629      -3.7297014       -3.7297014       10.445629                       10.445629
              7       1.8569237       69.453863     0.023209543      0.11612015        11.17325      -3.7297014       -3.7297014        11.17325                        11.17325
              5       1.4716601       71.108193     0.025294437      0.12338157       10.402723      -3.7297014       -3.7297014       10.402723                       10.402723
              1       1.4912257       71.492029     0.026073154      0.12555331       10.441854      -3.7297014       -3.7297014       10.441854                       10.441854
              6       3.0203312       73.476048     0.029116655      0.12341784       13.500065      -3.7297014       -3.7297014       13.500065                       13.500065
              6       2.4799382       69.590588     0.023276103      0.11493858       12.419279      -3.7297014       -3.7297014       12.419279                       12.419279
              3       2.3475963       66.112989     0.019713919       0.1058974       12.154596      -3.7297014       -3.7297014       12.154596                       12.154596
              7       1.6348625       67.254735     0.020453007      0.11135835       10.729128      -3.7297014       -3.7297014       10.729128                       10.729128
              1       1.5471304       68.464761     0.022139382      0.11846925       10.553664      -3.7297014       -3.7297014       10.553664                       10.553664
              3       1.4860222        69.34689     0.023280535      0.12021655       10.431447      -3.7297014       -3.7297014       10.431447                       10.431447
              6       1.5499244       71.128915      0.02514536      0.12489215       10.559252      -3.7297014       -3.7297014       10.559252                       10.559252
              7       2.5230004       66.006583     0.018410825      0.11047759       12.505404      -3.7297014       -3.7297014       12.505404                       12.505404
              1       2.4305139       66.139464     0.018593744      0.11264294       12.320431      -3.7297014       -3.7297014       12.320431                       12.320431
              5       1.4950896       66.022777     0.018908481       0.1101093       10.449582      -3.7297014       -3.7297014       10.449582                       10.449582
              2       1.7651553       68.907567      0.02307011      0.11665367       10.989713      -3.7297014       -3.7297014       10.989713                       10.989713
              1       1.5718084       71.384831     0.025636449      0.12768028        10.60302      -3.7297014       -3.7297014        10.60302                        10.60302
              2       2.1015959       74.366163     0.029968279      0.13655116       11.662595      -3.7297014       -3.7297014       11.662595                       11.662595
              7       1.6733818       73.152624     0.027582563       0.1308881       10.806167      -3.7297014       -3.7297014       10.806167                       10.806167
              5       1.7249283       73.592277     0.028138059       0.1314667       10.909259      -3.7297014       -3.7297014       10.909259                       10.909259
              2       1.8963593       72.978324     0.027370455      0.12818165       11.252121      -3.7297014       -3.7297014       11.252121                       11.252121
              6       3.0936046       73.099941     0.027463906      0.12473473       13.646612      -3.7297014       -3.7297014       13.646612                       13.646612
              1       1.9059551       70.871239      0.02473354      0.12179061       11.271313      -3.7297014       -3.7297014       11.271313                       11.271313
              4       3.0547804       72.685797     0.026392745      0.13083937       13.568964      -3.7297014       -3.7297014       13.568964                       13.568964
              5       2.4265656       73.616021     0.027767579      0.13315888       12.312534      -3.7297014       -3.7297014       12.312534                       12.312534
              7       2.0547164       74.601864     0.029211585      0.13491096       11.568836      -3.7297014       -3.7297014       11.568836                       11.568836
             10       2.3132405       73.967048     0.028375468      0.13898491       12.085884      -3.7297014       -3.7297014       12.085884                       12.085884
              1       2.4017506       72.600623     0.027246695      0.12289236       12.262904      -3.7297014       -3.7297014       12.262904                       12.262904
              3       2.3984395       70.944279     0.025828669      0.11863054       12.256282      -3.7297014       -3.7297014       12.256282                       12.256282
              5       1.9604279       73.020951     0.027410678      0.13493355       11.380259      -3.7297014       -3.7297014       11.380259                       11.380259
              2       2.5423908       70.222302     0.023835116      0.12827006       12.544185      -3.7297014       -3.7297014       12.544185                       12.544185
              3       3.0111655       70.073922     0.023957943      0.12906195       13.481734      -3.7297014       -3.7297014       13.481734                       13.481734
              1       2.4319402       68.898706     0.022154766      0.12357586       12.323283      -3.7297014       -3.7297014       12.323283                       12.323283
              2       2.6362201       67.706748     0.021339136       0.1198745       12.731843      -3.7297014       -3.7297014       12.731843                       12.731843
              1       1.9708757       65.363292     0.018418293      0.11143626       11.401154      -3.7297014       -3.7297014       11.401154                       11.401154
              2       1.7701643       64.580011     0.017238029      0.10910786       10.999731      -3.7297014       -3.7297014       10.999731                       10.999731
              6       1.4592112       65.009638     0.017846784       0.1082199       10.377825      -3.7297014       -3.7297014       10.377825                       10.377825
              1       1.9357388       64.185614     0.016849388      0.10859593        11.33088      -3.7297014       -3.7297014        11.33088                        11.33088
              2       1.9277265       65.603486     0.018722674      0.11187408       11.314856      -3.7297014       -3.7297014       11.314856                       11.314856
              9       1.9977818       66.207433     0.019290341      0.11444259       11.454966      -3.7297014       -3.7297014       11.454966                       11.454966
              1        2.193579       64.407542     0.017271215      0.10951016       11.846561      -3.7297014       -3.7297014       11.846561                       11.846561
              1        2.203003       64.349297     0.016680307      0.10939273       11.865409      -3.7297014       -3.7297014       11.865409                       11.865409
              1       2.1489958       64.281737     0.016605927      0.10900827       11.757394      -3.7297014       -3.7297014       11.757394                       11.757394
              2       1.6168456       67.287661     0.020395112       0.1153925       10.693094      -3.7297014       -3.7297014       10.693094                       10.693094
              4       1.7749472       67.193227     0.020243835      0.11614071       11.009297      -3.7297014       -3.7297014       11.009297                       11.009297
              4       1.9556019       74.379081     0.028912558      0.13682787       11.370607      -3.7297014       -3.7297014       11.370607                       11.370607
              5        1.955224       74.377048     0.028910225      0.13681957       11.369851      -3.7297014       -3.7297014       11.369851                       11.369851
              1       1.6965714       73.189385     0.027630651       0.1333812       10.852546      -3.7297014       -3.7297014       10.852546                       10.852546
              4       1.7321439       71.324807     0.025238848      0.12618413       10.923691      -3.7297014       -3.7297014       10.923691                       10.923691
              8       2.1058819       71.532402     0.025293796       0.1273216       11.671167      -3.7297014       -3.7297014       11.671167                       11.671167
              8       1.8000105       71.977857     0.026009612      0.12815625       11.059424      -3.7297014       -3.7297014       11.059424                       11.059424
             10       1.9186012       73.020104     0.027258759      0.13078411       11.296605      -3.7297014       -3.7297014       11.296605                       11.296605
              3       2.1357837       70.442229     0.025058745      0.11766133        11.73097      -3.7297014       -3.7297014        11.73097                        11.73097
              6       1.5251096       67.722414     0.021340109      0.11532779       10.509622      -3.7297014       -3.7297014       10.509622                       10.509622
              1        1.728199       67.099058     0.020581831       0.1149751       10.915801      -3.7297014       -3.7297014       10.915801                       10.915801
              3       1.6459726       66.774063     0.020030362      0.11438989       10.751348      -3.7297014       -3.7297014       10.751348                       10.751348
              2        1.806844       68.039773     0.021957033      0.11270805       11.073091      -3.7297014       -3.7297014       11.073091                       11.073091
              2       1.8243002        68.09386     0.022020491      0.11265341       11.108003      -3.7297014       -3.7297014       11.108003                       11.108003
             10       1.7078878       69.855683     0.023436929      0.12132566       10.875179      -3.7297014       -3.7297014       10.875179                       10.875179
             11       1.8795774       71.824185     0.025828649      0.12611113       11.218558      -3.7297014       -3.7297014       11.218558                       11.218558
              8       1.7415792       71.802702     0.025918943      0.12543534       10.942561      -3.7297014       -3.7297014       10.942561                       10.942561
              2        1.741018       71.742369     0.025839775      0.12530922       10.941439      -3.7297014       -3.7297014       10.941439                       10.941439
              2       1.8395782       73.264794     0.027721756      0.12953068       11.138559      -3.7297014       -3.7297014       11.138559                       11.138559
              1        2.057963       73.173697     0.028634248      0.12955957       11.575329      -3.7297014       -3.7297014       11.575329                       11.575329
              2       2.5423985       67.600632     0.021712833      0.11412413         12.5442      -3.7297014       -3.7297014         12.5442                         12.5442
              1       7.7671263       67.351307     0.022431236      0.10819979       22.993655      -3.7297014       -3.7297014       22.993655                       22.993655
              1       7.9150681        67.00665     0.021992173      0.10627277       23.289539      -3.7297014       -3.7297014       23.289539                       23.289539
              9        2.614745       63.627487     0.016849277      0.10260149       12.688893      -3.7297014       -3.7297014       12.688893                       12.688893
              2       2.1262611       73.276099      0.02833209      0.13516681       11.711925      -3.7297014       -3.7297014       11.711925                       11.711925
              1        2.168744       73.308445     0.028262478      0.13602399       11.796891      -3.7297014       -3.7297014       11.796891                       11.796891
              3       1.9846557       73.023439     0.027855538      0.13460026       11.428714      -3.7297014       -3.7297014       11.428714                       11.428714
             11       1.6010537       63.317705     0.015765761      0.10079356        10.66151      -3.7297014       -3.7297014        10.66151                        10.66151
              7       1.5975606        63.15122     0.015561409      0.10042571       10.654524      -3.7297014       -3.7297014       10.654524                       10.654524
              8       2.1709412       74.471764     0.029255986      0.13138328       11.801285      -3.7297014       -3.7297014       11.801285                       11.801285
              2       2.1129762       74.015948     0.028737071      0.12976088       11.685355      -3.7297014       -3.7297014       11.685355                       11.685355
              1        2.219307        72.66207     0.026765727      0.12793757       11.898017      -3.7297014       -3.7297014       11.898017                       11.898017
              8       3.0974207       73.640616     0.027708314      0.13075039       13.654244      -3.7297014       -3.7297014       13.654244                       13.654244
              4       2.6630947       72.019014     0.027320101      0.12128156       12.785592      -3.7297014       -3.7297014       12.785592                       12.785592
              5       2.8552356        73.96271     0.029805577      0.12570662       13.169874      -3.7297014       -3.7297014       13.169874                       13.169874
              1       2.1050464       71.946618     0.026870832      0.12157085       11.669496      -3.7297014       -3.7297014       11.669496                       11.669496
              8       2.3824205       70.662848     0.025285196        0.117004       12.224244      -3.7297014       -3.7297014       12.224244                       12.224244
              3       2.1714004       66.770652     0.020541989      0.10871825       11.802204      -3.7297014       -3.7297014       11.802204                       11.802204
              7       3.0206887       64.782155     0.017801315      0.10000806        13.50078      -3.7297014       -3.7297014        13.50078                        13.50078
              5       2.8505567       64.362837     0.016503735      0.10319416       13.160516      -3.7297014       -3.7297014       13.160516                       13.160516
              1       1.6558548       71.307709     0.026026255      0.12321186       10.771112      -3.7297014       -3.7297014       10.771112                       10.771112
              1       1.6161009       71.989969     0.026414823      0.12459131       10.691605      -3.7297014       -3.7297014       10.691605                       10.691605
              1       1.6412632       72.039647     0.026491213      0.12450155       10.741929      -3.7297014       -3.7297014       10.741929                       10.741929
              7       1.6229623       73.286054     0.028037838      0.12851826       10.705328      -3.7297014       -3.7297014       10.705328                       10.705328
              3       1.4298265       73.085594     0.027841565       0.1296452       10.319056      -3.7297014       -3.7297014       10.319056                       10.319056
              3       1.4350963       72.674572       0.0272654      0.12983042       10.329596      -3.7297014       -3.7297014       10.329596                       10.329596
              1       1.7926599       70.357725     0.024854568      0.11897712       11.044723      -3.7297014       -3.7297014       11.044723                       11.044723
              6       2.4340944       66.462556      0.02011396      0.11337584       12.327592      -3.7297014       -3.7297014       12.327592                       12.327592
              1       3.0697613        66.32371     0.020298226      0.10899875       13.598925      -3.7297014       -3.7297014       13.598925                       13.598925
              2       3.5927571        64.66802     0.018353933       0.1049603       14.644917      -3.7297014       -3.7297014       14.644917                       14.644917
              1        3.580263       64.677909     0.018363782      0.10497216       14.619929      -3.7297014       -3.7297014       14.619929                       14.619929
              1       3.7060887       71.607198     0.026680467      0.13112689        14.87158      -3.7297014       -3.7297014        14.87158                        14.87158
              1        3.601444       71.706626     0.026780168      0.13140712       14.662291      -3.7297014       -3.7297014       14.662291                       14.662291
              3       3.0582693       71.328608     0.026380409      0.12791208       13.575941      -3.7297014       -3.7297014       13.575941                       13.575941
              4       1.9383518       73.064085     0.028449547      0.12857648       11.336106      -3.7297014       -3.7297014       11.336106                       11.336106
              1        4.513399       73.588553     0.029793664      0.12221078       16.486201      -3.7297014       -3.7297014       16.486201                       16.486201
              1       4.9236263       72.559523     0.028133352       0.1168737       17.306655      -3.7297014       -3.7297014       17.306655                       17.306655
              6       4.9590248       72.436548     0.027989446      0.11651437       17.377453      -3.7297014       -3.7297014       17.377453                       17.377453
              1       1.6893236       68.258861     0.021812568      0.11319738        10.83805      -3.7297014       -3.7297014        10.83805                        10.83805
              1       1.4772571       68.669658     0.022403895      0.11562664       10.413917      -3.7297014       -3.7297014       10.413917                       10.413917
              7       1.5910303       74.210837     0.029039949      0.13646273       10.641463      -3.7297014       -3.7297014       10.641463                       10.641463
             11       1.6063223        74.19632     0.029026218      0.13661358       10.672047      -3.7297014       -3.7297014       10.672047                       10.672047
              6       1.6977631       74.129062     0.028980302      0.13726651       10.854929      -3.7297014       -3.7297014       10.854929                       10.854929
              2       1.8204712       73.734338     0.028516216      0.13673551       11.100345      -3.7297014       -3.7297014       11.100345                       11.100345
              1        2.077146       65.045093     0.017523646       0.1054179       11.613695      -3.7297014       -3.7297014       11.613695                       11.613695
              6        1.419728       63.228148     0.015745263      0.10198767       10.298859      -3.7297014       -3.7297014       10.298859                       10.298859
              5        1.418305       63.186191     0.015691504      0.10192235       10.296013      -3.7297014       -3.7297014       10.296013                       10.296013
             16       1.6262373       63.199027     0.015443721      0.10365506       10.711878      -3.7297014       -3.7297014       10.711878                       10.711878
              1       1.6267057       63.196449     0.015440721      0.10365596       10.712814      -3.7297014       -3.7297014       10.712814                       10.712814
              1       2.1122954        65.46327     0.017999888       0.1120711       11.683994      -3.7297014       -3.7297014       11.683994                       11.683994
              2       3.1534465       70.312147      0.02530616       0.1220021       13.766296      -3.7297014       -3.7297014       13.766296                       13.766296
              3       2.7041725       70.256122     0.025058267      0.12276172       12.867748      -3.7297014       -3.7297014       12.867748                       12.867748
              4       2.3370051       69.836318     0.023515021      0.12657025       12.133413      -3.7297014       -3.7297014       12.133413                       12.133413
