    0.362597841039340178E-96    0.432368099089327302E+03    0.130884373188018799E+01
    0.458572742355885108E-94    0.422683109541704766E+03    0.130651199817657471E+01
    0.914463211354450797E-85    0.379851141254103993E+03    0.129586732387542725E+01
    0.111200569833294214E-83    0.374849804347459155E+03    0.129458642005920410E+01
    0.146985861905821236E-83    0.374286802550582195E+03    0.129444169998168945E+01
    0.167246983019578380E-83    0.374023532039668623E+03    0.129437398910522461E+01
    0.715357269639602107E-83    0.371111911168437643E+03    0.129362356662750244E+01
    0.566945479936403640E-78    0.348546098142346580E+03    0.128770589828491211E+01
    0.142720070587826575E-76    0.342089513731107161E+03    0.128597807884216309E+01
    0.318745388472984977E-75    0.335872328614296919E+03    0.128429901599884033E+01
    0.103582253471487049E-72    0.324299871280768400E+03    0.128113222122192383E+01
    0.307802436840262644E-70    0.312906346665354192E+03    0.127795934677124023E+01
    0.102645952024158123E-69    0.310492521340133806E+03    0.127727985382080078E+01
    0.157130856502256850E-69    0.309635934877828674E+03    0.127703809738159180E+01
    0.106271579884866088E-68    0.305807926786084124E+03    0.127595365047454834E+01
    0.420572859112985848E-67    0.298446516919634234E+03    0.726140260696411133E+00
    0.136915460281951863E-66    0.296080854883822440E+03    0.127316749095916748E+01
    0.482532584471879783E-66    0.293556485295902519E+03    0.722437143325805664E+00
    0.237759363566035541E-65    0.290361893842611948E+03    0.721508264541625977E+00
    0.391810131979093412E-63    0.280147516909593378E+03    0.731495857238769531E+00
    0.341247911491451665E-62    0.275813683001498475E+03    0.126721322536468506E+01
    0.807544656602870659E-62    0.274085904742391676E+03    0.716695785522460938E+00
    0.356791235346031813E-61    0.271109429596546079E+03    0.126580059528350830E+01
    0.171564135055664628E-59    0.263358476572076825E+03    0.736553549766540527E+00
    0.260073453759547630E-59    0.262521462685000643E+03    0.713190197944641113E+00
    0.111399389681591491E-58    0.259606977012449988E+03    0.737705230712890625E+00
    0.153816574437676469E-58    0.258956699075283950E+03    0.712094306945800781E+00
    0.300203437301480734E-58    0.257614299971819719E+03    0.711679697036743164E+00
    0.727729418477361338E-58    0.255838362107780540E+03    0.711129546165466309E+00
    0.120947265462981598E-57    0.254817341268218797E+03    0.739187598228454590E+00
    0.264528664374338907E-57    0.253247151289471276E+03    0.710323452949523926E+00
    0.125048540414058582E-56    0.250135476367714034E+03    0.740649938583374023E+00
    0.128683194427103266E-56    0.250073173284899951E+03    0.125933051109313965E+01
    0.145517266484825163E-56    0.249822290839048435E+03    0.709251761436462402E+00
    0.326779509678220316E-56    0.248199309015913457E+03    0.741258621215820312E+00
    0.996550460081550747E-56    0.245964280786821689E+03    0.708035826683044434E+00
    0.384320348985536477E-55    0.243259757258297611E+03    0.742822170257568359E+00
    0.860022536590139896E-54    0.237038622777728335E+03    0.125518620014190674E+01
    0.648081828517490112E-53    0.232994335846311003E+03    0.746122360229492188E+00
    0.116306108888482660E-52    0.231819748423972840E+03    0.703495502471923828E+00
    0.662910216569259111E-51    0.223728750286127422E+03    0.700836896896362305E+00
    0.294678131016547717E-50    0.220740091863504119E+03    0.699842929840087891E+00
    0.593033398960331911E-50    0.219336357783387342E+03    0.124937379360198975E+01
    0.113293509197728903E-49    0.218036725280753842E+03    0.698938131332397461E+00
    0.141151503377298078E-48    0.212986851239158170E+03    0.352766752243041992E+00
    0.189823160762613337E-48    0.212389333038420119E+03    0.352969884872436523E+00
    0.289315732622194837E-48    0.211541481665901017E+03    0.753258585929870605E+00
    0.792588098352947566E-48    0.209520911520908555E+03    0.753948688507080078E+00
    0.104759547132470385E-47    0.208958013270844475E+03    0.695858478546142578E+00
    0.143404326469536246E-47    0.208325012467597304E+03    0.354358673095703125E+00
    0.350389372056105717E-47    0.206533258608870483E+03    0.354975104331970215E+00
    0.429367499837152541E-47    0.206121722273903003E+03    0.755117058753967285E+00
    0.956014418976484544E-47    0.204515802673196674E+03    0.755672335624694824E+00
    0.998108293897931141E-47    0.204424625101606068E+03    0.755703926086425781E+00
    0.185626745968187415E-46    0.203178702647502803E+03    0.756136298179626465E+00
    0.273922332687845465E-46    0.202395489260581115E+03    0.693591237068176270E+00
    0.533870252723802557E-46    0.201055872804286167E+03    0.124312400817871094E+01
    0.776194926351162733E-46    0.200302371113524998E+03    0.357139468193054199E+00
    0.703879064861588974E-45    0.195887795175249352E+03    0.124130702018737793E+01
    0.114850697730159353E-44    0.194903572097811491E+03    0.759041666984558105E+00
    0.506395383748968930E-44    0.191931202596392865E+03    0.339900016784667969E+00
    0.123403595737030736E-43    0.190144747420501233E+03    0.760739922523498535E+00
    0.152120737617359819E-43    0.189721318856410420E+03    0.123910796642303467E+01
    0.188504853093449691E-43    0.189287420415521495E+03    0.123895192146301270E+01
    0.104935717064531335E-42    0.185848801845869843E+03    0.362290978431701660E+00
    0.131627758516723077E-42    0.185390541879101249E+03    0.337542533874511719E+00
    0.698304907540507853E-42    0.182048186059020253E+03    0.686322093009948730E+00
    0.170369223286713147E-41    0.180259391581230574E+03    0.685664415359497070E+00
    0.453938009279901739E-41    0.178294406257802052E+03    0.123493826389312744E+01
    0.668130615525606284E-41    0.177516360175072919E+03    0.123464965820312500E+01
    0.979712011293491296E-41    0.176745810223465298E+03    0.334363222122192383E+00
    0.207707477953629387E-40    0.175237895894653377E+03    0.333800911903381348E+00
    0.263477504863812910E-40    0.174757221374775526E+03    0.683621168136596680E+00
    0.582303729646856652E-40    0.173166172994680323E+03    0.123302447795867920E+01
    0.882061666793713172E-40    0.172330633421253395E+03    0.682710051536560059E+00
    0.498231441158182308E-39    0.168862857755695302E+03    0.768602967262268066E+00
    0.111239139855099003E-38    0.167251452396399429E+03    0.330782413482666016E+00
    0.118144314017480863E-38    0.167126003235685289E+03    0.369265556335449219E+00
    0.171842328309823396E-38    0.166371662269366539E+03    0.123044562339782715E+01
    0.191719618196590653E-38    0.166147749024750397E+03    0.369640231132507324E+00
    0.206041788177317672E-38    0.165998658983508108E+03    0.123030257225036621E+01
    0.440105217144714494E-38    0.164475789334002627E+03    0.770283102989196777E+00
    0.580142792079267402E-38    0.163918268457441968E+03    0.370498180389404297E+00
    0.761633624784520893E-38    0.163368885725017321E+03    0.122928953170776367E+01
    0.105441902934079085E-37    0.162713326568123478E+03    0.329035758972167969E+00
    0.105347021309812470E-37    0.162710127073174021E+03    0.370965480804443359E+00
    0.204238685653264425E-37    0.161381068129199264E+03    0.771481513977050781E+00
    0.110294602676137791E-36    0.158003166634554589E+03    0.772802472114562988E+00
    0.187876272052036806E-36    0.156932909380853232E+03    0.773223876953125000E+00
    0.792202588515090609E-36    0.154049842313056814E+03    0.675633907318115234E+00
    0.106001309560919010E-35    0.153462403535669608E+03    0.675399899482727051E+00
    0.162296920876403714E-35    0.152605451427362198E+03    0.325057744979858398E+00
    0.381995350486659392E-35    0.150888489558374545E+03    0.375630617141723633E+00
    0.672400120872815173E-35    0.149752599269842335E+03    0.122391188144683838E+01
    0.102720421458565883E-34    0.148900114360614197E+03    0.673567414283752441E+00
    0.185422505571496755E-34    0.147713862176371265E+03    0.776913523674011230E+00
    0.275907234866944630E-34    0.146914006839116723E+03    0.377238869667053223E+00
    0.771948128885818188E-34    0.144851301532039656E+03    0.122191810607910156E+01
    0.133786856209670107E-33    0.143746470243936642E+03    0.122146415710449219E+01
    0.220503512029100532E-33    0.142742138815802207E+03    0.778949975967407227E+00
    0.161150831088090098E-32    0.138759114343511243E+03    0.121939349174499512E+01
    0.226263567819997916E-32    0.138075394776379056E+03    0.319106817245483398E+00
    0.292589131988959827E-32    0.137556257184470724E+03    0.668888688087463379E+00
    0.335446024823321174E-32    0.137277873747157514E+03    0.381228446960449219E+00
    0.492294059715147797E-32    0.136505643433875008E+03    0.121844601631164551E+01
    0.777753913975784456E-32    0.135585975538074678E+03    0.781942844390869141E+00
    0.107658526514251136E-31    0.134930696835354269E+03    0.317779302597045898E+00
    0.268638929540996986E-31    0.133096889271311198E+03    0.121699821949005127E+01
    0.102548962226334115E-30    0.130412774772932295E+03    0.784154534339904785E+00
    0.140968352678517700E-30    0.129771384670302865E+03    0.121556830406188965E+01
    0.145547218579239610E-30    0.129702454381933080E+03    0.384461522102355957E+00
    0.146974367193675474E-30    0.129677939105013479E+03    0.384472131729125977E+00
    0.339231910543374656E-30    0.128000087551722714E+03    0.121479940414428711E+01
    0.480510903030490296E-30    0.127298755664170670E+03    0.314493536949157715E+00
    0.923639391216802469E-30    0.125986812050055420E+03    0.786080837249755859E+00
    0.255721501873259837E-29    0.123945107378514336E+03    0.121301949024200439E+01
    0.385861931710644277E-29    0.123117326085289662E+03    0.787347316741943359E+00
    0.484015557126432078E-29    0.122659051218462608E+03    0.312449097633361816E+00
    0.519834498571550466E-29    0.122511264338632259E+03    0.387616634368896484E+00
    0.796238943267851541E-29    0.121653486674940865E+03    0.121200108528137207E+01
    0.121822007015961565E-28    0.120797993089459283E+03    0.388381481170654297E+00
    0.153745841626430098E-28    0.120327513410543659E+03    0.311407566070556641E+00
    0.294386463198552762E-28    0.119023328320892304E+03    0.310820698738098145E+00
    0.197692250240323042E-27    0.115209521884903936E+03    0.790913581848144531E+00
    0.468777786428049464E-27    0.113477687238051089E+03    0.391710281372070312E+00
    0.717161103901530965E-27    0.112622343930544616E+03    0.392105937004089355E+00
    0.819734510083411873E-27    0.112349983905246745E+03    0.657767772674560547E+00
    0.283748649757187742E-26    0.109861597138106234E+03    0.306607007980346680E+00
    0.290502717713666912E-26    0.109809548895455237E+03    0.656582593917846680E+00
    0.445566496710353782E-26    0.108949081760803551E+03    0.393821835517883301E+00
    0.548046232522023383E-26    0.108530055459933848E+03    0.120598065853118896E+01
    0.562012693817488128E-26    0.108474725885539939E+03    0.794045448303222656E+00
    0.941099879908899402E-26    0.107438676206029712E+03    0.305464506149291992E+00
    0.319031785873572361E-25    0.104992023092441173E+03    0.395701885223388672E+00
    0.344874169983731495E-25    0.104831245320920218E+03    0.120422101020812988E+01
    0.885762376605674957E-25    0.102939707139213695E+03    0.303309559822082520E+00
    0.264639561044261361E-24    0.100745696880281002E+03    0.652242183685302734E+00
    0.413676143380944612E-24    0.998472675759015829E+02    0.398198127746582031E+00
    0.454462106974110059E-24    0.996542053122736178E+02    0.798292994499206543E+00
    0.498040537805356497E-24    0.994660714367140599E+02    0.398385524749755859E+00
    0.797091814233527482E-24    0.985204946426759989E+02    0.398851871490478516E+00
    0.102932899936421851E-23    0.980041095625578009E+02    0.399107456207275391E+00
    0.116975693129385185E-23    0.977433318762133894E+02    0.120076322555541992E+01
    0.298888201175227581E-23    0.958621250118679882E+02    0.400174617767333984E+00
    0.385710712564500092E-23    0.953470889222355140E+02    0.119956707954406738E+01
    0.527882463688510412E-23    0.947145168960302328E+02    0.800751090049743652E+00
    0.542831681055888379E-23    0.946536656160984649E+02    0.400781750679016113E+00
    0.586945170765858291E-23    0.944924013813503052E+02    0.400863051414489746E+00
    0.650335240432821791E-23    0.942822882316885114E+02    0.999225139617919922E+00
    0.674968917324014117E-23    0.942029309177738412E+02    0.298990845680236816E+00
    0.842205726215061502E-23    0.937552155709402655E+02    0.100113630294799805E+01
    0.885357808082909270E-23    0.936502804681444729E+02    0.100120091438293457E+01
    0.992841110639483690E-23    0.934161229169489928E+02    0.998659849166870117E+00
    0.158948997514118303E-22    0.924699272537706065E+02    0.188839435577392578E-02
    0.174780398079435620E-22    0.922750333789931005E+02    0.119801223278045654E+01
    0.427445045953690107E-22    0.904814425493182313E+02    0.647092938423156738E+00
    0.540857728658635207E-22    0.900057814829689846E+02    0.119684767723083496E+01
    0.809321979141880364E-22    0.891947003459004577E+02    0.100357115268707275E+01
    0.101320622092489700E-21    0.887403438986181357E+02    0.803807854652404785E+00
    0.113155488125989481E-21    0.885143980805938497E+02    0.100392496585845947E+01
    0.139821667457045154E-21    0.880861882150978772E+02    0.414848327636718750E-02
    0.204470445284470481E-21    0.873210769421999657E+02    0.454843044281005859E-02
    0.263251073002123399E-21    0.868107073746299420E+02    0.404816150665283203E+00
    0.455481120270951440E-21    0.857092152936471336E+02    0.294603466987609863E+00
    0.779122263441015300E-21    0.846305878630568884E+02    0.100596833229064941E+01
    0.127960046099513352E-20    0.836333174919237337E+02    0.993499875068664551E+00
    0.163040098805904185E-20    0.831437612916229369E+02    0.643237709999084473E+00
    0.425610075086517266E-20    0.812197064217905194E+02    0.992200136184692383E+00
    0.135580678994788590E-19    0.788974496964980005E+02    0.290932059288024902E+00
    0.146814691361752653E-19    0.787332410794899857E+02    0.640841722488403320E+00
    0.176905988769144455E-19    0.783553465474819291E+02    0.990633487701416016E+00
    0.230716434023266452E-19    0.778192046604001604E+02    0.640337228775024414E+00
    0.329459660192422026E-19    0.771016756184070715E+02    0.101006078720092773E+01
    0.390985770221554763E-19    0.767542411245725589E+02    0.102541446685791016E-01
    0.952604826267476432E-19    0.749681831470892348E+02    0.112547874450683594E-01
    0.102416105082216362E-18    0.748183253177755034E+02    0.811339259147644043E+00
    0.107361693271846366E-18    0.747190063806298497E+02    0.811395287513732910E+00
    0.189207750385128855E-18    0.735807220311213825E+02    0.812039971351623535E+00
    0.204772977277340771E-18    0.734176093954969247E+02    0.412132740020751953E+00
    0.228506827485687594E-18    0.731932810916899541E+02    0.287739515304565430E+00
    0.233182708739190205E-18    0.731477686627329007E+02    0.101228642463684082E+01
    0.262280052242512091E-18    0.729075876014772746E+02    0.287576556205749512E+00
    0.301831574225254435E-18    0.726216749495185212E+02    0.987413167953491211E+00
    0.379688262588443952E-18    0.721577121617794575E+02    0.118714737892150879E+01
    0.401135599993682574E-18    0.720428142211543445E+02    0.412918567657470703E+00
    0.488018929695899042E-18    0.716457048797175702E+02    0.101314687728881836E+01
    0.630687038069640576E-18    0.711277937470382255E+02    0.286554455757141113E+00
    0.631596771327355720E-18    0.711199109296925656E+02    0.813450098037719727E+00
    0.715647815271667827E-18    0.708650369349667244E+02    0.413597464561462402E+00
    0.821177549833552305E-18    0.705849345775872052E+02    0.413759708404541016E+00
    0.820644362340549409E-18    0.705812335918293456E+02    0.413761854171752930E+00
    0.929025672393701070E-18    0.703281405248984584E+02    0.413908720016479492E+00
    0.108869152691181389E-17    0.700059496304416200E+02    0.635903954505920410E+00
    0.133411693977813708E-17    0.695943635033667789E+02    0.118566405773162842E+01
    0.163735953426266963E-17    0.691797329041859541E+02    0.814578294754028320E+00
    0.186915668275110347E-17    0.689099279979613186E+02    0.814736366271972656E+00
    0.243951592519346618E-17    0.683723034560582903E+02    0.634947776794433594E+00
    0.428535688497531678E-17    0.672404950414285878E+02    0.118427896499633789E+01
    0.534828258324061076E-17    0.667923517188879430E+02    0.284012675285339355E+00
    0.600513294639698295E-17    0.665556735235353045E+02    0.983871698379516602E+00
    0.676922874666330980E-17    0.663111283962193880E+02    0.101627421379089355E+01
    0.956632035827074115E-17    0.656144054447591998E+02    0.166913270950317383E-01
    0.107766108388531345E-16    0.653711464674328226E+02    0.416837453842163086E+00
    0.135473926936859973E-16    0.649085144973154229E+02    0.171160697937011719E-01
    0.171543034575506046E-16    0.644314045674686611E+02    0.118259561061859131E+01
    0.327090417755931159E-16    0.631355996195137266E+02    0.281807422637939453E+00
    0.351606879551392161E-16    0.629860454345955247E+02    0.118171596527099609E+01
    0.633304929185451374E-16    0.618041688450117306E+02    0.980989575386047363E+00
    0.726457743721271325E-16    0.615247122643919511E+02    0.419183135032653809E+00
    0.784190188135951726E-16    0.613667697429858663E+02    0.192809104919433594E-01
    0.883063480297962142E-16    0.611242787193898778E+02    0.630568742752075195E+00
    0.115249918094103044E-15    0.605866967702833961E+02    0.118023443222045898E+01
    0.115374120028886792E-15    0.605795425811918733E+02    0.101977002620697021E+01
    0.133428128113079373E-15    0.602837767793258763E+02    0.199545621871948242E-01
    0.156184414164586958E-15    0.599638278103750224E+02    0.117984533309936523E+01
    0.414232188113643291E-15    0.580080493977417149E+02    0.278611063957214355E+00
    0.709303809481432239E-15    0.569273348347647499E+02    0.977920651435852051E+00
    0.774406810999603003E-15    0.567467080504369505E+02    0.221953392028808594E-01
    0.883392328783541792E-15    0.564783638819076685E+02    0.627632021903991699E+00
    0.145421824549135455E-14    0.554764552188911040E+02    0.976984024047851562E+00
    0.310778219265070772E-14    0.539525734537816390E+02    0.824012160301208496E+00
    0.343086049072293167E-14    0.537497699514203973E+02    0.102414572238922119E+01
    0.383908948527196682E-14    0.535199217041647941E+02    0.625702619552612305E+00
    0.423787650625900148E-14    0.533172675151233975E+02    0.102443134784698486E+01
    0.601828753454803306E-14    0.526107866424039088E+02    0.275099754333496094E+00
    0.620161153951966252E-14    0.525457737867012895E+02    0.824943542480468750E+00
    0.712651580786900236E-14    0.522627472577281011E+02    0.624867677688598633E+00
    0.917247602589263105E-14    0.517529776276116777E+02    0.117452645301818848E+01
    0.926637741396381324E-14    0.517276071202698944E+02    0.274509429931640625E+00
    0.117824129084924939E-13    0.512421761783314409E+02    0.102581703662872314E+01
    0.120373590972698098E-13    0.511943620112302682E+02    0.274150729179382324E+00
    0.148527657855564350E-13    0.507690199625270253E+02    0.973863363265991211E+00
    0.253494583485103579E-13    0.496948774289390940E+02    0.426867365837097168E+00
    0.315920445936499147E-13    0.492495814836472761E+02    0.102717244625091553E+01
    0.339237021401141653E-13    0.491021642582122553E+02    0.117272627353668213E+01
    0.372082542116506665E-13    0.489123309065602001E+02    0.272595643997192383E+00
    0.757346767759896994E-13    0.474859198804293143E+02    0.621606469154357910E+00
    0.924179147031846998E-13    0.470827504708635018E+02    0.271324396133422852E+00
    0.199521206618202437E-12    0.455385510956742152E+02    0.620233535766601562E+00
    0.220971220432082644E-12    0.453293272172143915E+02    0.970084428787231445E+00
    0.249271647828701531E-12    0.450833056408296713E+02    0.619908690452575684E+00
    0.408990811119193847E-12    0.440880067765332200E+02    0.269193172454833984E+00
    0.496270032571973037E-12    0.436961517565318829E+02    0.116890943050384521E+01
    0.625940766506825822E-12    0.432268806658524554E+02    0.968568086624145508E+00
    0.775040538075091267E-12    0.427945614843535154E+02    0.831747889518737793E+00
    0.890273067705240449E-12    0.425123356880843843E+02    0.831954956054687500E+00
    0.110413244184485145E-11    0.420767617845497313E+02    0.116772422472916215E+01
    0.131636370802043851E-11    0.417201352595581056E+02    0.432539582252502441E+00
    0.198594962834094475E-11    0.408926871928909677E+02    0.966844320297241211E+00
    0.199524778159120366E-11    0.408783451088907057E+02    0.103316640853881836E+01
    0.266409712208914808E-11    0.402951511782388252E+02    0.336041450500488281E-01
    0.340713776839093625E-11    0.397981364472995196E+02    0.833979487419128418E+00
    0.350221327862956690E-11    0.397380913288284887E+02    0.615975022315979004E+00
    0.475604648281089982E-11    0.391210480921668804E+02    0.965505719184875488E+00
    0.540797342524823051E-11    0.388591327472308876E+02    0.116530549526214600E+01
    0.576699741050453793E-11    0.387255784655199591E+02    0.615203161604810811E+00
    0.595125643234271365E-11    0.386576768720174186E+02    0.103484892845153809E+01
    0.819899864745497541E-11    0.380118575354485060E+02    0.835346460342407227E+00
    0.102221464419530347E-10    0.375657684239510203E+02    0.435692369977535521E+00
    0.103626273452343022E-10    0.375334699778844652E+02    0.357174873352050781E-01
    0.110584288855629255E-10    0.373984957322332860E+02    0.264177441596984863E+00
    0.119633323543840922E-10    0.372361889274228020E+02    0.614050865173339844E+00
    0.134149260294887891E-10    0.370021456570525515E+02    0.103613209724426270E+01
    0.136281380642342454E-10    0.369656083354042266E+02    0.361607074737548828E-01
    0.146183848757507756E-10    0.368203216475391031E+02    0.263725399971008301E+00
    0.165427214128250307E-10    0.365679891741505116E+02    0.436472892761230469E+00
    0.242796188395433518E-10    0.357956070616833912E+02    0.962916254997253418E+00
    0.316616543224815401E-10    0.352596689850455505E+02    0.375111103057861328E-01
    0.354868312394263664E-10    0.350265582434274165E+02    0.103769791126251221E+01
    0.419682871461308302E-10    0.346860530664938409E+02    0.262028217315673828E+00
    0.433055244390388326E-10    0.346183211726126032E+02    0.838026404380798340E+00
    0.487966995575661031E-10    0.343745562396375917E+02    0.961776614189147949E+00
    0.493496918367471232E-10    0.343470185539129815E+02    0.961754322052001953E+00
    0.667147299338810351E-10    0.337390300624888297E+02    0.103873991966247559E+01
    0.105141810211657886E-09    0.328242615719515243E+02    0.439491152763366699E+00
    0.119193726941784493E-09    0.325683813429091131E+02    0.116029703617095947E+01
    0.143042371431892824E-09    0.321985998165670182E+02    0.259989619255065918E+00
    0.172646355257359478E-09    0.318173909706926032E+02    0.440328955650329590E+00
    0.189221715126041111E-09    0.316290427498967723E+02    0.259513012961038625E+00
    0.193385189953943223E-09    0.315805135911343875E+02    0.115947222709655762E+01
    0.234011646919643206E-09    0.311941398221874771E+02    0.104085350036621094E+01
    0.244632120197822617E-09    0.311003705329964042E+02    0.259067177772521973E+00
    0.266080490684505178E-09    0.309272838776135792E+02    0.958920478820800781E+00
    0.278368044383093009E-09    0.308319933192163980E+02    0.441160440444946289E+00
    0.359231592371272675E-09    0.303169470275546509E+02    0.415997505187988281E-01
    0.458555807601281704E-09    0.298237175926119598E+02    0.420235720661209788E-01
    0.465802938961863465E-09    0.297873562629005129E+02    0.257945060729980469E+00
    0.480368992180188376E-09    0.297207725121748076E+02    0.115788757801055908E+01
    0.639438888195929046E-09    0.291436994875452804E+02    0.104261302947998047E+01
    0.638610715075022294E-09    0.291412914784498476E+02    0.115738487243652344E+01
    0.669435987936785360E-09    0.290420104991168309E+02    0.442701697349548340E+00
    0.902601100001164262E-09    0.284393201845573351E+02    0.104323005676269531E+01
    0.120900459564395469E-08    0.278497762931434671E+02    0.443751692771911621E+00
    0.131924102727308529E-08    0.276702578549916076E+02    0.104391149652370618E+01
    0.143581986663321500E-08    0.274958989953941888E+02    0.955932855606079102E+00
    0.151991667291174970E-08    0.273770600129776973E+02    0.955826520919799805E+00
    0.198871337774968080E-08    0.268343952671982500E+02    0.104466164112091064E+01
    0.242141254561617333E-08    0.264356689059437748E+02    0.450230836868286133E-01
    0.243379671191365219E-08    0.264204660969622616E+02    0.954963088035583496E+00
    0.293113723696420371E-08    0.260435900723699270E+02    0.604619167367766330E+00
    0.302173299783405796E-08    0.259777100244915111E+02    0.604558825492858887E+00
    0.364358337906854428E-08    0.255984357543836687E+02    0.254210128317035378E+00
    0.365887767131852284E-08    0.255850581323696851E+02    0.445802211761474609E+00
    0.383247839984911677E-08    0.254873476473815330E+02    0.115410757064819336E+01
    0.452988782006314383E-08    0.251479766879723492E+02    0.462069511413574219E-01
    0.467517522207213933E-08    0.250798377533922334E+02    0.115372967720031738E+01
    0.472920533684820774E-08    0.250518566717935620E+02    0.462963678705953091E-01
    0.639564594319608572E-08    0.244431361638502480E+02    0.846866130828857422E+00
    0.641858360696657787E-08    0.244309760959961508E+02    0.115312242507934570E+01
    0.797131950339860387E-08    0.239926709630450468E+02    0.447291731834411621E+00
    0.817645806961693844E-08    0.239368529227445634E+02    0.602655291557312012E+00
    0.823914620187390536E-08    0.239165775942322867E+02    0.447363964851688334E+00
    0.852867869355046941E-08    0.238425021419883407E+02    0.252565622329711914E+00
    0.864838289382844388E-08    0.238096263292303583E+02    0.447465658187866211E+00
    0.873407395079753470E-08    0.237849071947235444E+02    0.602510809898376465E+00
    0.980788629214397227E-08    0.235479974672867023E+02    0.115228474140167236E+01
    0.101878418554271585E-07    0.234669809700531893E+02    0.952207207679748535E+00
    0.104160365455963697E-07    0.234176778506593379E+02    0.478400323832826185E-01
    0.107230772169823514E-07    0.233545747022359116E+02    0.952099442481994629E+00
    0.141605874182042677E-07    0.227934458952998718E+02    0.951558113098144531E+00
    0.161649570653413647E-07    0.225236795284871292E+02    0.448704167912394813E+00
    0.241028840369457907E-07    0.217197080329438883E+02    0.950506091117858887E+00
    0.276770755252904082E-07    0.214381620944235678E+02    0.849773406982421875E+00
    0.300992125965639599E-07    0.212653730151229325E+02    0.499457120895385742E-01
    0.378016388442337420E-07    0.208046661240765225E+02    0.850408054594332330E+00
    0.378268964504708935E-07    0.207983302469725793E+02    0.504144430160522461E-01
    0.436194196390059365E-07    0.205083661272707118E+02    0.949292302131652832E+00
    0.438451313212570102E-07    0.204930436740793276E+02    0.249276757240295410E+00
    0.520455367583474323E-07    0.201451329542527340E+02    0.114892246653774066E+01
    0.527097498664777826E-07    0.201147701480036893E+02    0.451108574867248535E+00
    0.594858489863527662E-07    0.198678941345773019E+02    0.598638296127319336E+00
    0.604985547177093744E-07    0.198291320872071068E+02    0.851401567459106445E+00
    0.663664657976200952E-07    0.196389872472993972E+02    0.149105310440063477E+00
    0.680949921146902192E-07    0.195825636923385282E+02    0.598344087600708008E+00
    0.699843618615375253E-07    0.195228274085562852E+02    0.451717734336853027E+00
    0.809582043750870753E-07    0.192265049865196325E+02    0.597974419593811035E+00
    0.816372066405029927E-07    0.192048007952193736E+02    0.105204820632934570E+01
    0.121155335362272603E-06    0.184102240675795947E+02    0.597115993499755859E+00
    0.126616955588893354E-06    0.183170381764946377E+02    0.852983000368371713E+00
    0.136205927528104868E-06    0.181660352117174959E+02    0.531438589096069336E-01
    0.139087621737053378E-06    0.181191628253058106E+02    0.453193902969360352E+00
    0.139366500968764703E-06    0.181101567172655535E+02    0.946796475384772629E+00
    0.143111451938138684E-06    0.180521236170219588E+02    0.532655715942382812E-01
    0.163585373103078558E-06    0.177797010113605651E+02    0.853557944297790527E+00
    0.174709102989581689E-06    0.176431263944008165E+02    0.946294784545898438E+00
    0.183011854848775662E-06    0.175452691761077304E+02    0.114618897438049316E+01
    0.200282041480626435E-06    0.173599178776979635E+02    0.245987892150878906E+00
    0.200240272759465363E-06    0.173553350202124292E+02    0.595982909202575684E+00
    0.203998316184350348E-06    0.173131475591593436E+02    0.454062986681467773E+00
    0.229385667558185286E-06    0.170735615891969417E+02    0.105432450771331787E+01
    0.231453046655594220E-06    0.170506169773169951E+02    0.114565036839328660E+01
    0.258478612205861104E-06    0.168247451338955649E+02    0.945402301154243618E+00
    0.292169182640842628E-06    0.165747049846013859E+02    0.454873899623707667E+00
    0.323072308027778288E-06    0.163686187147190729E+02    0.105510282516479492E+01
    0.340988162524208085E-06    0.162556755134316013E+02    0.855228781700134277E+00
    0.399041800301643649E-06    0.159362386906562588E+02    0.594413042068481445E+00
    0.430326424007226740E-06    0.157802829461916154E+02    0.105576288061672385E+01
    0.432876087817763395E-06    0.157634680073308271E+02    0.594218109835724095E+00
    0.439909950616458989E-06    0.157262309422286286E+02    0.244175983644214833E+00
    0.455982755314361957E-06    0.156494610557705709E+02    0.155904818224222752E+00
    0.455437385806881465E-06    0.156468545493877009E+02    0.594086050987243652E+00
    0.520073558974542654E-06    0.153764305165081758E+02    0.105622172355651855E+01
    0.582222360751328831E-06    0.151456661629620548E+02    0.114351391792297363E+01
    0.591614349267403261E-06    0.151086610676662616E+02    0.156525254249572754E+00
    0.631713820587159398E-06    0.149724980866464144E+02    0.856685519218444824E+00
    0.678901745489787009E-06    0.148234182140628388E+02    0.143144488334655762E+00
    0.696832641840447344E-06    0.147662804991992793E+02    0.943075776100158691E+00
    0.712360163615883760E-06    0.147172037762045882E+02    0.143020936328872139E+00
    0.732407528201945107E-06    0.146566968556638990E+02    0.857051610946655273E+00
    0.789446018236916677E-06    0.145017081253084790E+02    0.242767572402954102E+00
    0.817412128019476836E-06    0.144270842221172977E+02    0.573197603225708008E-01
    0.910292894678720774E-06    0.142068382187657889E+02    0.105757856369018555E+01
    0.943606516812891780E-06    0.141299525311039460E+02    0.105766928195953369E+01
    0.102720562318002378E-05    0.139551762243824093E+02    0.578762292861938477E-01
    0.105890233213201149E-05    0.138893948090949806E+02    0.114204561710357666E+01
    0.114316630718871342E-05    0.137312567311567069E+02    0.141857834423482820E+00
    0.117604749534826402E-05    0.136695420090951671E+02    0.158215999603271484E+00
    0.122721458581525518E-05    0.135793664068129480E+02    0.583246946334838867E-01
    0.125441913377906560E-05    0.135305152331603402E+02    0.141617204479620284E+00
    0.125142440273033701E-05    0.135302956313469984E+02    0.141616940498352051E+00
    0.125216317882284391E-05    0.135241152834024856E+02    0.114160896496010600E+01
    0.135693885123821477E-05    0.133583978445952987E+02    0.585906505584716797E-01
    0.150262021801353377E-05    0.131494396883877975E+02    0.941156268119812012E+00
    0.154159753577358084E-05    0.130932220015578160E+02    0.241087913513183594E+00
    0.164655385734612270E-05    0.129564914158178972E+02    0.105907881259918213E+01
    0.166492904891416566E-05    0.129292954622994323E+02    0.140888214111328125E+00
    0.171399138631187023E-05    0.128662108914708320E+02    0.859189271926879883E+00
    0.175431909457715395E-05    0.128146988781465900E+02    0.859252431673463879E+00
    0.186313084995863969E-05    0.126893438302007233E+02    0.159406339666004787E+00
    0.198615964367284567E-05    0.125564545869778446E+02    0.140429615974426270E+00
    0.222992054862633092E-05    0.123199285679814814E+02    0.459864139556884766E+00
    0.230795181167778387E-05    0.122461395416079188E+02    0.459956169128417969E+00
    0.262802142239824066E-05    0.119813979764454857E+02    0.139711976051330566E+00
    0.266514279525095429E-05    0.119483452050386845E+02    0.860329747200012207E+00
    0.282541067623142238E-05    0.118265530285183171E+02    0.460483551025390625E+00
    0.292939785991380522E-05    0.117492666941240689E+02    0.139418601989746094E+00
    0.306919471649509889E-05    0.116510300410989220E+02    0.139293789863586426E+00
    0.309200393526953201E-05    0.116312216739175600E+02    0.239268519250193656E+00
    0.314863473915339442E-05    0.115899225953311173E+02    0.939215898513793945E+00
    0.324892643960978475E-05    0.115222112498228224E+02    0.608705282211303711E-01
    0.342831626101384547E-05    0.114097219715145979E+02    0.938985466957092285E+00
    0.345158451241276535E-05    0.113911936716843840E+02    0.238961696624755859E+00
    0.356741597595739622E-05    0.113201774459153963E+02    0.461129546165466309E+00
    0.356332765749395372E-05    0.113174707937745200E+02    0.138867009666896413E+00
    0.402948894013774982E-05    0.110665813727078728E+02    0.461457133293151855E+00
    0.409073868548175094E-05    0.110314093579300536E+02    0.615027874709859340E-01
    0.411984592648275698E-05    0.110122289484639886E+02    0.138472318649291992E+00
    0.439641526695829418E-05    0.108772814871966759E+02    0.238296508789062500E+00
    0.459836525708647736E-05    0.107824587579412352E+02    0.113817250728607178E+01
    0.460742861004951029E-05    0.107735206485192077E+02    0.113816079796811120E+01
    0.493685583044025742E-05    0.106304031668287511E+02    0.137972831726074219E+00
    0.498167898154337839E-05    0.106073265226103519E+02    0.137942433357238770E+00
    0.511123350463682379E-05    0.105509789499677087E+02    0.162131894572034418E+00
    0.548638668664138847E-05    0.104043207285936425E+02    0.862326049987153787E+00
    0.557562569031236314E-05    0.103670513958290513E+02    0.106237554550170898E+01
    0.568859412946001622E-05    0.103219342004466732E+02    0.106243555062621398E+01
    0.567544064090572042E-05    0.103215640681632497E+02    0.937563956707559432E+00
    0.640299539838262339E-05    0.100753286570776552E+02    0.627652406692504883E-01
    0.658426134386487216E-05    0.100144961680795053E+02    0.937152981758117676E+00
    0.674714982091270176E-05    0.996062014690141062E+01    0.629195947783574849E-01
    0.681491047525140928E-05    0.993563462354789451E+01    0.137046705288674214E+00
    0.686136017944256681E-05    0.991704908287835174E+01    0.937021606461617917E+00
    0.691523198171998071E-05    0.989640745649167108E+01    0.106300628185272217E+01
    0.700581760382906772E-05    0.986537870050751842E+01    0.106304824352264404E+01
    0.709016082516167824E-05    0.983644443348594599E+01    0.113691258430480957E+01
    0.723928004050488150E-05    0.978981696175131333E+01    0.586849370861470820E+00
    0.779814581969688557E-05    0.963608850079224943E+01    0.136640191078186035E+00
    0.817169629551343818E-05    0.953750745635738539E+01    0.586505413055419922E+00
    0.819075531286055508E-05    0.952784824600848523E+01    0.586492180824279785E+00
    0.821678421947635891E-05    0.951650264412229596E+01    0.136476635932922363E+00
    0.862530040272427988E-05    0.941446089759422122E+01    0.163663506507873535E+00
    0.882817101396914060E-05    0.936296476086877050E+01    0.163734436035156250E+00
    0.922134736487252312E-05    0.927081815699771639E+01    0.106386170656476930E+01
    0.934884343308390589E-05    0.923835520351250317E+01    0.639066494065413382E-01
    0.982713542220327294E-05    0.913356552099781638E+01    0.464052107310568729E+00
    0.103990806529417937E-04    0.901542567385016369E+01    0.642168055632802853E-01
    0.109054100526686997E-04    0.891534247840121452E+01    0.864356926555764127E+00
    0.113224551578366080E-04    0.883528460883240641E+01    0.113553059101104736E+01
    0.119529260665887665E-04    0.872190826575239164E+01    0.935370683670043945E+00
    0.121370439895430407E-04    0.868633595575038164E+01    0.864679637143906499E+00
    0.126011559621385575E-04    0.860628337526635079E+01    0.106479314307925654E+01
    0.132329573771762862E-04    0.850343950314614716E+01    0.585060496103530947E+00
    0.138559025025500612E-04    0.840643785018567868E+01    0.465078112569197233E+00
    0.141706529683342368E-04    0.835651421345728274E+01    0.106514966487884521E+01
    0.144557111777578088E-04    0.831168133344299243E+01    0.165214045658526792E+00
    0.147141433233203648E-04    0.827124215667554274E+01    0.165272220068380965E+00
    0.155569012235692197E-04    0.815485178329671712E+01    0.165440201759338379E+00
    0.159521220925612934E-04    0.809967674694569517E+01    0.134479880332946777E+00
    0.161712387155782035E-04    0.806739192793457960E+01    0.113443303108215332E+01
    0.176758920375603473E-04    0.788445712202851201E+01    0.865833640098571777E+00
    0.196586175607782389E-04    0.766682889103777754E+01    0.466153621673583984E+00
    0.220391159490843727E-04    0.743322273626440033E+01    0.866500496864318848E+00
    0.227153601480952201E-04    0.736777777249154209E+01    0.166598320007324219E+00
    0.241688757244870427E-04    0.723872912421063042E+01    0.233207941055297852E+00
    0.256942206970769076E-04    0.711132829879325890E+01    0.166984438896179199E+00
    0.261253596372725123E-04    0.707304752839832851E+01    0.132957536277557936E+00
    0.275945170656089678E-04    0.695862628892875623E+01    0.106721651230262493E+01
    0.278644405577246393E-04    0.693415779293987899E+01    0.582746148109436035E+00
    0.283802116998414162E-04    0.689247621846476655E+01    0.113268244266510010E+01
    0.285878690834487675E-04    0.687289554097073374E+01    0.867347527033804244E+00
    0.287397155926794899E-04    0.685730051135612406E+01    0.232628583908081055E+00
    0.288591162651579687E-04    0.684400861795081639E+01    0.582608209066218574E+00
    0.291586605062331946E-04    0.681835654064851937E+01    0.674311484578297704E-01
    0.313022817809091930E-04    0.667147849034371898E+01    0.867657423019409180E+00
    0.329436690626353450E-04    0.656426227125247319E+01    0.132176399230957031E+00
    0.329314732109354299E-04    0.656000281473625169E+01    0.232169779579361413E+00
    0.344924481458952451E-04    0.646237966930960983E+01    0.582017688917879750E+00
    0.345153873539093484E-04    0.645605001109372889E+01    0.582007802764646809E+00
    0.352238820853734442E-04    0.641041183905294343E+01    0.868063569068908691E+00
    0.357863211122204177E-04    0.637372902371171079E+01    0.468121051788330078E+00
    0.363547051118613527E-04    0.633721321138102578E+01    0.131821624100563140E+00
    0.366778622377175666E-04    0.631451375226794820E+01    0.131785937368542300E+00
    0.365928928550230071E-04    0.631415240629448959E+01    0.468214631080627441E+00
    0.372158684645857568E-04    0.627538999691484545E+01    0.231724335082118871E+00
    0.375616187833690486E-04    0.625189497679851325E+01    0.131687283515930176E+00
    0.375105588082108707E-04    0.624961555769385857E+01    0.868316313464490008E+00
    0.377446792207414419E-04    0.623217144488665920E+01    0.868343853974311131E+00
    0.379140314052853512E-04    0.621821795012162948E+01    0.868365900807463564E+00
    0.422274927635700611E-04    0.599771748840943797E+01    0.868716359138488770E+00
    0.423936547359062034E-04    0.598486308365107877E+01    0.106873691082000732E+01
    0.441741224252050792E-04    0.589758217654129435E+01    0.868876814842224121E+00
    0.442008714960671152E-04    0.589137146882895468E+01    0.868886794064353207E+00
    0.474288349806693035E-04    0.574539972748454364E+01    0.113087773323059082E+01
    0.486102682814396566E-04    0.569119090061723210E+01    0.930789828300476074E+00
    0.494465428271959878E-04    0.565207619455633825E+01    0.580726243769241757E+00
    0.497187989415897257E-04    0.563609426100582755E+01    0.469299774222136146E+00
    0.504641930148839389E-04    0.560133240966512158E+01    0.930643558502197266E+00
    0.528973715381486070E-04    0.550215318029835920E+01    0.869518698276797508E+00
    0.532229499599969091E-04    0.548488109371651777E+01    0.869547043721787483E+00
    0.543815000238079084E-04    0.543681243495443489E+01    0.469626069068908691E+00
    0.545241438766791610E-04    0.542657325985451777E+01    0.580357071049373618E+00
    0.545965357995654925E-04    0.541891961313159509E+01    0.930344462394714355E+00
    0.547996581223002158E-04    0.540649257023807728E+01    0.469676021142747868E+00
    0.546773983660221206E-04    0.540595961789257462E+01    0.169676899909973145E+00
    0.564919600748578084E-04    0.533566382388505023E+01    0.230206966400146484E+00
    0.610183707855070046E-04    0.517651052231518793E+01    0.929942369461059570E+00
    0.628320741044437837E-04    0.511292912633665608E+01    0.129836007603139847E+00
    0.709189532483625297E-04    0.486578503784733574E+01    0.705810785293579102E-01
    0.707835084776577009E-04    0.486460839589782612E+01    0.112941692159796570E+01
    0.706970077655218318E-04    0.486205398275909495E+01    0.579412579536437988E+00
    0.727197063358791558E-04    0.480063565766754063E+01    0.129307985305786133E+00
    0.729783857803076335E-04    0.478853385660824582E+01    0.579287332114281517E+00
    0.789615167621355430E-04    0.462593927244352354E+01    0.229008418846180256E+00
    0.809479089450737446E-04    0.457124878411524183E+01    0.128913998603820801E+00
    0.829408064629055184E-04    0.451760612437771236E+01    0.928821086883544922E+00
    0.832345173019526265E-04    0.450553621439972574E+01    0.471199860101876922E+00
    0.841757760231338816E-04    0.447804611248136109E+01    0.228752374649047852E+00
    0.842284305720657477E-04    0.447179544180723898E+01    0.128741502761840820E+00
    0.854326955380693237E-04    0.443840272230010680E+01    0.228683352470397949E+00
    0.862552322614583097E-04    0.441423904487384355E+01    0.928641200065612793E+00
    0.864186180986157996E-04    0.440545420112181940E+01    0.112862585993159437E+01
    0.863922233898672010E-04    0.440106515142394095E+01    0.928618192672729492E+00
    0.867290619242320614E-04    0.438828242363727661E+01    0.171404149266440181E+00
    0.867868683871264677E-04    0.438194983210105615E+01    0.714152239833652364E-01
    0.902399409056305502E-04    0.429891621503534882E+01    0.471560835838317871E+00
    0.906469461662620104E-04    0.428491598391683048E+01    0.471585460850063753E+00
    0.932481899919406496E-04    0.422333118469582569E+01    0.107169403675582386E+01
    0.940887387768590084E-04    0.420038374782792090E+01    0.928265399545979641E+00
    0.961165089862479237E-04    0.415273829905618630E+01    0.112818099122842730E+01
    0.995205080584773781E-04    0.407813301268466510E+01    0.928048310786561470E+00
    0.104622753732375425E-03    0.397313836306544887E+01    0.112786051458637515E+01
    0.106128730193385450E-03    0.393955489468260689E+01    0.721998214721679688E-01
    0.107766664128941685E-03    0.390392373578883189E+01    0.172263979911804199E+00
    0.111252714622000408E-03    0.383525183712816409E+01    0.107238805294036865E+01
    0.111540910964255790E-03    0.382507760465643942E+01    0.112759351730346680E+01
    0.115803379576789409E-03    0.374507298219078821E+01    0.725518354906898866E-01
    0.118960020957328496E-03    0.368628552417254385E+01    0.726591333508184722E-01
    0.119992932521226862E-03    0.366399479003637873E+01    0.577300071716308594E+00
    0.122411335417439324E-03    0.361908652999911817E+01    0.577217698097229004E+00
    0.125058522128131821E-03    0.357129687128538365E+01    0.577129764537138379E+00
    0.137977543615614123E-03    0.336967859183360430E+01    0.873244396925233923E+00
    0.139351597743675047E-03    0.334486004171753892E+01    0.926709182707129542E+00
    0.145039862628926913E-03    0.325984324217730403E+01    0.576549552932772436E+00
    0.144823111912485307E-03    0.325783432107842152E+01    0.873454230679467702E+00
    0.146988422385079247E-03    0.322315283203499403E+01    0.226480364799499512E+00
    0.149519899910615267E-03    0.318400149333391980E+01    0.226406336096559579E+00
    0.150226533456187096E-03    0.316957172502366946E+01    0.112637899939750263E+01
    0.150197116924481353E-03    0.316496339234765012E+01    0.926370263099670410E+00
    0.151968696657307897E-03    0.313651136763260263E+01    0.107368373937136341E+01
    0.158607489534142181E-03    0.304599541907156945E+01    0.226143717765808105E+00
    0.160282030292432904E-03    0.301999057512296654E+01    0.739060640335083008E-01
    0.163462546744754086E-03    0.297569269642113943E+01    0.576008915901184082E+00
    0.166259824023982629E-03    0.293675694149140254E+01    0.107406604290008545E+01
    0.167451073466436703E-03    0.291747806104248841E+01    0.107410323875818992E+01
    0.167357871160257461E-03    0.291359155947296644E+01    0.474110743682752300E+00
    0.169836167663695378E-03    0.287919197532153825E+01    0.741772651672363281E-01
    0.170904994271871069E-03    0.286164485471379226E+01    0.174211263656616211E+00
    0.171357518953007675E-03    0.285135622476059014E+01    0.125768780708312988E+00
    0.176942146906651450E-03    0.278221482979711743E+01    0.225634272365151795E+00
    0.177381419213456268E-03    0.277225583103040352E+01    0.125614839835908598E+00
    0.179703849314061758E-03    0.274124005213976263E+01    0.107444577448003864E+01
    0.179521385118768857E-03    0.273827180485079369E+01    0.107445158288276654E+01
    0.179303476674584530E-03    0.273570093944175863E+01    0.474456614737717997E+00
    0.182018058956258947E-03    0.270064866644134804E+01    0.474525320348287039E+00
    0.181856570773388394E-03    0.269742387339757883E+01    0.474531650543212891E+00
    0.184217497983063994E-03    0.266662625324137581E+01    0.874592185020446777E+00
    0.188854653765129453E-03    0.261190509780192270E+01    0.225299900128088759E+00
    0.191259216124748136E-03    0.258160115995241890E+01    0.225239939633571140E+00
    0.193776149119776636E-03    0.255045323616755093E+01    0.112517816038410734E+01
    0.193837834615235682E-03    0.254481666990760980E+01    0.925166964530944824E+00
    0.196463076203187633E-03    0.251291146823950662E+01    0.174896502563624656E+00
    0.199455519353631709E-03    0.247767797914458576E+01    0.749667773823358696E-01
    0.200169968894143289E-03    0.246552678060796016E+01    0.112500894069671631E+01
    0.201061215640478420E-03    0.245164164658527284E+01    0.124981164932250977E+00
    0.203938264194246583E-03    0.241822583772920652E+01    0.224914193153381348E+00
    0.211240756684748514E-03    0.234286346093575082E+01    0.752375125885009766E-01
    0.211009564571355146E-03    0.234005355647725910E+01    0.112475681304931641E+01
    0.215305180712022331E-03    0.229474754713906881E+01    0.112466514122045491E+01
    0.217968762715222303E-03    0.226515695636896552E+01    0.224605083465576172E+00
    0.229619719447954416E-03    0.215601138710921969E+01    0.475617720052755988E+00
    0.235826659817281719E-03    0.209766639511005337E+01    0.475737661361152864E+00
    0.237882106335681495E-03    0.207531008199145761E+01    0.224216222763061523E+00
    0.238125210978787881E-03    0.206826721705724736E+01    0.574201676768788971E+00
    0.239401945235145371E-03    0.205257264371683190E+01    0.112416923046112061E+01
    0.247445718329981055E-03    0.198147800466723045E+01    0.475978296538706380E+00
    0.248121434008719119E-03    0.197102392164891738E+01    0.223999933934825007E+00
    0.250874674956380822E-03    0.194395345786686247E+01    0.876056529439161125E+00
    0.260887067010347206E-03    0.186068524034487504E+01    0.223768949508666992E+00
    0.266949144746168605E-03    0.180974413853227412E+01    0.876338452067451312E+00
    0.279848194675162676E-03    0.171036589227484659E+01    0.223450608221079428E+00
    0.282908648923451008E-03    0.168361238039848748E+01    0.112339349641996522E+01
    0.288676451236735720E-03    0.163824745070045652E+01    0.107670366591540390E+01
    0.294851507437191875E-03    0.159091675083952677E+01    0.107680547237396240E+01
    0.306903380134050240E-03    0.150579453009630582E+01    0.876989700355695012E+00
    0.318889321417853910E-03    0.142417230526045713E+01    0.107716774940490723E+01
    0.329653962845398744E-03    0.135277346709993829E+01    0.572675356302160932E+00
    0.334841341694412187E-03    0.131654685530766380E+01    0.222595334081217733E+00
    0.334787382338785650E-03    0.131186917932871405E+01    0.922584980731538051E+00
    0.347737823530947627E-03    0.123096285045379439E+01    0.572405149447540396E+00
    0.348445471718275568E-03    0.122189697621711502E+01    0.572384908629321121E+00
    0.349149697567611354E-03    0.121285895462771998E+01    0.107763528823852539E+01
    0.370271811417979824E-03    0.109038575804462079E+01    0.112208920579186899E+01
    0.373353712721856185E-03    0.106880795726072919E+01    0.525336980819702148E+00
    0.378716541008654512E-03    0.103528445611852793E+01    0.524128797378051070E+00
    0.377995044292628811E-03    0.103409831042538181E+01    0.524115681648254395E+00
    0.391597994380457788E-03    0.958388902737251080E+00    0.526509523391723633E+00
    0.397809826807484889E-03    0.921912342820061625E+00    0.571704508080293161E+00
    0.400180212656681144E-03    0.905030526237190935E+00    0.221665583060116161E+00
    0.402327825806380484E-03    0.889325994077471815E+00    0.783706903457641602E-01
    0.403882364730273483E-03    0.876613162517050348E+00    0.178400098311268407E+00
    0.403714862291242971E-03    0.872442796081023153E+00    0.107840975413944595E+01
    0.410267096492752449E-03    0.835243675910512517E+00    0.478496074676513672E+00
    0.414728601200352093E-03    0.808611814247006122E+00    0.785580873489379883E-01
    0.421037679883595522E-03    0.773415819641613989E+00    0.478640317916870117E+00
    0.431551172920246497E-03    0.719088287646123314E+00    0.478767871856689453E+00
    0.433985347755549630E-03    0.702838935621532990E+00    0.571193827646082619E+00
    0.434905894243967203E-03    0.693601135591625395E+00    0.788279771804809570E-01
    0.452550218800278374E-03    0.609063005306388461E+00    0.879028573314108774E+00
    0.460048494107918003E-03    0.571196669018024905E+00    0.791190492646317717E-01
    0.464752522907371508E-03    0.545850370593486289E+00    0.107917983012148033E+01
    0.467630476086160316E-03    0.528503674774899901E+00    0.112077846972682460E+01
    0.479322994185898390E-03    0.474111121755424358E+00    0.107935283194027298E+01
    0.478966994178677691E-03    0.470597102107597143E+00    0.179361343383789062E+00
    0.480284300201496242E-03    0.460104039513393237E+00    0.220613220045941694E+00
    0.496489825976186233E-03    0.388734497244289656E+00    0.179560629010766248E+00
    0.497684530014841126E-03    0.378927675959705557E+00    0.570415366867498053E+00
    0.503207558299657355E-03    0.351855029335259251E+00    0.520949125289916992E+00
    0.503635197427471288E-03    0.345156098092618047E+00    0.879667512534853646E+00
    0.504421365297288743E-03    0.337036558740249126E+00    0.520900249481201172E+00
    0.503531503333236622E-03    0.335567923044808425E+00    0.479691104681826019E+00
    0.503812894895299865E-03    0.329450563103684479E+00    0.120293828939395997E+00
    0.506767267124154483E-03    0.312756762823589496E+00    0.179747343063354492E+00
    0.511794683557799000E-03    0.288013408943040006E+00    0.879808522154003292E+00
    0.515887209751472731E-03    0.267084169148219752E+00    0.112013958424659998E+01
    0.517217852050243991E-03    0.256932154764433429E+00    0.920114364324718714E+00
    0.519445281361734690E-03    0.243337529692888327E+00    0.920080542564392090E+00
    0.524760625300138258E-03    0.217976067209254470E+00    0.529484629631042480E+00
    0.525065820053606741E-03    0.211813228290790218E+00    0.120001893898832951E+00
    0.531260968766067020E-03    0.183353746589627192E+00    0.111993062496185303E+01
    0.531192151609661233E-03    0.178612834375029228E+00    0.219918727874755859E+00
    0.530698761094031460E-03    0.175471370106837943E+00    0.529619216918945312E+00
    0.531153241916004293E-03    0.168759339245897838E+00    0.219893978250607969E+00
    0.547760627496836610E-03    0.102183720056589600E+00    0.119725942530503990E+00
    0.550673601070333159E-03    0.865759646661924398E-01    0.480313658714294434E+00
    0.561413242868299663E-03    0.429459755064344820E-01    0.919575214794778550E+00
    0.573151152919100602E-03   -0.343846739649746351E-02    0.519825696945190430E+00
    0.575228728572784354E-03   -0.156750202264083795E-01    0.569424905012214211E+00
    0.589039598652227477E-03   -0.681263425834702646E-01    0.219289422035217285E+00
    0.591881657423672623E-03   -0.827529429816116630E-01    0.108074852882471295E+01
    0.592447779896234576E-03   -0.896649870391076215E-01    0.219233510808148430E+00
    0.602880260633691144E-03   -0.129576727705707773E+00    0.808705263025742971E-01
    0.606239140761004585E-03   -0.145688579070182178E+00    0.480912685394287109E+00
    0.604883592978287094E-03   -0.146211581616552067E+00    0.480914055469983670E+00
    0.604076577878305369E-03   -0.148541468111410196E+00    0.111907983988140192E+01
    0.612487858396209032E-03   -0.181197757572895024E+00    0.108100593090057373E+01
    0.618713064997731817E-03   -0.206422757517734562E+00    0.108107244968414307E+01
    0.618796247817355737E-03   -0.211691629255123276E+00    0.481086373329162598E+00
    0.617387589727693060E-03   -0.212133541188944869E+00    0.519192576408386230E+00
    0.627506455062796587E-03   -0.249647434992604472E+00    0.218813019247633078E+00
    0.642658044543462288E-03   -0.302365059672359771E+00    0.881327615825935995E+00
    0.647905407674032497E-03   -0.323628938951411427E+00    0.813846422861140978E-01
    0.648268127110480040E-03   -0.329748293532247994E+00    0.481401085853576660E+00
    0.652049922533404843E-03   -0.346381773777718727E+00    0.518788856968967926E+00
    0.658337085285690018E-03   -0.370573694819252730E+00    0.568488836288452148E+00
    0.662948499357042054E-03   -0.389534137129726676E+00    0.518659234046936035E+00
    0.707305034324549474E-03   -0.524063562544775041E+00    0.568068981170654297E+00
    0.710633637791921392E-03   -0.538453558451380432E+00    0.111802911758422852E+01
    0.710350347183700084E-03   -0.542656109317591673E+00    0.218017458915710449E+00
    0.712489372180333171E-03   -0.553669510768110440E+00    0.108201313018798828E+01
    0.712699467212958874E-03   -0.559259173073429761E+00    0.217971324920654297E+00
    0.713936921720728147E-03   -0.567728746197193934E+00    0.567947745323181152E+00
    0.727789594594016121E-03   -0.611163495197217355E+00    0.217826331288051150E+00
    0.736660737106781629E-03   -0.640394432451220297E+00    0.917744153782751981E+00
    0.736662493014134849E-03   -0.645399199653242217E+00    0.567730045596416932E+00
    0.741799203744803815E-03   -0.664296702472030320E+00    0.117676672946679522E+00
    0.744798902229491171E-03   -0.677368023278546949E+00    0.111763966083526611E+01
    0.749184116094994907E-03   -0.694109057562523724E+00    0.182407855987548828E+00
    0.757188065202408903E-03   -0.720362834101850869E+00    0.532339572906494141E+00
    0.758097660835329603E-03   -0.727763954171903760E+00    0.108250377065497028E+01
    0.757129784654960955E-03   -0.730208888752812868E+00    0.917489240916511850E+00
    0.764640213539137786E-03   -0.754950347375960895E+00    0.532445044029130954E+00
    0.762830223588373659E-03   -0.755210508871932307E+00    0.108258238288904374E+01
    0.766291260437583824E-03   -0.769264185236406939E+00    0.217377226999364209E+00
    0.765933290566704703E-03   -0.773329675011685036E+00    0.108263447469237106E+01
    0.774471871961316836E-03   -0.800502202227680870E+00    0.917287111282348633E+00
    0.779229294700957420E-03   -0.817750214162073163E+00    0.917237152180533366E+00
    0.793053334902142962E-03   -0.857920472182750027E+00    0.482879766659428944E+00
    0.800156709673724952E-03   -0.880754710334682112E+00    0.111705341507375011E+01
    0.803144101783666233E-03   -0.893207823426872549E+00    0.108298313617706299E+01
    0.804533538051634134E-03   -0.901664826446552325E+00    0.883008003234863281E+00
    0.802560480549535942E-03   -0.901753953851493373E+00    0.483008265495300293E+00
    0.800824302675078796E-03   -0.902422670254042214E+00    0.883010233383425547E+00
    0.799401563522711281E-03   -0.903866323472468092E+00    0.517097280655775648E+00
    0.813088091011255612E-03   -0.942818432592084310E+00    0.108312953487742969E+01
    0.819748040947064233E-03   -0.964133570989958222E+00    0.916807173456952174E+00
    0.821466376168159635E-03   -0.973321532857805205E+00    0.883220182258877440E+00
    0.835233131820146491E-03   -0.101156129051411292E+01    0.883334517478942871E+00
    0.862960816629800205E-03   -0.108187809193959095E+01    0.483546835328227842E+00
    0.863847736815435974E-03   -0.108893256465311450E+01    0.516518473625183105E+00
    0.864375915067944612E-03   -0.109515504131205188E+01    0.916412767365068825E+00
    0.871070139199477838E-03   -0.111558452082102066E+01    0.116350412368774414E+00
    0.873776169639226214E-03   -0.112678800727265127E+01    0.116316115836307618E+00
    0.872719494078960244E-03   -0.112936790234786444E+01    0.516390243531955617E+00
    0.877226947679918853E-03   -0.114467099154370411E+01    0.116261221896176895E+00
    0.885492147088660572E-03   -0.116842669687683376E+01    0.838119869340493429E-01
    0.888476683028016113E-03   -0.118015632753227329E+01    0.838482569374743580E-01
    0.888675704728851350E-03   -0.118560428394399553E+01    0.116134869330635243E+00
    0.891701275789076857E-03   -0.119740188693687410E+01    0.566098268486251222E+00
    0.892689800140814070E-03   -0.120461782371482373E+01    0.483924159288537437E+00
    0.896045448807823415E-03   -0.121712179078999561E+01    0.183963097006214910E+00
    0.895560946384510253E-03   -0.122104007454604813E+01    0.516096862745973661E+00
    0.897271752865907144E-03   -0.122985706650831195E+01    0.840028524398803711E-01
    0.895409621263705741E-03   -0.123070210110546707E+01    0.215994506138062731E+00
    0.898553090314211690E-03   -0.124271110357229464E+01    0.884043079045321978E+00
    0.903832393500628812E-03   -0.125942739474687659E+01    0.515972839595326693E+00
    0.906575841852130175E-03   -0.127048890153399618E+01    0.515936966762977622E+00
    0.932699960464243344E-03   -0.133230664586993730E+01    0.215673664923178604E+00
    0.932280642589707531E-03   -0.133640729521515733E+01    0.565660578133831304E+00
    0.931116186662976370E-03   -0.133890765357137287E+01    0.484347406871339259E+00
    0.940824053398648069E-03   -0.136465180674202169E+01    0.915570139884948730E+00
    0.938945315367006980E-03   -0.136565400001438331E+01    0.844330787658691406E-01
    0.944957047908986415E-03   -0.138341846820646142E+01    0.184490242107291730E+00
    0.944429838553742279E-03   -0.138730231910501267E+01    0.845027678342043509E-01
    0.959067095600415684E-03   -0.142306159231288309E+01    0.484618573609042647E+00
    0.973352468092733114E-03   -0.145763204998204055E+01    0.215268635555047771E+00
    0.977816684153521871E-03   -0.147178394508134769E+01    0.515272672912711505E+00
    0.978450668238082556E-03   -0.147808025891284434E+01    0.515251517295837402E+00
    0.988202645232081180E-03   -0.150291508563451282E+01    0.515167832374572754E+00
    0.986523729083167104E-03   -0.150451427714721331E+01    0.884885668754577637E+00
    0.989537117403129288E-03   -0.151561407040242480E+01    0.915077567100524902E+00
    0.990209387094943697E-03   -0.152197236494393362E+01    0.108494353294372559E+01
    0.996175655201386387E-03   -0.153898672453897767E+01    0.114999858807908001E+00
    0.994324744720238157E-03   -0.154026723568141244E+01    0.515041232109069824E+00
    0.993503964342937283E-03   -0.154361562370855854E+01    0.214984421054555869E+00
    0.993032504725236244E-03   -0.154766631392461007E+01    0.485029101371765137E+00
    0.100040601889784609E-02   -0.156746195013447576E+01    0.514948487281799316E+00
    0.101000185696323015E-02   -0.159155441600341629E+01    0.535134091245931698E+00
    0.100864355282021976E-02   -0.159386289952126514E+01    0.485184192657470703E+00
    0.101041763723282337E-02   -0.160237757233636691E+01    0.885212955688257530E+00
    0.101156119500311610E-02   -0.160963982726010246E+01    0.214762467747130315E+00
    0.101383066617281446E-02   -0.161912186782322864E+01    0.185269682626339999E+00
    0.101518613287097199E-02   -0.162679403278589096E+01    0.111470425222282610E+01
    0.101531174569111679E-02   -0.163204148504208124E+01    0.535273763351298504E+00
    0.102045579090803630E-02   -0.164714883978183191E+01    0.885365125462345470E+00
    0.101799985768463198E-02   -0.164732963380419961E+01    0.853657431575548520E-01
    0.101720390454241878E-02   -0.165076526330225826E+01    0.914622513818794891E+00
    0.101777749889261568E-02   -0.165689273181752439E+01    0.108539845338570884E+01
    0.102539396967676042E-02   -0.167680387595147851E+01    0.535429542195419161E+00
    0.102815284878751277E-02   -0.168717776028813859E+01    0.564497470855712891E+00
    0.103236102128032936E-02   -0.170034694255802910E+01    0.485548019409179688E+00
    0.103202710346680980E-02   -0.170469993667304109E+01    0.564436912536621094E+00
    0.103572488288158730E-02   -0.171685318015892419E+01    0.485605239868164062E+00
    0.104111707272614199E-02   -0.173223856734982218E+01    0.856587803874255399E-01
    0.103858524734552825E-02   -0.173236897306809556E+01    0.514375014499359295E+00
    0.103727636516709118E-02   -0.173484687362946888E+01    0.856678770118266958E-01
    0.104034701969956105E-02   -0.174575873771538714E+01    0.857059955596923828E-01
    0.104814414098947507E-02   -0.176569230825211787E+01    0.214224106505712802E+00
    0.104574814257250696E-02   -0.176611518748706309E+01    0.485777380038458939E+00
    0.104556291792330604E-02   -0.177076091278696768E+01    0.214206278380785597E+00
    0.104363940743833878E-02   -0.177207814639313455E+01    0.514233877398080796E+00
    0.104436379115812987E-02   -0.177846585259850620E+01    0.885820865631103516E+00
    0.104921773725768987E-02   -0.179273982589445957E+01    0.914128710278069523E+00
    0.105247092018362766E-02   -0.180393139097252519E+01    0.564089048877191024E+00
    0.105467470516268846E-02   -0.181311484323338834E+01    0.859435796737670898E-01
    0.105340596583290962E-02   -0.181570746006172357E+01    0.108595280488122636E+01
    0.106746554367327315E-02   -0.184722445316608352E+01    0.213934561040609234E+00
    0.106795743732309789E-02   -0.185314585124580389E+01    0.886086702346801758E+00
    0.106640007896527389E-02   -0.185522720500718274E+01    0.513934168252235590E+00
    0.106779139066772713E-02   -0.186283486588362868E+01    0.111387843471443060E+01
    0.106951639177556442E-02   -0.187106322914804468E+01    0.861512414348336586E-01
    0.106943661115243443E-02   -0.187591403349380936E+01    0.861687660217285156E-01
    0.107607256009838452E-02   -0.189328586614883099E+01    0.108623170852661133E+01
    0.107883004259815441E-02   -0.190340439726276678E+01    0.886268503468856883E+00
    0.107631111775030337E-02   -0.190372920281847424E+01    0.886269686222477482E+00
    0.108040664013108845E-02   -0.191632505496693550E+01    0.913684368133544922E+00
    0.108267029844848922E-02   -0.192551105335351358E+01    0.563650763062373050E+00
    0.109152805569056655E-02   -0.194680727808748166E+01    0.111357253509490128E+01
    0.109695669307794948E-02   -0.196172948298260863E+01    0.563517451286315918E+00
    0.109431094280681485E-02   -0.196189985557701485E+01    0.213516821044660299E+00
    0.109651772487075129E-02   -0.197092898454144549E+01    0.186516619924628396E+00
    0.109743970000520264E-02   -0.197760991996578683E+01    0.111345858256706465E+01
    0.110775768268767030E-02   -0.200132581008933963E+01    0.866298146721094925E-01
    0.110632850633973203E-02   -0.200374383915518628E+01    0.886638860348175628E+00
    0.110713986842889698E-02   -0.201021006679103209E+01    0.866630801894901770E-01
    0.110862954029526607E-02   -0.201789928541631181E+01    0.536670021243418782E+00
    0.110743583732176285E-02   -0.202074465026691996E+01    0.213297367095947266E+00
    0.111183569331270611E-02   -0.203367493134314437E+01    0.108675134181976318E+01
    0.111130775258219293E-02   -0.203772503179187003E+01    0.113233364407129652E+00
    0.110909032149793881E-02   -0.203873037543302837E+01    0.867704346568842350E-01
    0.111236564188160942E-02   -0.204962798999042084E+01    0.186811685562133789E+00
    0.111005924793118778E-02   -0.205047685797432555E+01    0.186814904212951660E+00
    0.110838077799139284E-02   -0.205245046061313197E+01    0.108682239055633545E+01
    0.111392835673256030E-02   -0.206743573255914326E+01    0.868793725967407227E-01
    0.111345674825354254E-02   -0.207158880494882602E+01    0.213104791345770844E+00
    0.111297155341420068E-02   -0.207571710412351074E+01    0.913089030762387344E+00
    0.111857163509298196E-02   -0.209075516829978181E+01    0.913031458854675293E+00
    0.113131049476848352E-02   -0.211840345842682920E+01    0.887075059347587347E+00
    0.113601860386517090E-02   -0.213170947075904715E+01    0.487126636382476663E+00
    0.113708429265863063E-02   -0.213858477323333318E+01    0.111284663221968083E+01
    0.114672309822703728E-02   -0.216046686729824167E+01    0.912761181370909558E+00
    0.115351818298606106E-02   -0.217728320079424975E+01    0.212695121765136719E+00
    0.115190595574237234E-02   -0.217948592374761452E+01    0.187313556671142578E+00
    0.115716484515289843E-02   -0.219359590599861054E+01    0.873692895642718681E-01
    0.116548881648159664E-02   -0.221293124510405814E+01    0.187446063876191393E+00
    0.117814221778782735E-02   -0.223952768937627766E+01    0.112447556698944781E+00
    0.117563432642916609E-02   -0.224026578556242439E+01    0.875554084777832031E-01
    0.117766320328364579E-02   -0.224871435478333659E+01    0.562410600418083773E+00
    0.118707280292256628E-02   -0.226963097173677664E+01    0.111232604314195749E+01
    0.119059003766352404E-02   -0.228054810556500565E+01    0.111228167847464565E+01
    0.119218202130356781E-02   -0.228822059598795091E+01    0.877495968591936737E-01
    0.119327732379234121E-02   -0.229505722769242659E+01    0.187777532411913306E+00
    0.119505423983769254E-02   -0.230303322382342301E+01    0.512203430647785396E+00
    0.120274279498683322E-02   -0.232085929940546842E+01    0.112116456031799316E+00
    0.120210837001711798E-02   -0.232480405741181606E+01    0.108789983343214280E+01
    0.120118870919865809E-02   -0.232827339210820883E+01    0.887914177831018225E+00
    0.119873263835338479E-02   -0.232917980511592670E+01    0.212082071684917300E+00
    0.119888207450717763E-02   -0.233442911315228407E+01    0.512073242562141595E+00
    0.120871885938416768E-02   -0.235577208673165073E+01    0.488028482556004173E+00
    0.121379503284633735E-02   -0.236915376149999357E+01    0.111915496656080832E+00
    0.121325592128815871E-02   -0.237326525676360722E+01    0.561898231506347656E+00
    0.121745974446355195E-02   -0.238518309981018994E+01    0.511859859621527802E+00
    0.121602551227353276E-02   -0.238782560476949923E+01    0.881631137441418883E-01
    0.122018398275209011E-02   -0.239965338296482944E+01    0.488213181070794255E+00
    0.122002323818544769E-02   -0.240438988965901723E+01    0.211766709299764794E+00
    0.122524272794036584E-02   -0.241792801639745436E+01    0.538279808240959001E+00
    0.122994612355828772E-02   -0.243059081002529087E+01    0.488345157319635903E+00
    0.122935059352113516E-02   -0.243462219156672743E+01    0.188362465142720314E+00
    0.123276576118737879E-02   -0.244517054000277367E+01    0.884078741073608398E-01
    0.124172556919001581E-02   -0.246465407776968926E+01    0.211507781234195585E+00
    0.124405236831624235E-02   -0.247339825744186559E+01    0.911469725845323708E+00
    0.124200715202659427E-02   -0.247510756108595364E+01    0.111146227205236725E+01
    0.124315739021296410E-02   -0.248195892866980206E+01    0.211432346384014647E+00
    0.124406842895484417E-02   -0.248842407715069225E+01    0.538586139678955078E+00
    0.124247706470179630E-02   -0.249086411679706865E+01    0.111393332481384277E+00
    0.124322752563898391E-02   -0.249707175983382923E+01    0.211366057395935059E+00
    0.124077002874172361E-02   -0.249811443275081135E+01    0.188638530313555763E+00
    0.123918137573756086E-02   -0.250055203863514963E+01    0.211350737105913344E+00
    0.123634439608644457E-02   -0.250096799281282767E+01    0.888651095320261541E+00
    0.124031119643211777E-02   -0.251237470313583078E+01    0.887014617583738035E-01
    0.124634397207945883E-02   -0.252707896379828467E+01    0.188766721746024269E+00
    0.124737870353313620E-02   -0.253373870170446169E+01    0.887964038567687353E-01
    0.124816025881873760E-02   -0.253999142558165314E+01    0.888824343681335449E+00
    0.124721450682585121E-02   -0.254347541756367734E+01    0.511168941210674577E+00
    0.124593040729586600E-02   -0.254641520897130258E+01    0.108885312080383301E+01
    0.124342339602905830E-02   -0.254738683484296313E+01    0.188857479942724976E+00
    0.124050018646280793E-02   -0.254767942607019560E+01    0.911141207030840672E+00
    0.123801715911172304E-02   -0.254867214617572468E+01    0.561136751094380548E+00
    0.123532204223762774E-02   -0.254931347521083662E+01    0.538857340812683105E+00
    0.123427381406930603E-02   -0.255261566181581356E+01    0.888880968093872070E+00
    0.123184416215132509E-02   -0.255367480784609446E+01    0.888885731876256413E+00
    0.123428589127040893E-02   -0.256263523144755156E+01    0.889261156965445304E-01
    0.123644654761117015E-02   -0.257113323367158619E+01    0.538956112588684144E+00
    0.123674221734186725E-02   -0.257661143369625201E+01    0.188989400863647461E+00
    0.123567236737635064E-02   -0.257988057506291568E+01    0.210995743685844145E+00
    0.123788478348372437E-02   -0.258845828370262243E+01    0.210956669582533313E+00
    0.124163496571225032E-02   -0.259950814088050253E+01    0.210906127755671247E+00
    0.124206889481613724E-02   -0.260520698282412067E+01    0.108912003040313721E+01
    0.124245539971449930E-02   -0.261082924263030414E+01    0.910854101181030273E+00
    0.124312890116345855E-02   -0.261691309476952894E+01    0.210826039314270020E+00
    0.124289430717787193E-02   -0.262153563411591284E+01    0.539187653015949397E+00
    0.124102012689852707E-02   -0.262351752590850174E+01    0.110795493695066596E+00
    0.123937607475877571E-02   -0.262586625208474489E+01    0.910784609937433931E+00
    0.123654670300120720E-02   -0.262629523231852513E+01    0.489217378942254089E+00
    0.123661626811610555E-02   -0.263140774429727697E+01    0.539233576723738617E+00
    0.123435154685797759E-02   -0.263274161497167913E+01    0.110752686883468010E+00
    0.123211850225914046E-02   -0.263412017191416403E+01    0.108925372531899289E+01
    0.122915460130372544E-02   -0.263430331126785999E+01    0.108925457745901610E+01
    0.122624008550741275E-02   -0.263455537044881360E+01    0.889255750390735011E+00
    0.122408875157884031E-02   -0.263604345898811721E+01    0.892626776702819952E-01
    0.122296964405930325E-02   -0.263921414817225175E+01    0.189277452639701360E+00
    0.122480334734352959E-02   -0.264721067380382991E+01    0.110685193930420256E+00
    0.122548289082396187E-02   -0.265332000297080306E+01    0.539336204528808594E+00
    0.122736254305570269E-02   -0.266138526354321181E+01    0.539374224396464097E+00
    0.122576827244808765E-02   -0.266378569433641044E+01    0.489392650143218033E+00
    0.122667044038592653E-02   -0.267025715696472243E+01    0.889423198923370073E+00
    0.122494578311750624E-02   -0.267244324582087245E+01    0.510573429170264603E+00
    0.122210389695655221E-02   -0.267279783553477346E+01    0.889435216369579784E+00
    0.122197568099323287E-02   -0.267758799627326827E+01    0.489457910979628652E+00
    0.122277786341677967E-02   -0.268390049250282825E+01    0.108948789329102924E+01
    0.123581194114844419E-02   -0.271010646971538494E+01    0.910386712171786350E+00
    0.123503863058348944E-02   -0.271385457597634927E+01    0.210368653678922740E+00
    0.123983447252954781E-02   -0.272660583876721230E+01    0.111030698078170098E+01
    0.123883010802005190E-02   -0.272998502315169356E+01    0.189709424972534180E+00
    0.124522622142469140E-02   -0.274528451187771338E+01    0.189784032815082992E+00
    0.124917539887715238E-02   -0.275661738260706413E+01    0.210160349327181945E+00
    0.124804961244599387E-02   -0.275981412258474768E+01    0.539849519729614258E+00
    0.124581318824320045E-02   -0.276122703703744055E+01    0.210137639419871319E+00
    0.125074553179807925E-02   -0.277412967506893748E+01    0.108992619887012965E+01
    0.125271975513801181E-02   -0.278228406072706491E+01    0.539961136207828041E+00
    0.125109239185114515E-02   -0.278468424345569909E+01    0.189978722019347901E+00
    0.124810454598885145E-02   -0.278490215167167765E+01    0.899798093060109466E-01
    0.124881156048579152E-02   -0.279103477204923234E+01    0.890010457492650175E+00
    0.124734235123872715E-02   -0.279368041495639918E+01    0.110997629165649414E+01
    0.125401018433551523E-02   -0.280934320446042918E+01    0.490102519434160722E+00
    0.125200784959479997E-02   -0.281114716175090473E+01    0.190111637115478516E+00
    0.124918304943909850E-02   -0.281162963154905521E+01    0.190114077000291426E+00
    0.124757560632072443E-02   -0.281405438329785307E+01    0.540121078491210938E+00
    0.125362249683053486E-02   -0.282872479250399556E+01    0.909799079419041035E+00
    0.125766711073644244E-02   -0.284016708795394512E+01    0.109025948010033980E+01
    0.125534477882838029E-02   -0.284147059518558587E+01    0.890266173558537544E+00
    0.125432148496711993E-02   -0.284483963104865190E+01    0.190283494784326657E+00
    0.125384178735286574E-02   -0.284907461287715158E+01    0.110969468800031024E+01
    0.125167572367588576E-02   -0.285061654210802873E+01    0.110968673229217529E+01
    0.124906822163627952E-02   -0.285144577846071501E+01    0.559682451381295576E+00
    0.125028707915990573E-02   -0.285839645369262296E+01    0.490353508547935635E+00
    0.126334599492268669E-02   -0.288417758263003376E+01    0.559511923299633729E+00
    0.126721500944861694E-02   -0.289529325031631046E+01    0.109453312206810996E+00
    0.126495401212035766E-02   -0.289672161207273016E+01    0.490554245285343082E+00
    0.126883822608420279E-02   -0.290785347552689100E+01    0.110938664419046473E+01
    0.126606029545970884E-02   -0.290846997581214417E+01    0.110938335969308755E+01
    0.127259208189291120E-02   -0.292376173675584461E+01    0.109069848060607910E+01
    0.127133389731726621E-02   -0.292678340139777404E+01    0.909285262331851252E+00
    0.126891475964994028E-02   -0.292797410754455001E+01    0.110927884830981838E+01
    0.126688854600724363E-02   -0.292977793839470158E+01    0.109073087690924320E+01
    0.126442678769111256E-02   -0.293088785159361898E+01    0.109073686599731445E+01
    0.126187637133909434E-02   -0.293184967080861636E+01    0.540737929982783583E+00
    0.126359297047069601E-02   -0.293956853081229319E+01    0.907838411672843154E-01
    0.126124859011054525E-02   -0.294085442681386455E+01    0.890790820121765137E+00
    0.126007550077144388E-02   -0.294399335797626671E+01    0.490807877914488100E+00
    0.125774894593942352E-02   -0.294529722181835840E+01    0.908149733517405189E-01
    0.125679533639147132E-02   -0.294878027164910073E+01    0.109083395343966871E+01
    0.125546859446227285E-02   -0.295166784701691132E+01    0.109084971847376377E+01
    0.125390123863958875E-02   -0.295416944123260050E+01    0.209136601807445310E+00
    0.125287980745825145E-02   -0.295753957213900032E+01    0.540877950827155507E+00
    0.125599423918239467E-02   -0.296750503994012815E+01    0.490936670548917320E+00
    0.125870735042469379E-02   -0.297682064113306755E+01    0.540984459136312879E+00
    0.125718650936050558E-02   -0.297940266750747407E+01    0.108997453526433211E+00
    0.125618449049434656E-02   -0.298280796633629430E+01    0.110897850990295410E+01
    0.125358331412643098E-02   -0.298366228035771286E+01    0.508977446065035699E+00
    0.125227327191898660E-02   -0.298657111147907184E+01    0.508961200714111328E+00
    0.125020190984198587E-02   -0.298826020943269377E+01    0.908948095650349508E+00
    0.125180788013387937E-02   -0.299582769820730554E+01    0.558905710278799761E+00
    0.125005311187475977E-02   -0.299802215696829277E+01    0.891106619258446031E+00
    0.125035296063843743E-02   -0.300350183707855978E+01    0.108862519562924351E+00
    0.124743377361983231E-02   -0.300382699705691092E+01    0.491139314592957676E+00
    0.124584823152561392E-02   -0.300628329393033455E+01    0.891153186600925795E+00
    0.124282948548295438E-02   -0.300643132374136357E+01    0.110884597673165253E+01
    0.124350810263105529E-02   -0.301252307760167382E+01    0.110881147711515538E+01
    0.124385234115021066E-02   -0.301807665804027936E+01    0.891220092773437500E+00
    0.124279077062910536E-02   -0.302136902161979082E+01    0.912388622571555508E-01
    0.124209270896602866E-02   -0.302524532839690785E+01    0.558738988116796564E+00
    0.123959378186076297E-02   -0.302621753849019060E+01    0.491266576139768207E+00
    0.123795654366948759E-02   -0.302857422035012691E+01    0.491280078887939453E+00
    0.123540481550449385E-02   -0.302944748155254118E+01    0.208714911850146206E+00
    0.123372496903381788E-02   -0.303172612321747303E+01    0.191298171204320022E+00
    0.123181408262536306E-02   -0.303362597067313766E+01    0.191309094429016113E+00
    0.122877664336419655E-02   -0.303368822824902873E+01    0.558690547943115234E+00
    0.122625018670859316E-02   -0.303457184545996617E+01    0.508688766745647891E+00
    0.122340035375433911E-02   -0.303491839111155848E+01    0.110868346691131592E+01
    0.122034952597388198E-02   -0.303492470597098141E+01    0.208683430549844617E+00
    0.121987512743309645E-02   -0.303914707503261017E+01    0.108659083624022337E+00
    0.121773871747251380E-02   -0.304064133434765616E+01    0.109134954895532577E+01
    0.121569990364947013E-02   -0.304229000379442427E+01    0.108640916405777249E+00
    0.121291916421241972E-02   -0.304271005020837570E+01    0.208638485497483650E+00
    0.121296338208776557E-02   -0.304778296037527863E+01    0.891390926840039954E+00
    0.121155698561075742E-02   -0.305046267195289067E+01    0.908593495768066917E+00
    0.120954555807110714E-02   -0.305213951158917718E+01    0.110858373377686870E+01
    0.120802061014416433E-02   -0.305461639863494128E+01    0.109143070616400761E+01
    0.120593075407590851E-02   -0.305615343476356971E+01    0.914396791394997549E-01
    0.120293704448018999E-02   -0.305618228418602733E+01    0.109143984764782376E+01
    0.120604183172223984E-02   -0.306633764522613594E+01    0.108500627752610934E+00
    0.120548087745583335E-02   -0.307040718867370455E+01    0.541520292730085728E+00
    0.120358964191991428E-02   -0.307226699678765591E+01    0.915343200490269515E-01
    0.120130489454937754E-02   -0.307346683337379645E+01    0.915414094924926758E-01
    0.120119410680297406E-02   -0.307828237919272096E+01    0.191569922966437350E+00
    0.119987768336053051E-02   -0.308108931927713225E+01    0.108413412196211451E+00
    0.119822350387410975E-02   -0.308333017006758414E+01    0.208400084505784122E+00
    0.119622289050357630E-02   -0.308498808007009639E+01    0.908390210289621081E+00
    0.119603840942684655E-02   -0.308967961698188542E+01    0.108362205152523122E+00
    0.119377801170659700E-02   -0.309089623282845105E+01    0.109164507250610598E+01
    0.119181288812780480E-02   -0.309260124369444966E+01    0.541652382078461669E+00
    0.118936737048183855E-02   -0.309349316578320943E+01    0.508342266082763672E+00
    0.118986779980555127E-02   -0.309933449384919468E+01    0.908304275243882131E+00
    0.118746871373107913E-02   -0.310029789764129360E+01    0.558298473275586238E+00
    0.118640677329114584E-02   -0.310350851902129454E+01    0.508281934162872595E+00
    0.118479290329697460E-02   -0.310578606547289615E+01    0.508268153189793792E+00
    0.118443722066787936E-02   -0.311018556216482533E+01    0.541758532236416901E+00
    0.118583053104822831E-02   -0.311753687549605374E+01    0.918060541152954102E-01
    0.118648189997362890E-02   -0.312363516075262870E+01    0.541840650493054188E+00
    0.118388755865038637E-02   -0.312425720633761239E+01    0.110815283484913762E+01
    0.118096709254504498E-02   -0.312431742267943147E+01    0.208152465543817389E+00
    0.118164376113925299E-02   -0.313046305123126389E+01    0.108114686166941171E+00
    0.117996984193739318E-02   -0.313262783808717904E+01    0.191898663511348599E+00
    0.117707554446560094E-02   -0.313271609740849399E+01    0.541896563937220077E+00
    0.117901494292725726E-02   -0.314100866857253092E+01    0.108049445313425002E+00
    0.117895596086855159E-02   -0.314590861295499025E+01    0.491981048139686017E+00
    0.117930533971605917E-02   -0.315150121709086539E+01    0.557984004556787871E+00
    0.117669121425296487E-02   -0.315206296520721940E+01    0.907980484959596823E+00
    0.117648309431253725E-02   -0.315670919635942582E+01    0.192048678281245944E+00
    0.117573754689525287E-02   -0.316044137746658782E+01    0.542069703980816442E+00
    0.117426844152809600E-02   -0.316294077863272172E+01    0.492087960243225098E+00
    0.117594007906984344E-02   -0.317078586715829847E+01    0.109213769435882568E+01
    0.117489942079936028E-02   -0.317401516637075831E+01    0.907841742158091991E+00
    0.117242404550274310E-02   -0.317479695571550202E+01    0.492163243275965612E+00
    0.117186824587063435E-02   -0.317884861041818567E+01    0.507813234788604850E+00
    0.116897205702428102E-02   -0.317889963492326544E+01    0.107810536039142660E+00
    0.116760231810940319E-02   -0.318155476786256042E+01    0.192206479619272397E+00
    0.116675914396910840E-02   -0.318510996303572336E+01    0.207770678246298746E+00
    0.116874771319207867E-02   -0.319351576712903640E+01    0.922835979888183000E-01
    0.116649974379416221E-02   -0.319466526283145846E+01    0.192291049978892931E+00
    0.116363114728354673E-02   -0.319474090777348785E+01    0.542289257049560547E+00
    0.116183691486398022E-02   -0.319665467699731920E+01    0.542301690983181484E+00
    0.115969319193512692E-02   -0.319796103799275810E+01    0.107687544010397401E+00
    0.115892681477136454E-02   -0.320163891157367919E+01    0.192336414314845522E+00
    0.115622953807152954E-02   -0.320197870291536590E+01    0.109233863155699096E+01
    0.115343379924757517E-02   -0.320213688870940238E+01    0.507662579266215497E+00
    0.115237928325470054E-02   -0.320530757119117915E+01    0.557639613598774120E+00
    0.115367599545360654E-02   -0.321255680146343359E+01    0.892407980732062844E+00
    0.115256158319456108E-02   -0.321562393495206100E+01    0.109242820739746094E+01
    0.115022469331953138E-02   -0.321656469471585726E+01    0.109243442221377074E+01
    0.114859878093559725E-02   -0.321873557334435478E+01    0.892448782920837402E+00
    0.114879365089234323E-02   -0.322407486227825535E+01    0.109248421990188338E+01
    0.114625963449209618E-02   -0.322465837670711641E+01    0.557511898326314537E+00
    0.114841328682424625E-02   -0.323341255525601046E+01    0.109254659935428999E+01
    0.114561092537818535E-02   -0.323352618513817358E+01    0.107452638338015299E+00
    0.114369009842640846E-02   -0.323517000369671548E+01    0.492558397055119890E+00
    0.114202289089713549E-02   -0.323725238834833196E+01    0.892572402954101562E+00
    0.114078277155111045E-02   -0.324007941412025424E+01    0.892591457950510980E+00
    0.113823547758312542E-02   -0.324060855035294937E+01    0.507407012345591935E+00
    0.113754154674309952E-02   -0.324438886871616372E+01    0.110737940037126714E+01
    0.113477961973813303E-02   -0.324452700604318434E+01    0.907378464346105806E+00
    0.113590685817400398E-02   -0.325151272893259868E+01    0.557330974211664665E+00
    0.113628958956551833E-02   -0.325718649355452428E+01    0.107292173020137438E+00
    0.113475964541594003E-02   -0.325949180185433107E+01    0.557276350467648784E+00
    0.113195407346569545E-02   -0.325954089277469272E+01    0.507277960394033944E+00
    0.113142367864477612E-02   -0.326360354180867196E+01    0.207248039909534554E+00
    0.112889277627299558E-02   -0.326412469385978277E+01    0.109275555610656738E+01
    0.112878147860128570E-02   -0.326892750390363140E+01    0.927887805247163966E-01
    0.112752166218175174E-02   -0.327169408672187600E+01    0.107192011404251608E+00
    0.112739324927419240E-02   -0.327646629469828010E+01    0.109284124261891469E+01
    0.112503174735665624E-02   -0.327727258740712557E+01    0.192846876348729879E+00
    0.112382699493133748E-02   -0.328012971819453636E+01    0.542865024994630962E+00
    0.112203475389314306E-02   -0.328193764028579960E+01    0.542877717423622341E+00
    0.112096068032953538E-02   -0.328502221303295538E+01    0.892901252546556057E+00
    0.111866124546156141E-02   -0.328591538473399769E+01    0.507094277261087911E+00
    0.111923376858725143E-02   -0.329193870912512621E+01    0.110704986282125839E+01
    0.111772150398295293E-02   -0.329423456058314423E+01    0.207033561022182039E+00
    0.111552747827424080E-02   -0.329530481261143127E+01    0.192974051277590375E+00
    0.111319610722810129E-02   -0.329612058463153756E+01    0.892979859100565099E+00
    0.111342215490564775E-02   -0.330152666713280363E+01    0.493018467738840171E+00
    0.111095436857887612E-02   -0.330208895200101216E+01    0.893022497473237920E+00
    0.111061231483573601E-02   -0.330647307357901177E+01    0.206946015357971191E+00
    0.111335290000379367E-02   -0.331640226318508047E+01    0.893125830203394422E+00
    0.111519460360669904E-02   -0.332470792127709469E+01    0.193186510102497905E+00
    0.111577423632735259E-02   -0.333074716973873297E+01    0.906769026498485564E+00
    0.111307540843281040E-02   -0.333090372196304862E+01    0.109323212998685948E+01
    0.111179397486240567E-02   -0.333359988566285326E+01    0.893252078235131419E+00
    0.111220511082010158E-02   -0.333933933913665593E+01    0.543293151373954841E+00
    0.111007833622514909E-02   -0.334051124916532949E+01    0.543301900683805128E+00
    0.110946115731439931E-02   -0.334439898434021954E+01    0.493332574345680286E+00
    0.110977495839966324E-02   -0.334996458632398042E+01    0.206625554926092969E+00
    0.110763428023765245E-02   -0.335110300084893264E+01    0.193383041739123684E+00
    0.110535333928814782E-02   -0.335198017298108697E+01    0.206610326725129717E+00
    0.110465672300489605E-02   -0.335571933472838735E+01    0.206581983229865762E+00
    0.110245739495934154E-02   -0.335673344427426468E+01    0.109342572496136303E+01
    0.109993855067385630E-02   -0.335715870758585044E+01    0.934289600554792238E-01
    0.109737279737889956E-02   -0.335748799132464804E+01    0.893431466101281990E+00
    0.109749126802781405E-02   -0.336270389653885005E+01    0.934712905519400200E-01
    0.109652710082688170E-02   -0.336594608579912125E+01    0.493496165978792534E+00
    0.109587002253999188E-02   -0.336974725498596772E+01    0.110647454332076611E+01
    0.109359614266249386E-02   -0.337059303560378476E+01    0.893531991562258598E+00
    0.109207252252619584E-02   -0.337280465252016892E+01    0.493549108505249023E+00
    0.109083145314567117E-02   -0.337553049016014839E+01    0.109357027312438104E+01
    0.108828415290607486E-02   -0.337585464571605032E+01    0.543571351625255716E+00
    0.108563760626750059E-02   -0.337598501701870291E+01    0.935738086700439453E-01
    0.108434678685426092E-02   -0.337860560900163609E+01    0.193594231052331894E+00
    0.108218328300257929E-02   -0.337961119489051054E+01    0.936020849316342440E-01
    0.108144961819503808E-02   -0.338325483756158851E+01    0.893630623817443848E+00
    0.107909654399913923E-02   -0.338389839257103242E+01    0.206364322230526170E+00
    0.107663146626036320E-02   -0.338432438545794279E+01    0.506362384893035866E+00
    0.107494464924215720E-02   -0.338618841949947225E+01    0.193653694400588217E+00
    0.107367212593541825E-02   -0.338881940987384178E+01    0.106325543116894281E+00
    0.107250380429852821E-02   -0.339164191503603130E+01    0.110630319325480908E+01
    0.107304695966193241E-02   -0.339765453218614821E+01    0.937446835817476176E-01
    0.107209774879863501E-02   -0.340088456129047145E+01    0.556229447300349067E+00
    0.107093536680870544E-02   -0.340371495953222780E+01    0.893793314833355113E+00
    0.106848152949319455E-02   -0.340412709562259552E+01    0.206203364179927962E+00
    0.106798973918254599E-02   -0.340820634311533288E+01    0.938296027356790574E-01
    0.106630066726759042E-02   -0.341004075278612850E+01    0.106155514717102051E+00
    0.106496594916071548E-02   -0.341253572920798387E+01    0.493864782116973544E+00
    0.106295348059371104E-02   -0.341375274919687488E+01    0.543873409618371939E+00
    0.106102622918739439E-02   -0.341512323818718677E+01    0.206114091338241046E+00
    0.105966398314184850E-02   -0.341755379881314791E+01    0.493905814883793870E+00
    0.105778187084319751E-02   -0.341899835905393568E+01    0.506083601696334928E+00
    0.105592080376418836E-02   -0.342047644921811456E+01    0.110607015582907575E+01
    0.105387595246793147E-02   -0.342159957922002800E+01    0.506062171329750177E+00
    0.105193446070684098E-02   -0.342291170247850784E+01    0.939499366562636801E-01
    0.104988221012350673E-02   -0.342400603122943226E+01    0.906041012629363540E+00
    0.104728620497185690E-02   -0.342405458058022472E+01    0.506041875966006471E+00
    0.104473970358790478E-02   -0.342418561097285279E+01    0.206039526108378668E+00
    0.104266647091568387E-02   -0.342521276969403798E+01    0.543967722395900743E+00
    0.104062045129526865E-02   -0.342628432324447374E+01    0.106022126234696965E+00
    0.103853058959369133E-02   -0.342726371605567248E+01    0.556013992181124461E+00
    0.103598036259370391E-02   -0.342734645441007757E+01    0.939866988043118190E-01
    0.103543136381425071E-02   -0.343128631018996089E+01    0.894019548036136702E+00
    0.103297720209335835E-02   -0.343154031771444412E+01    0.494021668924216284E+00
    0.103066990437170915E-02   -0.343206804398921284E+01    0.194026087353153603E+00
    0.102854382103984335E-02   -0.343293814904708183E+01    0.205966625663334735E+00
    0.102753149505515435E-02   -0.343596871522614755E+01    0.110594117540461978E+01
    0.102531697547052149E-02   -0.343665369543690291E+01    0.894064592080793252E+00
    0.102517452758379675E-02   -0.344137581496433986E+01    0.110589549448431934E+01
    0.102284235382317686E-02   -0.344182082366547659E+01    0.905891719133200879E+00
    0.102172963278038915E-02   -0.344464389634779744E+01    0.205867712252342738E+00
    0.101942493310922260E-02   -0.344512743161922153E+01    0.105863590499783444E+00
    0.101736386887273209E-02   -0.344607975630212904E+01    0.905855464207119709E+00
    0.101483298532813442E-02   -0.344609818210508712E+01    0.109414469313352725E+01
    0.101238674806123242E-02   -0.344627139709711416E+01    0.494146169038761518E+00
    0.101201033427358129E-02   -0.345052764223739095E+01    0.555817363074738280E+00
    0.100949934589687697E-02   -0.345055909879139833E+01    0.544181735965202584E+00
    0.100707104181331801E-02   -0.345074239559655238E+01    0.894184486510082088E+00
    0.100757518322693094E-02   -0.345674334835516284E+01    0.494236308159057225E+00
    0.100553796557817268E-02   -0.345769545200041772E+01    0.205755422791683601E+00
    0.100604136324021487E-02   -0.346369645189208031E+01    0.109429694892869933E+01
    0.100608878113416607E-02   -0.346879071596162269E+01    0.194341787816376066E+00
    0.100440608947275538E-02   -0.347044289930432326E+01    0.943564065719933037E-01
    0.100206270328097378E-02   -0.347077123480451055E+01    0.105640683755593975E+00
    0.999837651455380907E-03   -0.347132535369640749E+01    0.544363122695658674E+00
    0.999775885824350560E-03   -0.347620179855957900E+01    0.205592339121969891E+00
    0.997440888333466294E-03   -0.347652529356532147E+01    0.944105539313326858E-01
    0.997614550424573941E-03   -0.348187347855944829E+01    0.194458602265210723E+00
    0.995127656753305766E-03   -0.348188157352849581E+01    0.109445867530655150E+01
    0.993343947955573677E-03   -0.348329347245240628E+01    0.544470359675120363E+00
    0.991097063577366924E-03   -0.348376446841486143E+01    0.205524308994760041E+00
    0.988680245873991767E-03   -0.348388145679050920E+01    0.544475681739397199E+00
    0.988702714873168631E-03   -0.348892690878364808E+01    0.894522615055274306E+00
    0.987558757014268471E-03   -0.349161151073951315E+01    0.194547176361083984E+00
    0.985965885676312126E-03   -0.349338302977829818E+01    0.544562405479152689E+00
    0.983740435520624647E-03   -0.349386367361094630E+01    0.505433170789065356E+00
    0.981632228850034920E-03   -0.349457297085031859E+01    0.894574399606860027E+00
    0.980850857889048987E-03   -0.349798035380805494E+01    0.905394108019892396E+00
    0.978833957822814685E-03   -0.349886356775715601E+01    0.205385914958050975E+00
    0.977597189395173561E-03   -0.350133494599783868E+01    0.110536292290745353E+01
    0.977280848298024566E-03   -0.350568766039983926E+01    0.110532218664376680E+01
    0.975141928587952198E-03   -0.350630557555410860E+01    0.894683621612821223E+00
    0.975314002328499827E-03   -0.351165846482123145E+01    0.505266779434963009E+00
    0.973599069335595330E-03   -0.351313869072670837E+01    0.555251725581501931E+00
    0.972662151043987436E-03   -0.351621311495265898E+01    0.110522236777868121E+01
    0.970558816918931861E-03   -0.351688353024534051E+01    0.905215945138375111E+00
    0.968431507134492886E-03   -0.351749503874729275E+01    0.494789914788003826E+00
    0.967363195992805591E-03   -0.352028755001221105E+01    0.194816788475293379E+00
    0.965057675753525795E-03   -0.352051525352774553E+01    0.905181014510527682E+00
    0.963407026723033292E-03   -0.352209149486317807E+01    0.494834214141266937E+00
    0.964505225539259736E-03   -0.352937001959107421E+01    0.905094843937940152E+00
    0.962386419069219726E-03   -0.352997162525490538E+01    0.109491106355064427E+01
    0.960325545214646588E-03   -0.353068419233290065E+01    0.505082861529912663E+00
    0.958600561633837626E-03   -0.353208846441133950E+01    0.110506809532960260E+01
    0.957017530884797605E-03   -0.353378293891944351E+01    0.905051350593566895E+00
    0.955748147452298823E-03   -0.353612838769401661E+01    0.194971919059753418E+00
    0.953563925625873954E-03   -0.353655245103063587E+01    0.105023862220245415E+00
    0.951219688219635579E-03   -0.353662960609904564E+01    0.555023100295539140E+00
    0.949150233561920948E-03   -0.353727370580400535E+01    0.894983321205152560E+00
    0.947145277200961986E-03   -0.353804449765225559E+01    0.194991009388524761E+00
    0.944914940626136591E-03   -0.353832934622766526E+01    0.194993853569030762E+00
    0.942641450042671671E-03   -0.353851149454575431E+01    0.110500432685348371E+01
    0.940342869652488413E-03   -0.353862864659450294E+01    0.110500315620899681E+01
    0.939358000700166651E-03   -0.354153284708091931E+01    0.504974949121992367E+00
    0.937105433070389263E-03   -0.354173111490482473E+01    0.545027044837423591E+00
    0.934799871115985274E-03   -0.354180444876396550E+01    0.895028683088488930E+00
    0.934249632045447941E-03   -0.354562686821191830E+01    0.895067277639084002E+00
    0.932702932917011751E-03   -0.354731301972681434E+01    0.104915601157375499E+00
    0.930765538160606204E-03   -0.354815433288121529E+01    0.950929638861170851E-01
    0.928606780088393627E-03   -0.354851027311759992E+01    0.504904290459422866E+00
    0.926460667968147852E-03   -0.354888270428189045E+01    0.504900490318717754E+00
    0.925174090776420197E-03   -0.355110337127856956E+01    0.204876894460947034E+00
    0.923007308177506186E-03   -0.355141382382853488E+01    0.554873717215458750E+00
    0.920888100967658953E-03   -0.355181658228772035E+01    0.904869576827846633E+00
    0.920189391152063398E-03   -0.355529853679074792E+01    0.504834557059414935E+00
    0.918549671950642430E-03   -0.355673148441453169E+01    0.904818847193014086E+00
    0.916346633708159473E-03   -0.355692894752070154E+01    0.109518320210523612E+01
    0.915106955793339280E-03   -0.355922141922458124E+01    0.904792942184985627E+00
    0.914116174155907768E-03   -0.356205485634198915E+01    0.895236707958053213E+00
    0.912212700039359949E-03   -0.356288589239980702E+01    0.545244594438323960E+00
    0.910518943665970695E-03   -0.356416892865091750E+01    0.109525895118713379E+01
    0.908827708110237836E-03   -0.356545059154076593E+01    0.195272487170086578E+00
    0.907160910124907359E-03   -0.356677920629828726E+01    0.895286560058593750E+00
    0.905635325263764394E-03   -0.356841294771610773E+01    0.495303915124245486E+00
    0.903386772604670833E-03   -0.356844108182295283E+01    0.110469577773417549E+01
    0.902497002024112800E-03   -0.357147025587042943E+01    0.554663419723510742E+00
    0.900462996104620756E-03   -0.357195766150450522E+01    0.110465818318238163E+01
    0.898887778712485568E-03   -0.357345591450423861E+01    0.554642081260681152E+00
    0.896962124890057885E-03   -0.357416679311030050E+01    0.554634418070379165E+00
    0.894924518774685169E-03   -0.357461827548873012E+01    0.495370455444386126E+00
    0.892833789553120253E-03   -0.357494039444638645E+01    0.110462605634060318E+01
    0.891042690452616723E-03   -0.357592419775911186E+01    0.104615410808927153E+00
    0.888959994133273353E-03   -0.357624398623407869E+01    0.109538805484771729E+01
    0.886973992826705390E-03   -0.357677084218927499E+01    0.895393770251914800E+00
    0.886420495620424652E-03   -0.358052239526364868E+01    0.954346744711129513E-01
    0.884247301540915616E-03   -0.358061307195821454E+01    0.554564340651782395E+00
    0.882845043179786401E-03   -0.358243891151400540E+01    0.954557128656221415E-01
    0.881800961502001682E-03   -0.358507224579897299E+01    0.545483990662488649E+00
    0.879700410935054401E-03   -0.358530233396016840E+01    0.110451267141669507E+01
    0.879443604017821805E-03   -0.358971839787108715E+01    0.504464251676294051E+00
    0.877763368119433528E-03   -0.359089360901668675E+01    0.955497105926238904E-01
    0.875581354534545769E-03   -0.359091566102238691E+01    0.495549949308970283E+00
    0.874267801529052626E-03   -0.359291299476932569E+01    0.495572447776794434E+00
    0.873348362879982059E-03   -0.359580855386831955E+01    0.195605278015136719E+00
    0.872066764400462641E-03   -0.359787149049626143E+01    0.895628811641962064E+00
    0.870057298037373353E-03   -0.359825765776737949E+01    0.204366768935303866E+00
    0.869090464035940195E-03   -0.360103396149010102E+01    0.554334873225429403E+00
    0.867009910430891124E-03   -0.360124033404401711E+01    0.956675176507375130E-01
    0.864913536786357583E-03   -0.360139860810807688E+01    0.545668594267292972E+00
    0.863019992535495875E-03   -0.360201523345460650E+01    0.204323530197143555E+00
    0.861517572156606935E-03   -0.360353042502883758E+01    0.956940280762423739E-01
    0.859394303433153256E-03   -0.360359520474014206E+01    0.956947803497314453E-01
    0.857700627763926539E-03   -0.360464975900453277E+01    0.495707035064697266E+00
    0.856049756096072039E-03   -0.360579652064717715E+01    0.204279577624761011E+00
    0.854092449898508185E-03   -0.360621840534107641E+01    0.104274645737013200E+00
    0.851980487339949874E-03   -0.360626676794914269E+01    0.495725909702942946E+00
    0.850435808591282877E-03   -0.360763738734167916E+01    0.104258015732345860E+00
    0.848544103691924742E-03   -0.360818364267423464E+01    0.204251596458231821E+00
    0.847407339218840083E-03   -0.361050251722558579E+01    0.904224237799711839E+00
    0.845330942726764639E-03   -0.361059591694208581E+01    0.104223132133483887E+00
    0.843375621247560389E-03   -0.361096439031750105E+01    0.109578123268248628E+01
    0.841814952912301232E-03   -0.361225995758365270E+01    0.109579661553593932E+01
    0.840445453927115183E-03   -0.361400362632328331E+01    0.554182602795705082E+00
    0.840068867724210323E-03   -0.361810726690670936E+01    0.110413324449076056E+01
    0.838046412403746087E-03   -0.361828648653811413E+01    0.109586892410415149E+01
    0.836411581403085410E-03   -0.361938114755399987E+01    0.904117805478124592E+00
    0.834751343822609819E-03   -0.362040729652698801E+01    0.109589467333110102E+01
    0.833176150007269010E-03   -0.362162968799312024E+01    0.504091116207509793E+00
    0.831158142197233399E-03   -0.362177967965421699E+01    0.104088577839010904E+00
    0.829596160828091774E-03   -0.362301757751341036E+01    0.104073411219080605E+00
    0.827571970425649596E-03   -0.362313167276796078E+01    0.554072022438049316E+00
    0.826178141423261235E-03   -0.362476035488273807E+01    0.895948037361623539E+00
    0.824275697336602380E-03   -0.362514963537136747E+01    0.554047168354831920E+00
    0.822293041303820372E-03   -0.362533317810609379E+01    0.904044887996034441E+00
    0.820534111577424859E-03   -0.362605048678239905E+01    0.110403601140147467E+01
    0.818625923856894865E-03   -0.362639398335072194E+01    0.104031753759345993E+00
    0.816833685628162959E-03   -0.362701053313091748E+01    0.545975206923782319E+00
    0.814827605508150520E-03   -0.362709264694537037E+01    0.904023079916747352E+00
    0.812819043915868119E-03   -0.362715653231000124E+01    0.904022285852605800E+00
    0.811547664801429212E-03   -0.362902576296529844E+01    0.903998982422384856E+00
    0.809606196862829356E-03   -0.362923542464476112E+01    0.196003639875261926E+00
    0.808099814016705010E-03   -0.363051068536234123E+01    0.903980372868820048E+00
    0.806193662317515906E-03   -0.363078749812773349E+01    0.110397689412711730E+01
    0.804455990198670056E-03   -0.363147203997624590E+01    0.896031721694053207E+00
    0.802461339515812030E-03   -0.363150687675240302E+01    0.960321606590195248E-01
    0.800673542319778721E-03   -0.363204612187167442E+01    0.896038961686135171E+00
    0.799233345033502091E-03   -0.363344541813904476E+01    0.196056664495992239E+00
    0.797518885657222138E-03   -0.363415055008828913E+01    0.196065615460806641E+00
    0.795619366822936948E-03   -0.363438129737223203E+01    0.546067872022289680E+00
    0.793653478310783734E-03   -0.363443340055049768E+01    0.960692117004317142E-01
    0.791948962858348934E-03   -0.363513341698650327E+01    0.496078112712039221E+00
    0.790444955726166891E-03   -0.363633156318154516E+01    0.109609343112272195E+01
    0.788685846696508277E-03   -0.363687566945921592E+01    0.896100401332809882E+00
    0.786779522168656658E-03   -0.363703563807323738E+01    0.961024529632409918E-01
    0.785023027578479141E-03   -0.363756562287539165E+01    0.961092578569720801E-01
    0.784823628344282235E-03   -0.364205754972186124E+01    0.103832581602378043E+00
    0.783921498362418531E-03   -0.364475729057597109E+01    0.110379719734191895E+01
    0.782262178431998817E-03   -0.364551942096751080E+01    0.896212851387346743E+00
    0.780847452137522504E-03   -0.364689913316912984E+01    0.203768888880580035E+00
    0.808315783748013634E-03   -0.371604720979541181E+01    0.109730005264282227E+01
    0.824753575684672468E-03   -0.375631089366685789E+01    0.109819352626800537E+01
    0.792166090320086552E-03   -0.367568376217116422E+01    0.110336542129516602E+01
    0.802292135451170268E-03   -0.370108720292968485E+01    0.110296407091988447E+01
    0.804735932248443588E-03   -0.370716998077323634E+01    0.110285962211380273E+01
    0.822210015488492735E-03   -0.375013331395088922E+01    0.109802994789003350E+01
    0.833727375098560972E-03   -0.377795452361036554E+01    0.109895167545576955E+01
    0.783969756939886233E-03   -0.365488249106339591E+01    0.110366144610840222E+01
    0.829355941707701771E-03   -0.376744045395614746E+01    0.110146642126125416E+01
    0.828960126791206337E-03   -0.376648571455144454E+01    0.110149862111820451E+01
    0.831712849218496273E-03   -0.377311609871064979E+01    0.109874189553692569E+01
    0.817944275884929838E-03   -0.373973002629873141E+01    0.109778156945540339E+01
    0.818307542551926993E-03   -0.374061807218231079E+01    0.110219832424652098E+01
    0.808171133782377210E-03   -0.371568927317506992E+01    0.109729343217458619E+01
    0.833015595389003717E-03   -0.377624633040858360E+01    0.109887314434366501E+01
    0.831347196832193957E-03   -0.377223662982301144E+01    0.109870741587168519E+01
    0.808946669380186537E-03   -0.371760758897308730E+01    0.110267089457181755E+01
    0.796779642250909203E-03   -0.368729791563442699E+01    0.109681179593695299E+01
    0.834207516543134767E-03   -0.377910598692045507E+01    0.109900811390823994E+01
    0.806143149837954161E-03   -0.371066426650361070E+01    0.109720214187981036E+01
    0.808523045881523743E-03   -0.371655996871942440E+01    0.109730956512081601E+01
    0.838198604249391910E-03   -0.378865174314119901E+01    0.110017106255274855E+01
    0.833735768223704539E-03   -0.377797465748901029E+01    0.109895263618442707E+01
    0.810001783195898948E-03   -0.372021450079519012E+01    0.110262163815801384E+01
    0.832048372884857811E-03   -0.377392276174967956E+01    0.110122562658918000E+01
    0.790010021216594515E-03   -0.367023286344404998E+01    0.109655454642076444E+01
    0.815985611718560979E-03   -0.373493504673584464E+01    0.110232399054160912E+01
    0.798264793402364450E-03   -0.369102232994526158E+01    0.109687075029495151E+01
    0.817224017793532890E-03   -0.373796810823619774E+01    0.109774220774041265E+01
    0.831180682006478900E-03   -0.377183599936528102E+01    0.110130798959267451E+01
    0.832903157636436203E-03   -0.377597635865267556E+01    0.109886122836099376E+01
    0.785195655782988059E-03   -0.365800746203858473E+01    0.109638147951405363E+01
    0.834686229923205323E-03   -0.378025336588143235E+01    0.110093225539576323E+01
    0.822037052977186945E-03   -0.374971254382391672E+01    0.109801929751636429E+01
    0.816987533414208450E-03   -0.373738927404352372E+01    0.110227057466442324E+01
    0.824362962077115598E-03   -0.375536344427582280E+01    0.109816749016824189E+01
    0.829263070838748284E-03   -0.376721648240307205E+01    0.109852596184894513E+01
    0.813295968993630897E-03   -0.372833178011812283E+01    0.109753803763244440E+01
    0.829063671542164542E-03   -0.376673551736174739E+01    0.110149026339111522E+01
    0.790411013493865725E-03   -0.367124776333988567E+01    0.110343069386233816E+01
    0.815870982671100314E-03   -0.373465406849782378E+01    0.109766997213293704E+01
    0.814659207383522811E-03   -0.373168135319806904E+01    0.109760703084197364E+01
    0.833391126524482247E-03   -0.377714774573990031E+01    0.110108612252397364E+01
    0.791340553060017131E-03   -0.367359842242646151E+01    0.110339626183743644E+01
    0.803843880508901517E-03   -0.370495174621897227E+01    0.109710185195526955E+01
    0.827199212678972557E-03   -0.376223270644083341E+01    0.109836562976440799E+01
    0.836684543631695515E-03   -0.378503582275407791E+01    0.109937481647841229E+01
    0.838136847178275299E-03   -0.378850438105781118E+01    0.110020975844510205E+01
    0.837442739519888885E-03   -0.378684738379286356E+01    0.109954207169580132E+01
    0.836513702772254445E-03   -0.378462740525686536E+01    0.109934296409125065E+01
    0.794692894931890693E-03   -0.368205309119378743E+01    0.110326942312827425E+01
    0.826350067430087990E-03   -0.376017859088772122E+01    0.109830395235258549E+01
    0.838242921421666833E-03   -0.378875748419236302E+01    0.110013670512732298E+01
    0.829445395924663658E-03   -0.376765616204612597E+01    0.109854095219185255E+01
    0.790251301331608815E-03   -0.367084359817113981E+01    0.110343657924307870E+01
    0.832245879678106194E-03   -0.377439745375530533E+01    0.109879389414413908E+01
    0.819863942321311795E-03   -0.374441840750020916E+01    0.110211011752304278E+01
    0.833792613216634022E-03   -0.377811101497134061E+01    0.110104083390314633E+01
    0.837974983262337013E-03   -0.378811809676937195E+01    0.109971255081468988E+01
    0.835530089295029939E-03   -0.378227432432595867E+01    0.110081670329892622E+01
    0.804646186929157273E-03   -0.370694692543215965E+01    0.110286351954207706E+01
    0.810369687233615629E-03   -0.372112269759019076E+01    0.110260425938647710E+01
    0.809624159595033152E-03   -0.371928188148419681E+01    0.110263936518175365E+01
    0.813775054925498266E-03   -0.372950956753777341E+01    0.902437925338745117E+00
    0.825752448359862493E-03   -0.375873166107415235E+01    0.901738180256376642E+00
    0.802934175507517963E-03   -0.370268707725569479E+01    0.897063040860770600E+00
    0.822091752786299063E-03   -0.374984562295723078E+01    0.898022659762370279E+00
    0.830245159439985483E-03   -0.376958366250611165E+01    0.898608572509808190E+00
    0.820131288801628105E-03   -0.374507047398823589E+01    0.897905390415316251E+00
    0.819218384877631206E-03   -0.374284299553621480E+01    0.902147122995417661E+00
    0.830286190747071742E-03   -0.376968250148819983E+01    0.901387871234031746E+00
    0.795894735420344312E-03   -0.368507547284504389E+01    0.903222869750171187E+00
    0.814790573385070350E-03   -0.373200383261015745E+01    0.897613778415558006E+00
    0.823203198937491154E-03   -0.375254774349578568E+01    0.901907789915450397E+00
    0.802455418433714639E-03   -0.370149420272903029E+01    0.897042802604125056E+00
    0.784211442452591645E-03   -0.365549896450336043E+01    0.896346982033888073E+00
    0.824863547727526644E-03   -0.375657755443669483E+01    0.901799077893645329E+00
    0.799381048878989231E-03   -0.369381708114411289E+01    0.896915728838661996E+00
    0.795038664683525857E-03   -0.368292309910171634E+01    0.896743909276309870E+00
    0.813817801174857025E-03   -0.372961462145026346E+01    0.897564230190258883E+00
    0.837904058027366325E-03   -0.378794881191464050E+01    0.900315524198134876E+00
    0.838192954073061955E-03   -0.378863826138318815E+01    0.899825041225559064E+00
    0.838201075060927424E-03   -0.378865763866018757E+01    0.899830669420794926E+00
    0.821410354388249389E-03   -0.374818721696160040E+01    0.897981159982833566E+00
    0.817039113107976308E-03   -0.373751553806472492E+01    0.902267792517978728E+00
    0.836361356794389698E-03   -0.378426313184047380E+01    0.900684195532742926E+00
    0.835994158034045545E-03   -0.378338485263969648E+01    0.899254378482671646E+00
    0.835796917148024822E-03   -0.378291292551946112E+01    0.899223376436665389E+00
    0.830899320034000021E-03   -0.377115886715787640E+01    0.898666377116541182E+00
    0.810343327497176883E-03   -0.372105764045496334E+01    0.897394491860389554E+00
    0.821514956920538003E-03   -0.374844189082099000E+01    0.902012522702722586E+00
    0.824052436813526245E-03   -0.375460993210292804E+01    0.898147044657640170E+00
    0.833591840458675157E-03   -0.377762936778196812E+01    0.901063719856388889E+00
    0.832895300111589063E-03   -0.377595749076428122E+01    0.901139599769500088E+00
    0.838305252041725074E-03   -0.378890619598263134E+01    0.900061782787324516E+00
    0.838218112424002023E-03   -0.378869829045706963E+01    0.900156868305803881E+00
    0.835548790630920085E-03   -0.378231908902525715E+01    0.900813958112280377E+00
    0.836870323242823217E-03   -0.378547985865769565E+01    0.900588600752040946E+00
    0.835191214107837356E-03   -0.378146299764651994E+01    0.900864949100479762E+00
    0.830970406281947749E-03   -0.377132996660535991E+01    0.901327192544635780E+00
    0.834473487362968956E-03   -0.377974354633765763E+01    0.900959209089462254E+00
    0.838058267389894438E-03   -0.378831686162703418E+01    0.900250500595546788E+00
    0.810568893373675718E-03   -0.372161427979681214E+01    0.902594804179777666E+00
    0.834497803035037572E-03   -0.377980182336665171E+01    0.899043833500687506E+00
    0.792231497097113267E-03   -0.367584888935283471E+01    0.903362967108936599E+00
    0.838153732290349679E-03   -0.378854467266901995E+01    0.900199923595832896E+00
    0.826978057895669835E-03   -0.376169792751827270E+01    0.901650649556764106E+00
    0.835720763640447509E-03   -0.378273068752460073E+01    0.899211731036629880E+00
    0.802949817773833852E-03   -0.370272603963749036E+01    0.897063704247300087E+00
    0.809292977156981933E-03   -0.371846360009065879E+01    0.902654821406800645E+00
    0.785895356603549095E-03   -0.365978890146203151E+01    0.903593820608331710E+00
    0.829604937082363048E-03   -0.376804081862951490E+01    0.901445805951060275E+00
    0.780931927648052999E-03   -0.364711757359250255E+01    0.903765989823648308E+00
    0.834996496665599557E-03   -0.378099666097821840E+01    0.899108500917975340E+00
    0.827597395333031188E-03   -0.376319519974016892E+01    0.898395345290395553E+00
    0.831482408174850831E-03   -0.377256188586258956E+01    0.898720059327619558E+00
    0.822106071228642307E-03   -0.374988045682487048E+01    0.901976459215006909E+00
    0.799881046544024827E-03   -0.369506765209869847E+01    0.903063930727220021E+00
    0.792898724327133100E-03   -0.367753260532874204E+01    0.903337840046826490E+00
    0.820883399044318538E-03   -0.374690375506956386E+01    0.897949619253866183E+00
    0.827144895919359894E-03   -0.376210137521572863E+01    0.898361616897822790E+00
    0.833954778091376301E-03   -0.377849995846745701E+01    0.898978021103776115E+00
    0.834362626002037484E-03   -0.377947782495205997E+01    0.900972961569573405E+00
    0.824355289677850532E-03   -0.375534483006018727E+01    0.901833017649957047E+00
    0.829916142299580092E-03   -0.376879092713908781E+01    0.898580371880680073E+00
    0.830498723751340153E-03   -0.377019438717206690E+01    0.898630694338773850E+00
    0.785777329432027320E-03   -0.365948851532491082E+01    0.903597997384460117E+00
    0.833161310058384364E-03   -0.377659614841236291E+01    0.898888774608895047E+00
    0.837206365217833901E-03   -0.378628278956722975E+01    0.900515904791942989E+00
    0.835585280280796202E-03   -0.378240643007231592E+01    0.900808575107111986E+00
    0.812222016572460449E-03   -0.372568904694145342E+01    0.897484938963578172E+00
    0.820225419928314291E-03   -0.374530001217657782E+01    0.897910876860160023E+00
    0.799743936010436913E-03   -0.369472479540311349E+01    0.896930479325568686E+00
    0.837967378887645334E-03   -0.378809994727959554E+01    0.900290589027860966E+00
    0.789257534054570121E-03   -0.366832694898019795E+01    0.896526998155334098E+00
    0.830936097193232196E-03   -0.377124738894254197E+01    0.901330299897323384E+00
    0.832924286851283581E-03   -0.377602709431540795E+01    0.898863458192791898E+00
    0.795398838217248002E-03   -0.368382894680518769E+01    0.903242150834022706E+00
    0.828897417828523722E-03   -0.376633441334244612E+01    0.551503777503967285E+00
    0.830301067459268292E-03   -0.376971833631018427E+01    0.551386713981628418E+00
    0.804023115549923860E-03   -0.370539764141354855E+01    0.547109007835388184E+00
    0.787535772930470510E-03   -0.366395919373726331E+01    0.553535342216491699E+00
    0.838232480059316687E-03   -0.378873257153968490E+01    0.550147891044616699E+00
    0.824217233506531195E-03   -0.375500985863563530E+01    0.551842212677001953E+00
    0.811764634772021054E-03   -0.372456248149301450E+01    0.552537399879082569E+00
    0.833989217273977930E-03   -0.377858254920839798E+01    0.551018150171455723E+00
    0.803992340840380018E-03   -0.370532108814554295E+01    0.552891799344215507E+00
    0.803625436725908236E-03   -0.370440817432743863E+01    0.552907540791240715E+00
    0.837983223102040358E-03   -0.378813776274832614E+01    0.549714482685201955E+00
    0.818190894006820936E-03   -0.374033295478116390E+01    0.547794691343934659E+00
    0.821729452082574602E-03   -0.374896401683481839E+01    0.551999577274620901E+00
    0.809771020326918787E-03   -0.371964463600911843E+01    0.547366987761850665E+00
    0.813339634833454847E-03   -0.372843915718458163E+01    0.552459824966572866E+00
    0.831202554798907730E-03   -0.377188862932916846E+01    0.548693475545804277E+00
    0.837264442780084081E-03   -0.378642152608505000E+01    0.550502855583263395E+00
    0.827631526561729554E-03   -0.376327768072694147E+01    0.548397399128343843E+00
    0.802263823544381127E-03   -0.370101662413401655E+01    0.547034185103362658E+00
    0.827921814106619591E-03   -0.376397904755272528E+01    0.551580148788810565E+00
    0.828205640890607012E-03   -0.376466456674005645E+01    0.548441281004316883E+00
    0.793662756632601074E-03   -0.367945886503868280E+01    0.553308880885380328E+00
    0.836512936022132175E-03   -0.378462557205205075E+01    0.549342037099131542E+00
    0.788692614586280647E-03   -0.366689491516617316E+01    0.546505830321057484E+00
    0.811549223521317834E-03   -0.372403168764592873E+01    0.552547837600816383E+00
    0.831731831373050748E-03   -0.377316174412291305E+01    0.548743154930488197E+00
    0.797817890941229465E-03   -0.368990233164643300E+01    0.553147119009165911E+00
    0.807897527308145194E-03   -0.371501205819421143E+01    0.547280416535925740E+00
    0.781379033273155621E-03   -0.364826230251905326E+01    0.553750776015033308E+00
    0.818363052243398963E-03   -0.374075373709049774E+01    0.547804254721465433E+00
    0.833537961728276632E-03   -0.377750009475152604E+01    0.551069983063606106E+00
    0.815262151829968169E-03   -0.373316104292798201E+01    0.547637636595200927E+00
    0.832504808738817313E-03   -0.377501959871575021E+01    0.551180207589069271E+00
    0.837257600448721231E-03   -0.378640518152538075E+01    0.549495145659231854E+00
    0.813108873127206164E-03   -0.372787163424938273E+01    0.552471333629759309E+00
    0.824272563534408291E-03   -0.375514411491795341E+01    0.548161007199601147E+00
    0.824095219973180462E-03   -0.375471376542025936E+01    0.551850231250863521E+00
    0.819466946806234249E-03   -0.374344973052237329E+01    0.552133007315704250E+00
    0.828717695453558539E-03   -0.376590072430515521E+01    0.548481462271727671E+00
    0.799562679833739731E-03   -0.369427145849903926E+01    0.553076922308408325E+00
    0.833242253084985141E-03   -0.377679044234800942E+01    0.548896964968578094E+00
    0.838031340361818739E-03   -0.378825260007931330E+01    0.549735372958654156E+00
    0.785969840476750123E-03   -0.365997844411084206E+01    0.553591199805854917E+00
    0.805743633336087500E-03   -0.370967284076771309E+01    0.552815552344887440E+00
    0.815658346732978405E-03   -0.373413275163150971E+01    0.547658298689633560E+00
    0.831669086754254655E-03   -0.377301086139069275E+01    0.548737165096766955E+00
    0.837891063587300469E-03   -0.378791779513962190E+01    0.549678235146489058E+00
    0.825125644017426422E-03   -0.375721294354934043E+01    0.551781417473072633E+00
    0.788872994454200443E-03   -0.366735227774474914E+01    0.546512383120414169E+00
    0.825599183364668495E-03   -0.375836041368458451E+01    0.551748915724354472E+00
    0.828776566766548767E-03   -0.376604279734723280E+01    0.551513441999874066E+00
    0.836089155637264074E-03   -0.378361210830942030E+01    0.549269041689945281E+00
    0.837835631110123245E-03   -0.378778547648080233E+01    0.550341346521921793E+00
    0.789015712139950749E-03   -0.366771407179408326E+01    0.553481832884059610E+00
    0.835964926889917487E-03   -0.378331491996157077E+01    0.549248980882814486E+00
    0.813204347546933929E-03   -0.372810645843607391E+01    0.552466578197947866E+00
    0.830450094155224354E-03   -0.377007727436135109E+01    0.548625885419500747E+00
    0.799255843677556003E-03   -0.369350380124353705E+01    0.553089371396337182E+00
    0.795068991164983867E-03   -0.368299938697153539E+01    0.546744497963999265E+00
    0.837250619555285759E-03   -0.378638850583910580E+01    0.550506127271343404E+00
    0.819367069662117428E-03   -0.374320595441512438E+01    0.547860838185420862E+00
    0.802654352515792466E-03   -0.370198995469988512E+01    0.552948832286921599E+00
    0.797492916150656546E-03   -0.368908750661391061E+01    0.546839413721298406E+00
    0.813081564283071011E-03   -0.372780446168826218E+01    0.552472692261197440E+00
    0.838036923365335050E-03   -0.378826592412735419E+01    0.549737904616667272E+00
    0.808608377066867795E-03   -0.371677103674818898E+01    0.552686545655683426E+00
    0.825673372190319763E-03   -0.375854012678028582E+01    0.548255807695257058E+00
    0.820529316711168647E-03   -0.374604088289794479E+01    0.547928177491187940E+00
    0.834305706583247887E-03   -0.377934138221457872E+01    0.549019431059365903E+00
    0.838322986311731359E-03   -0.378894850534997207E+01    0.550018022737534862E+00
    0.781624927117572136E-03   -0.364889158779964529E+01    0.546256990371213558E+00
    0.838223789516260123E-03   -0.378871183603178219E+01    0.550154735087112656E+00
    0.833326542674564367E-03   -0.377699274924314743E+01    0.551093431853932447E+00
    0.783367931636457199E-03   -0.365334657359674386E+01    0.546317001311331429E+00
    0.826071573568225520E-03   -0.375950444366623726E+01    0.548283681138628021E+00
    0.830688376403818378E-03   -0.377065105494485264E+01    0.498647332191467285E+00
    0.826874454763223293E-03   -0.376144735346335901E+01    0.498341679573059082E+00
    0.836398516626391106E-03   -0.378435199057650218E+01    0.499321937561035156E+00
    0.793796219764727291E-03   -0.367979515878718288E+01    0.503304362297058105E+00
    0.829856741690702146E-03   -0.376864777355590519E+01    0.498575210571289062E+00
    0.811482164235030287E-03   -0.372386641841741994E+01    0.497448921203613281E+00
    0.834498565111867164E-03   -0.377980364979801919E+01    0.499043687404636116E+00
    0.796121592580521548E-03   -0.368564545986772174E+01    0.503214593189112769E+00
    0.827211315371780345E-03   -0.376226196808442870E+01    0.498366424404651176E+00
    0.815633785540262899E-03   -0.373407252650755650E+01    0.497657476767561890E+00
    0.835781212485980592E-03   -0.378287534507553014E+01    0.499220636801732953E+00
    0.837902133696206519E-03   -0.378794421870769460E+01    0.499682744833890913E+00
    0.837168092921183990E-03   -0.378619135889239899E+01    0.500525614096490767E+00
    0.789416806406252679E-03   -0.366873050872178830E+01    0.496532793992401911E+00
    0.805820708923409403E-03   -0.370986414702923550E+01    0.497187846965244873E+00
    0.834354809374853530E-03   -0.377945908810178688E+01    0.499025840954948896E+00
    0.786557201321442601E-03   -0.366147250012741798E+01    0.496429662237061808E+00
    0.833483255157101708E-03   -0.377736882690528386E+01    0.501076490021459930E+00
    0.802769008959489669E-03   -0.370227562749285299E+01    0.502944507236736560E+00
    0.825455650254049503E-03   -0.375801267693336838E+01    0.501759251333538603E+00
    0.797357734887382775E-03   -0.368874846229396836E+01    0.496834602143902238E+00
    0.838146995046452903E-03   -0.378852859621260096E+01    0.500205920489185663E+00
    0.836640302300048749E-03   -0.378493006604637294E+01    0.500634392343478840E+00
    0.836519920653811520E-03   -0.378464227138141762E+01    0.500656692156307148E+00
    0.819338795805460668E-03   -0.374313693932887759E+01    0.497859673298064187E+00
    0.826170160621644552E-03   -0.375974311831413210E+01    0.498291069917868645E+00
    0.837757074684398594E-03   -0.378759794540475969E+01    0.500368155045138541E+00
    0.807642514129124816E-03   -0.371438065773468074E+01    0.497269329529812065E+00
    0.832153263442033026E-03   -0.377417487196282764E+01    0.501215861178041955E+00
    0.834412081898009512E-03   -0.377959636916477493E+01    0.500967475483550473E+00
    0.822390786821132870E-03   -0.375057298619989865E+01    0.501959368100879821E+00
    0.811064157322641580E-03   -0.372283592229886073E+01    0.497428803672619824E+00
    0.826224825350317465E-03   -0.375987544679287122E+01    0.498294945809381218E+00
    0.828453951028628507E-03   -0.376526411088561819E+01    0.498461048765864334E+00
    0.797955615954651365E-03   -0.369024755611135591E+01    0.503142175601257957E+00
    0.832861776074360002E-03   -0.377587698914081393E+01    0.501143703711255051E+00
    0.791736342156324456E-03   -0.367459847265965056E+01    0.503382104812458042E+00
    0.827278782003525496E-03   -0.376242507968452777E+01    0.498371424275624531E+00
    0.820488037707776865E-03   -0.374594026481906939E+01    0.502074249952721097E+00
    0.828360130710817052E-03   -0.376503760311037361E+01    0.501546703442136588E+00
    0.838322877085230034E-03   -0.378894824476661585E+01    0.499981275199257780E+00
    0.838284982938142568E-03   -0.378885783806389664E+01    0.499903237236755171E+00
    0.836096326683821636E-03   -0.378362926202025696E+01    0.499270597457507348E+00
    0.801037147214615493E-03   -0.369795624659669731E+01    0.503016982075999319E+00
    0.837089767339829868E-03   -0.378600422981683549E+01    0.499457245989633203E+00
    0.791979268838050835E-03   -0.367521203403883945E+01    0.496627557064110325E+00
    0.831682770129394213E-03   -0.377304376693640453E+01    0.501261531024157492E+00
    0.784246509357292617E-03   -0.365558839477381570E+01    0.496348189861808287E+00
    0.832713969246636626E-03   -0.377552202040756635E+01    0.498841271280830612E+00
    0.794659264447067945E-03   -0.368196845171441245E+01    0.503271302054993930E+00
    0.835432304247794052E-03   -0.378204024354059731E+01    0.500831590018228301E+00
    0.814460947091285854E-03   -0.373119456210983458E+01    0.502403634658345810E+00
    0.836989965319015483E-03   -0.378576576561710754E+01    0.500564666822052251E+00
    0.787919671725228706E-03   -0.366493389296765626E+01    0.496478469715237902E+00
    0.836264491517906103E-03   -0.378403148343760032E+01    0.500701674372389993E+00
    0.823027114539289450E-03   -0.375211989473748764E+01    0.501919477349859200E+00
    0.782520783669737917E-03   -0.365118256783800366E+01    0.496288356638814376E+00
    0.838219510301910936E-03   -0.378870162581029746E+01    0.500158369433465255E+00
    0.824263633890699363E-03   -0.375512244807503492E+01    0.498160845559121712E+00
    0.790825090502530700E-03   -0.367229524010084019E+01    0.503415995509403302E+00
    0.806821659816098127E-03   -0.371234690710210247E+01    0.497232341640782893E+00
    0.838274284762734407E-03   -0.378883231394288478E+01    0.500109510705833538E+00
    0.828808297895892738E-03   -0.376611936930448055E+01    0.498489089700141330E+00
    0.788504816557965000E-03   -0.366641863229760023E+01    0.503500980522686103E+00
    0.832871802941159310E-03   -0.377590106710124207E+01    0.201142072677612305E+00
    0.836793552344018026E-03   -0.378529637880853587E+01    0.199396014213562012E+00
    0.812567355290489345E-03   -0.372653922168830931E+01    0.197501897811889648E+00
    0.820990966102403872E-03   -0.374716581423930872E+01    0.202043980256054800E+00
    0.824214553082542743E-03   -0.375500335445630462E+01    0.201842308678110788E+00
    0.799685135756667909E-03   -0.369457774229564295E+01    0.203071915116260299E+00
    0.832513427229619740E-03   -0.377504030357198905E+01    0.198820845067909313E+00
    0.787752936341024751E-03   -0.366451061878246698E+01    0.196472483191701852E+00
    0.792760862236961618E-03   -0.367718483310401867E+01    0.196656954472240797E+00
    0.808009271697976775E-03   -0.371528866917221778E+01    0.197286041674260476E+00
    0.836518048456490518E-03   -0.378463779521923849E+01    0.199343755236859849E+00
    0.830845196257890884E-03   -0.377102858533513352E+01    0.201338498478728839E+00
    0.815289132618904865E-03   -0.373322723106740817E+01    0.197639552244947614E+00
    0.826303672741477238E-03   -0.376006629951658855E+01    0.201699354806805786E+00
    0.818199107774592017E-03   -0.374035303255666207E+01    0.202204344223438470E+00
    0.805350826383413555E-03   -0.370869758582077225E+01    0.202832786283678235E+00
    0.833724381571342111E-03   -0.377794734252771836E+01    0.201048666991137270E+00
    0.836035838568425257E-03   -0.378348456504790143E+01    0.200738904734240220E+00
    0.796940849753967492E-03   -0.368770252235039031E+01    0.196818147634469254E+00
    0.808483963918947622E-03   -0.371646329143269138E+01    0.202692230964795495E+00
    0.819094163978612618E-03   -0.374253970566800698E+01    0.197845825878840809E+00
    0.788566094629227074E-03   -0.366657405478585474E+01    0.196501853171679730E+00
    0.836002713301291374E-03   -0.378340531982451589E+01    0.199255752239760775E+00
    0.804093617799512693E-03   -0.370557300741322182E+01    0.202887409906776423E+00
    0.835820035275098303E-03   -0.378296824471693949E+01    0.200773053839896520E+00
    0.834716403303157467E-03   -0.378032566331131425E+01    0.200928369743120339E+00
    0.823479098058554448E-03   -0.375321793743458754E+01    0.201890143636767855E+00
    0.838302582737166218E-03   -0.378889982763696676E+01    0.200066737900596731E+00
    0.821340003684876236E-03   -0.374801591715802340E+01    0.202023078099152487E+00
    0.788511916797785895E-03   -0.366643664159241789E+01    0.196499889637192726E+00
    0.837738595566836714E-03   -0.378755382922376027E+01    0.199627100833070503E+00
    0.814732391239584653E-03   -0.373186101254128166E+01    0.202389212308888566E+00
    0.827904251964073161E-03   -0.376393662246253724E+01    0.201581383718399509E+00
    0.822089806897338899E-03   -0.374984088895702561E+01    0.201977459940269388E+00
    0.836793610800212881E-03   -0.378529651852326587E+01    0.199396025779733810E+00
    0.829899411192421086E-03   -0.376875060673812623E+01    0.198578952485924526E+00
    0.838089160194181357E-03   -0.378839058498521197E+01    0.199764674241631912E+00
    0.834884775634035336E-03   -0.378072904666674825E+01    0.199093615950935887E+00
    0.817391471151020861E-03   -0.373837787642744823E+01    0.197751300582930695E+00
    0.837283550895487946E-03   -0.378646716972256092E+01    0.200497714515376679E+00
    0.796997398542909638E-03   -0.368784443196081924E+01    0.196820378400659801E+00
    0.836319010250854717E-03   -0.378416186552712830E+01    0.200691556330576115E+00
    0.806687450111512132E-03   -0.371201419201776783E+01    0.202773628942251649E+00
    0.788779648843717122E-03   -0.366711560813058890E+01    0.203490397670468781E+00
    0.823790501769487639E-03   -0.375397410683072197E+01    0.198129966302977273E+00
    0.837638749436721698E-03   -0.378731544440727541E+01    0.200403599145620004E+00
    0.837905601414845342E-03   -0.378795249583535432E+01    0.199685060120757485E+00
    0.827935772291206917E-03   -0.376401276587416111E+01    0.198421025610196117E+00
    0.796991483024588358E-03   -0.368782958739473710E+01    0.196820144976323774E+00
    0.837726525658667536E-03   -0.378752501356411742E+01    0.200376743088405085E+00
    0.803383384824833202E-03   -0.370380568378809771E+01    0.202917853377444279E+00
    0.817535913920051601E-03   -0.373873126892848662E+01    0.197759172068581790E+00
    0.793062848493758629E-03   -0.367794654768402829E+01    0.203331633524664740E+00
    0.836861408633958318E-03   -0.378545855390808672E+01    0.200590407757625211E+00
    0.791382008425571526E-03   -0.367370319218604635E+01    0.196605280940568422E+00
    0.838301200035165037E-03   -0.378889652882059780E+01    0.100069165229797363E+00
    0.836704820882788682E-03   -0.378508429264763580E+01    0.993787050247192383E-01
    0.822973768957680255E-03   -0.375199025791368657E+01    0.980776548385620117E-01
    0.838068955663308227E-03   -0.378834236869658714E+01    0.100245356559753418E+00
    0.831840150737039961E-03   -0.377342219420335967E+01    0.101245880126953125E+00
    0.838320480313447906E-03   -0.378894252674251408E+01    0.999864339828491211E-01
    0.818330439870556246E-03   -0.374067403402329735E+01    0.102197051048278809E+00
    0.837958377767285744E-03   -0.378807846394043457E+01    0.997057376731056849E-01
    0.784792515590626051E-03   -0.365698034550720319E+01    0.103632685254787762E+00
    0.795015065849301317E-03   -0.368286373297144554E+01    0.103257002212760712E+00
    0.836933537265005588E-03   -0.378563092539545076E+01    0.994243749731573145E-01
    0.837507807712482106E-03   -0.378700277510930228E+01    0.995593650034977962E-01
    0.797631268035075506E-03   -0.368943444357628003E+01    0.968454806462085704E-01
    0.822116161621694341E-03   -0.374990500434125940E+01    0.101975838120126949E+00
    0.802162581755317241E-03   -0.370076421794358223E+01    0.970304857439785728E-01
    0.802908505173619263E-03   -0.370262313491760686E+01    0.970619524817811358E-01
    0.804251085189517084E-03   -0.370596463338796456E+01    0.102880620310328366E+00
    0.814116545519666477E-03   -0.373034866664998521E+01    0.102420654879588208E+00
    0.822217933144529182E-03   -0.375015257330741747E+01    0.980304367539144711E-01
    0.835474052550921301E-03   -0.378214018523503492E+01    0.991751253503899977E-01
    0.818084613330427417E-03   -0.374007314357928022E+01    0.102210683684552064E+00
    0.837535645090980887E-03   -0.378706925070658906E+01    0.100433026142875720E+00
    0.836147788327477708E-03   -0.378375235802809629E+01    0.100720555971637926E+00
    0.834966849849313889E-03   -0.378092564908121798E+01    0.991045270506872300E-01
    0.829362738162101910E-03   -0.376745684360553890E+01    0.101465862323180070E+00
    0.838307685015789042E-03   -0.378891200048052257E+01    0.999431083220455180E-01
    0.795653109382704182E-03   -0.368446819976736606E+01    0.967677226705717097E-01
    0.819426794873590720E-03   -0.374335173287522771E+01    0.102135243176678006E+00
    0.815647513654210060E-03   -0.373410618866982036E+01    0.976582447087514377E-01
    0.784046823505816864E-03   -0.365507908736717013E+01    0.103658760442329578E+00
    0.830434275215404622E-03   -0.377003917673068756E+01    0.986250385321748302E-01
    0.803321625030616309E-03   -0.370365192863362092E+01    0.102920486919626700E+00
    0.837664535765855517E-03   -0.378737701255284787E+01    0.100395898289700747E+00
    0.811245661906400718E-03   -0.372328344368439534E+01    0.102562438749050050E+00
    0.816689369160499912E-03   -0.373665922942687079E+01    0.102286594360262800E+00
    0.787350654166571635E-03   -0.366348901693831097E+01    0.103541967675917113E+00
    0.837998368854912606E-03   -0.378817391052690633E+01    0.997224290029882637E-01
    0.812341281639966835E-03   -0.372598270140934051E+01    0.974907836741048806E-01
    0.838281422950439069E-03   -0.378884934454359090E+01    0.100097479519457161E+00
    0.836688440426596488E-03   -0.378504513758092997E+01    0.993755618901927124E-01
    0.808460960621743170E-03   -0.371640638585265259E+01    0.102693287605475414E+00
    0.838038834985761890E-03   -0.378827048626105789E+01    0.997404078487955786E-01
    0.831638265326776821E-03   -0.377293674056764106E+01    0.101265212493737169E+00
    0.819982055089409187E-03   -0.374470651447729885E+01    0.978967203554109017E-01
    0.826291110059699033E-03   -0.376003589234863789E+01    0.982997507605621601E-01
    0.791903767070678403E-03   -0.367502135893034243E+01    0.103375248260208205E+00
    0.837996622159012817E-03   -0.378816974178914911E+01    0.997216790842250789E-01
    0.812381624687045947E-03   -0.372608202430786006E+01    0.974927636169904688E-01
    0.784027170354323279E-03   -0.365502895414240747E+01    0.963405545096515104E-01
    0.809489182430259417E-03   -0.371894842202442266E+01    0.973543253207111020E-01
    0.810349349151549283E-03   -0.372107250238272869E+01    0.973947770780987238E-01
    0.819292838866901617E-03   -0.374302475563219250E+01    0.102142886172397751E+00
    0.797714250815392150E-03   -0.368964250579079334E+01    0.103151219784780715E+00
    0.789063536779900372E-03   -0.366783529419783116E+01    0.965199271140837339E-01
    0.790819755093015789E-03   -0.367228174678208541E+01    0.103415591022482670E+00
    0.825994472796925559E-03   -0.375931776645311855E+01    0.982787620542874274E-01
    0.797200799327180696E-03   -0.368835478452713561E+01    0.103171586079292069E+00
    0.820976125753522567E-03   -0.374712966162953931E+01    0.979551355673006635E-01
    0.809065357319252183E-03   -0.371790100567783544E+01    0.102665396057491115E+00
    0.835798156120420312E-03   -0.378291589028626429E+01    0.100776432664463775E+00
    0.834261155054454397E-03   -0.377923458031211146E+01    0.100985382504341123E+00
    0.830443671112972531E-03   -0.377006180547975100E+01    0.101374138334774794E+00
    0.823339723976609754E-03   -0.375287940819163079E+01    0.981009223575878692E-01
    0.822318922184095522E-03   -0.375039820851921801E+01    0.980366824354804711E-01
    0.838170580988027063E-03   -0.378858487657835674E+01    0.100189602355568216E+00
    0.837705042601921235E-03   -0.378747372395693960E+01    0.100383489654852331E+00
    0.790448794502826937E-03   -0.367134335944215140E+01    0.103429300331971175E+00
    0.819188888278007672E-03   -0.374277098267320962E+01    0.978512006971911652E-01
