    0.148384773731231689E+01   -0.734801005747722343E+03   -0.599146350544150419E+01    1
    0.148021769523620605E+01   -0.720933006670114082E+03   -0.599396350544151169E+01    1
    0.147770988941192627E+01   -0.711429330614292326E+03   -0.599646350544151474E+01    1
    0.147553753852844238E+01   -0.703247742036451200E+03   -0.599896350544151957E+01    1
    0.146994328498840332E+01   -0.682395698356499452E+03   -0.600146350544151552E+01    1
    0.146582353115081787E+01   -0.667239807534711531E+03   -0.600396350544151858E+01    1
    0.146248054504394531E+01   -0.655066255493222798E+03   -0.600646350544151630E+01    1
    0.145921134948730469E+01   -0.643269495818897212E+03   -0.600896350544152469E+01    1
    0.145683848857879639E+01   -0.634774062472443461E+03   -0.601146350544151886E+01    1
    0.145554542541503906E+01   -0.630168275484249989E+03   -0.601396350544150859E+01    1
    0.145394170284271240E+01   -0.624479172872439108E+03   -0.601646350544151520E+01    1
    0.145054817199707031E+01   -0.612525632268882418E+03   -0.601896350544151559E+01    1
    0.143894457817077637E+01   -0.572522663173272122E+03   -0.602146350544152753E+01    1
    0.142863452434539795E+01   -0.538108780775074251E+03   -0.602396350544153325E+01    1
    0.142690956592559814E+01   -0.532454849284759462E+03   -0.602646350544152298E+01    1
    0.142661321163177490E+01   -0.531486477878557366E+03   -0.602896350544150561E+01    1
    0.142127501964569092E+01   -0.514193719058139891E+03   -0.603146350544150955E+01    1
    0.141207313537597656E+01   -0.485053736933407265E+03   -0.603396350544152682E+01    1
    0.140871214866638184E+01   -0.474621481487515496E+03   -0.603646350544153165E+01    1
    0.140403449535369873E+01   -0.460290399641335569E+03   -0.603896350544152227E+01    1
    0.140337693691253662E+01   -0.458293357068610419E+03   -0.604146350544151556E+01    1
    0.140071558952331543E+01   -0.450254856728219977E+03   -0.604396350544152039E+01    1
    0.139913189411163330E+01   -0.445504978190511281E+03   -0.604646350544152966E+01    1
    0.139820730686187744E+01   -0.442743517145513977E+03   -0.604896350544152206E+01    1
    0.139725852012634277E+01   -0.439918666754960952E+03   -0.605146350544152156E+01    1
    0.139218771457672119E+01   -0.424973830564281798E+03   -0.605396350544152995E+01    1
    0.139152002334594727E+01   -0.423025147874552545E+03   -0.605646350544151790E+01    1
    0.138195037841796875E+01   -0.395585607266623242E+03   -0.605896350544151829E+01    1
    0.137757825851440430E+01   -0.383353975815891658E+03   -0.606146350544153112E+01    1
    0.137672650814056396E+01   -0.380993329354792422E+03   -0.606396350544153950E+01    1
    0.137235069274902344E+01   -0.368980027020809189E+03   -0.606646350544153368E+01    1
    0.136097228527069092E+01   -0.338638196213478750E+03   -0.606896350544153407E+01    1
    0.135946440696716309E+01   -0.334714420230552491E+03   -0.607146350544153712E+01    1
    0.135924291610717773E+01   -0.334139975575210315E+03   -0.607396350544151886E+01    1
    0.135783398151397705E+01   -0.330497337933193648E+03   -0.607646350544150149E+01    1
    0.135033428668975830E+01   -0.311441803278794850E+03   -0.607896350544150277E+01    1
    0.134999716281890869E+01   -0.310598434903964062E+03   -0.608146350544151737E+01    1
    0.134849762916564941E+01   -0.306860886321187422E+03   -0.608396350544153197E+01    1
    0.134336936473846436E+01   -0.294248766282462839E+03   -0.608646350544153236E+01    1
    0.134122228622436523E+01   -0.289046484672992278E+03   -0.608896350544152032E+01    1
    0.133976399898529053E+01   -0.285539403863536393E+03   -0.609146350544151804E+01    1
    0.133876132965087891E+01   -0.283140390499722741E+03   -0.609396350544151844E+01    1
    0.133848333358764648E+01   -0.282477029811827776E+03   -0.609646350544151083E+01    1
    0.133560049533843994E+01   -0.275643494835035710E+03   -0.609896350544150234E+01    1
    0.133530545234680176E+01   -0.274948807337109372E+03   -0.610146350544149918E+01    1
    0.133138751983642578E+01   -0.265806449496706080E+03   -0.610396350544150579E+01    1
    0.133114933967590332E+01   -0.265255613979475072E+03   -0.610646350544152394E+01    1
    0.132930970191955566E+01   -0.261020224788621761E+03   -0.610896350544153233E+01    1
    0.131636953353881836E+01   -0.232184403035473622E+03   -0.611146350544151318E+01    1
    0.131224155426025391E+01   -0.223337914590485923E+03   -0.611396350544150202E+01    1
    0.130884373188018799E+01   -0.216184049544663651E+03   -0.611646350544151840E+01    1
    0.130651199817657471E+01   -0.211341554770852383E+03   -0.611896350544151613E+01    1
    0.129586732387542725E+01   -0.189925570627051997E+03   -0.612146350544151030E+01    1
    0.129458642005920410E+01   -0.187424902173729578E+03   -0.612396350544150803E+01    1
    0.129444169998168945E+01   -0.187143401275291097E+03   -0.612646350544151108E+01    1
    0.129437398910522461E+01   -0.187011766019834312E+03   -0.612896350544151858E+01    1
    0.129362356662750244E+01   -0.185555955584218822E+03   -0.613146350544150476E+01    1
    0.128770589828491211E+01   -0.174273049071173290E+03   -0.613396350544150160E+01    1
    0.128597807884216309E+01   -0.171044756865553580E+03   -0.613646350544149932E+01    1
    0.128429901599884033E+01   -0.167936164307148459E+03   -0.613896350544150327E+01    1
    0.128113222122192383E+01   -0.162149935640384200E+03   -0.614146350544151343E+01    1
    0.127795934677124023E+01   -0.156453173332677096E+03   -0.614396350544152714E+01    1
    0.127727985382080078E+01   -0.155246260670066903E+03   -0.614646350544152309E+01    1
    0.127703809738159180E+01   -0.154817967438914337E+03   -0.614896350544151282E+01    1
    0.127595365047454834E+01   -0.152903963393042062E+03   -0.615146350544152742E+01    1
    0.726140260696411133E+00   -0.149223258459817117E+03   -0.615396350544151360E+01    1
    0.127316749095916748E+01   -0.148040427441911220E+03   -0.615646350544150067E+01    1
    0.722437143325805664E+00   -0.146778242647951259E+03   -0.615896350544150195E+01    1
    0.721508264541625977E+00   -0.145180946921305974E+03   -0.616146350544151922E+01    1
    0.731495857238769531E+00   -0.140073758454796689E+03   -0.616396350544152849E+01    1
    0.126721322536468506E+01   -0.137906841500749238E+03   -0.616646350544150668E+01    1
    0.716695785522460938E+00   -0.137042952371195838E+03   -0.616896350544149996E+01    1
    0.126580059528350830E+01   -0.135554714798273039E+03   -0.617146350544152167E+01    1
    0.736553549766540527E+00   -0.131679238286038412E+03   -0.617396350544153449E+01    1
    0.713190197944641113E+00   -0.131260731342500321E+03   -0.617646350544151179E+01    1
    0.737705230712890625E+00   -0.129803488506224994E+03   -0.617896350544150152E+01    1
    0.712094306945800781E+00   -0.129478349537641975E+03   -0.618146350544150103E+01    1
    0.711679697036743164E+00   -0.128807149985909859E+03   -0.618396350544151829E+01    1
    0.711129546165466309E+00   -0.127919181053890270E+03   -0.618646350544152934E+01    1
    0.739187598228454590E+00   -0.127408670634109399E+03   -0.618896350544151730E+01    1
    0.710323452949523926E+00   -0.126623575644735638E+03   -0.619146350544153012E+01    1
    0.740649938583374023E+00   -0.125067738183857017E+03   -0.619396350544153673E+01    1
    0.125933051109313965E+01   -0.125036586642449976E+03   -0.619646350544151137E+01    1
    0.709251761436462402E+00   -0.124911145419524217E+03   -0.619896350544150465E+01    1
    0.741258621215820312E+00   -0.124099654507956728E+03   -0.620146350544151748E+01    1
    0.708035826683044434E+00   -0.122982140393410845E+03   -0.620396350544150987E+01    1
    0.742822170257568359E+00   -0.121629878629148806E+03   -0.620646350544149783E+01    1
    0.125518620014190674E+01   -0.118519311388864168E+03   -0.620896350544150710E+01    1
    0.746122360229492188E+00   -0.116497167923155502E+03   -0.621146350544150838E+01    1
    0.703495502471923828E+00   -0.115909874211986420E+03   -0.621396350544150700E+01    1
    0.700836896896362305E+00   -0.111864375143063711E+03   -0.621646350544150472E+01    1
    0.699842929840087891E+00   -0.110370045931752060E+03   -0.621896350544153709E+01    1
    0.124937379360198975E+01   -0.109668178891693671E+03   -0.622146350544152416E+01    1
    0.698938131332397461E+00   -0.109018362640376921E+03   -0.622396350544153076E+01    1
    0.352766752243041992E+00   -0.106493425619579085E+03   -0.622646350544153204E+01    1
    0.352969884872436523E+00   -0.106194666519210060E+03   -0.622896350544151112E+01    1
    0.753258585929870605E+00   -0.105770740832950509E+03   -0.623146350544149907E+01    1
    0.753948688507080078E+00   -0.104760455760454278E+03   -0.623396350544151101E+01    1
    0.695858478546142578E+00   -0.104479006635422238E+03   -0.623646350544152739E+01    1
    0.354358673095703125E+00   -0.104162506233798652E+03   -0.623896350544154199E+01    1
    0.354975104331970215E+00   -0.103266629304435241E+03   -0.624146350544154416E+01    1
    0.755117058753967285E+00   -0.103060861136951502E+03   -0.624396350544154188E+01    1
    0.755672335624694824E+00   -0.102257901336598337E+03   -0.624646350544154139E+01    1
    0.755703926086425781E+00   -0.102212312550803034E+03   -0.624896350544154089E+01    1
    0.756136298179626465E+00   -0.101589351323751401E+03   -0.625146350544151908E+01    1
    0.693591237068176270E+00   -0.101197744630290558E+03   -0.625396350544150437E+01    1
    0.124312400817871094E+01   -0.100527936402143084E+03   -0.625646350544151275E+01    1
    0.357139468193054199E+00   -0.100151185556762499E+03   -0.625896350544152913E+01    1
    0.124130702018737793E+01   -0.979438975876246758E+02   -0.626146350544153396E+01    1
    0.759041666984558105E+00   -0.974517860489057455E+02   -0.626396350544151304E+01    1
    0.339900016784667969E+00   -0.959656012981964324E+02   -0.626646350544151076E+01    1
    0.760739922523498535E+00   -0.950723737102506163E+02   -0.626896350544153069E+01    1
    0.123910796642303467E+01   -0.948606594282052100E+02   -0.627146350544152575E+01    1
    0.123895192146301270E+01   -0.946437102077607477E+02   -0.627396350544150305E+01    1
    0.362290978431701660E+00   -0.929244009229349217E+02   -0.627646350544151854E+01    1
    0.337542533874511719E+00   -0.926952709395506247E+02   -0.627896350544151893E+01    1
    0.686322093009948730E+00   -0.910240930295101265E+02   -0.628146350544150600E+01    1
    0.685664415359497070E+00   -0.901296957906152869E+02   -0.628396350544150373E+01    1
    0.123493826389312744E+01   -0.891472031289010260E+02   -0.628646350544151566E+01    1
    0.123464965820312500E+01   -0.887581800875364593E+02   -0.628896350544151872E+01    1
    0.334363222122192383E+00   -0.883729051117326492E+02   -0.629146350544151289E+01    1
    0.333800911903381348E+00   -0.876189479473266886E+02   -0.629396350544151328E+01    1
    0.683621168136596680E+00   -0.873786106873877628E+02   -0.629646350544151456E+01    1
    0.123302447795867920E+01   -0.865830864973401617E+02   -0.629896350544151140E+01    1
    0.682710051536560059E+00   -0.861653167106266977E+02   -0.630146350544151979E+01    1
    0.768602967262268066E+00   -0.844314288778476509E+02   -0.630396350544154327E+01    1
    0.330782413482666016E+00   -0.836257261981997146E+02   -0.630646350544153300E+01    1
    0.369265556335449219E+00   -0.835630016178426445E+02   -0.630896350544153339E+01    1
    0.123044562339782715E+01   -0.831858311346832693E+02   -0.631146350544152401E+01    1
    0.369640231132507324E+00   -0.830738745123751983E+02   -0.631396350544150398E+01    1
    0.123030257225036621E+01   -0.829993294917540538E+02   -0.631646350544151769E+01    1
    0.770283102989196777E+00   -0.822378946670013136E+02   -0.631896350544152607E+01    1
    0.370498180389404297E+00   -0.819591342287209841E+02   -0.632146350544152202E+01    1
    0.122928953170776367E+01   -0.816844428625086607E+02   -0.632396350544152774E+01    1
    0.329035758972167969E+00   -0.813566632840617388E+02   -0.632646350544152636E+01    1
    0.370965480804443359E+00   -0.813550635365870107E+02   -0.632896350544151876E+01    1
    0.771481513977050781E+00   -0.806905340645996318E+02   -0.633146350544152003E+01    1
    0.772802472114562988E+00   -0.790015833172772943E+02   -0.633396350544152309E+01    1
    0.773223876953125000E+00   -0.784664546904266160E+02   -0.633646350544152615E+01    1
    0.675633907318115234E+00   -0.770249211565284071E+02   -0.633896350544152920E+01    1
    0.675399899482727051E+00   -0.767312017678348042E+02   -0.634146350544152781E+01    1
    0.325057744979858398E+00   -0.763027257136810988E+02   -0.634396350544151222E+01    1
    0.375630617141723633E+00   -0.754442447791872723E+02   -0.634646350544149573E+01    1
    0.122391188144683838E+01   -0.748762996349211676E+02   -0.634896350544151034E+01    1
    0.673567414283752441E+00   -0.744500571803070983E+02   -0.635146350544150984E+01    1
    0.776913523674011230E+00   -0.738569310881856325E+02   -0.635396350544149158E+01    1
    0.377238869667053223E+00   -0.734570034195583617E+02   -0.635646350544149996E+01    1
    0.122191810607910156E+01   -0.724256507660198281E+02   -0.635896350544152256E+01    1
    0.122146415710449219E+01   -0.718732351219683210E+02   -0.636146350544152384E+01    1
    0.778949975967407227E+00   -0.713710694079011034E+02   -0.636396350544150557E+01    1
    0.121939349174499512E+01   -0.693795571717556214E+02   -0.636646350544150952E+01    1
    0.319106817245483398E+00   -0.690376973881895282E+02   -0.636896350544151346E+01    1
    0.668888688087463379E+00   -0.687781285922353618E+02   -0.637146350544153250E+01    1
    0.381228446960449219E+00   -0.686389368735787571E+02   -0.637396350544155155E+01    1
    0.121844601631164551E+01   -0.682528217169375040E+02   -0.637646350544152529E+01    1
    0.781942844390869141E+00   -0.677929877690373388E+02   -0.637896350544150614E+01    1
    0.317779302597045898E+00   -0.674653484176771343E+02   -0.638146350544151897E+01    1
    0.121699821949005127E+01   -0.665484446356555992E+02   -0.638396350544152380E+01    1
    0.784154534339904785E+00   -0.652063873864661474E+02   -0.638646350544151620E+01    1
    0.121556830406188965E+01   -0.648856923351514325E+02   -0.638896350544153080E+01    1
    0.384461522102355957E+00   -0.648512271909665401E+02   -0.639146350544153830E+01    1
    0.384472131729125977E+00   -0.648389695525067395E+02   -0.639396350544151737E+01    1
    0.121479940414428711E+01   -0.640000437758613572E+02   -0.639646350544152220E+01    1
    0.314493536949157715E+00   -0.636493778320853352E+02   -0.639896350544151460E+01    1
    0.786080837249755859E+00   -0.629934060250277099E+02   -0.640146350544150433E+01    1
    0.121301949024200439E+01   -0.619725536892571682E+02   -0.640396350544151272E+01    1
    0.787347316741943359E+00   -0.615586630426448309E+02   -0.640646350544151311E+01    1
    0.312449097633361816E+00   -0.613295256092313039E+02   -0.640896350544153304E+01    1
    0.387616634368896484E+00   -0.612556321693161294E+02   -0.641146350544155297E+01    1
    0.121200108528137207E+01   -0.608267433374704325E+02   -0.641396350544154892E+01    1
    0.388381481170654297E+00   -0.603989965447296413E+02   -0.641646350544152533E+01    1
    0.311407566070556641E+00   -0.601637567052718296E+02   -0.641896350544152039E+01    1
    0.310820698738098145E+00   -0.595116641604461520E+02   -0.642146350544151190E+01    1
    0.790913581848144531E+00   -0.576047609424519678E+02   -0.642396350544151495E+01    1
    0.391710281372070312E+00   -0.567388436190255447E+02   -0.642646350544152956E+01    1
    0.392105937004089355E+00   -0.563111719652723082E+02   -0.642896350544153616E+01    1
    0.657767772674560547E+00   -0.561749919526233725E+02   -0.643146350544153833E+01    1
    0.306607007980346680E+00   -0.549307985690531169E+02   -0.643396350544153695E+01    1
    0.656582593917846680E+00   -0.549047744477276183E+02   -0.643646350544153023E+01    1
    0.393821835517883301E+00   -0.544745408804017757E+02   -0.643896350544152440E+01    1
    0.120598065853118896E+01   -0.542650277299669241E+02   -0.644146350544153545E+01    1
    0.794045448303222656E+00   -0.542373629427699697E+02   -0.644396350544153229E+01    1
    0.305464506149291992E+00   -0.537193381030148558E+02   -0.644646350544153979E+01    1
    0.395701885223388672E+00   -0.524960115462205863E+02   -0.644896350544154906E+01    1
    0.120422101020812988E+01   -0.524156226604601088E+02   -0.645146350544151925E+01    1
    0.303309559822082520E+00   -0.514698535696068475E+02   -0.645396350544149033E+01    1
    0.652242183685302734E+00   -0.503728484401405012E+02   -0.645646350544149072E+01    1
    0.398198127746582031E+00   -0.499236337879507914E+02   -0.645896350544150355E+01    1
    0.798292994499206543E+00   -0.498271026561368089E+02   -0.646146350544151460E+01    1
    0.398385524749755859E+00   -0.497330357183570300E+02   -0.646396350544151854E+01    1
    0.398851871490478516E+00   -0.492602473213379994E+02   -0.646646350544152693E+01    1
    0.399107456207275391E+00   -0.490020547812789005E+02   -0.646896350544151133E+01    1
    0.120076322555541992E+01   -0.488716659381066947E+02   -0.647146350544151172E+01    1
    0.400174617767333984E+00   -0.479310625059339941E+02   -0.647396350544154586E+01    1
    0.119956707954406738E+01   -0.476735444611177570E+02   -0.647646350544154359E+01    1
    0.800751090049743652E+00   -0.473572584480151164E+02   -0.647896350544153865E+01    1
    0.400781750679016113E+00   -0.473268328080492324E+02   -0.648146350544153194E+01    1
    0.400863051414489746E+00   -0.472462006906751526E+02   -0.648396350544150657E+01    1
    0.999225139617919922E+00   -0.471411441158442557E+02   -0.648646350544150696E+01    1
    0.298990845680236816E+00   -0.471014654588869206E+02   -0.648896350544150824E+01    1
    0.100113630294799805E+01   -0.468776077854701327E+02   -0.649146350544149886E+01    1
    0.100120091438293457E+01   -0.468251402340722365E+02   -0.649396350544152856E+01    1
    0.998659849166870117E+00   -0.467080614584744964E+02   -0.649646350544153872E+01    1
    0.188839435577392578E-02   -0.462349636268853033E+02   -0.649896350544152046E+01    1
    0.119801223278045654E+01   -0.461375166894965503E+02   -0.650146350544152618E+01    1
    0.647092938423156738E+00   -0.452407212746591156E+02   -0.650396350544153723E+01    1
    0.119684767723083496E+01   -0.450028907414844923E+02   -0.650646350544155183E+01    1
    0.100357115268707275E+01   -0.445973501729502289E+02   -0.650896350544155666E+01    1
    0.803807854652404785E+00   -0.443701719493090678E+02   -0.651146350544154462E+01    1
    0.100392496585845947E+01   -0.442571990402969249E+02   -0.651396350544152725E+01    1
    0.414848327636718750E-02   -0.440430941075489386E+02   -0.651646350544151254E+01    1
    0.454843044281005859E-02   -0.436605384710999829E+02   -0.651896350544152003E+01    1
    0.404816150665283203E+00   -0.434053536873149710E+02   -0.652146350544151776E+01    1
    0.294603466987609863E+00   -0.428546076468235668E+02   -0.652396350544151549E+01    1
    0.100596833229064941E+01   -0.423152939315284442E+02   -0.652646350544154163E+01    1
    0.993499875068664551E+00   -0.418166587459618668E+02   -0.652896350544154469E+01    1
    0.643237709999084473E+00   -0.415718806458114685E+02   -0.653146350544152288E+01    1
    0.992200136184692383E+00   -0.406098532108952597E+02   -0.653396350544150284E+01    1
    0.290932059288024902E+00   -0.394487248482490003E+02   -0.653646350544152011E+01    1
    0.640841722488403320E+00   -0.393666205397449929E+02   -0.653896350544151694E+01    1
    0.990633487701416016E+00   -0.391776732737409645E+02   -0.654146350544151645E+01    1
    0.640337228775024414E+00   -0.389096023302000802E+02   -0.654396350544152305E+01    1
    0.101006078720092773E+01   -0.385508378092035358E+02   -0.654646350544150213E+01    1
    0.102541446685791016E-01   -0.383771205622862794E+02   -0.654896350544151318E+01    1
    0.112547874450683594E-01   -0.374840915735446174E+02   -0.655146350544153577E+01    1
    0.811339259147644043E+00   -0.374091626588877517E+02   -0.655396350544152639E+01    1
    0.811395287513732910E+00   -0.373595031903149248E+02   -0.655646350544151346E+01    1
    0.812039971351623535E+00   -0.367903610155606913E+02   -0.655896350544154050E+01    1
    0.412132740020751953E+00   -0.367088046977484623E+02   -0.656146350544153023E+01    1
    0.287739515304565430E+00   -0.365966405458449771E+02   -0.656396350544149687E+01    1
    0.101228642463684082E+01   -0.365738843313664503E+02   -0.656646350544152924E+01    1
    0.287576556205749512E+00   -0.364537938007386373E+02   -0.656896350544153496E+01    1
    0.987413167953491211E+00   -0.363108374747592606E+02   -0.657146350544153623E+01    1
    0.118714737892150879E+01   -0.360788560808897287E+02   -0.657396350544153485E+01    1
    0.412918567657470703E+00   -0.360214071105771723E+02   -0.657646350544153258E+01    1
    0.101314687728881836E+01   -0.358228524398587851E+02   -0.657896350544154984E+01    1
    0.286554455757141113E+00   -0.355638968735191128E+02   -0.658146350544153069E+01    1
    0.813450098037719727E+00   -0.355599554648462828E+02   -0.658396350544152664E+01    1
    0.413597464561462402E+00   -0.354325184674833622E+02   -0.658646350544151371E+01    1
    0.413759708404541016E+00   -0.352924672887936026E+02   -0.658896350544149989E+01    1
    0.413761854171752930E+00   -0.352906167959146728E+02   -0.659146350544150383E+01    1
    0.413908720016479492E+00   -0.351640702624492292E+02   -0.659396350544150245E+01    1
    0.635903954505920410E+00   -0.350029748152208100E+02   -0.659646350544153037E+01    1
    0.118566405773162842E+01   -0.347971817516833895E+02   -0.659896350544154586E+01    1
    0.814578294754028320E+00   -0.345898664520929771E+02   -0.660146350544153382E+01    1
    0.814736366271972656E+00   -0.344549639989806593E+02   -0.660396350544152799E+01    1
    0.634947776794433594E+00   -0.341861517280291451E+02   -0.660646350544152128E+01    1
    0.118427896499633789E+01   -0.336202475207142939E+02   -0.660896350544152167E+01    1
    0.284012675285339355E+00   -0.333961758594439715E+02   -0.661146350544150341E+01    1
    0.983871698379516602E+00   -0.332778367617676523E+02   -0.661396350544151090E+01    1
    0.101627421379089355E+01   -0.331555641981096940E+02   -0.661646350544152284E+01    1
    0.166913270950317383E-01   -0.328072027223795999E+02   -0.661896350544151524E+01    1
    0.416837453842163086E+00   -0.326855732337164113E+02   -0.662146350544153428E+01    1
    0.171160697937011719E-01   -0.324542572486577114E+02   -0.662396350544155332E+01    1
    0.118259561061859131E+01   -0.322157022837343305E+02   -0.662646350544154661E+01    1
    0.281807422637939453E+00   -0.315677998097568633E+02   -0.662896350544150970E+01    1
    0.118171596527099609E+01   -0.314930227172977624E+02   -0.663146350544149499E+01    1
    0.980989575386047363E+00   -0.309020844225058653E+02   -0.663396350544150870E+01    1
    0.419183135032653809E+00   -0.307623561321959755E+02   -0.663646350544150021E+01    1
    0.192809104919433594E-01   -0.306833848714929331E+02   -0.663896350544151659E+01    1
    0.630568742752075195E+00   -0.305621393596949389E+02   -0.664146350544151787E+01    1
    0.118023443222045898E+01   -0.302933483851416980E+02   -0.664396350544149605E+01    1
    0.101977002620697021E+01   -0.302897712905959366E+02   -0.664646350544150177E+01    1
    0.199545621871948242E-01   -0.301418883896629382E+02   -0.664896350544150394E+01    1
    0.117984533309936523E+01   -0.299819139051875112E+02   -0.665146350544150700E+01    1
    0.278611063957214355E+00   -0.290040246988708574E+02   -0.665396350544153758E+01    1
    0.977920651435852051E+00   -0.284636674173823749E+02   -0.665646350544154952E+01    1
    0.221953392028808594E-01   -0.283733540252184753E+02   -0.665896350544153570E+01    1
    0.627632021903991699E+00   -0.282391819409538343E+02   -0.666146350544152188E+01    1
    0.976984024047851562E+00   -0.277382276094455520E+02   -0.666396350544151161E+01    1
    0.824012160301208496E+00   -0.269762867268908195E+02   -0.666646350544151556E+01    1
    0.102414572238922119E+01   -0.268748849757101986E+02   -0.666896350544149996E+01    1
    0.625702619552612305E+00   -0.267599608520823971E+02   -0.667146350544150746E+01    1
    0.102443134784698486E+01   -0.266586337575616987E+02   -0.667396350544151140E+01    1
    0.275099754333496094E+00   -0.263053933212019544E+02   -0.667646350544149936E+01    1
    0.824943542480468750E+00   -0.262728868933506448E+02   -0.667896350544150152E+01    1
    0.624867677688598633E+00   -0.261313736288640506E+02   -0.668146350544149747E+01    1
    0.117452645301818848E+01   -0.258764888138058389E+02   -0.668396350544151296E+01    1
    0.274509429931640625E+00   -0.258638035601349472E+02   -0.668646350544152668E+01    1
    0.102581703662872314E+01   -0.256210880891657204E+02   -0.668896350544152263E+01    1
    0.274150729179382324E+00   -0.255971810056151341E+02   -0.669146350544153190E+01    1
    0.973863363265991211E+00   -0.253845099812635127E+02   -0.669396350544152785E+01    1
    0.426867365837097168E+00   -0.248474387144695470E+02   -0.669646350544153623E+01    1
    0.102717244625091553E+01   -0.246247907418236380E+02   -0.669896350544153307E+01    1
    0.117272627353668213E+01   -0.245510821291061276E+02   -0.670146350544152813E+01    1
    0.272595643997192383E+00   -0.244561654532801001E+02   -0.670396350544153474E+01    1
    0.621606469154357910E+00   -0.237429599402146572E+02   -0.670646350544153957E+01    1
    0.271324396133422852E+00   -0.235413752354317509E+02   -0.670896350544154174E+01    1
    0.620233535766601562E+00   -0.227692755478371076E+02   -0.671146350544151993E+01    1
    0.970084428787231445E+00   -0.226646636086071958E+02   -0.671396350544151943E+01    1
    0.619908690452575684E+00   -0.225416528204148356E+02   -0.671646350544153314E+01    1
    0.269193172454833984E+00   -0.220440033882666100E+02   -0.671896350544153709E+01    1
    0.116890943050384521E+01   -0.218480758782659414E+02   -0.672146350544153126E+01    1
    0.968568086624145508E+00   -0.216134403329262277E+02   -0.672396350544153432E+01    1
    0.831747889518737793E+00   -0.213972807421767577E+02   -0.672646350544153382E+01    1
    0.831954956054687500E+00   -0.212561678440421922E+02   -0.672896350544152355E+01    1
    0.116772422472916215E+01   -0.210383808922748656E+02   -0.673146350544152305E+01    1
    0.432539582252502441E+00   -0.208600676297790528E+02   -0.673396350544152700E+01    1
    0.966844320297241211E+00   -0.204463435964454838E+02   -0.673646350544152295E+01    1
    0.103316640853881836E+01   -0.204391725544453529E+02   -0.673896350544150913E+01    1
    0.336041450500488281E-01   -0.201475755891194126E+02   -0.674146350544151751E+01    1
    0.833979487419128418E+00   -0.198990682236497598E+02   -0.674396350544153478E+01    1
    0.615975022315979004E+00   -0.198690456644142444E+02   -0.674646350544154760E+01    1
    0.965505719184875488E+00   -0.195605240460834402E+02   -0.674896350544153822E+01    1
    0.116530549526214600E+01   -0.194295663736154438E+02   -0.675146350544153151E+01    1
    0.615203161604810811E+00   -0.193627892327599795E+02   -0.675396350544154078E+01    1
    0.103484892845153809E+01   -0.193288384360087093E+02   -0.675646350544154206E+01    1
    0.835346460342407227E+00   -0.190059287677242530E+02   -0.675896350544154600E+01    1
    0.435692369977535521E+00   -0.187828842119755102E+02   -0.676146350544154284E+01    1
    0.357174873352050781E-01   -0.187667349889422326E+02   -0.676396350544152813E+01    1
    0.264177441596984863E+00   -0.186992478661166430E+02   -0.676646350544152320E+01    1
    0.614050865173339844E+00   -0.186180944637114010E+02   -0.676896350544152448E+01    1
    0.103613209724426270E+01   -0.185010728285262758E+02   -0.677146350544153020E+01    1
    0.361607074737548828E-01   -0.184828041677021133E+02   -0.677396350544153325E+01    1
    0.263725399971008301E+00   -0.184101608237695515E+02   -0.677646350544152742E+01    1
    0.436472892761230469E+00   -0.182839945870752558E+02   -0.677896350544152249E+01    1
    0.962916254997253418E+00   -0.178978035308416956E+02   -0.678146350544152821E+01    1
    0.375111103057861328E-01   -0.176298344925227752E+02   -0.678396350544152327E+01    1
    0.103769791126251221E+01   -0.175132791217137083E+02   -0.678646350544153254E+01    1
    0.262028217315673828E+00   -0.173430265332469205E+02   -0.678896350544155069E+01    1
    0.838026404380798340E+00   -0.173091605863063016E+02   -0.679146350544154576E+01    1
    0.961776614189147949E+00   -0.171872781198187958E+02   -0.679396350544153282E+01    1
    0.961754322052001953E+00   -0.171735092769564908E+02   -0.679646350544152344E+01    1
    0.103873991966247559E+01   -0.168695150312444149E+02   -0.679896350544153183E+01    1
    0.439491152763366699E+00   -0.164121307859757621E+02   -0.680146350544152245E+01    1
    0.116029703617095947E+01   -0.162841906714545566E+02   -0.680396350544151129E+01    1
    0.259989619255065918E+00   -0.160992999082835091E+02   -0.680646350544152234E+01    1
    0.440328955650329590E+00   -0.159086954853463016E+02   -0.680896350544153428E+01    1
    0.259513012961038625E+00   -0.158145213749483862E+02   -0.681146350544153911E+01    1
    0.115947222709655762E+01   -0.157902567955671937E+02   -0.681396350544153862E+01    1
    0.104085350036621094E+01   -0.155970699110937385E+02   -0.681646350544152657E+01    1
    0.259067177772521973E+00   -0.155501852664982021E+02   -0.681896350544151630E+01    1
    0.958920478820800781E+00   -0.154636419388067896E+02   -0.682146350544151847E+01    1
    0.441160440444946289E+00   -0.154159966596081990E+02   -0.682396350544152064E+01    1
    0.415997505187988281E-01   -0.151584735137773254E+02   -0.682646350544153968E+01    1
    0.420235720661209788E-01   -0.149118587963059799E+02   -0.682896350544155251E+01    1
    0.257945060729980469E+00   -0.148936781314502564E+02   -0.683146350544154934E+01    1
    0.115788757801055908E+01   -0.148603862560874038E+02   -0.683396350544154174E+01    1
    0.104261302947998047E+01   -0.145718497437726402E+02   -0.683646350544153680E+01    1
    0.115738487243652344E+01   -0.145706457392249238E+02   -0.683896350544154874E+01    1
    0.442701697349548340E+00   -0.145210052495584154E+02   -0.684146350544154913E+01    1
    0.104323005676269531E+01   -0.142196600922786676E+02   -0.684396350544154775E+01    1
    0.443751692771911621E+00   -0.139248881465717336E+02   -0.684646350544155524E+01    1
    0.104391149652370618E+01   -0.138351289274958038E+02   -0.684896350544155474E+01    1
    0.955932855606079102E+00   -0.137479494976970944E+02   -0.685146350544153826E+01    1
    0.955826520919799805E+00   -0.136885300064888487E+02   -0.685396350544151556E+01    1
    0.104466164112091064E+01   -0.134171976335991250E+02   -0.685646350544151773E+01    1
    0.450230836868286133E-01   -0.132178344529718874E+02   -0.685896350544152789E+01    1
    0.954963088035583496E+00   -0.132102330484811308E+02   -0.686146350544154071E+01    1
    0.604619167367766330E+00   -0.130217950361849635E+02   -0.686396350544154465E+01    1
    0.604558825492858887E+00   -0.129888550122457556E+02   -0.686646350544152817E+01    1
    0.254210128317035378E+00   -0.127992178771918343E+02   -0.686896350544151790E+01    1
    0.445802211761474609E+00   -0.127925290661848425E+02   -0.687146350544153250E+01    1
    0.115410757064819336E+01   -0.127436738236907665E+02   -0.687396350544153822E+01    1
    0.462069511413574219E-01   -0.125739883439861746E+02   -0.687646350544153773E+01    1
    0.115372967720031738E+01   -0.125399188766961167E+02   -0.687896350544152835E+01    1
    0.462963678705953091E-01   -0.125259283358967810E+02   -0.688146350544150920E+01    1
    0.846866130828857422E+00   -0.122215680819251240E+02   -0.688396350544151847E+01    1
    0.115312242507934570E+01   -0.122154880479980754E+02   -0.688646350544154107E+01    1
    0.447291731834411621E+00   -0.119963354815225234E+02   -0.688896350544153702E+01    1
    0.602655291557312012E+00   -0.119684264613722817E+02   -0.689146350544151343E+01    1
    0.447363964851688334E+00   -0.119582887971161433E+02   -0.689396350544150760E+01    1
    0.252565622329711914E+00   -0.119212510709941704E+02   -0.689646350544151510E+01    1
    0.447465658187866211E+00   -0.119048131646151791E+02   -0.689896350544152792E+01    1
    0.602510809898376465E+00   -0.118924535973617722E+02   -0.690146350544152209E+01    1
    0.115228474140167236E+01   -0.117739987336433511E+02   -0.690396350544152249E+01    1
    0.952207207679748535E+00   -0.117334904850265946E+02   -0.690646350544153442E+01    1
    0.478400323832826185E-01   -0.117088389253296690E+02   -0.690896350544152682E+01    1
    0.952099442481994629E+00   -0.116772873511179558E+02   -0.691146350544153076E+01    1
    0.951558113098144531E+00   -0.113967229476499359E+02   -0.691396350544153826E+01    1
    0.448704167912394813E+00   -0.112618397642435646E+02   -0.691646350544152089E+01    1
    0.950506091117858887E+00   -0.108598540164719441E+02   -0.691896350544152217E+01    1
    0.849773406982421875E+00   -0.107190810472117839E+02   -0.692146350544153677E+01    1
    0.499457120895385742E-01   -0.106326865075614663E+02   -0.692396350544152206E+01    1
    0.850408054594332330E+00   -0.104023330620382612E+02   -0.692646350544152334E+01    1
    0.504144430160522461E-01   -0.103991651234862896E+02   -0.692896350544152639E+01    1
    0.949292302131652832E+00   -0.102541830636353559E+02   -0.693146350544152234E+01    1
    0.249276757240295410E+00   -0.102465218370396638E+02   -0.693396350544152806E+01    1
    0.114892246653774066E+01   -0.100725664771263670E+02   -0.693646350544154089E+01    1
    0.451108574867248535E+00   -0.100573850740018447E+02   -0.693896350544153240E+01    1
    0.598638296127319336E+00   -0.993394706728865096E+01   -0.694146350544151414E+01    1
    0.851401567459106445E+00   -0.991456604360355342E+01   -0.694396350544153496E+01    1
    0.149105310440063477E+00   -0.981949362364969858E+01   -0.694646350544154600E+01    1
    0.598344087600708008E+00   -0.979128184616926411E+01   -0.694896350544153751E+01    1
    0.451717734336853027E+00   -0.976141370427814259E+01   -0.695146350544152813E+01    1
    0.597974419593811035E+00   -0.961325249325981623E+01   -0.695396350544152142E+01    1
    0.105204820632934570E+01   -0.960240039760968678E+01   -0.695646350544152892E+01    1
    0.597115993499755859E+00   -0.920511203378979737E+01   -0.695896350544152753E+01    1
    0.852983000368371713E+00   -0.915851908824731886E+01   -0.696146350544153414E+01    1
    0.531438589096069336E-01   -0.908301760585874796E+01   -0.696396350544154430E+01    1
    0.453193902969360352E+00   -0.905958141265290529E+01   -0.696646350544154380E+01    1
    0.946796475384772629E+00   -0.905507835863277677E+01   -0.696896350544153265E+01    1
    0.532655715942382812E-01   -0.902606180851097939E+01   -0.697146350544151527E+01    1
    0.853557944297790527E+00   -0.888985050568028257E+01   -0.697396350544152011E+01    1
    0.946294784545898438E+00   -0.882156319720040827E+01   -0.697646350544153115E+01    1
    0.114618897438049316E+01   -0.877263458805386520E+01   -0.697896350544153865E+01    1
    0.245987892150878906E+00   -0.867995893884898173E+01   -0.698146350544153194E+01    1
    0.595982909202575684E+00   -0.867766751010621462E+01   -0.698396350544151723E+01    1
    0.454062986681467773E+00   -0.865657377957967178E+01   -0.698646350544151318E+01    1
    0.105432450771331787E+01   -0.853678079459847083E+01   -0.698896350544151179E+01    1
    0.114565036839328660E+01   -0.852530848865849755E+01   -0.699146350544153172E+01    1
    0.945402301154243618E+00   -0.841237256694778246E+01   -0.699396350544154721E+01    1
    0.454873899623707667E+00   -0.828735249230069293E+01   -0.699646350544154494E+01    1
    0.105510282516479492E+01   -0.818430935735953646E+01   -0.699896350544154533E+01    1
    0.855228781700134277E+00   -0.812783775671580067E+01   -0.700146350544153595E+01    1
    0.594413042068481445E+00   -0.796811934532812938E+01   -0.700396350544152480E+01    1
    0.105576288061672385E+01   -0.789014147309580771E+01   -0.700646350544153584E+01    1
    0.594218109835724095E+00   -0.788173400366541355E+01   -0.700896350544153979E+01    1
    0.244175983644214833E+00   -0.786311547111431430E+01   -0.701146350544154107E+01    1
    0.155904818224222752E+00   -0.782473052788528545E+01   -0.701396350544154057E+01    1
    0.594086050987243652E+00   -0.782342727469385046E+01   -0.701646350544153208E+01    1
    0.105622172355651855E+01   -0.768821525825408791E+01   -0.701896350544152625E+01    1
    0.114351391792297363E+01   -0.757283308148102741E+01   -0.702146350544151598E+01    1
    0.156525254249572754E+00   -0.755433053383313080E+01   -0.702396350544153236E+01    1
    0.856685519218444824E+00   -0.748624904332320718E+01   -0.702646350544154696E+01    1
    0.143144488334655762E+00   -0.741170910703141939E+01   -0.702896350544153314E+01    1
    0.943075776100158691E+00   -0.738314024959963966E+01   -0.703146350544151755E+01    1
    0.143020936328872139E+00   -0.735860188810229410E+01   -0.703396350544152327E+01    1
    0.857051610946655273E+00   -0.732834842783194951E+01   -0.703646350544152632E+01    1
    0.242767572402954102E+00   -0.725085406265423948E+01   -0.703896350544151961E+01    1
    0.573197603225708008E-01   -0.721354211105864884E+01   -0.704146350544150845E+01    1
    0.105757856369018555E+01   -0.710341910938289445E+01   -0.704396350544150884E+01    1
    0.105766928195953369E+01   -0.706497626555197300E+01   -0.704646350544151279E+01    1
    0.578762292861938477E-01   -0.697758811219120467E+01   -0.704896350544151762E+01    1
    0.114204561710357666E+01   -0.694469740454749029E+01   -0.705146350544152156E+01    1
    0.141857834423482820E+00   -0.686562836557835343E+01   -0.705396350544152728E+01    1
    0.158215999603271484E+00   -0.683477100454758357E+01   -0.705646350544153478E+01    1
    0.583246946334838867E-01   -0.678968320340647402E+01   -0.705896350544154227E+01    1
    0.141617204479620284E+00   -0.676525761658017011E+01   -0.706146350544154533E+01    1
    0.141616940498352051E+00   -0.676514781567349921E+01   -0.706396350544153684E+01    1
    0.114160896496010600E+01   -0.676205764170124279E+01   -0.706646350544153545E+01    1
    0.585906505584716797E-01   -0.667919892229764933E+01   -0.706896350544155450E+01    1
    0.941156268119812012E+00   -0.657471984419389877E+01   -0.707146350544153979E+01    1
    0.241087913513183594E+00   -0.654661100077890801E+01   -0.707396350544152686E+01    1
    0.105907881259918213E+01   -0.647824570790894860E+01   -0.707646350544154679E+01    1
    0.140888214111328125E+00   -0.646464773114971614E+01   -0.707896350544152941E+01    1
    0.859189271926879883E+00   -0.643310544573541598E+01   -0.708146350544153069E+01    1
    0.859252431673463879E+00   -0.640734943907329502E+01   -0.708396350544153908E+01    1
    0.159406339666004787E+00   -0.634467191510036166E+01   -0.708646350544154124E+01    1
    0.140429615974426270E+00   -0.627822729348892228E+01   -0.708896350544155673E+01    1
    0.459864139556884766E+00   -0.615996428399074070E+01   -0.709146350544154203E+01    1
    0.459956169128417969E+00   -0.612306977080395942E+01   -0.709396350544152199E+01    1
    0.139711976051330566E+00   -0.599069898822274283E+01   -0.709646350544153037E+01    1
    0.860329747200012207E+00   -0.597417260251934223E+01   -0.709896350544154053E+01    1
    0.460483551025390625E+00   -0.591327651425915857E+01   -0.710146350544153915E+01    1
    0.139418601989746094E+00   -0.587463334706203444E+01   -0.710396350544152710E+01    1
    0.139293789863586426E+00   -0.582551502054946102E+01   -0.710646350544152217E+01    1
    0.239268519250193656E+00   -0.581561083695878001E+01   -0.710896350544153144E+01    1
    0.939215898513793945E+00   -0.579496129766555867E+01   -0.711146350544151939E+01    1
    0.608705282211303711E-01   -0.576110562491141120E+01   -0.711396350544151357E+01    1
    0.938985466957092285E+00   -0.570486098575729894E+01   -0.711646350544154149E+01    1
    0.238961696624755859E+00   -0.569559683584219201E+01   -0.711896350544153389E+01    1
    0.461129546165466309E+00   -0.566008872295769816E+01   -0.712146350544156537E+01    1
    0.138867009666896413E+00   -0.565873539688726002E+01   -0.712396350544155688E+01    1
    0.461457133293151855E+00   -0.553329068635393639E+01   -0.712646350544154750E+01    1
    0.615027874709859340E-01   -0.551570467896502681E+01   -0.712896350544153723E+01    1
    0.138472318649291992E+00   -0.550611447423199429E+01   -0.713146350544152074E+01    1
    0.238296508789062500E+00   -0.543864074359833793E+01   -0.713396350544153002E+01    1
    0.113817250728607178E+01   -0.539122937897061760E+01   -0.713646350544153840E+01    1
    0.113816079796811120E+01   -0.538676032425960383E+01   -0.713896350544153169E+01    1
    0.137972831726074219E+00   -0.531520158341437554E+01   -0.714146350544152320E+01    1
    0.137942433357238770E+00   -0.530366326130517596E+01   -0.714396350544151826E+01    1
    0.162131894572034418E+00   -0.527548947498385434E+01   -0.714646350544152398E+01    1
    0.862326049987153787E+00   -0.520216036429682127E+01   -0.714896350544152526E+01    1
    0.106237554550170898E+01   -0.518352569791452567E+01   -0.715146350544152209E+01    1
    0.106243555062621398E+01   -0.516096710022333660E+01   -0.715396350544154291E+01    1
    0.937563956707559432E+00   -0.516078203408162484E+01   -0.715646350544154330E+01    1
    0.627652406692504883E-01   -0.503766432853882762E+01   -0.715896350544152416E+01    1
    0.937152981758117676E+00   -0.500724808403975263E+01   -0.716146350544153698E+01    1
    0.629195947783574849E-01   -0.498031007345070531E+01   -0.716396350544155514E+01    1
    0.137046705288674214E+00   -0.496781731177394725E+01   -0.716646350544155020E+01    1
    0.937021606461617917E+00   -0.495852454143917587E+01   -0.716896350544153993E+01    1
    0.106300628185272217E+01   -0.494820372824583554E+01   -0.717146350544152789E+01    1
    0.106304824352264404E+01   -0.493268935025375921E+01   -0.717396350544151140E+01    1
    0.113691258430480957E+01   -0.491822221674297300E+01   -0.717646350544152867E+01    1
    0.586849370861470820E+00   -0.489490848087565666E+01   -0.717896350544152639E+01    1
    0.136640191078186035E+00   -0.481804425039612472E+01   -0.718146350544151257E+01    1
    0.586505413055419922E+00   -0.476875372817869270E+01   -0.718396350544153606E+01    1
    0.586492180824279785E+00   -0.476392412300424262E+01   -0.718646350544155155E+01    1
    0.136476635932922363E+00   -0.475825132206114798E+01   -0.718896350544153506E+01    1
    0.163663506507873535E+00   -0.470723044879711061E+01   -0.719146350544154345E+01    1
    0.163734436035156250E+00   -0.468148238043438525E+01   -0.719396350544153229E+01    1
    0.106386170656476930E+01   -0.463540907849885819E+01   -0.719646350544152558E+01    1
    0.639066494065413382E-01   -0.461917760175625158E+01   -0.719896350544154728E+01    1
    0.464052107310568729E+00   -0.456678276049890819E+01   -0.720146350544152902E+01    1
    0.642168055632802853E-01   -0.450771283692508185E+01   -0.720396350544150454E+01    1
    0.864356926555764127E+00   -0.445767123920060726E+01   -0.720646350544151826E+01    1
    0.113553059101104736E+01   -0.441764230441620320E+01   -0.720896350544152131E+01    1
    0.935370683670043945E+00   -0.436095413287619582E+01   -0.721146350544153858E+01    1
    0.864679637143906499E+00   -0.434316797787519082E+01   -0.721396350544157183E+01    1
    0.106479314307925654E+01   -0.430314168763317539E+01   -0.721646350544157311E+01    1
    0.585060496103530947E+00   -0.425171975157307358E+01   -0.721896350544154153E+01    1
    0.465078112569197233E+00   -0.420321892509283934E+01   -0.722146350544153215E+01    1
    0.106514966487884521E+01   -0.417825710672864137E+01   -0.722396350544156540E+01    1
    0.165214045658526792E+00   -0.415584066672149621E+01   -0.722646350544155958E+01    1
    0.165272220068380965E+00   -0.413562107833777137E+01   -0.722896350544154398E+01    1
    0.165440201759338379E+00   -0.407742589164835856E+01   -0.723146350544155947E+01    1
    0.134479880332946777E+00   -0.404983837347284759E+01   -0.723396350544155720E+01    1
    0.113443303108215332E+01   -0.403369596396728980E+01   -0.723646350544153627E+01    1
    0.865833640098571777E+00   -0.394222856101425601E+01   -0.723896350544151890E+01    1
    0.466153621673583984E+00   -0.383341444551888877E+01   -0.724146350544153172E+01    1
    0.866500496864318848E+00   -0.371661136813220017E+01   -0.724396350544154721E+01    1
    0.166598320007324219E+00   -0.368388888624577104E+01   -0.724646350544153783E+01    1
    0.233207941055297852E+00   -0.361936456210531521E+01   -0.724896350544153822E+01    1
    0.166984438896179199E+00   -0.355566414939662945E+01   -0.725146350544154306E+01    1
    0.132957536277557936E+00   -0.353652376419916425E+01   -0.725396350544152924E+01    1
    0.106721651230262493E+01   -0.347931314446437812E+01   -0.725646350544151186E+01    1
    0.582746148109436035E+00   -0.346707889646993950E+01   -0.725896350544152913E+01    1
    0.113268244266510010E+01   -0.344623810923238327E+01   -0.726146350544154107E+01    1
    0.867347527033804244E+00   -0.343644777048536687E+01   -0.726396350544153080E+01    1
    0.232628583908081055E+00   -0.342865025567806203E+01   -0.726646350544152231E+01    1
    0.582608209066218574E+00   -0.342200430897540819E+01   -0.726896350544152803E+01    1
    0.674311484578297704E-01   -0.340917827032425969E+01   -0.727146350544152398E+01    1
    0.867657423019409180E+00   -0.333573924517185949E+01   -0.727396350544151549E+01    1
    0.132176399230957031E+00   -0.328213113562623660E+01   -0.727646350544151943E+01    1
    0.232169779579361413E+00   -0.328000140736812584E+01   -0.727896350544154469E+01    1
    0.582017688917879750E+00   -0.323118983465480492E+01   -0.728146350544153353E+01    1
    0.582007802764646809E+00   -0.322802500554686445E+01   -0.728396350544150817E+01    1
    0.868063569068908691E+00   -0.320520591952647171E+01   -0.728646350544151122E+01    1
    0.468121051788330078E+00   -0.318686451185585540E+01   -0.728896350544151073E+01    1
    0.131821624100563140E+00   -0.316860660569051289E+01   -0.729146350544154043E+01    1
    0.131785937368542300E+00   -0.315725687613397410E+01   -0.729396350544156746E+01    1
    0.468214631080627441E+00   -0.315707620314724480E+01   -0.729646350544155187E+01    1
    0.231724335082118871E+00   -0.313769499845742272E+01   -0.729896350544155670E+01    1
    0.131687283515930176E+00   -0.312594748839925662E+01   -0.730146350544156686E+01    1
    0.868316313464490008E+00   -0.312480777884692928E+01   -0.730396350544155748E+01    1
    0.868343853974311131E+00   -0.311608572244332960E+01   -0.730646350544155698E+01    1
    0.868365900807463564E+00   -0.310910897506081474E+01   -0.730896350544155382E+01    1
    0.868716359138488770E+00   -0.299885874420471898E+01   -0.731146350544155865E+01    1
    0.106873691082000732E+01   -0.299243154182553939E+01   -0.731396350544155460E+01    1
    0.868876814842224121E+00   -0.294879108827064718E+01   -0.731646350544156032E+01    1
    0.868886794064353207E+00   -0.294568573441447734E+01   -0.731896350544157581E+01    1
    0.113087773323059082E+01   -0.287269986374227182E+01   -0.732146350544156910E+01    1
    0.930789828300476074E+00   -0.284559545030861605E+01   -0.732396350544154373E+01    1
    0.580726243769241757E+00   -0.282603809727816913E+01   -0.732646350544152813E+01    1
    0.469299774222136146E+00   -0.281804713050291378E+01   -0.732896350544155784E+01    1
    0.930643558502197266E+00   -0.280066620483256079E+01   -0.733146350544154046E+01    1
    0.869518698276797508E+00   -0.275107659014917960E+01   -0.733396350544153375E+01    1
    0.869547043721787483E+00   -0.274244054685825889E+01   -0.733646350544156611E+01    1
    0.469626069068908691E+00   -0.271840621747721745E+01   -0.733896350544153719E+01    1
    0.580357071049373618E+00   -0.271328662992725889E+01   -0.734146350544150650E+01    1
    0.930344462394714355E+00   -0.270945980656579755E+01   -0.734396350544150422E+01    1
    0.469676021142747868E+00   -0.270324628511903864E+01   -0.734646350544152593E+01    1
    0.169676899909973145E+00   -0.270297980894628731E+01   -0.734896350544156096E+01    1
    0.230206966400146484E+00   -0.266783191194252511E+01   -0.735146350544157823E+01    1
    0.929942369461059570E+00   -0.258825526115759397E+01   -0.735396350544155997E+01    1
    0.129836007603139847E+00   -0.255646456316832804E+01   -0.735646350544153549E+01    1
    0.705810785293579102E-01   -0.243289251892366787E+01   -0.735896350544152344E+01    1
    0.112941692159796570E+01   -0.243230419794891306E+01   -0.736146350544152295E+01    1
    0.579412579536437988E+00   -0.243102699137954747E+01   -0.736396350544154643E+01    1
    0.129307985305786133E+00   -0.240031782883377032E+01   -0.736646350544156725E+01    1
    0.579287332114281517E+00   -0.239426692830412291E+01   -0.736896350544154632E+01    1
    0.229008418846180256E+00   -0.231296963622176177E+01   -0.737146350544152007E+01    1
    0.128913998603820801E+00   -0.228562439205762091E+01   -0.737396350544153822E+01    1
    0.928821086883544922E+00   -0.225880306218885618E+01   -0.737646350544155016E+01    1
    0.471199860101876922E+00   -0.225276810719986287E+01   -0.737896350544154433E+01    1
    0.228752374649047852E+00   -0.223902305624068054E+01   -0.738146350544154561E+01    1
    0.128741502761840820E+00   -0.223589772090361949E+01   -0.738396350544153446E+01    1
    0.228683352470397949E+00   -0.221920136115005340E+01   -0.738646350544153130E+01    1
    0.928641200065612793E+00   -0.220711952243692178E+01   -0.738896350544154057E+01    1
    0.112862585993159437E+01   -0.220272710056090970E+01   -0.739146350544154362E+01    1
    0.928618192672729492E+00   -0.220053257571197047E+01   -0.739396350544153691E+01    1
    0.171404149266440181E+00   -0.219414121181863830E+01   -0.739646350544154352E+01    1
    0.714152239833652364E-01   -0.219097491605052808E+01   -0.739896350544154302E+01    1
    0.471560835838317871E+00   -0.214945810751767441E+01   -0.740146350544152654E+01    1
    0.471585460850063753E+00   -0.214245799195841524E+01   -0.740396350544153936E+01    1
    0.107169403675582386E+01   -0.211166559234791285E+01   -0.740646350544155663E+01    1
    0.928265399545979641E+00   -0.210019187391396045E+01   -0.740896350544154902E+01    1
    0.112818099122842730E+01   -0.207636914952809315E+01   -0.741146350544154320E+01    1
    0.928048310786561470E+00   -0.203906650634233255E+01   -0.741396350544154359E+01    1
    0.112786051458637515E+01   -0.198656918153272444E+01   -0.741646350544153510E+01    1
    0.721998214721679688E-01   -0.196977744734130344E+01   -0.741896350544153549E+01    1
    0.172263979911804199E+00   -0.195196186789441595E+01   -0.742146350544155275E+01    1
    0.107238805294036865E+01   -0.191762591856408204E+01   -0.742396350544155403E+01    1
    0.112759351730346680E+01   -0.191253880232821971E+01   -0.742646350544154910E+01    1
    0.725518354906898866E-01   -0.187253649109539411E+01   -0.742896350544154505E+01    1
    0.726591333508184722E-01   -0.184314276208627192E+01   -0.743146350544154011E+01    1
    0.577300071716308594E+00   -0.183199739501818937E+01   -0.743396350544154139E+01    1
    0.577217698097229004E+00   -0.180954326499955909E+01   -0.743646350544153645E+01    1
    0.577129764537138379E+00   -0.178564843564269182E+01   -0.743896350544153950E+01    1
    0.873244396925233923E+00   -0.168483929591680215E+01   -0.744146350544154078E+01    1
    0.926709182707129542E+00   -0.167243002085876946E+01   -0.744396350544154561E+01    1
    0.576549552932772436E+00   -0.162992162108865202E+01   -0.744646350544155311E+01    1
    0.873454230679467702E+00   -0.162891716053921076E+01   -0.744896350544155084E+01    1
    0.226480364799499512E+00   -0.161157641601749702E+01   -0.745146350544153524E+01    1
    0.226406336096559579E+00   -0.159200074666695990E+01   -0.745396350544153474E+01    1
    0.112637899939750263E+01   -0.158478586251183473E+01   -0.745646350544153602E+01    1
    0.926370263099670410E+00   -0.158248169617382506E+01   -0.745896350544152664E+01    1
    0.107368373937136341E+01   -0.156825568381630132E+01   -0.746146350544154657E+01    1
    0.226143717765808105E+00   -0.152299770953578473E+01   -0.746396350544156384E+01    1
    0.739060640335083008E-01   -0.150999528756148327E+01   -0.746646350544154203E+01    1
    0.576008915901184082E+00   -0.148784634821056971E+01   -0.746896350544154330E+01    1
    0.107406604290008545E+01   -0.146837847074570127E+01   -0.747146350544152860E+01    1
    0.107410323875818992E+01   -0.145873903052124421E+01   -0.747396350544152899E+01    1
    0.474110743682752300E+00   -0.145679577973648322E+01   -0.747646350544152227E+01    1
    0.741772651672363281E-01   -0.143959598766076913E+01   -0.747896350544153421E+01    1
    0.174211263656616211E+00   -0.143082242735689613E+01   -0.748146350544153549E+01    1
    0.125768780708312988E+00   -0.142567811238029507E+01   -0.748396350544154654E+01    1
    0.225634272365151795E+00   -0.139110741489855871E+01   -0.748646350544155847E+01    1
    0.125614839835908598E+00   -0.138612791551520176E+01   -0.748896350544153755E+01    1
    0.107444577448003864E+01   -0.137062002606988131E+01   -0.749146350544152462E+01    1
    0.107445158288276654E+01   -0.136913590242539684E+01   -0.749396350544153744E+01    1
    0.474456614737717997E+00   -0.136785046972087931E+01   -0.749646350544154938E+01    1
    0.474525320348287039E+00   -0.135032433322067402E+01   -0.749896350544153645E+01    1
    0.474531650543212891E+00   -0.134871193669878942E+01   -0.750146350544153506E+01    1
    0.874592185020446777E+00   -0.133331312662068791E+01   -0.750396350544153812E+01    1
    0.225299900128088759E+00   -0.130595254890096135E+01   -0.750646350544153140E+01    1
    0.225239939633571140E+00   -0.129080057997620945E+01   -0.750896350544153712E+01    1
    0.112517816038410734E+01   -0.127522661808377546E+01   -0.751146350544155084E+01    1
    0.925166964530944824E+00   -0.127240833495380490E+01   -0.751396350544156100E+01    1
    0.174896502563624656E+00   -0.125645573411975331E+01   -0.751646350544156139E+01    1
    0.749667773823358696E-01   -0.123883898957229288E+01   -0.751896350544154934E+01    1
    0.112500894069671631E+01   -0.123276339030398008E+01   -0.752146350544153108E+01    1
    0.124981164932250977E+00   -0.122582082329263642E+01   -0.752396350544152792E+01    1
    0.224914193153381348E+00   -0.120911291886460326E+01   -0.752646350544152831E+01    1
    0.752375125885009766E-01   -0.117143173046787541E+01   -0.752896350544152071E+01    1
    0.112475681304931641E+01   -0.117002677823862955E+01   -0.753146350544151932E+01    1
    0.112466514122045491E+01   -0.114737377356953441E+01   -0.753396350544152504E+01    1
    0.224605083465576172E+00   -0.113257847818448276E+01   -0.753646350544152721E+01    1
    0.475617720052755988E+00   -0.107800569355460985E+01   -0.753896350544153382E+01    1
    0.475737661361152864E+00   -0.104883319755502669E+01   -0.754146350544155730E+01    1
    0.224216222763061523E+00   -0.103765504099572881E+01   -0.754396350544156391E+01    1
    0.574201676768788971E+00   -0.103413360852862368E+01   -0.754646350544156075E+01    1
    0.112416923046112061E+01   -0.102628632185841595E+01   -0.754896350544155137E+01    1
    0.475978296538706380E+00   -0.990739002333615226E+00   -0.755146350544154288E+01    1
    0.223999933934825007E+00   -0.985511960824458688E+00   -0.755396350544155126E+01    1
    0.876056529439161125E+00   -0.971976728933431233E+00   -0.755646350544156054E+01    1
    0.223768949508666992E+00   -0.930342620172437518E+00   -0.755896350544155382E+01    1
    0.876338452067451312E+00   -0.904872069266137058E+00   -0.756146350544154888E+01    1
    0.223450608221079428E+00   -0.855182946137423294E+00   -0.756396350544155549E+01    1
    0.112339349641996522E+01   -0.841806190199243742E+00   -0.756646350544155588E+01    1
    0.107670366591540390E+01   -0.819123725350228260E+00   -0.756896350544154206E+01    1
    0.107680547237396240E+01   -0.795458375419763386E+00   -0.757146350544152291E+01    1
    0.876989700355695012E+00   -0.752897265048152908E+00   -0.757396350544153663E+01    1
    0.107716774940490723E+01   -0.712086152630228564E+00   -0.757646350544155300E+01    1
    0.572675356302160932E+00   -0.676386733549969144E+00   -0.757896350544153474E+01    1
    0.222595334081217733E+00   -0.658273427653831900E+00   -0.758146350544153247E+01    1
    0.922584980731538051E+00   -0.655934589664357026E+00   -0.758396350544155684E+01    1
    0.572405149447540396E+00   -0.615481425226897194E+00   -0.758646350544156611E+01    1
    0.572384908629321121E+00   -0.610948488108557508E+00   -0.758896350544155673E+01    1
    0.107763528823852539E+01   -0.606429477313859988E+00   -0.759146350544154735E+01    1
    0.112208920579186899E+01   -0.545192879022310395E+00   -0.759396350544153709E+01    1
    0.525336980819702148E+00   -0.534403978630364596E+00   -0.759646350544154547E+01    1
    0.524128797378051070E+00   -0.517642228059263965E+00   -0.759896350544154231E+01    1
    0.524115681648254395E+00   -0.517049155212690903E+00   -0.760146350544154181E+01    1
    0.526509523391723633E+00   -0.479194451368625540E+00   -0.760396350544156086E+01    1
    0.571704508080293161E+00   -0.460956171410030813E+00   -0.760646350544154970E+01    1
    0.221665583060116161E+00   -0.452515263118595468E+00   -0.760896350544154476E+01    1
    0.783706903457641602E-01   -0.444662997038735908E+00   -0.761146350544154160E+01    1
    0.178400098311268407E+00   -0.438306581258525174E+00   -0.761396350544153933E+01    1
    0.107840975413944595E+01   -0.436221398040511577E+00   -0.761646350544155126E+01    1
    0.478496074676513672E+00   -0.417621837955256259E+00   -0.761896350544154100E+01    1
    0.785580873489379883E-01   -0.404305907123503061E+00   -0.762146350544154316E+01    1
    0.478640317916870117E+00   -0.386707909820806994E+00   -0.762396350544154444E+01    1
    0.478767871856689453E+00   -0.359544143823061657E+00   -0.762646350544154927E+01    1
    0.571193827646082619E+00   -0.351419467810766495E+00   -0.762896350544157276E+01    1
    0.788279771804809570E-01   -0.346800567795812698E+00   -0.763146350544156782E+01    1
    0.879028573314108774E+00   -0.304531502653194230E+00   -0.763396350544155755E+01    1
    0.791190492646317717E-01   -0.285598334509012453E+00   -0.763646350544153574E+01    1
    0.107917983012148033E+01   -0.272925185296743145E+00   -0.763896350544154323E+01    1
    0.112077846972682460E+01   -0.264251837387449950E+00   -0.764146350544156938E+01    1
    0.107935283194027298E+01   -0.237055560877712179E+00   -0.764396350544156888E+01    1
    0.179361343383789062E+00   -0.235298551053798571E+00   -0.764646350544156750E+01    1
    0.220613220045941694E+00   -0.230052019756696619E+00   -0.764896350544156256E+01    1
    0.179560629010766248E+00   -0.194367248622144828E+00   -0.765146350544154341E+01    1
    0.570415366867498053E+00   -0.189463837979852778E+00   -0.765396350544153847E+01    1
    0.520949125289916992E+00   -0.175927514667629625E+00   -0.765646350544154597E+01    1
    0.879667512534853646E+00   -0.172578049046309023E+00   -0.765896350544155435E+01    1
    0.520900249481201172E+00   -0.168518279370124563E+00   -0.766146350544156007E+01    1
    0.479691104681826019E+00   -0.167783961522404212E+00   -0.766396350544156224E+01    1
    0.120293828939395997E+00   -0.164725281551842240E+00   -0.766646350544154576E+01    1
    0.179747343063354492E+00   -0.156378381411794748E+00   -0.766896350544153993E+01    1
    0.879808522154003292E+00   -0.144006704471520003E+00   -0.767146350544154476E+01    1
    0.112013958424659998E+01   -0.133542084574109876E+00   -0.767396350544155315E+01    1
    0.920114364324718714E+00   -0.128466077382216715E+00   -0.767646350544154465E+01    1
    0.920080542564392090E+00   -0.121668764846444163E+00   -0.767896350544153261E+01    1
    0.529484629631042480E+00   -0.108988033604627235E+00   -0.768146350544156054E+01    1
    0.120001893898832951E+00   -0.105906614145395109E+00   -0.768396350544157336E+01    1
    0.111993062496185303E+01   -0.916768732948135961E-01   -0.768646350544155865E+01    1
    0.219918727874755859E+00   -0.893064171875146140E-01   -0.768896350544153862E+01    1
    0.529619216918945312E+00   -0.877356850534189714E-01   -0.769146350544153723E+01    1
    0.219893978250607969E+00   -0.843796696229489190E-01   -0.769396350544153851E+01    1
    0.119725942530503990E+00   -0.510918600282947999E-01   -0.769646350544154245E+01    1
    0.480313658714294434E+00   -0.432879823330962199E-01   -0.769896350544156061E+01    1
    0.919575214794778550E+00   -0.214729877532172410E-01   -0.770146350544154501E+01    1
    0.519825696945190430E+00    0.171923369824873175E-02   -0.770396350544153563E+01    1
    0.569424905012214211E+00    0.783751011320418974E-02   -0.770646350544153691E+01    1
    0.219289422035217285E+00    0.340631712917351323E-01   -0.770896350544153819E+01    1
    0.108074852882471295E+01    0.413764714908058315E-01   -0.771146350544153947E+01    1
    0.219233510808148430E+00    0.448324935195538107E-01   -0.771396350544154874E+01    1
    0.808705263025742971E-01    0.647883638528538863E-01   -0.771646350544154558E+01    1
    0.480912685394287109E+00    0.728442895350910891E-01   -0.771896350544153709E+01    1
    0.480914055469983670E+00    0.731057908082760333E-01   -0.772146350544155613E+01    1
    0.111907983988140192E+01    0.742707340557050982E-01   -0.772396350544156185E+01    1
    0.108100593090057373E+01    0.905988787864475120E-01   -0.772646350544155958E+01    1
    0.108107244968414307E+01    0.103211378758867281E+00   -0.772896350544153776E+01    1
    0.481086373329162598E+00    0.105845814627561638E+00   -0.773146350544152750E+01    1
    0.519192576408386230E+00    0.106066770594472434E+00   -0.773396350544153144E+01    1
    0.218813019247633078E+00    0.124823717496302236E+00   -0.773646350544152828E+01    1
    0.881327615825935995E+00    0.151182529836179885E+00   -0.773896350544152600E+01    1
    0.813846422861140978E-01    0.161814469475705713E+00   -0.774146350544153350E+01    1
    0.481401085853576660E+00    0.164874146766123997E+00   -0.774396350544155521E+01    1
    0.518788856968967926E+00    0.173190886888859363E+00   -0.774646350544155915E+01    1
    0.568488836288452148E+00    0.185286847409626365E+00   -0.774896350544153556E+01    1
    0.518659234046936035E+00    0.194767068564863338E+00   -0.775146350544153329E+01    1
    0.568068981170654297E+00    0.262031781272387521E+00   -0.775396350544155766E+01    1
    0.111802911758422852E+01    0.269226779225690216E+00   -0.775646350544157048E+01    1
    0.218017458915710449E+00    0.271328054658795836E+00   -0.775896350544155400E+01    1
    0.108201313018798828E+01    0.276834755384055220E+00   -0.776146350544154462E+01    1
    0.217971324920654297E+00    0.279629586536714880E+00   -0.776396350544153169E+01    1
    0.567947745323181152E+00    0.283864373098596967E+00   -0.776646350544152586E+01    1
    0.217826331288051150E+00    0.305581747598608677E+00   -0.776896350544152536E+01    1
    0.917744153782751981E+00    0.320197216225610148E+00   -0.777146350544154885E+01    1
    0.567730045596416932E+00    0.322699599826621109E+00   -0.777396350544157233E+01    1
    0.117676672946679522E+00    0.332148351236015160E+00   -0.777646350544155851E+01    1
    0.111763966083526611E+01    0.338684011639273475E+00   -0.777896350544156334E+01    1
    0.182407855987548828E+00    0.347054528781261862E+00   -0.778146350544156551E+01    1
    0.532339572906494141E+00    0.360181417050925434E+00   -0.778396350544154192E+01    1
    0.108250377065497028E+01    0.363881977085951880E+00   -0.778646350544152810E+01    1
    0.917489240916511850E+00    0.365104444376406434E+00   -0.778896350544152760E+01    1
    0.532445044029130954E+00    0.377475173687980448E+00   -0.779146350544154132E+01    1
    0.108258238288904374E+01    0.377605254435966153E+00   -0.779396350544154437E+01    1
    0.217377226999364209E+00    0.384632092618203469E+00   -0.779646350544154743E+01    1
    0.108263447469237106E+01    0.386664837505842518E+00   -0.779896350544157446E+01    1
    0.917287111282348633E+00    0.400251101113840435E+00   -0.780146350544155798E+01    1
    0.917237152180533366E+00    0.408875107081036582E+00   -0.780396350544155126E+01    1
    0.482879766659428944E+00    0.428960236091375013E+00   -0.780646350544155965E+01    1
    0.111705341507375011E+01    0.440377355167341056E+00   -0.780896350544154672E+01    1
    0.108298313617706299E+01    0.446603911713436275E+00   -0.781146350544153734E+01    1
    0.883008003234863281E+00    0.450832413223276163E+00   -0.781396350544152618E+01    1
    0.483008265495300293E+00    0.450876976925746686E+00   -0.781646350544154433E+01    1
    0.883010233383425547E+00    0.451211335127021107E+00   -0.781896350544156693E+01    1
    0.517097280655775648E+00    0.451933161736234046E+00   -0.782146350544154956E+01    1
    0.108312953487742969E+01    0.471409216296042155E+00   -0.782396350544154018E+01    1
    0.916807173456952174E+00    0.482066785494979111E+00   -0.782646350544154412E+01    1
    0.883220182258877440E+00    0.486660766428902603E+00   -0.782896350544153297E+01    1
    0.883334517478942871E+00    0.505780645257056460E+00   -0.783146350544151915E+01    1
    0.483546835328227842E+00    0.540939045969795473E+00   -0.783396350544152842E+01    1
    0.516518473625183105E+00    0.544466282326557249E+00   -0.783646350544153591E+01    1
    0.916412767365068825E+00    0.547577520656025940E+00   -0.783896350544154696E+01    1
    0.116350412368774414E+00    0.557792260410510332E+00   -0.784146350544156334E+01    1
    0.116316115836307618E+00    0.563394003636325635E+00   -0.784396350544156284E+01    1
    0.516390243531955617E+00    0.564683951173932219E+00   -0.784646350544153925E+01    1
    0.116261221896176895E+00    0.572335495771852054E+00   -0.784896350544154320E+01    1
    0.838119869340493429E-01    0.584213348438416880E+00   -0.785146350544155780E+01    1
    0.838482569374743580E-01    0.590078163766136643E+00   -0.785396350544153155E+01    1
    0.116134869330635243E+00    0.592802141971997765E+00   -0.785646350544154082E+01    1
    0.566098268486251222E+00    0.598700943468437052E+00   -0.785896350544154210E+01    1
    0.483924159288537437E+00    0.602308911857411866E+00   -0.786146350544152739E+01    1
    0.183963097006214910E+00    0.608560895394997803E+00   -0.786396350544153577E+01    1
    0.516096862745973661E+00    0.610520037273024063E+00   -0.786646350544155126E+01    1
    0.840028524398803711E-01    0.614928533254155973E+00   -0.786896350544155521E+01    1
    0.215994506138062731E+00    0.615351050552733536E+00   -0.787146350544153250E+01    1
    0.884043079045321978E+00    0.621355551786147320E+00   -0.787396350544151957E+01    1
    0.515972839595326693E+00    0.629713697373438297E+00   -0.787646350544154750E+01    1
    0.515936966762977622E+00    0.635244450766998092E+00   -0.787896350544157364E+01    1
    0.215673664923178604E+00    0.666153322934968650E+00   -0.788146350544157315E+01    1
    0.565660578133831304E+00    0.668203647607578666E+00   -0.788396350544154512E+01    1
    0.484347406871339259E+00    0.669453826785686434E+00   -0.788646350544152952E+01    1
    0.915570139884948730E+00    0.682325903371010845E+00   -0.788896350544154679E+01    1
    0.844330787658691406E-01    0.682827000007191653E+00   -0.789146350544153208E+01    1
    0.184490242107291730E+00    0.691709234103230708E+00   -0.789396350544153957E+01    1
    0.845027678342043509E-01    0.693651159552506336E+00   -0.789646350544156483E+01    1
    0.484618573609042647E+00    0.711530796156441547E+00   -0.789896350544156256E+01    1
    0.215268635555047771E+00    0.728816024991020273E+00   -0.790146350544157272E+01    1
    0.515272672912711505E+00    0.735891972540673844E+00   -0.790396350544158199E+01    1
    0.515251517295837402E+00    0.739040129456422168E+00   -0.790646350544157883E+01    1
    0.515167832374572754E+00    0.751457542817256408E+00   -0.790896350544156768E+01    1
    0.884885668754577637E+00    0.752257138573606654E+00   -0.791146350544154675E+01    1
    0.915077567100524902E+00    0.757807035201212398E+00   -0.791396350544156046E+01    1
    0.108494353294372559E+01    0.760986182471966810E+00   -0.791646350544156441E+01    1
    0.114999858807908001E+00    0.769493362269488834E+00   -0.791896350544155680E+01    1
    0.515041232109069824E+00    0.770133617840706219E+00   -0.792146350544155364E+01    1
    0.214984421054555869E+00    0.771807811854279269E+00   -0.792396350544153183E+01    1
    0.485029101371765137E+00    0.773833156962305035E+00   -0.792646350544151979E+01    1
    0.514948487281799316E+00    0.783730975067237878E+00   -0.792896350544154149E+01    1
    0.535134091245931698E+00    0.795777208001708147E+00   -0.793146350544155609E+01    1
    0.485184192657470703E+00    0.796931449760632571E+00   -0.793396350544155116E+01    1
    0.885212955688257530E+00    0.801188786168183453E+00   -0.793646350544155954E+01    1
    0.214762467747130315E+00    0.804819913630051231E+00   -0.793896350544156792E+01    1
    0.185269682626339999E+00    0.809560933911614322E+00   -0.794146350544156743E+01    1
    0.111470425222282610E+01    0.813397016392945482E+00   -0.794396350544153673E+01    1
    0.535273763351298504E+00    0.816020742521040621E+00   -0.794646350544154068E+01    1
    0.885365125462345470E+00    0.823574419890915954E+00   -0.794896350544154995E+01    1
    0.853657431575548520E-01    0.823664816902099806E+00   -0.795146350544154590E+01    1
    0.914622513818794891E+00    0.825382631651129128E+00   -0.795396350544157293E+01    1
    0.108539845338570884E+01    0.828446365908762195E+00   -0.795646350544156711E+01    1
    0.535429542195419161E+00    0.838401937975739253E+00   -0.795896350544153108E+01    1
    0.564497470855712891E+00    0.843588880144069297E+00   -0.796146350544151815E+01    1
    0.485548019409179688E+00    0.850173471279014548E+00   -0.796396350544153631E+01    1
    0.564436912536621094E+00    0.852349968336520547E+00   -0.796646350544156423E+01    1
    0.485605239868164062E+00    0.858426590079462093E+00   -0.796896350544157794E+01    1
    0.856587803874255399E-01    0.866119283674911089E+00   -0.797146350544157034E+01    1
    0.514375014499359295E+00    0.866184486534047782E+00   -0.797396350544157606E+01    1
    0.856678770118266958E-01    0.867423436814734439E+00   -0.797646350544157112E+01    1
    0.857059955596923828E-01    0.872879368857693572E+00   -0.797896350544153865E+01    1
    0.214224106505712802E+00    0.882846154126058935E+00   -0.798146350544153194E+01    1
    0.485777380038458939E+00    0.883057593743531544E+00   -0.798396350544153499E+01    1
    0.214206278380785597E+00    0.885380456393483839E+00   -0.798646350544152916E+01    1
    0.514233877398080796E+00    0.886039073196567273E+00   -0.798896350544155798E+01    1
    0.885820865631103516E+00    0.889232926299253101E+00   -0.799146350544158590E+01    1
    0.914128710278069523E+00    0.896369912947229786E+00   -0.799396350544156853E+01    1
    0.564089048877191024E+00    0.901965695486262597E+00   -0.799646350544155382E+01    1
    0.859435796737670898E-01    0.906557421616694170E+00   -0.799896350544155155E+01    1
    0.108595280488122636E+01    0.907853730030861783E+00   -0.800146350544155105E+01    1
    0.213934561040609234E+00    0.923612226583041762E+00   -0.800396350544155233E+01    1
    0.886086702346801758E+00    0.926572925622901944E+00   -0.800646350544154828E+01    1
    0.513934168252235590E+00    0.927613602503591372E+00   -0.800896350544155666E+01    1
    0.111387843471443060E+01    0.931417432941814338E+00   -0.801146350544155617E+01    1
    0.861512414348336586E-01    0.935531614574022341E+00   -0.801396350544156277E+01    1
    0.861687660217285156E-01    0.937957016746904682E+00   -0.801646350544156761E+01    1
    0.108623170852661133E+01    0.946642933074415494E+00   -0.801896350544157066E+01    1
    0.886268503468856883E+00    0.951702198631383389E+00   -0.802146350544156306E+01    1
    0.886269686222477482E+00    0.951864601409237121E+00   -0.802396350544155901E+01    1
    0.913684368133544922E+00    0.958162527483467752E+00   -0.802646350544157983E+01    1
    0.563650763062373050E+00    0.962755526676756790E+00   -0.802896350544155801E+01    1
    0.111357253509490128E+01    0.973403639043740831E+00   -0.803146350544153265E+01    1
    0.563517451286315918E+00    0.980864741491304315E+00   -0.803396350544155879E+01    1
    0.213516821044660299E+00    0.980949927788507425E+00   -0.803646350544156363E+01    1
    0.186516619924628396E+00    0.985464492270722747E+00   -0.803896350544154359E+01    1
    0.111345858256706465E+01    0.988804959982893417E+00   -0.804146350544156086E+01    1
    0.866298146721094925E-01    0.100066290504466981E+01   -0.804396350544155503E+01    1
    0.886638860348175628E+00    0.100187191957759314E+01   -0.804646350544154387E+01    1
    0.866630801894901770E-01    0.100510503339551605E+01   -0.804896350544157535E+01    1
    0.536670021243418782E+00    0.100894964270815590E+01   -0.805146350544158196E+01    1
    0.213297367095947266E+00    0.101037232513345998E+01   -0.805396350544154949E+01    1
    0.108675134181976318E+01    0.101683746567157218E+01   -0.805646350544153833E+01    1
    0.113233364407129652E+00    0.101886251589593502E+01   -0.805896350544155560E+01    1
    0.867704346568842350E-01    0.101936518771651419E+01   -0.806146350544153556E+01    1
    0.186811685562133789E+00    0.102481399499521042E+01   -0.806396350544155283E+01    1
    0.186814904212951660E+00    0.102523842898716278E+01   -0.806646350544159318E+01    1
    0.108682239055633545E+01    0.102622523030656598E+01   -0.806896350544156249E+01    1
    0.868793725967407227E-01    0.103371786627957163E+01   -0.807146350544154600E+01    1
    0.213104791345770844E+00    0.103579440247441301E+01   -0.807396350544155439E+01    1
    0.913089030762387344E+00    0.103785855206175537E+01   -0.807646350544155922E+01    1
    0.913031458854675293E+00    0.104537758414989090E+01   -0.807896350544154984E+01    1
    0.887075059347587347E+00    0.105920172921341460E+01   -0.808146350544155112E+01    1
    0.487126636382476663E+00    0.106585473537952358E+01   -0.808396350544156483E+01    1
    0.111284663221968083E+01    0.106929238661666659E+01   -0.808646350544156611E+01    1
    0.912761181370909558E+00    0.108023343364912083E+01   -0.808896350544156206E+01    1
    0.212695121765136719E+00    0.108864160039712488E+01   -0.809146350544155979E+01    1
    0.187313556671142578E+00    0.108974296187380726E+01   -0.809396350544156107E+01    1
    0.873692895642718681E-01    0.109679795299930527E+01   -0.809646350544155524E+01    1
    0.187446063876191393E+00    0.110646562255202907E+01   -0.809896350544155830E+01    1
    0.112447556698944781E+00    0.111976384468813883E+01   -0.810146350544155602E+01    1
    0.875554084777832031E-01    0.112013289278121220E+01   -0.810396350544154842E+01    1
    0.562410600418083773E+00    0.112435717739166829E+01   -0.810646350544154259E+01    1
    0.111232604314195749E+01    0.113481548586838832E+01   -0.810896350544154565E+01    1
    0.111228167847464565E+01    0.114027405278250282E+01   -0.811146350544155936E+01    1
    0.877495968591936737E-01    0.114411029799397546E+01   -0.811396350544154998E+01    1
    0.187777532411913306E+00    0.114752861384621330E+01   -0.811646350544154060E+01    1
    0.512203430647785396E+00    0.115151661191171151E+01   -0.811896350544155077E+01    1
    0.112116456031799316E+00    0.116042964970273421E+01   -0.812146350544155737E+01    1
    0.108789983343214280E+01    0.116240202870590803E+01   -0.812396350544154444E+01    1
    0.887914177831018225E+00    0.116413669605410441E+01   -0.812646350544154039E+01    1
    0.212082071684917300E+00    0.116458990255796335E+01   -0.812896350544155055E+01    1
    0.512073242562141595E+00    0.116721455657614204E+01   -0.813146350544156249E+01    1
    0.488028482556004173E+00    0.117788604336582536E+01   -0.813396350544156377E+01    1
    0.111915496656080832E+00    0.118457688074999679E+01   -0.813646350544156149E+01    1
    0.561898231506347656E+00    0.118663262838180361E+01   -0.813896350544155744E+01    1
    0.511859859621527802E+00    0.119259154990509497E+01   -0.814146350544154274E+01    1
    0.881631137441418883E-01    0.119391280238474962E+01   -0.814396350544154046E+01    1
    0.488213181070794255E+00    0.119982669148241472E+01   -0.814646350544154174E+01    1
    0.211766709299764794E+00    0.120219494482950862E+01   -0.814896350544153947E+01    1
    0.538279808240959001E+00    0.120896400819872718E+01   -0.815146350544155496E+01    1
    0.488345157319635903E+00    0.121529540501264544E+01   -0.815396350544156689E+01    1
    0.188362465142720314E+00    0.121731109578336372E+01   -0.815646350544155219E+01    1
    0.884078741073608398E-01    0.122258527000138684E+01   -0.815896350544154103E+01    1
    0.211507781234195585E+00    0.123232703888484463E+01   -0.816146350544153343E+01    1
    0.911469725845323708E+00    0.123669912872093279E+01   -0.816396350544153115E+01    1
    0.111146227205236725E+01    0.123755378054297682E+01   -0.816646350544153243E+01    1
    0.211432346384014647E+00    0.124097946433490103E+01   -0.816896350544153371E+01    1
    0.538586139678955078E+00    0.124421203857534612E+01   -0.817146350544155275E+01    1
    0.111393332481384277E+00    0.124543205839853433E+01   -0.817396350544155581E+01    1
    0.211366057395935059E+00    0.124853587991691461E+01   -0.817646350544155887E+01    1
    0.188638530313555763E+00    0.124905721637540568E+01   -0.817896350544157080E+01    1
    0.211350737105913344E+00    0.125027601931757482E+01   -0.818146350544155609E+01    1
    0.888651095320261541E+00    0.125048399640641383E+01   -0.818396350544155382E+01    1
    0.887014617583738035E-01    0.125618735156791539E+01   -0.818646350544155332E+01    1
    0.188766721746024269E+00    0.126353948189914234E+01   -0.818896350544154927E+01    1
    0.887964038567687353E-01    0.126686935085223085E+01   -0.819146350544154167E+01    1
    0.888824343681335449E+00    0.126999571279082657E+01   -0.819396350544153940E+01    1
    0.511168941210674577E+00    0.127173770878183867E+01   -0.819646350544156022E+01    1
    0.108885312080383301E+01    0.127320760448565129E+01   -0.819896350544156505E+01    1
    0.188857479942724976E+00    0.127369341742148157E+01   -0.820146350544154679E+01    1
    0.911141207030840672E+00    0.127383971303509780E+01   -0.820396350544154984E+01    1
    0.561136751094380548E+00    0.127433607308786234E+01   -0.820646350544156711E+01    1
    0.538857340812683105E+00    0.127465673760541831E+01   -0.820896350544155951E+01    1
    0.888880968093872070E+00    0.127630783090790678E+01   -0.821146350544155013E+01    1
    0.888885731876256413E+00    0.127683740392304723E+01   -0.821396350544154608E+01    1
    0.889261156965445304E-01    0.128131761572377578E+01   -0.821646350544153847E+01    1
    0.538956112588684144E+00    0.128556661683579310E+01   -0.821896350544153975E+01    1
    0.188989400863647461E+00    0.128830571684812600E+01   -0.822146350544153570E+01    1
    0.210995743685844145E+00    0.128994028753145784E+01   -0.822396350544153876E+01    1
    0.210956669582533313E+00    0.129422914185131122E+01   -0.822646350544154537E+01    1
    0.210906127755671247E+00    0.129975407044025126E+01   -0.822896350544153954E+01    1
    0.108912003040313721E+01    0.130260349141206033E+01   -0.823146350544155148E+01    1
    0.910854101181030273E+00    0.130541462131515207E+01   -0.823396350544156164E+01    1
    0.210826039314270020E+00    0.130845654738476447E+01   -0.823646350544155403E+01    1
    0.539187653015949397E+00    0.131076781705795642E+01   -0.823896350544155531E+01    1
    0.110795493695066596E+00    0.131175876295425087E+01   -0.824146350544156370E+01    1
    0.910784609937433931E+00    0.131293312604237244E+01   -0.824396350544157208E+01    1
    0.489217378942254089E+00    0.131314761615926257E+01   -0.824646350544156448E+01    1
    0.539233576723738617E+00    0.131570387214863849E+01   -0.824896350544156221E+01    1
    0.110752686883468010E+00    0.131637080748583957E+01   -0.825146350544156348E+01    1
    0.108925372531899289E+01    0.131706008595708202E+01   -0.825396350544154522E+01    1
    0.108925457745901610E+01    0.131715165563393000E+01   -0.825646350544155361E+01    1
    0.889255750390735011E+00    0.131727768522440680E+01   -0.825896350544155666E+01    1
    0.892626776702819952E-01    0.131802172949405860E+01   -0.826146350544155261E+01    1
    0.189277452639701360E+00    0.131960707408612588E+01   -0.826396350544155922E+01    1
    0.110685193930420256E+00    0.132360533690191495E+01   -0.826646350544156405E+01    1
    0.539336204528808594E+00    0.132666000148540153E+01   -0.826896350544156711E+01    1
    0.539374224396464097E+00    0.133069263177160590E+01   -0.827146350544156306E+01    1
    0.489392650143218033E+00    0.133189284716820522E+01   -0.827396350544156967E+01    1
    0.889423198923370073E+00    0.133512857848236122E+01   -0.827646350544157450E+01    1
    0.510573429170264603E+00    0.133622162291043622E+01   -0.827896350544155801E+01    1
    0.889435216369579784E+00    0.133639891776738673E+01   -0.828146350544156284E+01    1
    0.489457910979628652E+00    0.133879399813663413E+01   -0.828396350544157301E+01    1
    0.108948789329102924E+01    0.134195024625141412E+01   -0.828646350544155297E+01    1
    0.910386712171786350E+00    0.135505323485769247E+01   -0.828896350544153648E+01    1
    0.210368653678922740E+00    0.135692728798817464E+01   -0.829146350544153066E+01    1
    0.111030698078170098E+01    0.136330291938360615E+01   -0.829396350544153727E+01    1
    0.189709424972534180E+00    0.136499251157584678E+01   -0.829646350544155098E+01    1
    0.189784032815082992E+00    0.137264225593885669E+01   -0.829896350544155581E+01    1
    0.210160349327181945E+00    0.137830869130353206E+01   -0.830146350544156597E+01    1
    0.539849519729614258E+00    0.137990706129237384E+01   -0.830396350544157613E+01    1
    0.210137639419871319E+00    0.138061351851872027E+01   -0.830646350544155432E+01    1
    0.108992619887012965E+01    0.138706483753446874E+01   -0.830896350544153961E+01    1
    0.539961136207828041E+00    0.139114203036353246E+01   -0.831146350544154267E+01    1
    0.189978722019347901E+00    0.139234212172784955E+01   -0.831396350544155993E+01    1
    0.899798093060109466E-01    0.139245107583583883E+01   -0.831646350544156299E+01    1
    0.890010457492650175E+00    0.139551738602461617E+01   -0.831896350544154295E+01    1
    0.110997629165649414E+01    0.139684020747819959E+01   -0.832146350544154956E+01    1
    0.490102519434160722E+00    0.140467160223021459E+01   -0.832396350544156860E+01    1
    0.190111637115478516E+00    0.140557358087545237E+01   -0.832646350544157166E+01    1
    0.190114077000291426E+00    0.140581481577452760E+01   -0.832896350544154984E+01    1
    0.540121078491210938E+00    0.140702719164892653E+01   -0.833146350544153869E+01    1
    0.909799079419041035E+00    0.141436239625199778E+01   -0.833396350544154885E+01    1
    0.109025948010033980E+01    0.142008354397697256E+01   -0.833646350544155190E+01    1
    0.890266173558537544E+00    0.142073529759279293E+01   -0.833896350544156029E+01    1
    0.190283494784326657E+00    0.142241981552432595E+01   -0.834146350544155091E+01    1
    0.110969468800031024E+01    0.142453730643857579E+01   -0.834396350544155041E+01    1
    0.110968673229217529E+01    0.142530827105401436E+01   -0.834646350544155702E+01    1
    0.559682451381295576E+00    0.142572288923035750E+01   -0.834896350544154231E+01    1
    0.490353508547935635E+00    0.142919822684631148E+01   -0.835146350544154359E+01    1
    0.559511923299633729E+00    0.144208879131501688E+01   -0.835396350544155375E+01    1
    0.109453312206810996E+00    0.144764662515815523E+01   -0.835646350544155148E+01    1
    0.490554245285343082E+00    0.144836080603636508E+01   -0.835896350544154032E+01    1
    0.110938664419046473E+01    0.145392673776344550E+01   -0.836146350544155048E+01    1
    0.110938335969308755E+01    0.145423498790607209E+01   -0.836396350544156064E+01    1
    0.109069848060607910E+01    0.146188086837792230E+01   -0.836646350544156014E+01    1
    0.909285262331851252E+00    0.146339170069888702E+01   -0.836896350544155077E+01    1
    0.110927884830981838E+01    0.146398705377227500E+01   -0.837146350544153961E+01    1
    0.109073087690924320E+01    0.146488896919735079E+01   -0.837396350544155155E+01    1
    0.109073686599731445E+01    0.146544392579680949E+01   -0.837646350544154394E+01    1
    0.540737929982783583E+00    0.146592483540430818E+01   -0.837896350544153812E+01    1
    0.907838411672843154E-01    0.146978426540614660E+01   -0.838146350544155716E+01    1
    0.890790820121765137E+00    0.147042721340693228E+01   -0.838396350544156199E+01    1
    0.490807877914488100E+00    0.147199667898813336E+01   -0.838646350544155617E+01    1
    0.908149733517405189E-01    0.147264861090917920E+01   -0.838896350544155567E+01    1
    0.109083395343966871E+01    0.147439013582455036E+01   -0.839146350544155339E+01    1
    0.109084971847376377E+01    0.147583392350845566E+01   -0.839396350544156533E+01    1
    0.209136601807445310E+00    0.147708472061630025E+01   -0.839646350544157194E+01    1
    0.540877950827155507E+00    0.147876978606950016E+01   -0.839896350544157322E+01    1
    0.490936670548917320E+00    0.148375251997006408E+01   -0.840146350544157805E+01    1
    0.540984459136312879E+00    0.148841032056653377E+01   -0.840396350544156867E+01    1
    0.108997453526433211E+00    0.148970133375373703E+01   -0.840646350544156462E+01    1
    0.110897850990295410E+01    0.149140398316814715E+01   -0.840896350544154636E+01    1
    0.508977446065035699E+00    0.149183114017885643E+01   -0.841146350544155119E+01    1
    0.508961200714111328E+00    0.149328555573953592E+01   -0.841396350544157201E+01    1
    0.908948095650349508E+00    0.149413010471634689E+01   -0.841646350544155197E+01    1
    0.558905710278799761E+00    0.149791384910365277E+01   -0.841896350544154082E+01    1
    0.891106619258446031E+00    0.149901107848414639E+01   -0.842146350544156341E+01    1
    0.108862519562924351E+00    0.150175091853927989E+01   -0.842396350544158601E+01    1
    0.491139314592957676E+00    0.150191349852845546E+01   -0.842646350544157130E+01    1
    0.891153186600925795E+00    0.150314164696516728E+01   -0.842896350544154593E+01    1
    0.110884597673165253E+01    0.150321566187068179E+01   -0.843146350544153300E+01    1
    0.110881147711515538E+01    0.150626153880083691E+01   -0.843396350544154316E+01    1
    0.891220092773437500E+00    0.150903832902013968E+01   -0.843646350544154799E+01    1
    0.912388622571555508E-01    0.151068451080989541E+01   -0.843896350544153862E+01    1
    0.558738988116796564E+00    0.151262266419845393E+01   -0.844146350544155588E+01    1
    0.491266576139768207E+00    0.151310876924509530E+01   -0.844396350544156249E+01    1
    0.491280078887939453E+00    0.151428711017506346E+01   -0.844646350544156377E+01    1
    0.208714911850146206E+00    0.151472374077627059E+01   -0.844896350544155261E+01    1
    0.191298171204320022E+00    0.151586306160873652E+01   -0.845146350544153258E+01    1
    0.191309094429016113E+00    0.151681298533656883E+01   -0.845396350544155517E+01    1
    0.558690547943115234E+00    0.151684411412451436E+01   -0.845646350544154934E+01    1
    0.508688766745647891E+00    0.151728592272998308E+01   -0.845896350544152931E+01    1
    0.110868346691131592E+01    0.151745919555577924E+01   -0.846146350544154835E+01    1
    0.208683430549844617E+00    0.151746235298549070E+01   -0.846396350544154608E+01    1
    0.108659083624022337E+00    0.151957353751630508E+01   -0.846646350544154203E+01    1
    0.109134954895532577E+01    0.152032066717382808E+01   -0.846896350544156640E+01    1
    0.108640916405777249E+00    0.152114500189721213E+01   -0.847146350544157123E+01    1
    0.208638485497483650E+00    0.152135502510418785E+01   -0.847396350544155652E+01    1
    0.891390926840039954E+00    0.152389148018763931E+01   -0.847646350544154359E+01    1
    0.908593495768066917E+00    0.152523133597644533E+01   -0.847896350544154132E+01    1
    0.110858373377686870E+01    0.152606975579458859E+01   -0.848146350544154792E+01    1
    0.109143070616400761E+01    0.152730819931747064E+01   -0.848396350544155275E+01    1
    0.914396791394997549E-01    0.152807671738178485E+01   -0.848646350544154515E+01    1
    0.109143984764782376E+01    0.152809114209301367E+01   -0.848896350544154288E+01    1
    0.108500627752610934E+00    0.153316882261306797E+01   -0.849146350544156370E+01    1
    0.541520292730085728E+00    0.153520359433685227E+01   -0.849396350544156498E+01    1
    0.915343200490269515E-01    0.153613349839382796E+01   -0.849646350544154494E+01    1
    0.915414094924926758E-01    0.153673341668689822E+01   -0.849896350544154799E+01    1
    0.191569922966437350E+00    0.153914118959636048E+01   -0.850146350544156881E+01    1
    0.108413412196211451E+00    0.154054465963856613E+01   -0.850396350544155410E+01    1
    0.208400084505784122E+00    0.154166508503379207E+01   -0.850646350544153940E+01    1
    0.908390210289621081E+00    0.154249404003504820E+01   -0.850896350544156732E+01    1
    0.108362205152523122E+00    0.154483980849094271E+01   -0.851146350544156682E+01    1
    0.109164507250610598E+01    0.154544811641422553E+01   -0.851396350544155389E+01    1
    0.541652382078461669E+00    0.154630062184722483E+01   -0.851646350544154984E+01    1
    0.508342266082763672E+00    0.154674658289160472E+01   -0.851896350544156356E+01    1
    0.908304275243882131E+00    0.154966724692459734E+01   -0.852146350544155773E+01    1
    0.558298473275586238E+00    0.155014894882064680E+01   -0.852396350544156256E+01    1
    0.508281934162872595E+00    0.155175425951064727E+01   -0.852646350544157627E+01    1
    0.508268153189793792E+00    0.155289303273644808E+01   -0.852896350544157578E+01    1
    0.541758532236416901E+00    0.155509278108241267E+01   -0.853146350544158594E+01    1
    0.918060541152954102E-01    0.155876843774802687E+01   -0.853396350544155702E+01    1
    0.541840650493054188E+00    0.156181758037631435E+01   -0.853646350544153698E+01    1
    0.110815283484913762E+01    0.156212860316880620E+01   -0.853896350544155069E+01    1
    0.208152465543817389E+00    0.156215871133971573E+01   -0.854146350544156263E+01    1
    0.108114686166941171E+00    0.156523152561563195E+01   -0.854396350544156391E+01    1
    0.191898663511348599E+00    0.156631391904358952E+01   -0.854646350544157585E+01    1
    0.541896563937220077E+00    0.156635804870424700E+01   -0.854896350544158778E+01    1
    0.108049445313425002E+00    0.157050433428626546E+01   -0.855146350544157485E+01    1
    0.491981048139686017E+00    0.157295430647749512E+01   -0.855396350544156370E+01    1
    0.557984004556787871E+00    0.157575060854543270E+01   -0.855646350544155254E+01    1
    0.907980484959596823E+00    0.157603148260360970E+01   -0.855896350544154494E+01    1
    0.192048678281245944E+00    0.157835459817971291E+01   -0.856146350544156221E+01    1
    0.542069703980816442E+00    0.158022068873329391E+01   -0.856396350544155283E+01    1
    0.492087960243225098E+00    0.158147038931636086E+01   -0.856646350544153634E+01    1
    0.109213769435882568E+01    0.158539293357914923E+01   -0.856896350544155361E+01    1
    0.907841742158091991E+00    0.158700758318537916E+01   -0.857146350544156199E+01    1
    0.492163243275965612E+00    0.158739847785775101E+01   -0.857396350544156327E+01    1
    0.507813234788604850E+00    0.158942430520909284E+01   -0.857646350544156988E+01    1
    0.107810536039142660E+00    0.158944981746163272E+01   -0.857896350544158537E+01    1
    0.192206479619272397E+00    0.159077738393128021E+01   -0.858146350544158310E+01    1
    0.207770678246298746E+00    0.159255498151786168E+01   -0.858396350544155240E+01    1
    0.922835979888183000E-01    0.159675788356451820E+01   -0.858646350544155190E+01    1
    0.192291049978892931E+00    0.159733263141572923E+01   -0.858896350544156739E+01    1
    0.542289257049560547E+00    0.159737045388674392E+01   -0.859146350544157400E+01    1
    0.542301690983181484E+00    0.159832733849865960E+01   -0.859396350544157706E+01    1
    0.107687544010397401E+00    0.159898051899637905E+01   -0.859646350544155702E+01    1
    0.192336414314845522E+00    0.160081945578683960E+01   -0.859896350544156007E+01    1
    0.109233863155699096E+01    0.160098935145768295E+01   -0.860146350544155780E+01    1
    0.507662579266215497E+00    0.160106844435470119E+01   -0.860396350544154487E+01    1
    0.557639613598774120E+00    0.160265378559558958E+01   -0.860646350544154437E+01    1
    0.892407980732062844E+00    0.160627840073171679E+01   -0.860896350544155808E+01    1
    0.109242820739746094E+01    0.160781196747603050E+01   -0.861146350544157890E+01    1
    0.109243442221377074E+01    0.160828234735792863E+01   -0.861396350544156597E+01    1
    0.892448782920837402E+00    0.160936778667217739E+01   -0.861646350544154060E+01    1
    0.109248421990188338E+01    0.161203743113912767E+01   -0.861896350544156142E+01    1
    0.557511898326314537E+00    0.161232918835355821E+01   -0.862146350544156093E+01    1
    0.109254659935428999E+01    0.161670627762800523E+01   -0.862396350544153734E+01    1
    0.107452638338015299E+00    0.161676309256908679E+01   -0.862646350544154927E+01    1
    0.492558397055119890E+00    0.161758500184835774E+01   -0.862896350544157364E+01    1
    0.892572402954101562E+00    0.161862619417416598E+01   -0.863146350544159802E+01    1
    0.892591457950510980E+00    0.162003970706012712E+01   -0.863396350544156732E+01    1
    0.507407012345591935E+00    0.162030427517647468E+01   -0.863646350544155261E+01    1
    0.110737940037126714E+01    0.162219443435808186E+01   -0.863896350544158409E+01    1
    0.907378464346105806E+00    0.162226350302159217E+01   -0.864146350544158359E+01    1
    0.557330974211664665E+00    0.162575636446629934E+01   -0.864396350544158132E+01    1
    0.107292173020137438E+00    0.162859324677726214E+01   -0.864646350544158437E+01    1
    0.557276350467648784E+00    0.162974590092716554E+01   -0.864896350544155545E+01    1
    0.507277960394033944E+00    0.162977044638734636E+01   -0.865146350544154608E+01    1
    0.207248039909534554E+00    0.163180177090433598E+01   -0.865396350544156867E+01    1
    0.109275555610656738E+01    0.163206234692989138E+01   -0.865646350544157173E+01    1
    0.927887805247163966E-01    0.163446375195181570E+01   -0.865896350544154458E+01    1
    0.107192011404251608E+00    0.163584704336093800E+01   -0.866146350544153165E+01    1
    0.109284124261891469E+01    0.163823314734914005E+01   -0.866396350544154892E+01    1
    0.192846876348729879E+00    0.163863629370356279E+01   -0.866646350544155020E+01    1
    0.542865024994630962E+00    0.164006485909726818E+01   -0.866896350544154437E+01    1
    0.542877717423622341E+00    0.164096882014289980E+01   -0.867146350544156519E+01    1
    0.892901252546556057E+00    0.164251110651647769E+01   -0.867396350544158778E+01    1
    0.507094277261087911E+00    0.164295769236699885E+01   -0.867646350544157663E+01    1
    0.110704986282125839E+01    0.164596935456256310E+01   -0.867896350544156370E+01    1
    0.207033561022182039E+00    0.164711728029157212E+01   -0.868146350544154544E+01    1
    0.192974051277590375E+00    0.164765240630571563E+01   -0.868396350544154672E+01    1
    0.892979859100565099E+00    0.164806029231576878E+01   -0.868646350544156398E+01    1
    0.493018467738840171E+00    0.165076333356640181E+01   -0.868896350544155460E+01    1
    0.893022497473237920E+00    0.165104447600050608E+01   -0.869146350544153812E+01    1
    0.206946015357971191E+00    0.165323653678950588E+01   -0.869396350544154295E+01    1
    0.893125830203394422E+00    0.165820113159254023E+01   -0.869646350544155133E+01    1
    0.193186510102497905E+00    0.166235396063854735E+01   -0.869896350544156149E+01    1
    0.906769026498485564E+00    0.166537358486936649E+01   -0.870146350544157876E+01    1
    0.109323212998685948E+01    0.166545186098152431E+01   -0.870396350544155695E+01    1
    0.893252078235131419E+00    0.166679994283142663E+01   -0.870646350544155112E+01    1
    0.543293151373954841E+00    0.166966966956832796E+01   -0.870896350544157904E+01    1
    0.543301900683805128E+00    0.167025562458266474E+01   -0.871146350544156256E+01    1
    0.493332574345680286E+00    0.167219949217010977E+01   -0.871396350544156739E+01    1
    0.206625554926092969E+00    0.167498229316199021E+01   -0.871646350544158111E+01    1
    0.193383041739123684E+00    0.167555150042446632E+01   -0.871896350544158238E+01    1
    0.206610326725129717E+00    0.167599008649054348E+01   -0.872146350544156768E+01    1
    0.206581983229865762E+00    0.167785966736419367E+01   -0.872396350544154586E+01    1
    0.109342572496136303E+01    0.167836672213713234E+01   -0.872646350544155780E+01    1
    0.934289600554792238E-01    0.167857935379292522E+01   -0.872896350544154487E+01    1
    0.893431466101281990E+00    0.167874399566232402E+01   -0.873146350544154615E+01    1
    0.934712905519400200E-01    0.168135194826942502E+01   -0.873396350544156164E+01    1
    0.493496165978792534E+00    0.168297304289956062E+01   -0.873646350544157535E+01    1
    0.110647454332076611E+01    0.168487362749298386E+01   -0.873896350544159617E+01    1
    0.893531991562258598E+00    0.168529651780189238E+01   -0.874146350544159745E+01    1
    0.493549108505249023E+00    0.168640232626008446E+01   -0.874396350544159340E+01    1
    0.109357027312438104E+01    0.168776524508007419E+01   -0.874646350544158580E+01    1
    0.543571351625255716E+00    0.168792732285802516E+01   -0.874896350544155332E+01    1
    0.935738086700439453E-01    0.168799250850935145E+01   -0.875146350544152973E+01    1
    0.193594231052331894E+00    0.168930280450081804E+01   -0.875396350544154345E+01    1
    0.936020849316342440E-01    0.168980559744525527E+01   -0.875646350544157492E+01    1
    0.893630623817443848E+00    0.169162741878079426E+01   -0.875896350544157620E+01    1
    0.206364322230526170E+00    0.169194919628551621E+01   -0.876146350544156327E+01    1
    0.506362384893035866E+00    0.169216219272897139E+01   -0.876396350544157698E+01    1
    0.193653694400588217E+00    0.169309420974973612E+01   -0.876646350544156228E+01    1
    0.106325543116894281E+00    0.169440970493692089E+01   -0.876896350544154046E+01    1
    0.110630319325480908E+01    0.169582095751801565E+01   -0.877146350544155773E+01    1
    0.937446835817476176E-01    0.169882726609307411E+01   -0.877396350544155901E+01    1
    0.556229447300349067E+00    0.170044228064523573E+01   -0.877646350544156029E+01    1
    0.893793314833355113E+00    0.170185747976611390E+01   -0.877896350544157933E+01    1
    0.206203364179927962E+00    0.170206354781129776E+01   -0.878146350544157350E+01    1
    0.938296027356790574E-01    0.170410317155766644E+01   -0.878396350544157656E+01    1
    0.106155514717102051E+00    0.170502037639306425E+01   -0.878646350544156718E+01    1
    0.493864782116973544E+00    0.170626786460399194E+01   -0.878896350544156668E+01    1
    0.543873409618371939E+00    0.170687637459843744E+01   -0.879146350544157329E+01    1
    0.206114091338241046E+00    0.170756161909359339E+01   -0.879396350544156391E+01    1
    0.493905814883793870E+00    0.170877689940657396E+01   -0.879646350544155275E+01    1
    0.506083601696334928E+00    0.170949917952696784E+01   -0.879896350544156114E+01    1
    0.110607015582907575E+01    0.171023822460905728E+01   -0.880146350544156952E+01    1
    0.506062171329750177E+00    0.171079978961001400E+01   -0.880396350544155304E+01    1
    0.939499366562636801E-01    0.171145585123925392E+01   -0.880646350544155077E+01    1
    0.906041012629363540E+00    0.171200301561471613E+01   -0.880896350544156093E+01    1
    0.506041875966006471E+00    0.171202729029011236E+01   -0.881146350544156221E+01    1
    0.206039526108378668E+00    0.171209280548642639E+01   -0.881396350544155993E+01    1
    0.543967722395900743E+00    0.171260638484701899E+01   -0.881646350544157542E+01    1
    0.106022126234696965E+00    0.171314216162223687E+01   -0.881896350544156959E+01    1
    0.556013992181124461E+00    0.171363185802783624E+01   -0.882146350544156377E+01    1
    0.939866988043118190E-01    0.171367322720503878E+01   -0.882396350544155972E+01    1
    0.894019548036136702E+00    0.171564315509498044E+01   -0.882646350544155922E+01    1
    0.494021668924216284E+00    0.171577015885722206E+01   -0.882896350544156583E+01    1
    0.194026087353153603E+00    0.171603402199460642E+01   -0.883146350544155112E+01    1
    0.205966625663334735E+00    0.171646907452354092E+01   -0.883396350544155062E+01    1
    0.110594117540461978E+01    0.171798435761307378E+01   -0.883646350544156434E+01    1
    0.894064592080793252E+00    0.171832684771845146E+01   -0.883896350544155851E+01    1
    0.110589549448431934E+01    0.172068790748216993E+01   -0.884146350544154913E+01    1
    0.905891719133200879E+00    0.172091041183273830E+01   -0.884396350544156462E+01    1
    0.205867712252342738E+00    0.172232194817389872E+01   -0.884646350544156057E+01    1
    0.105863590499783444E+00    0.172256371580961076E+01   -0.884896350544154764E+01    1
    0.905855464207119709E+00    0.172303987815106452E+01   -0.885146350544155602E+01    1
    0.109414469313352725E+01    0.172304909105254356E+01   -0.885396350544157507E+01    1
    0.494146169038761518E+00    0.172313569854855708E+01   -0.885646350544156391E+01    1
    0.555817363074738280E+00    0.172526382111869547E+01   -0.885896350544155453E+01    1
    0.544181735965202584E+00    0.172527954939569916E+01   -0.886146350544155581E+01    1
    0.894184486510082088E+00    0.172537119779827619E+01   -0.886396350544154821E+01    1
    0.494236308159057225E+00    0.172837167417758142E+01   -0.886646350544155659E+01    1
    0.205755422791683601E+00    0.172884772600020886E+01   -0.886896350544156320E+01    1
    0.109429694892869933E+01    0.173184822594604015E+01   -0.887146350544156626E+01    1
    0.194341787816376066E+00    0.173439535798081135E+01   -0.887396350544157109E+01    1
    0.943564065719933037E-01    0.173522144965216163E+01   -0.887646350544157769E+01    1
    0.105640683755593975E+00    0.173538561740225528E+01   -0.887896350544156832E+01    1
    0.544363122695658674E+00    0.173566267684820374E+01   -0.888146350544155538E+01    1
    0.205592339121969891E+00    0.173810089927978950E+01   -0.888396350544155489E+01    1
    0.944105539313326858E-01    0.173826264678266074E+01   -0.888646350544156682E+01    1
    0.194458602265210723E+00    0.174093673927972414E+01   -0.888896350544157698E+01    1
    0.109445867530655150E+01    0.174094078676424791E+01   -0.889146350544156050E+01    1
    0.544470359675120363E+00    0.174164673622620314E+01   -0.889396350544155823E+01    1
    0.205524308994760041E+00    0.174188223420743071E+01   -0.889646350544155240E+01    1
    0.544475681739397199E+00    0.174194072839525460E+01   -0.889896350544155190E+01    1
    0.894522615055274306E+00    0.174446345439182404E+01   -0.890146350544156562E+01    1
    0.194547176361083984E+00    0.174580575536975657E+01   -0.890396350544155624E+01    1
    0.544562405479152689E+00    0.174669151488914909E+01   -0.890646350544154686E+01    1
    0.505433170789065356E+00    0.174693183680547315E+01   -0.890896350544154636E+01    1
    0.894574399606860027E+00    0.174728648542515930E+01   -0.891146350544155830E+01    1
    0.905394108019892396E+00    0.174899017690402747E+01   -0.891396350544155958E+01    1
    0.205385914958050975E+00    0.174943178387857801E+01   -0.891646350544155375E+01    1
    0.110536292290745353E+01    0.175066747299891934E+01   -0.891896350544157634E+01    1
    0.110532218664376680E+01    0.175284383019991963E+01   -0.892146350544157585E+01    1
    0.894683621612821223E+00    0.175315278777705430E+01   -0.892396350544157180E+01    1
    0.505266779434963009E+00    0.175582923241061573E+01   -0.892646350544158196E+01    1
    0.555251725581501931E+00    0.175656934536335418E+01   -0.892896350544158146E+01    1
    0.110522236777868121E+01    0.175810655747632949E+01   -0.893146350544157919E+01    1
    0.905215945138375111E+00    0.175844176512267025E+01   -0.893396350544158580E+01    1
    0.494789914788003826E+00    0.175874751937364637E+01   -0.893646350544157997E+01    1
    0.194816788475293379E+00    0.176014377500610553E+01   -0.893896350544157769E+01    1
    0.905181014510527682E+00    0.176025762676387276E+01   -0.894146350544158430E+01    1
    0.494834214141266937E+00    0.176104574743158904E+01   -0.894396350544157848E+01    1
    0.905094843937940152E+00    0.176468500979553711E+01   -0.894646350544156910E+01    1
    0.109491106355064427E+01    0.176498581262745269E+01   -0.894896350544155617E+01    1
    0.505082861529912663E+00    0.176534209616645033E+01   -0.895146350544156100E+01    1
    0.110506809532960260E+01    0.176604423220566975E+01   -0.895396350544155872E+01    1
    0.905051350593566895E+00    0.176689146945972175E+01   -0.895646350544156356E+01    1
    0.194971919059753418E+00    0.176806419384700830E+01   -0.895896350544156839E+01    1
    0.105023862220245415E+00    0.176827622551531793E+01   -0.896146350544156434E+01    1
    0.555023100295539140E+00    0.176831480304952282E+01   -0.896396350544157094E+01    1
    0.894983321205152560E+00    0.176863685290200268E+01   -0.896646350544157400E+01    1
    0.194991009388524761E+00    0.176902224882612780E+01   -0.896896350544157706E+01    1
    0.194993853569030762E+00    0.176916467311383263E+01   -0.897146350544157656E+01    1
    0.110500432685348371E+01    0.176925574727287716E+01   -0.897396350544157784E+01    1
    0.110500315620899681E+01    0.176931432329725147E+01   -0.897646350544157912E+01    1
    0.504974949121992367E+00    0.177076642354045966E+01   -0.897896350544158217E+01    1
    0.545027044837423591E+00    0.177086555745241236E+01   -0.898146350544157102E+01    1
    0.895028683088488930E+00    0.177090222438198275E+01   -0.898396350544156519E+01    1
    0.895067277639084002E+00    0.177281343410595915E+01   -0.898646350544156469E+01    1
    0.104915601157375499E+00    0.177365650986340717E+01   -0.898896350544156952E+01    1
    0.950929638861170851E-01    0.177407716644060764E+01   -0.899146350544156370E+01    1
    0.504904290459422866E+00    0.177425513655879996E+01   -0.899396350544155609E+01    1
    0.504900490318717754E+00    0.177444135214094523E+01   -0.899646350544156270E+01    1
    0.204876894460947034E+00    0.177555168563928478E+01   -0.899896350544157286E+01    1
    0.554873717215458750E+00    0.177570691191426744E+01   -0.900146350544155993E+01    1
    0.904869576827846633E+00    0.177590829114386017E+01   -0.900396350544154345E+01    1
    0.504834557059414935E+00    0.177764926839537396E+01   -0.900646350544156249E+01    1
    0.904818847193014086E+00    0.177836574220726584E+01   -0.900896350544157087E+01    1
    0.109518320210523612E+01    0.177846447376035077E+01   -0.901146350544155972E+01    1
    0.904792942184985627E+00    0.177961070961229062E+01   -0.901396350544155567E+01    1
    0.895236707958053213E+00    0.178102742817099458E+01   -0.901646350544154451E+01    1
    0.545244594438323960E+00    0.178144294619990351E+01   -0.901896350544154757E+01    1
    0.109525895118713379E+01    0.178208446432545875E+01   -0.902146350544154885E+01    1
    0.195272487170086578E+00    0.178272529577038297E+01   -0.902396350544154657E+01    1
    0.895286560058593750E+00    0.178338960314914363E+01   -0.902646350544156384E+01    1
    0.495303915124245486E+00    0.178420647385805387E+01   -0.902896350544158466E+01    1
    0.110469577773417549E+01    0.178422054091147642E+01   -0.903146350544156640E+01    1
    0.554663419723510742E+00    0.178573512793521472E+01   -0.903396350544155347E+01    1
    0.110465818318238163E+01    0.178597883075225261E+01   -0.903646350544156718E+01    1
    0.554642081260681152E+00    0.178672795725211930E+01   -0.903896350544157734E+01    1
    0.554634418070379165E+00    0.178708339655515025E+01   -0.904146350544157329E+01    1
    0.495370455444386126E+00    0.178730913774436506E+01   -0.904396350544155325E+01    1
    0.110462605634060318E+01    0.178747019722319322E+01   -0.904646350544154920E+01    1
    0.104615410808927153E+00    0.178796209887955593E+01   -0.904896350544155403E+01    1
    0.109538805484771729E+01    0.178812199311703934E+01   -0.905146350544157308E+01    1
    0.895393770251914800E+00    0.178838542109463750E+01   -0.905396350544158146E+01    1
    0.954346744711129513E-01    0.179026119763182434E+01   -0.905646350544157919E+01    1
    0.554564340651782395E+00    0.179030653597910727E+01   -0.905896350544158224E+01    1
    0.954557128656221415E-01    0.179121945575700270E+01   -0.906146350544157819E+01    1
    0.545483990662488649E+00    0.179253612289948649E+01   -0.906396350544158480E+01    1
    0.110451267141669507E+01    0.179265116698008420E+01   -0.906646350544158075E+01    1
    0.504464251676294051E+00    0.179485919893554358E+01   -0.906896350544158203E+01    1
    0.955497105926238904E-01    0.179544680450834337E+01   -0.907146350544158153E+01    1
    0.495549949308970283E+00    0.179545783051119345E+01   -0.907396350544156682E+01    1
    0.495572447776794434E+00    0.179645649738466284E+01   -0.907646350544157521E+01    1
    0.195605278015136719E+00    0.179790427693415977E+01   -0.907896350544156583E+01    1
    0.895628811641962064E+00    0.179893574524813071E+01   -0.908146350544156533E+01    1
    0.204366768935303866E+00    0.179912882888368975E+01   -0.908396350544156839E+01    1
    0.554334873225429403E+00    0.180051698074505051E+01   -0.908646350544156078E+01    1
    0.956675176507375130E-01    0.180062016702200856E+01   -0.908896350544157805E+01    1
    0.545668594267292972E+00    0.180069930405403844E+01   -0.909146350544157755E+01    1
    0.204323530197143555E+00    0.180100761672730325E+01   -0.909396350544158061E+01    1
    0.956940280762423739E-01    0.180176521251441879E+01   -0.909646350544158011E+01    1
    0.956947803497314453E-01    0.180179760237007103E+01   -0.909896350544156363E+01    1
    0.495707035064697266E+00    0.180232487950226639E+01   -0.910146350544157379E+01    1
    0.204279577624761011E+00    0.180289826032358858E+01   -0.910396350544157329E+01    1
    0.104274645737013200E+00    0.180310920267053820E+01   -0.910646350544157457E+01    1
    0.495725909702942946E+00    0.180313338397457135E+01   -0.910896350544159006E+01    1
    0.104258015732345860E+00    0.180381869367083958E+01   -0.911146350544158423E+01    1
    0.204251596458231821E+00    0.180409182133711732E+01   -0.911396350544157485E+01    1
    0.904224237799711839E+00    0.180525125861279290E+01   -0.911646350544158679E+01    1
    0.104223132133483887E+00    0.180529795847104291E+01   -0.911896350544156853E+01    1
    0.109578123268248628E+01    0.180548219515875052E+01   -0.912146350544155915E+01    1
    0.109579661553593932E+01    0.180612997879182635E+01   -0.912396350544158175E+01    1
    0.554182602795705082E+00    0.180700181316164166E+01   -0.912646350544158658E+01    1
    0.110413324449076056E+01    0.180905363345335468E+01   -0.912896350544156654E+01    1
    0.109586892410415149E+01    0.180914324326905707E+01   -0.913146350544156249E+01    1
    0.904117805478124592E+00    0.180969057377699993E+01   -0.913396350544156022E+01    1
    0.109589467333110102E+01    0.181020364826349400E+01   -0.913646350544155794E+01    1
    0.504091116207509793E+00    0.181081484399656012E+01   -0.913896350544156100E+01    1
    0.104088577839010904E+00    0.181088983982710849E+01   -0.914146350544154807E+01    1
    0.104073411219080605E+00    0.181150878875670518E+01   -0.914396350544157244E+01    1
    0.554072022438049316E+00    0.181156583638398039E+01   -0.914646350544159326E+01    1
    0.895948037361623539E+00    0.181238017744136903E+01   -0.914896350544157855E+01    1
    0.554047168354831920E+00    0.181257481768568374E+01   -0.915146350544156206E+01    1
    0.904044887996034441E+00    0.181266658905304689E+01   -0.915396350544155446E+01    1
    0.110403601140147467E+01    0.181302524339119953E+01   -0.915646350544156995E+01    1
    0.104031753759345993E+00    0.181319699167536097E+01   -0.915896350544156768E+01    1
    0.545975206923782319E+00    0.181350526656545874E+01   -0.916146350544157251E+01    1
    0.904023079916747352E+00    0.181354632347268518E+01   -0.916396350544159333E+01    1
    0.904022285852605800E+00    0.181357826615500062E+01   -0.916646350544157862E+01    1
    0.903998982422384856E+00    0.181451288148264922E+01   -0.916896350544158523E+01    1
    0.196003639875261926E+00    0.181461771232238056E+01   -0.917146350544158828E+01    1
    0.903980372868820048E+00    0.181525534268117061E+01   -0.917396350544157535E+01    1
    0.110397689412711730E+01    0.181539374906386675E+01   -0.917646350544158729E+01    1
    0.896031721694053207E+00    0.181573601998812295E+01   -0.917896350544158324E+01    1
    0.960321606590195248E-01    0.181575343837620151E+01   -0.918146350544158274E+01    1
    0.896038961686135171E+00    0.181602306093583721E+01   -0.918396350544159290E+01    1
    0.196056664495992239E+00    0.181672270906952238E+01   -0.918646350544158530E+01    1
    0.196065615460806641E+00    0.181707527504414457E+01   -0.918896350544156881E+01    1
    0.546067872022289680E+00    0.181719064868611602E+01   -0.919146350544155233E+01    1
    0.960692117004317142E-01    0.181721670027524884E+01   -0.919396350544155005E+01    1
    0.496078112712039221E+00    0.181756670849325164E+01   -0.919646350544156199E+01    1
    0.109609343112272195E+01    0.181816578159077258E+01   -0.919896350544156327E+01    1
    0.896100401332809882E+00    0.181843783472960796E+01   -0.920146350544155389E+01    1
    0.961024529632409918E-01    0.181851781903661869E+01   -0.920396350544156228E+01    1
    0.961092578569720801E-01    0.181878281143769582E+01   -0.920646350544157599E+01    1
    0.103832581602378043E+00    0.182102877486093062E+01   -0.920896350544158970E+01    1
    0.110379719734191895E+01    0.182237864528798554E+01   -0.921146350544157499E+01    1
    0.896212851387346743E+00    0.182275971048375540E+01   -0.921396350544154608E+01    1
    0.203768888880580035E+00    0.182344956658456492E+01   -0.921646350544154558E+01    1
