    0.135464552102156003E-98   -0.280673184495344579E+02    0.522277577220321376E+01    0.227112952554655330E+02
    0.166748375719843817E-98   -0.284878703414254595E+02    0.299997375710859551E+02    0.274654297852799161E+02
    0.250773654277219499E-98   -0.293089999665488214E+02    0.249299591551510336E+01    0.179833069338313791E+02
    0.261939279657114320E-98   -0.294011238932847405E+02    0.254426592768833171E+01    0.587532430844044473E+01
    0.354235019138479546E-98   -0.300098196309976366E+02    0.276338249980164505E+02    0.721695641405997090E+01
    0.457557371639172013E-98   -0.305267030122366982E+02    0.171160516457389775E+02    0.103031452468982447E+02
    0.484506932041871285E-98   -0.306461619312468905E+02    0.263915421168623290E+02    0.163992657914738942E+02
    0.590480567497896906E-98   -0.310467719066305392E+02    0.151063888833326114E+02    0.305574890157866754E+02
    0.597828860414014949E-98   -0.310765075063356200E+02    0.369253256445993028E+01    0.128603410297383718E+02
    0.654053861624951432E-98   -0.312612778641314293E+02    0.101044262000808764E+02    0.499974560164424453E+01
    0.674069406275258666E-98   -0.313265646181102007E+02    0.295329389032763245E+02    0.273353653668891106E+02
    0.673712940974526308E-98   -0.313305066867319617E+02    0.210941139861744524E+02    0.269521135994860899E+02
    0.884856237867566275E-98   -0.318807488310002896E+02    0.113130221740400962E+02    0.163620397928616299E+02
    0.991146009294285750E-98   -0.321126221711285851E+02    0.211741779712179401E+02    0.172985170875284555E+01
    0.139195294467078473E-97   -0.327968245259642828E+02    0.833758443214359168E+01    0.230014988791541661E+02
    0.144686044237109955E-97   -0.328792010051416028E+02    0.166360328798306263E+02    0.270920200625804206E+02
    0.151708419407188306E-97   -0.329789894099208283E+02    0.152017159023141577E+02    0.602675060772504967E+01
    0.162808246032154264E-97   -0.331252148467157568E+02    0.241938281403395061E+01    0.204442544104003616E+02
    0.176828990506276789E-97   -0.332954348599643666E+02    0.179119146590279996E+02    0.998125083847550876E+01
    0.184876931018038983E-97   -0.333894493714764522E+02    0.187424345527151992E+02    0.264782086608146150E+01
    0.195241767756178290E-97   -0.335035458900391774E+02    0.235260821088941690E+02    0.385620149849941329E+01
    0.403556008396369376E-97   -0.349606992085618700E+02    0.298988472501991254E+02    0.276358267380826739E+02
    0.410115676193840854E-97   -0.349979471534647075E+02    0.134095200085614774E+02    0.162117894456458629E+02
    0.450071106720470750E-97   -0.351888798099694853E+02    0.152511395948379054E+02    0.312348748581402553E+02
    0.593345153794892059E-97   -0.357466211926296893E+02    0.151990100890347453E+02    0.198661297833605346E+02
    0.626779621493829696E-97   -0.358612586354940674E+02    0.101378752953128117E+02    0.206363128497195483E+02
    0.709325370508105509E-97   -0.361136973114240334E+02    0.290581126773152505E+02    0.270704222422588003E+02
    0.741215105793070329E-97   -0.362066503883149835E+02    0.798232144750000305E+01    0.226555929526124622E+02
    0.800797612840885673E-97   -0.363662851335953761E+02    0.721527862257322106E+01    0.224744513931679997E+02
    0.802925343035433566E-97   -0.363765921136699859E+02    0.374247307668272100E+01    0.110382950532956450E+02
    0.833932356849785903E-97   -0.364573732238874157E+02    0.187357776902873034E+02    0.985454949319876761E+01
    0.930590668889074108E-97   -0.366817076642915083E+02    0.189955076770837863E+02    0.224168746826383263E+02
    0.957416162973240181E-97   -0.367435449574758337E+02    0.292298616004901426E+02    0.273252518045900743E+02
    0.111725602067076500E-96   -0.370573305927969656E+02    0.895954510684504157E+01    0.116559039563283378E+02
    0.126508886019650402E-96   -0.373108639273564293E+02    0.312328094518792234E+02    0.983864792477747230E+01
    0.161753102693244300E-96   -0.378073810559789010E+02    0.253376793392475363E+02    0.161125188676563980E+02
    0.198119561434360011E-96   -0.382179802136885414E+02    0.130663966692399871E+02    0.215838549545372729E+02
    0.284763676277472628E-96   -0.389485580860125822E+02    0.355411663933820332E+01    0.259207830372285102E+02
    0.340002516980328160E-96   -0.393081448664584201E+02    0.224227450803068074E+02    0.303750610247000239E+02
    0.373972421222970732E-96   -0.395036029348263256E+02    0.293021414569505723E+02    0.149407743852811503E+02
    0.430485827028040503E-96   -0.397900676279411982E+02    0.772459694584002676E+01    0.991233218259400140E+01
    0.442257732591288218E-96   -0.398490244606221395E+02    0.174063226806927034E+02    0.277878597387531130E+02
    0.494927001318046551E-96   -0.400790593847438998E+02    0.289791497429349398E+02    0.105132886306136726E+02
    0.535928939837784859E-96   -0.402432419802311045E+02    0.279179971860144356E+02    0.188462647537741255E+02
    0.786403624704730163E-96   -0.410151791816467508E+02    0.356477323682826341E+01    0.138168132546457283E+02
    0.842883111671495126E-96   -0.411588954071692896E+02    0.216463002564347455E+02    0.254789602431356990E+02
    0.851810952971060796E-96   -0.411849680575756736E+02    0.235677272904402813E+02    0.215105433312138956E+02
    0.932851308942319033E-96   -0.413717304642899109E+02    0.166904581137172201E+02    0.241733238805404982E+01
    0.101335919002329679E-95   -0.415422908692801656E+02    0.904360133681012712E+01    0.241187806769399913E+02
    0.109610401851021540E-95   -0.417042735663349404E+02    0.144828402988312028E+02    0.288534895271968530E+02
    0.111074578360661485E-95   -0.417358127171683293E+02    0.398426043175371403E+01    0.228158426374836374E+02
    0.118473989015077130E-95   -0.418697958805115178E+02    0.161869764824863509E+02    0.235029843879242364E+02
    0.123860208933910086E-95   -0.419637161762420732E+02    0.545843993736162547E+00    0.347944555550212442E+01
    0.125574965931286726E-95   -0.419962148481829871E+02    0.273715408732870138E+02    0.866570127484140507E+01
    0.128828080624392734E-95   -0.420523666258704409E+02    0.204485537510851572E+02    0.267507748760058162E+01
    0.159519483529391968E-95   -0.424847411486223550E+02    0.270766802547015644E+02    0.370744730686167490E+01
    0.183201636707119650E-95   -0.427665837838961806E+02    0.899703138784196810E+01    0.236275341903234377E+02
    0.231490469574566382E-95   -0.432394864205830842E+02    0.697491813928002191E+01    0.281949301531555285E+01
    0.231118000017438909E-95   -0.432412658168795616E+02    0.148828755987071464E+02    0.164793971877824745E+02
    0.238941765034938587E-95   -0.433128487341136008E+02    0.102457932405855470E+02    0.865285568377097647E+01
    0.257456587802715462E-95   -0.434671112411809020E+02    0.234528865827495636E+02    0.215411836237336374E+02
    0.301345938658827981E-95   -0.437869268168773189E+02    0.278102028280610369E+02    0.296521238924952399E+02
    0.377835453658367553E-95   -0.442443265976414040E+02    0.235385794084282871E+02    0.215808832412677738E+02
    0.388582153507643489E-95   -0.443054182330995090E+02    0.285881400624408428E+02    0.259990063202279416E+02
    0.399904281468863905E-95   -0.443678594558026589E+02    0.141047642185591826E+02    0.161038995884002496E+02
    0.416241221504260918E-95   -0.444529389147003542E+02    0.773052351956275441E+01    0.223686138344374257E+02
    0.467193492041569605E-95   -0.446888960149372352E+02    0.910412729018760203E+01    0.136041831442624392E+02
    0.544273912557324291E-95   -0.449993142832438977E+02    0.216856328570811563E+02    0.928880419597914675E+00
    0.565504669034551106E-95   -0.450808461155011884E+02    0.279935165282695948E+02    0.309030316705109342E+02
    0.601288547101202083E-95   -0.452085588734497108E+02    0.224892088426178596E+02    0.429430169273099605E+01
    0.632320679051112789E-95   -0.453142023495604391E+02    0.279496149418780213E+02    0.302166183362403622E+02
    0.752922062444634247E-95   -0.456683324509413424E+02    0.227128213716058234E+02    0.164654037326703317E+02
    0.130623733664208045E-94   -0.467752210539731053E+02    0.245011280098696851E+02    0.339806517825418775E+01
    0.136675619543511587E-94   -0.468707999529815567E+02    0.996013800475552458E+01    0.847622318894715221E+01
    0.140702724903255981E-94   -0.469338778588898151E+02    0.297417771299981553E+02    0.978600159927527002E+01
    0.174664821642402573E-94   -0.473713168624646173E+02    0.280233946989867633E+02    0.701763441092705254E+01
    0.179146695651966044E-94   -0.474269891954870317E+02    0.242765567428892970E+01    0.874585514157168475E+01
    0.220010420230040558E-94   -0.478429290173277622E+02    0.248115287975941285E+02    0.159375398213624848E+02
    0.321150127792476773E-94   -0.486043966007527715E+02    0.152945599396981251E+02    0.208931928380307248E+02
    0.343367889941137806E-94   -0.487431840731117774E+02    0.269905436381943140E+02    0.160639790117194217E+02
    0.489146954009328277E-94   -0.494559051250512809E+02    0.280717510464798785E+02    0.186295806048095720E+02
    0.644957363074987829E-94   -0.500139476192045933E+02    0.313482961841937495E+02    0.280814451609072258E+02
    0.696690095903405198E-94   -0.501732605699195631E+02    0.223552420609922464E+02    0.293795183540660645E+02
    0.700491005793194980E-94   -0.501891422495003212E+02    0.165784786397226540E+02    0.987884938172951976E+01
    0.799086506032423009E-94   -0.504575176130645744E+02    0.229453190798400222E+02    0.901745325609475223E+01
    0.800397422409949758E-94   -0.504657959621564061E+02    0.228555235296663568E+02    0.358847016904346461E+01
    0.897824472379956257E-94   -0.507005283657837751E+02    0.155208352136572465E+02    0.583020182913663554E+01
    0.108639138837881876E-93   -0.510868128575484874E+02    0.285603347881252745E+02    0.269407267132908608E+02
    0.115709738077465385E-93   -0.512179189780380000E+02    0.265804996379872556E+02    0.217579557818498408E+02
    0.139953769729754280E-93   -0.516033736872101940E+02    0.166276645202834352E+02    0.980694590483252071E+01
    0.162383377030854825E-93   -0.519056695120989247E+02    0.103846098882275477E+02    0.906745181690692803E+01
    0.167528905243132107E-93   -0.519730611934755942E+02    0.353561973721084222E+01    0.228210164520794967E+01
    0.174339307355601824E-93   -0.520577562687381104E+02    0.278756572939308391E+02    0.398362564234075833E+01
    0.174659524038697537E-93   -0.520664263873076152E+02    0.227065727218387643E+02    0.161740822055022448E+02
    0.222864328836733910E-93   -0.525588757743877082E+02    0.284569090546569043E+02    0.262522554628998215E+02
    0.241238559420499401E-93   -0.527223220174973193E+02    0.275851802801115511E+02    0.161621485390457060E+02
    0.264640720832802412E-93   -0.529124956548018730E+02    0.874775576474026906E+01    0.268802045049836691E+01
    0.328837519898437528E-93   -0.533518769200605263E+02    0.737457705959253218E+01    0.959222604523136013E+01
    0.390687615947363230E-93   -0.537015659924299200E+02    0.152880584976869685E+02    0.163824317005521500E+02
    0.392707976349709483E-93   -0.537168819293663660E+02    0.330462005708981144E+01    0.262590658732093196E+02
    0.443549604070010302E-93   -0.539653686681450253E+02    0.164711580331600445E+02    0.277943761610453999E+01
    0.510408598228390933E-93   -0.542511725393853297E+02    0.955491578253773177E+01    0.314125803156001382E+02
    0.582856925628285966E-93   -0.545216328747830090E+02    0.375604333885289554E+01    0.984515685692919362E+01
    0.671659854338200706E-93   -0.548102534699639108E+02    0.462342034172949212E+01    0.280931840837090512E+02
    0.721468073944646613E-93   -0.549583256388463397E+02    0.218598816146699004E+01    0.916304473587856094E+01
    0.739075739078744596E-93   -0.550115501920927557E+02    0.974205319950515758E+01    0.212170384280708646E+02
    0.114107165055337427E-92   -0.558851956718277521E+02    0.603819179743938150E+01    0.953264759463546518E+01
    0.123030149113976735E-92   -0.560407784496475472E+02    0.218395234126119249E+02    0.235200282027818233E+02
    0.125823158026320240E-92   -0.560906743962472660E+02    0.155683826259692495E+02    0.299607364091595834E+02
    0.144935291310148664E-92   -0.563784943214532106E+02    0.221007476824512921E+02    0.305820922550103411E+02
    0.152799883879411484E-92   -0.564891778030398086E+02    0.346066215549811984E+01    0.251029065008164576E+01
    0.152834491407208810E-92   -0.564946307302068931E+02    0.276039037589910308E+02    0.160086811764569070E+02
    0.182356760927916967E-92   -0.568528495559218783E+02    0.199978476502812512E+02    0.155964069868963691E+02
    0.182015208296483182E-92   -0.568541000607870473E+02    0.100475179845967055E+02    0.344832402145102668E+01
    0.207589577741705808E-92   -0.571220454624288863E+02    0.266231578610449020E+02    0.326402911282834030E+01
    0.210665449777963564E-92   -0.571564622276618550E+02    0.168448598713416082E+02    0.297522427289037861E+01
    0.213175923484196544E-92   -0.571851550828107733E+02    0.161535348773949821E+02    0.223970314277442526E+02
    0.228151230044791582E-92   -0.573259369669689676E+02    0.953352019601138601E+01    0.500201511423569656E+01
    0.255440656308954007E-92   -0.575568998049394978E+02    0.219070376671373346E+02    0.942034978966685005E-01
    0.271449284223263713E-92   -0.576834702164465085E+02    0.284444529508959008E+02    0.230020419143451882E+02
    0.320743720897345966E-92   -0.580222044234591436E+02    0.287738618428413240E+01    0.288729844905546145E+02
    0.332706530690537180E-92   -0.581004411938769181E+02    0.253609437158450604E+02    0.219140034978635718E+02
    0.334487837284460486E-92   -0.581161206055259285E+02    0.214477928060883656E+02    0.971050098237152248E+01
    0.422794803446721637E-92   -0.585896934957052977E+02    0.171531615471724699E+02    0.303563787415936570E+01
    0.426906888342149661E-92   -0.586140514282014280E+02    0.273369944724621838E+02    0.329607942430960321E+01
    0.456960311048976555E-92   -0.587551126502843033E+02    0.214869100651935057E+02    0.286886802192562174E+01
    0.514990768918519797E-92   -0.589992175216246650E+02    0.985638457763739950E+01    0.912212609796733531E+01
    0.757202622584939808E-92   -0.597751813351969616E+02    0.160162349832175650E+02    0.153526553424619827E+02
    0.836348474013021136E-92   -0.599790102918324166E+02    0.306642609695528368E+01    0.791197404730556020E+01
    0.840160875205897032E-92   -0.599931063526832844E+02    0.308898265526933447E+01    0.192800955678831762E+02
    0.857395586682357376E-92   -0.600387183831270193E+02    0.933164780001579608E+01    0.105788872816893669E+02
    0.907655312877433772E-92   -0.601576489598029127E+02    0.222194570477442745E+02    0.215555497133389338E+02
    0.153690981511819287E-91   -0.612159777012821706E+02    0.144140077795662016E+02    0.157667365284340324E+02
    0.155307181849440234E-91   -0.612418997036494446E+02    0.938421547904205866E+01    0.261838105584091068E+02
    0.157400077264893548E-91   -0.612736714091977888E+02    0.226023867391029611E+02    0.283896419747701678E+02
    0.158487708618170579E-91   -0.612924438397865430E+02    0.240655145423059658E+02    0.283143286113805672E+02
    0.159354815805230219E-91   -0.613083562793954968E+02    0.220255991021541391E+02    0.190770153867213423E+02
    0.159782069199524033E-91   -0.613187113940141302E+02    0.209651019325331482E+02    0.156384884691304435E+02
    0.187603565357235003E-91   -0.616447518384548090E+02    0.286113838411518095E+02    0.960318224834405498E+01
    0.248056185968781877E-91   -0.622084003091280593E+02    0.345245857904337461E+01    0.155615216572109318E+02
    0.280838419031623647E-91   -0.624616487208783440E+02    0.944083532411444382E+00    0.940297640862436523E+01
    0.297784920528068592E-91   -0.625838327209246117E+02    0.315947424066966986E+01    0.252284318940243608E+02
    0.297287817435411460E-91   -0.625854912591060852E+02    0.152613655092454277E+02    0.322217420734638260E+01
    0.346224225792705082E-91   -0.628952629886407308E+02    0.696055766728015080E+01    0.282595906641253514E+02
    0.367539310260818950E-91   -0.630197503147235665E+02    0.315481350070257127E+01    0.133051898406197822E+02
    0.382548527282630279E-91   -0.631048007833310081E+02    0.154832702861843785E+02    0.283747515753252628E+02
    0.425108342646057145E-91   -0.633207778760864386E+02    0.305801466909983644E+01    0.334604615202437428E+01
    0.468733228275691572E-91   -0.635211573493985853E+02    0.300887241860785117E+02    0.219987694186472744E+02
    0.483764728057339545E-91   -0.635892871344207862E+02    0.220005464544965221E+02    0.430080313474215181E+01
    0.529121042706401342E-91   -0.637735241952148399E+02    0.283288257784457649E+02    0.220952592819516660E+02
    0.582282648874651547E-91   -0.639700017171237363E+02    0.282143558327130535E+02    0.941226980053144224E+01
    0.583199403700981719E-91   -0.639781480719332905E+02    0.219971721461716072E+02    0.933404089992658470E+01
    0.587671393215475294E-91   -0.639984256286770616E+02    0.157080456594951894E+02    0.152255851077623738E+02
    0.613442982524128284E-91   -0.640892643990886341E+02    0.220343120081673618E+02    0.947646030518075833E+01
    0.613310339915276461E-91   -0.640938318993938623E+02    0.282919181108075506E+02    0.218577225816517924E+02
    0.620054121628913330E-91   -0.641207032898250446E+02    0.157108825502345049E+02    0.422698592693057940E+01
    0.632120774969872656E-91   -0.641642507065176915E+02    0.219890959021064809E+02    0.189295888224989000E+02
    0.634006578938316837E-91   -0.641752084179821054E+02    0.156013879303726579E+02    0.310051559920559860E+01
    0.673343007355313640E-91   -0.643005994934332819E+02    0.941207131180644652E+01    0.213919051222562899E+02
    0.998387310713662881E-91   -0.650933723312919881E+02    0.155127645871975464E+02    0.956419793923395822E+01
    0.110464254658011160E-90   -0.653006439041881208E+02    0.361298330036061133E+01    0.935570147125274687E+01
    0.115103432049558267E-90   -0.653879222079823421E+02    0.938626403248681740E+01    0.210651552302117437E+02
    0.117754049231223092E-90   -0.654384561828163953E+02    0.158472368141654822E+02    0.285311625631564389E+02
    0.123226146984597341E-90   -0.655343024626532014E+02    0.282933768156827483E+02    0.614539443428807886E+01
    0.140442760540696849E-90   -0.658008599564102070E+02    0.161689889099174664E+02    0.218936752563678638E+02
    0.146123448444461983E-90   -0.658851635449225341E+02    0.217905191679598644E+02    0.285074375429141149E+02
    0.150118434000504570E-90   -0.659441090265769390E+02    0.319800539627553304E+01    0.854532160820224007E+01
    0.163933845202910263E-90   -0.661251858685234026E+02    0.226062329262835249E+02    0.951141679120157058E+01
    0.166205781120863415E-90   -0.661577132733289375E+02    0.320222421794924683E+01    0.851574491564284841E+01
    0.189328992550493216E-90   -0.664232323476953042E+02    0.149746672713416125E+02    0.220744160932920543E+02
    0.195959510852223502E-90   -0.664970760626665651E+02    0.261870200836415705E+02    0.946034526775333617E+01
    0.215241058897474235E-90   -0.666897771498986884E+02    0.229753245829468113E+02    0.156379529240799862E+02
    0.227675585877690191E-90   -0.668071034349700170E+02    0.771764609539491975E+01    0.283201016372216934E+02
    0.239926079817440760E-90   -0.669169216917334495E+02    0.182320133062500744E+01    0.220496312181596643E+02
    0.239739969995899381E-90   -0.669203696967073682E+02    0.657466000772224479E+01    0.283105760509570779E+02
    0.263736479192900461E-90   -0.671161607809600866E+02    0.923825510983538223E+01    0.355488250621106117E+01
    0.277148878297470235E-90   -0.672203695986180918E+02    0.161226708199699900E+02    0.217991413928271562E+02
    0.279688277074702465E-90   -0.672436113151207309E+02    0.102672787087986812E+02    0.281770905108628185E+02
    0.300636488462522192E-90   -0.673930636522343747E+02    0.219496041359730469E+02    0.188508899155735357E+02
    0.335520945557460864E-90   -0.676176287121242581E+02    0.189019448185815087E+01    0.306605139951592465E+01
    0.365213056446471609E-90   -0.677922217406109695E+02    0.461779899123482362E+01    0.219223007010753932E+02
    0.485638542848177385E-90   -0.683671891578425743E+02    0.319496627174093994E+01    0.190267059850756830E+02
    0.551120366686561821E-90   -0.686251664147200557E+02    0.298321999794442094E+01    0.149814758091159668E+02
    0.682279561202830155E-90   -0.690571389167325265E+02    0.219107621395337020E+02    0.487700092312141287E+01
    0.697404125276800001E-90   -0.691059900403496812E+02    0.197677542771686880E+02    0.935573609207556345E+01
    0.123873919814630981E-89   -0.702599586727419023E+02    0.283898423360303056E+02    0.171303802846414435E+02
    0.154330220840443649E-89   -0.707046193231912952E+02    0.103818535164993158E+02    0.296654881757998545E+01
    0.199782150091965102E-89   -0.712258851741317329E+02    0.214840525765676347E+02    0.286209094274164286E+02
    0.243063049236384649E-89   -0.716230718705713798E+02    0.306901712383052434E+02    0.323902140601411581E+01
    0.264687670347342842E-89   -0.717985311842933811E+02    0.961145136352875085E+01    0.230364797081318180E+02
    0.265987594978152869E-89   -0.718133294719903716E+02    0.237628398345751961E+02    0.221115896609203588E+02
    0.268344253132656546E-89   -0.718359714930964088E+02    0.223265211169925024E+02    0.225588147188962829E+02
    0.310807264832345618E-89   -0.721347761131263780E+02    0.260199375180392032E+02    0.953208770662816818E+01
    0.330480863650748318E-89   -0.722625276402576304E+02    0.283731599204550200E+02    0.186567567073176086E+02
    0.392546286220185184E-89   -0.726117390413334221E+02    0.203977256572053136E+02    0.328475245923889991E+01
    0.464134527434372846E-89   -0.729517790074832391E+02    0.280822166453855075E+02    0.145355652708093466E+02
    0.499482476575273811E-89   -0.731035751585265245E+02    0.122646276801147938E+02    0.221002645683847945E+02
    0.509068546775389587E-89   -0.731465954814091788E+02    0.980387869227080699E+01    0.255854775321226224E+01
    0.530594372311241107E-89   -0.732344257981904860E+02    0.140600424617756459E+01    0.299821151428696542E+01
    0.596609239233140234E-89   -0.734739548443215540E+02    0.295056139770669512E+01    0.144531099139831909E+02
    0.677354524271823893E-89   -0.737328197381933421E+02    0.129495167707802139E+01    0.299744939248439080E+01
    0.788393274497674410E-89   -0.740414242167848613E+02    0.102564595472650648E+02    0.971870902151678706E+01
    0.134534995787676782E-88   -0.751152490272865663E+02    0.278465524802270963E+02    0.150845963193562778E+02
    0.145293723487247601E-88   -0.752741150588735195E+02    0.214433080844245616E+02    0.214984617344811824E+02
    0.264280074095336512E-88   -0.764756191684877678E+02    0.153373099169777021E+02    0.274653436486634099E+02
    0.266827734058846032E-88   -0.764998068321994538E+02    0.284950488504182040E+02    0.297150597985997749E+02
    0.296969291884758084E-88   -0.767188577916903824E+02    0.378791107735150323E+01    0.215218377519310735E+02
    0.414304479836772475E-88   -0.773898026375332790E+02    0.270888985464996033E+02    0.222693395113776802E+02
    0.448387835190113920E-88   -0.775529174363492899E+02    0.289592091162135112E+02    0.215202861315549221E+02
    0.471763698757464042E-88   -0.776595567574283479E+02    0.284327308809103485E+02    0.189982940093742805E+02
    0.637586942576336778E-88   -0.782669816099219702E+02    0.222142776155429900E+02    0.140484233812228752E+02
    0.905725215632843723E-88   -0.789740722455041180E+02    0.664166493268917790E+01    0.331638706791875837E+01
    0.935563119028118362E-88   -0.790438975421096472E+02    0.398370580118943396E+01    0.899950523753159715E+01
    0.943971326609101650E-88   -0.790667918960898533E+02    0.408666376103484463E+01    0.286562085873681269E+02
    0.963254132705799504E-88   -0.791122348611794308E+02    0.276714086508407355E+02    0.100168290061632863E+02
    0.104085971148087495E-87   -0.792722049060445215E+02    0.284529636231138454E+02    0.192447945353963341E+02
    0.108398458973382723E-87   -0.793583982450026184E+02    0.231063327590489145E+02    0.280775783758401065E+01
    0.114847369862296175E-87   -0.794789785558987063E+02    0.266854233995687951E+01    0.236657357797444012E+01
    0.118851384416666488E-87   -0.795525181837685551E+02    0.992665477383647321E+01    0.149753832575083727E+02
    0.142321585873540639E-87   -0.799179488720350548E+02    0.968415923411146728E+01    0.235489019013493319E+02
    0.151883841214936107E-87   -0.800530025517417556E+02    0.285397069410069300E+02    0.204625060104241889E+02
    0.151686078925949383E-87   -0.800553967294406306E+02    0.184892313071729326E+02    0.923835792683172485E+01
    0.185066636603496572E-87   -0.804582024155777731E+02    0.141512461583756934E+02    0.969239731262386783E+01
    0.205749477387074664E-87   -0.806750890984498454E+02    0.285908383855796906E+02    0.813394623550960283E+01
    0.300169838931930469E-87   -0.814354673878956277E+02    0.289640889427921628E+02    0.163006655810650720E+02
    0.319507537315875900E-87   -0.815653322284437081E+02    0.225211112238229472E+01    0.224574450290132397E+02
    0.320989834418837440E-87   -0.815795894077218691E+02    0.107828887501407991E+02    0.279562306085328061E+02
    0.350917499925052069E-87   -0.817628728051997768E+02    0.334678954847553456E+01    0.192457457832481964E+02
    0.405642374224097499E-87   -0.820577143389372736E+02    0.313568012388062698E+02    0.922047726120234223E+01
    0.429554392502661379E-87   -0.821772672491304093E+02    0.133620886934282463E+02    0.222140660190720034E+02
    0.565356812897360595E-87   -0.827316846175570362E+02    0.204878975869424131E+02    0.345145864527783397E+01
    0.581110359580275836E-87   -0.827916518723322525E+02    0.214970891662224908E+02    0.210973665797151710E+02
    0.760654861239643827E-87   -0.833351299430004957E+02    0.892112068574224182E+01    0.210907078447521315E+02
    0.790986962894211780E-87   -0.834183334710775881E+02    0.392208477491661123E+01    0.162883592801153831E+02
    0.952302344856823927E-87   -0.837945356464308588E+02    0.226059763889691432E+02    0.101742062221274558E+02
    0.110850919974479971E-86   -0.841033131560101168E+02    0.998919413254558997E+01    0.231138996735555624E+01
    0.112474857626648308E-86   -0.841374001032155405E+02    0.240209519510094545E+02    0.154423553933434352E+02
    0.155299734794519300E-86   -0.847876547303176977E+02    0.285064338640782928E+02    0.634666012889783548E+01
    0.164848885704270390E-86   -0.849119991054921144E+02    0.899748266881106140E+01    0.208293862030854093E+02
    0.168184566041994363E-86   -0.849570646529442968E+02    0.227026650065790534E+02    0.101073501346480583E+02
    0.179628384891159314E-86   -0.850937210622697364E+02    0.278275425034709727E+02    0.271588433516386338E+02
    0.279177035061348052E-86   -0.859806329151265203E+02    0.267161629364510347E+02    0.279263037519019619E+02
    0.324086879482794378E-86   -0.862839639382056873E+02    0.288713666201923900E+02    0.165720352463008815E+02
    0.329994016076262620E-86   -0.863250897277948752E+02    0.840493577611169584E+01    0.214801914091059380E+02
    0.381541125016738930E-86   -0.866203779716545768E+02    0.222421446835182266E+02    0.249791132026144105E+02
    0.381198068854049922E-86   -0.866235788970110292E+02    0.189666619374090573E+02    0.339230831987368475E+01
    0.463079795542652986E-86   -0.870177394530494723E+02    0.588133701877967852E+01    0.916535544424312576E+01
    0.638848450427676216E-86   -0.876662752043454674E+02    0.188823110552472677E+02    0.217305643378005335E+02
    0.658753138320717763E-86   -0.877326384132039720E+02    0.914868051880840660E+01    0.181914972633942611E+02
    0.663631919633966329E-86   -0.877523960011545796E+02    0.123383381534233028E+02    0.287848161734188768E+01
    0.686715296499266223E-86   -0.878257802669120480E+02    0.151509213744239570E+02    0.272836844211442795E+02
    0.692847437249703524E-86   -0.878485603387768919E+02    0.755971648156401788E+01    0.286014949830697489E+02
    0.703667258509447859E-86   -0.878845518859348260E+02    0.352683142562578889E+01    0.172148209594860937E+02
    0.108193805924121386E-85   -0.887499591078580750E+02    0.864570447206573256E+01    0.386928864660309113E+01
    0.108667161441629209E-85   -0.887636901630593371E+02    0.285729650376544342E+02    0.714339948863306251E+01
    0.110945948130281528E-85   -0.888101971292564230E+02    0.348053349841931414E+01    0.756011907661943194E+01
    0.117512267758392364E-85   -0.889301963405724791E+02    0.286794673463602257E+01    0.127164142336953212E+02
    0.119972967828769329E-85   -0.889766437700187964E+02    0.971580961949756805E+01    0.699026730983458577E+00
    0.156430126401597966E-85   -0.895123297386206502E+02    0.630616655646372060E+01    0.342011427954490221E+01
    0.158856797293799167E-85   -0.895481171722832840E+02    0.162473769760093489E+02    0.423898325958192679E+01
    0.158533141338043753E-85   -0.895490382015467077E+02    0.274226723178597744E+02    0.245531676339860550E+01
    0.158226081371176866E-85   -0.895501606814490003E+02    0.360273139668083875E+01    0.170154309699125186E+02
    0.168012194129220072E-85   -0.896751839931385462E+02    0.972495815228462845E+01    0.133000074816594562E+02
    0.170512088238825955E-85   -0.897097232573388368E+02    0.297995975987340245E+02    0.286817166868656095E+02
    0.216136106437727666E-85   -0.901889275346697588E+02    0.204640265661789034E+01    0.997736726464726686E+01
    0.245794930324791479E-85   -0.904511060148251431E+02    0.369375720244244654E+01    0.208843338742764679E+02
    0.256080729519765073E-85   -0.905380963603030011E+02    0.223866014070063102E+02    0.266335148529123273E+02
    0.260184193764774037E-85   -0.905748905068930839E+02    0.152163788496647374E+02    0.106898916430145245E+02
    0.303938189492266575E-85   -0.908907595847842060E+02    0.237588681875401555E+02    0.276337126459079618E+01
    0.317298852835321056E-85   -0.909817990377713812E+02    0.223206975327025567E+02    0.241802915838018784E+02
    0.328195183109400774E-85   -0.910543278751060399E+02    0.122920809178237675E+02    0.279782422591206910E+02
    0.564769101759350430E-85   -0.921449448277268743E+02    0.183717194080842674E+02    0.345418131137351958E+01
    0.853713751498542659E-85   -0.929763027754000291E+02    0.233763354736314577E+01    0.232631219989786642E+01
    0.103946384212109931E-84   -0.933750315169528591E+02    0.129412848219070113E+02    0.153870905707207211E+02
    0.112727311017003198E-84   -0.935422245083185544E+02    0.845705749415168206E+01    0.873298116676372871E+01
    0.152604664164859812E-84   -0.941529824234402923E+02    0.238832700596631788E+02    0.278758726354721063E+02
    0.155289588273543201E-84   -0.941928644278601723E+02    0.100931145918722027E+02    0.272501291600776447E+02
    0.156004989113757282E-84   -0.942070570338564721E+02    0.160879512066004189E+02    0.303114547510148462E+02
    0.156234012463817182E-84   -0.942149909836830233E+02    0.281855485733892985E+01    0.125710748651085442E+02
    0.160412515492627041E-84   -0.942727784956843067E+02    0.270042974088083509E+01    0.110797042954139364E+02
    0.331041233729750393E-84   -0.957267669390235625E+02    0.262107694468407324E+02    0.153146035558523330E+02
    0.368653691861412210E-84   -0.959469964552410914E+02    0.161225949792526038E+02    0.200696818433780173E+02
    0.369825538924515893E-84   -0.959583438134217062E+02    0.278845276077311865E+02    0.115406638554077592E+02
    0.390753641823944763E-84   -0.960734356360733557E+02    0.219600622447381122E+01    0.149462253350779459E+02
    0.544336579115893559E-84   -0.967414165916690933E+02    0.260355039026701762E+01    0.268639003415069588E+02
    0.551334263086764075E-84   -0.967719636039566922E+02    0.277923671391996727E+02    0.236058553810290910E+02
    0.566493373942177483E-84   -0.968312118252159451E+02    0.212594831821223842E+02    0.292818787541848131E+02
    0.615546865791325011E-84   -0.970023032281032016E+02    0.224825348066433612E+02    0.235790558676991893E+02
    0.731533226343071614E-84   -0.973525663406508528E+02    0.350507119891303143E+01    0.309114487159718045E+02
    0.897146402846825469E-84   -0.977657191826170902E+02    0.171120425480011065E+02    0.288291802759903923E+02
    0.109974220209375880E-83   -0.981779431965563276E+02    0.149940304789345440E+02    0.104983808040137419E+02
    0.135894478788397879E-83   -0.986062086300011060E+02    0.277715125069681479E+01    0.252981969357898109E+02
    0.138461949497593602E-83   -0.986486423533954593E+02    0.904615860466136645E+01    0.684588943965913543E+01
    0.163245324526468491E-83   -0.989829594989434156E+02    0.894583627707439888E+01    0.174606673955682119E+02
    0.182227800376391696E-83   -0.992079663530416553E+02    0.194371207472407512E+02    0.352687499810021476E+01
    0.204211482835803841E-83   -0.994407635182307246E+02    0.161179679449180533E+02    0.197274067624756100E+02
    0.222713268885418988E-83   -0.996192215521148228E+02    0.213426930262035270E+02    0.818514883641773849E+01
    0.271692120876716843E-83   -0.100021790276695839E+03    0.141655822874187258E+02    0.151652520255044685E+02
    0.354688869614006851E-83   -0.100559933206509740E+03    0.278646096088740940E+02    0.753419555103946537E+00
    0.375026767042047471E-83   -0.100676446047775144E+03    0.152754844242120509E+02    0.115935822417502017E+02
    0.449255559394165979E-83   -0.101042635044213569E+03    0.275922509728057115E+02    0.232086611869243846E+02
    0.462245987624982164E-83   -0.101104645623635747E+03    0.192239150518137336E+02    0.903238733738547239E+01
    0.507306072569946899E-83   -0.101295680273118322E+03    0.365352765746327757E+01    0.769883647989893483E+01
    0.554906323380588778E-83   -0.101480049868968848E+03    0.277655672078940086E+02    0.139149584390151748E+01
    0.622427044545940222E-83   -0.101714704091279700E+03    0.118068040732381920E+02    0.224123955785799502E+02
    0.930232771606266501E-83   -0.102523320937129796E+03    0.278009213031403668E+02    0.137028486076505640E+02
    0.939500095974162230E-83   -0.102548147085387441E+03    0.412627911448761431E+01    0.400487517112606906E+01
    0.116762596187783717E-82   -0.102987906991336786E+03    0.139176174389160501E+01    0.277480440240402046E+02
    0.160795775765405132E-82   -0.103632891601927795E+03    0.217486343019156436E+01    0.224048642422409872E+01
    0.203238760817600619E-82   -0.104106384328496659E+03    0.990499484211102654E+01    0.136393927219783961E+02
    0.348865389955812747E-82   -0.105191993720695251E+03    0.812957816400444244E+01    0.871731798022607940E+01
    0.457637195965406506E-82   -0.105739774872662693E+03    0.269027760435788501E+02    0.275940654593577896E+02
    0.632428597032825025E-82   -0.106391756077684377E+03    0.252102433242531276E+02    0.270994857345490736E+01
    0.734684718824844510E-82   -0.106696504335771365E+03    0.149761848351490237E+02    0.107158970961338067E+02
    0.101341174378958448E-81   -0.107344777192316087E+03    0.117230961348094169E+02    0.277919474829669220E+02
    0.162845288863307786E-81   -0.108298392819352841E+03    0.218253333413099243E+00    0.269140786656927133E+01
    0.185247712289306692E-81   -0.108561179444916533E+03    0.141047717086997491E+02    0.276433000258322465E+02
    0.188484952216480884E-81   -0.108600827964570072E+03    0.161732732703211326E+02    0.183396297733650329E+02
    0.199963538155134799E-81   -0.108724061696754319E+03    0.125683865856924708E+02    0.224421876126806090E+02
    0.256603403185769554E-81   -0.109227855044755088E+03    0.421666638576598274E+01    0.405444304885570883E+01
    0.339696359433544945E-81   -0.109793895931556591E+03    0.161887961097774244E+02    0.182639100167569524E+02
    0.421296428574175953E-81   -0.110229464998933594E+03    0.272483842370330613E+02    0.103990864574061899E+02
    0.537020948275414155E-81   -0.110719865822491357E+03    0.834706827765826809E+01    0.292113483724100647E+02
    0.615600336582895478E-81   -0.110997987512788399E+03    0.361271388151997241E+01    0.187120807580721014E+02
    0.766378224631887017E-81   -0.111441143242780299E+03    0.252085069801338548E+02    0.989877379995706264E+01
    0.105768405366667504E-80   -0.112090465498941015E+03    0.161685919324674776E+01    0.226923751603961996E+02
    0.146484898345396034E-80   -0.112746806481689958E+03    0.246631177695849431E+02    0.224894809505105862E+02
    0.147856371069877808E-80   -0.112770444474962261E+03    0.246514551310262533E+02    0.152087116936026590E+02
    0.181751450173958760E-80   -0.113188241991997018E+03    0.870967963517378152E+01    0.790105529489569491E+01
    0.188062610317244761E-80   -0.113261511683313515E+03    0.577552380300594592E+01    0.287794401250277403E+02
    0.201330553571079828E-80   -0.113402858006146133E+03    0.243914423914234106E+02    0.225173830063562974E+02
    0.203868086022688932E-80   -0.113432908096416824E+03    0.107118747274359971E+01    0.999662622452205341E+01
    0.210472136589582009E-80   -0.113501668354566874E+03    0.290322787755684857E+02    0.799288724013881602E+01
    0.290697993461781891E-80   -0.114152531611545172E+03    0.163199863986546778E+01    0.240901084188539283E+01
    0.300498901706393378E-80   -0.114223849999498412E+03    0.110304060627446656E+02    0.244450474549180408E+01
    0.495587861235257517E-80   -0.115229451114108741E+03    0.288376890756731967E+02    0.179382443756520971E+02
    0.501807475481810233E-80   -0.115259394863644815E+03    0.207520879524458586E+02    0.211019973591200056E+02
    0.617931937718923303E-80   -0.115680718437839076E+03    0.225042022314955474E+02    0.254055119247469960E+02
    0.790727342785969025E-80   -0.116178868219254781E+03    0.228445406993151110E+02    0.107420530512553700E+02
    0.902854541178188823E-80   -0.116449084714285661E+03    0.312974212769353706E+02    0.890950347772461093E+01
    0.903679290121189256E-80   -0.116455910861100151E+03    0.994280394695101144E+01    0.248987571020888510E+02
    0.905034025511006082E-80   -0.116463906881821515E+03    0.147950199949400343E+02    0.232216640709466979E+02
    0.950057225717710558E-80   -0.116566006242091632E+03    0.404268352816732701E+01    0.817467949244182535E+01
    0.976895200812970740E-80   -0.116626720561289957E+03    0.574963600467523417E+01    0.214560076177539578E+02
    0.121438377150129815E-79   -0.117066945887663309E+03    0.208936302658982669E+02    0.293035236977004274E+02
    0.130391479785927189E-79   -0.117214214603909525E+03    0.935861230605284922E+00    0.276894430367881554E+02
    0.133430078796494088E-79   -0.117265287159923147E+03    0.256070678623036807E+01    0.260386048208644389E+02
    0.154451704453695838E-79   -0.117562894897199484E+03    0.213421976724117499E+02    0.200984735092679507E+02
    0.161744414309599617E-79   -0.117660166787169544E+03    0.162709919362946636E+02    0.306760966531241763E+02
    0.167018277197327176E-79   -0.117729338488770807E+03    0.246552571226451498E+02    0.277340804230151754E+02
    0.171606936731475920E-79   -0.117788545207483693E+03    0.118960890049383714E+02    0.151511986493360258E+02
    0.194694761400616213E-79   -0.118045997999343982E+03    0.423023795249701617E+01    0.293285817585487187E+02
    0.194599903596769250E-79   -0.118050023336043893E+03    0.208952863323188787E+02    0.837734584333739463E+01
    0.250895651132410879E-79   -0.118563206227625471E+03    0.374071289364974646E+01    0.304666055226958186E+02
    0.349088805252597556E-79   -0.119228784679613938E+03    0.367941358325884771E+01    0.312737861383798368E+02
    0.458824619391486570E-79   -0.119780468075754769E+03    0.558826226355303124E+01    0.288504259075367706E+02
    0.475252406735487693E-79   -0.119855824078327601E+03    0.271164940968793289E+02    0.146867219250335808E+02
    0.759603213345089907E-79   -0.120798724405806340E+03    0.373100021221082967E+01    0.702044262558289933E+01
    0.898843421435957373E-79   -0.121140349686520068E+03    0.213243072865409999E+02    0.302389980781106651E+02
    0.105148126088292755E-78   -0.121459042334653375E+03    0.151004173687664895E+02    0.835131947740621494E+00
    0.105585399400718500E-78   -0.121472342370236149E+03    0.205364674034416561E+01    0.105382233085573791E+02
    0.131603804893385021E-78   -0.121917894035385856E+03    0.144014646757630072E+02    0.229307278844403335E+02
    0.139851688099153543E-78   -0.122044467154030343E+03    0.256070865876550924E+01    0.131165337976526306E+02
    0.146880519320783968E-78   -0.122147541098405199E+03    0.212345578668543844E+02    0.773689950171943241E+01
    0.149169752403192304E-78   -0.122183472043981226E+03    0.138034230368212256E+02    0.226826792364539429E+02
    0.161009356859230620E-78   -0.122341227134179533E+03    0.206784654882889996E+02    0.408289060272479887E+01
    0.234714987147795092E-78   -0.123100046088180505E+03    0.148529019286977650E+02    0.234708554299670311E+02
    0.298474091711523314E-78   -0.123585668441570817E+03    0.233269960451890732E+02    0.273313300536592614E+02
    0.322630722472391952E-78   -0.123746318963525951E+03    0.769630855745796083E+01    0.390102249964544701E+01
    0.365478735783313091E-78   -0.124000718371443838E+03    0.136900950565527140E+02    0.101063811267685626E+02
    0.442500070964462006E-78   -0.124388183422951130E+03    0.211642984758115880E+02    0.172801943311692519E+02
    0.551848511071655889E-78   -0.124834849317608075E+03    0.102524842861621934E+02    0.110066100126483501E+02
    0.722830826070642510E-78   -0.125379652585195473E+03    0.256983389701688196E+02    0.150989511737507254E+02
    0.121144841453221035E-77   -0.126417446092345770E+03    0.241904238714523281E+02    0.150409568878845068E+02
    0.153784060626907254E-77   -0.126899571188669228E+03    0.251161514823952103E+01    0.119132480745597409E+02
    0.217771126065675148E-77   -0.127600361620991777E+03    0.626568983684587938E-01    0.225923742937015639E+02
    0.314252158436075318E-77   -0.128338863791256813E+03    0.107996966255705629E+01    0.227023370473487773E+02
    0.325162248891441416E-77   -0.128412120929530914E+03    0.272719600487146074E+02    0.269316185075574168E+02
    0.331315439435394805E-77   -0.128454614180903718E+03    0.644100406693011340E+01    0.213818477360114976E+02
    0.352776114299235284E-77   -0.128585139596514352E+03    0.145924860829879393E+02    0.231941062767034758E+02
    0.365999504682727998E-77   -0.128663736319449100E+03    0.226136238224868755E+02    0.121547585532246547E+02
    0.375225136175389430E-77   -0.128718524777217795E+03    0.581918757743455650E+01    0.376825226797522772E+01
    0.401303177948576888E-77   -0.128857906752051434E+03    0.163183457479519980E+02    0.629730114629627735E+01
    0.496208092220325237E-77   -0.129287463118318101E+03    0.421234644719462992E+01    0.815778922546583729E+01
    0.633683039179087236E-77   -0.129781570141746158E+03    0.164684877980483186E+02    0.505879786986538882E+01
    0.648830302806118054E-77   -0.129833814774577064E+03    0.611097163689193490E+01    0.163279921381038662E+02
    0.842918759405744810E-77   -0.130362213524392303E+03    0.166616028433395549E+02    0.796623615404944996E+01
    0.881007497629735851E-77   -0.130455604631825736E+03    0.250069578001679504E+01    0.256078880326956408E+02
    0.118523598689191270E-76   -0.131053866716897886E+03    0.175823503466658373E+02    0.392659196700211011E+01
    0.120547214753968583E-76   -0.131092725545032465E+03    0.235200122638116831E+02    0.147843357328240810E+02
    0.139126809220611859E-76   -0.131384414172872567E+03    0.420523306356469728E+01    0.811222686339506360E+01
    0.170925991511796517E-76   -0.131801103874571737E+03    0.126376269893464297E+02    0.276416762467153987E+02
    0.246944527223331130E-76   -0.132541969995816800E+03    0.877139701690897056E+01    0.585180102823756787E+01
    0.252386581118072881E-76   -0.132590566473510904E+03    0.166284336139262194E+02    0.785667835688253824E+01
    0.252240607521045060E-76   -0.132594409392763822E+03    0.150547518542716574E+02    0.129900721368739980E+02
    0.254375508194369219E-76   -0.132616265653309227E+03    0.690070769908874304E+01    0.213200110080349994E+02
    0.297395503339013001E-76   -0.132933768373293276E+03    0.294064206181958703E+02    0.169628176303647500E+02
    0.308378865041716452E-76   -0.133011300761983478E+03    0.276330249402950301E+02    0.126106729061211933E+02
    0.413790759507765223E-76   -0.133604363413777548E+03    0.213370294642383911E+02    0.310965035442659925E+02
    0.440508990872591628E-76   -0.133734504256838903E+03    0.230965018379531095E+02    0.232907630798050960E+02
    0.484190479107311718E-76   -0.133928599307628133E+03    0.929479240111657279E+00    0.241349834230361759E+01
    0.611792369700109571E-76   -0.134401428464794037E+03    0.861085584927297809E+01    0.754236458880765248E+01
    0.702842758793595554E-76   -0.134683908935469248E+03    0.264815361557609918E+02    0.148612028769798652E+02
    0.741437111433957980E-76   -0.134795823235988081E+03    0.293901780952745462E+02    0.295785552133865330E+02
    0.980713905996063871E-76   -0.135360204109210741E+03    0.411043561686066017E+01    0.467587110467019951E+01
    0.101757775448518163E-75   -0.135439003208451169E+03    0.239552593315795086E+02    0.102238493919293418E+02
    0.114618222397860948E-75   -0.135682026331970974E+03    0.226816170464128959E+02    0.119873533398659262E+02
    0.125354261560501135E-75   -0.135866100373912190E+03    0.234134622278812223E+02    0.272320557305995123E+02
    0.130797972455795679E-75   -0.135956120606877107E+03    0.203424486313535002E+01    0.180766222658146125E+01
    0.146754473557290058E-75   -0.136191334616176078E+03    0.303457015462170432E+02    0.290519052233213024E+02
    0.165963739125504067E-75   -0.136442351382260739E+03    0.752441544907717663E+01    0.859765334780067825E+01
    0.190290529405048706E-75   -0.136720916744088242E+03    0.488861747038611849E+01    0.291582620661653031E+02
    0.225341654645031863E-75   -0.137064048162458192E+03    0.166747237682280094E+02    0.785152122737475633E+01
    0.234778868132355391E-75   -0.137151100900210963E+03    0.142304739487212295E+02    0.146858320821400117E+02
    0.362918916017922931E-75   -0.138027171606200511E+03    0.240729037638432537E+02    0.102154872635275460E+02
    0.526518984251419512E-75   -0.138776387508039278E+03    0.113204598836219841E+02    0.274244137755413355E+02
    0.793229878015557513E-75   -0.139601038858538374E+03    0.171360952618931854E+02    0.834159165734631891E+01
    0.896934977487676182E-75   -0.139851779472407969E+03    0.175864605613013438E+02    0.855936374922806387E+01
    0.910594488091461210E-75   -0.139887008070938208E+03    0.490334187495635820E+01    0.291832073874406177E+02
    0.124440059731917067E-74   -0.140516631221334364E+03    0.383945763167141019E+01    0.186799746179101085E+02
    0.162167056164573392E-74   -0.141051236946848434E+03    0.110588461264731901E+02    0.147301310346829517E+02
    0.211141722879559262E-74   -0.141584042078104432E+03    0.165386835228963029E+02    0.303178400958472309E+02
    0.232167572992726112E-74   -0.141778901733899374E+03    0.126045808174417893E+02    0.243728612252146837E+01
    0.244013925695908150E-74   -0.141883433509641947E+03    0.229467481187776770E+02    0.111230905576113752E+02
    0.251957242289996310E-74   -0.141952501716589921E+03    0.101396394139458401E+02    0.128852562894308225E+02
    0.291546423869170427E-74   -0.142249381420597388E+03    0.254384045595213131E+02    0.242539059381704636E+01
    0.291773950412368600E-74   -0.142255941637348059E+03    0.861567789345745361E+01    0.529395979615927548E+01
    0.355792884555090857E-74   -0.142657680470447985E+03    0.190111658159366890E+02    0.385437577673648768E+01
    0.433490358086026855E-74   -0.143057722025178549E+03    0.113218249617401092E+02    0.103128711944229980E+02
    0.491897262719120484E-74   -0.143315522675415707E+03    0.537443625545425352E+00    0.275314845283592788E+02
    0.559635083698630785E-74   -0.143578552787403339E+03    0.101449178999798502E+02    0.127546495287488337E+02
    0.590377823263128286E-74   -0.143690508337978429E+03    0.233456544273334785E+02    0.231807659478187560E+02
    0.623042024176966775E-74   -0.143803210859364611E+03    0.289956935909097560E+02    0.646111134927913255E+01
    0.902774544029515204E-74   -0.144549928612978647E+03    0.123457648623878935E+02    0.241337636622486196E+01
    0.928715441726202486E-74   -0.144611587689049855E+03    0.201404337111630163E+02    0.166265971752528010E+02
    0.929134122877842960E-74   -0.144617489120827088E+03    0.147419875999656078E+02    0.237257919028788358E+02
    0.975165153857436254E-74   -0.144719196607714110E+03    0.194413209216873248E+02    0.164672894652291255E+02
    0.106793687188561739E-73   -0.144905950735367838E+03    0.102034177703342639E+02    0.132881347905513465E+02
    0.134065791603083469E-73   -0.145365814426394707E+03    0.265244055440171378E+00    0.227271750295850552E+02
    0.183134092488369893E-73   -0.145994590363957002E+03    0.203205652193446618E+02    0.167176516100999244E+02
    0.208688522520617139E-73   -0.146260838738174812E+03    0.249845523698144696E+02    0.227287286308153185E+02
    0.234759364850294317E-73   -0.146501275123569656E+03    0.132238169535124115E+02    0.227721582651684713E+02
    0.356397285694944519E-73   -0.147341245262597198E+03    0.143268319060554408E+02    0.192896773302020352E+01
    0.491551382126655039E-73   -0.147989286054414833E+03    0.196293889638522998E+02    0.861335558364982390E+01
    0.501775769505170068E-73   -0.148035459794473496E+03    0.266625316574644238E+02    0.272128023242749997E+02
    0.530335779431899744E-73   -0.148151173807329315E+03    0.121744690401001865E+02    0.275105041517178925E+02
    0.632699557416063113E-73   -0.148509144456525007E+03    0.144988186411932976E+02    0.143055336913564517E+02
    0.695720350319338544E-73   -0.148704048671401864E+03    0.166829202133487655E+02    0.494447128264932623E+01
    0.699154117076308463E-73   -0.148718895503567637E+03    0.212386568462790422E+02    0.313811385780398524E+02
    0.753244805521143615E-73   -0.148872933667048045E+03    0.211528591586323955E+02    0.197335748932315838E+02
    0.751481606471707016E-73   -0.148873246569533563E+03    0.148823026029538585E+02    0.243116798845376962E+02
    0.792980945477074337E-73   -0.148985751489140284E+03    0.146112146894278254E+02    0.141392831974785675E+02
    0.816129478827545913E-73   -0.149048299138072935E+03    0.210389507534820659E+02    0.500912241148408555E+01
    0.832967014023301061E-73   -0.149094141187994609E+03    0.263979750103615913E+02    0.229404060957419773E+02
    0.866716160450337841E-73   -0.149178576187097917E+03    0.699075846699808867E+01    0.394978689080571099E+01
    0.210343659935376692E-72   -0.150956808627305691E+03    0.272066490574850626E+02    0.148760660882174856E+01
    0.214489472464904127E-72   -0.151000844604732293E+03    0.169762186558420858E+02    0.296432610858006669E+02
    0.227439638788513460E-72   -0.151123093047600037E+03    0.709810099102595604E+01    0.858333781664420137E+01
    0.233506697089020269E-72   -0.151180744805282558E+03    0.565449393500918607E+01    0.211801166695951864E+02
    0.249006513097221632E-72   -0.151314281395519515E+03    0.173034323931483924E+01    0.144726014206235494E+02
    0.284759790678133887E-72   -0.151587615259547817E+03    0.258091538323966816E+02    0.274533842157681178E+02
    0.313622949088374949E-72   -0.151785706219819986E+03    0.227941043629532203E+02    0.130978897427428755E+02
    0.376160439115160950E-72   -0.152154354793548009E+03    0.237104200858251097E+02    0.272289304694484144E+02
    0.443285125053208520E-72   -0.152487749661547468E+03    0.298661883647968871E+02    0.208720874944513071E+02
    0.561136116603241360E-72   -0.152964250305607692E+03    0.292069122879333634E+02    0.199709319082796064E+02
    0.807239417711017392E-72   -0.153696563890224553E+03    0.196339597687760907E+02    0.291290929943875057E+02
    0.104931806666669107E-71   -0.154226114832927209E+03    0.211960670698291409E+02    0.186222880258215788E+02
    0.211121136819568171E-71   -0.155629357629005767E+03    0.146769341838491592E+02    0.112432402794583748E+02
    0.221092131356059187E-71   -0.155726652472448194E+03    0.108819402415187128E+02    0.270253971347823452E+02
    0.329392739704377055E-71   -0.156528995028289160E+03    0.211715152262467825E+02    0.192170323293890171E+02
    0.362746394652758992E-71   -0.156726901380796249E+03    0.293588514265803333E+02    0.486895957633558396E+01
    0.410701473000144714E-71   -0.156980226690260395E+03    0.295845253738884608E+02    0.454430573200272381E+01
    0.470669767775958122E-71   -0.157257806911473466E+03    0.144307763317579933E+02    0.268302227969877656E+02
    0.472052454761924918E-71   -0.157268673699990359E+03    0.274420249685467859E+02    0.130178343428813132E+02
    0.635479189610048738E-71   -0.157868252162449210E+03    0.790110851772083400E+01    0.436297656538064871E+01
    0.682285469205664520E-71   -0.158015389768853794E+03    0.118559063925936954E+02    0.274016051250804793E+02
    0.690480772752811519E-71   -0.158044269729356216E+03    0.167952018463846677E+02    0.488764867945986392E+01
    0.805776720949932778E-71   -0.158358106841178994E+03    0.396307082409293043E+01    0.312162244081312963E+02
    0.116070095841384848E-70   -0.159093052227418042E+03    0.171328287999900546E+02    0.170230842350616953E+02
    0.121741661287117084E-70   -0.159193466199541092E+03    0.180012701634434222E+02    0.851648831209400825E+01
    0.172995514916144314E-70   -0.159901194998859637E+03    0.572428217583712939E+01    0.856190870329241172E+01
    0.346283157969998988E-70   -0.161294177293230234E+03    0.856845951087689528E+01    0.586427565433223474E+01
    0.374431198006242396E-70   -0.161455479799496629E+03    0.148700177175169550E+02    0.126319541573175247E+02
    0.427794284280688338E-70   -0.161726948532879305E+03    0.167043904270150527E+02    0.518340533977053664E+01
    0.447963879863745007E-70   -0.161824088868937480E+03    0.209553846824228742E+02    0.200557914304393954E+02
    0.932016338375169895E-70   -0.163294364351171339E+03    0.269982023069228951E+02    0.141800288960351057E+02
    0.108045642637491490E-69   -0.163594941356925887E+03    0.115667113624702225E+02    0.147282304115143692E+02
    0.108597422893762613E-69   -0.163610129201121168E+03    0.292892687303881836E+02    0.199597849881192033E+02
    0.134204261120960675E-69   -0.164038559799309809E+03    0.619564983129666902E+00    0.273743475214788496E+02
    0.140059038713787435E-69   -0.164128961924835011E+03    0.466791739429605279E+01    0.207048869591350275E+02
    0.200334136052165644E-69   -0.164849807152754721E+03    0.250648322437851121E+02    0.228511661403921735E+02
    0.238829580589301941E-69   -0.165206334338527569E+03    0.249955151147264516E+02    0.228551047776582656E+02
    0.265115111090353335E-69   -0.165420162073490559E+03    0.412227376182002647E+01    0.198040309004642339E+02
    0.282144629995832110E-69   -0.165549673470784143E+03    0.230566150785079564E+02    0.113629402158411903E+02
    0.349003549000328630E-69   -0.165979998029616951E+03    0.147602093316281273E+02    0.243285493397807997E+02
    0.394685230303501944E-69   -0.166231010971028013E+03    0.208580884217337363E+02    0.494313511924756632E+01
    0.445460198031191917E-69   -0.166478049648559960E+03    0.301004676796829713E+02    0.426464338052945635E+01
    0.648423442670655828E-69   -0.167233921734907057E+03    0.171723456696967491E+01    0.108352129995986708E+02
    0.761287784554606290E-69   -0.167559856752555191E+03    0.146078488723400621E+02    0.263787283588893047E+02
    0.850347451165437774E-69   -0.167786123911283198E+03    0.108490192011966702E+01    0.210257233852028369E+01
    0.883947293560163802E-69   -0.167868628723585971E+03    0.229218112736741091E+02    0.257799927375474098E+02
    0.104964677876889157E-68   -0.168217251817971743E+03    0.122237034245981420E+02    0.103199006913440456E+02
    0.119039695606633763E-68   -0.168473918061219962E+03    0.111008414720907584E+02    0.106491916135755567E+02
    0.128211051125901793E-68   -0.168627359519195778E+03    0.111032064839744251E+02    0.191721944754267115E+01
    0.162414638084044584E-68   -0.169105309152494868E+03    0.402936800645788651E+01    0.637628157696921694E+01
    0.163293065617835588E-68   -0.169121097103208086E+03    0.229019007409841500E+02    0.130098164384088371E+02
    0.202435747588665700E-68   -0.169555849113871119E+03    0.176258101905111420E+01    0.142222976313562022E+02
    0.249119548693207095E-68   -0.169975869826152859E+03    0.653574685494752305E+01    0.291742941201672572E+02
    0.286700940120623069E-68   -0.170261883337179199E+03    0.232261544102159228E+02    0.236771245384747751E+02
    0.293938794205277144E-68   -0.170316747158573520E+03    0.244017619325880091E+02    0.217874145046953194E+01
    0.468338912752546764E-68   -0.171253388445951657E+03    0.125562769009326356E+02    0.273739601886897823E+02
    0.515117502913548484E-68   -0.171448794104465094E+03    0.145795043079037523E+02    0.263698413071079258E+02
    0.543143879302961236E-68   -0.171559752545047417E+03    0.147722574577604213E+02    0.120495726367233118E+02
    0.564911201778984949E-68   -0.171643341140796338E+03    0.265954065112211815E+02    0.232436582294238185E+02
    0.622278779829807760E-68   -0.171841780416015354E+03    0.207168125064728272E+02    0.299233480271555052E+02
    0.683323514369585848E-68   -0.172033940861484524E+03    0.234118571705978944E+02    0.167137561010552149E+01
    0.734668762501085904E-68   -0.172183843501932415E+03    0.109025835951935779E+02    0.234063502094370079E+02
    0.744219262614355528E-68   -0.172214675431653347E+03    0.119850169877214103E+02    0.147586609800982664E+02
    0.132686230332803384E-67   -0.173376148560310099E+03    0.544780634318648627E+01    0.167152679428952808E+02
    0.133937830603207795E-67   -0.173399925702321212E+03    0.229533353658842998E+02    0.131790864664724019E+02
    0.172777277234800744E-67   -0.173914180919660112E+03    0.231073993397457578E+02    0.239704040568337469E+02
    0.188788470940538556E-67   -0.174096428593007403E+03    0.268438923035204375E+02    0.267903115829826461E+02
    0.212982644618749547E-67   -0.174342595582634004E+03    0.135734885482235939E+02    0.146451329195417106E+02
    0.297027882493963574E-67   -0.175012826248875399E+03    0.207611660028116667E+02    0.765906570602942427E+01
    0.376555528936698200E-67   -0.175492305266341759E+03    0.229318368502169569E+02    0.122371144365085183E+02
    0.386797118828995222E-67   -0.175550974848812075E+03    0.142762247713222887E+02    0.267748013744059143E+02
    0.576392083020155980E-67   -0.176353750476806312E+03    0.145835396211336015E+02    0.239974815955463683E+02
    0.636016445215584313E-67   -0.176555623059706988E+03    0.292099116110930055E+02    0.187238796019984548E+02
    0.791676520840023126E-67   -0.176998479969381009E+03    0.273273038932493719E+02    0.122769738073637527E+02
    0.104289725839602065E-66   -0.177554690107773723E+03    0.418992658394590567E+01    0.197298429306946517E+02
    0.113395415579487372E-66   -0.177727106332144558E+03    0.203540423760398816E+02    0.808530672209466594E+01
    0.117322542790808427E-66   -0.177800198240868752E+03    0.272136000242452631E+02    0.116481554059129682E+02
    0.132374538632600859E-66   -0.178046615042387742E+03    0.110427611474000127E+02    0.269173226689491294E+02
    0.138652371544687248E-66   -0.178144284158083167E+03    0.219124353679596506E+01    0.123342972645864126E+02
    0.220925530525139151E-66   -0.179080995762733778E+03    0.293123186854444207E+02    0.180510234221520669E+02
    0.293109494901044764E-66   -0.179651436889052064E+03    0.302984414666100292E+02    0.168507384155274273E+02
    0.317098967136000072E-66   -0.179813772253809873E+03    0.208184550339546419E+02    0.509814580816908514E+01
    0.371993026275945968E-66   -0.180138094620223768E+03    0.446888164494244400E+01    0.203053377609540995E+02
    0.540128190814625934E-66   -0.180888957408735251E+03    0.232167272688572304E+02    0.238562824735736960E+02
    0.733011861182289253E-66   -0.181504668172070069E+03    0.464626269965667404E+01    0.297656036457169222E+02
    0.785124191291825871E-66   -0.181647028226642107E+03    0.844991968781503644E+01    0.601001576116580338E+01
    0.170812820205689179E-65   -0.183206651267736873E+03    0.243199059314141408E+02    0.207184590938403446E+01
    0.172163391038095520E-65   -0.183227402538745849E+03    0.190374306924614487E+02    0.844542506919251856E+01
    0.238811316389603217E-65   -0.183886862129080697E+03    0.110289922088093277E+02    0.268488679218703261E+02
    0.530951676124264442E-65   -0.185489856614527042E+03    0.714925056062023767E+01    0.832506085857163924E+01
    0.112583266488799394E-64   -0.186998070966021544E+03    0.138773833969253406E+02    0.232866775522453793E+02
    0.161476810194696547E-64   -0.187724407861599019E+03    0.170172264223616025E+02    0.760711730991976065E+01
    0.205617905164156199E-64   -0.188212724011471977E+03    0.183303794497662125E+02    0.838162458613563466E+01
    0.259162542589066939E-64   -0.188680595661983290E+03    0.117478872288392591E+02    0.271659825013388172E+02
    0.402607094380119618E-64   -0.189566607046068299E+03    0.106784948864720892E+02    0.113722379968694334E+02
    0.503471377431469240E-64   -0.190018738503817445E+03    0.171571660093580327E+02    0.173553555611533170E+02
    0.520307107420298136E-64   -0.190089523234021158E+03    0.203283931710575416E+02    0.297117809895670746E+02
    0.559866204384684172E-64   -0.190241080446028008E+03    0.176626689964885628E+02    0.169633913457961505E+02
    0.984491231622914129E-64   -0.191374934760370792E+03    0.186943772302540401E+01    0.120267236075143269E+01
    0.122048107435692513E-63   -0.191809685543636533E+03    0.253323988037159928E+02    0.210954779238393808E+01
    0.136217647530453575E-63   -0.192034362875193324E+03    0.262470935981991467E+02    0.270389726999500866E+02
    0.179623020511703265E-63   -0.192592575611578610E+03    0.422646161709097079E+01    0.688538848909644230E+01
    0.216616081397026172E-63   -0.192972108116108899E+03    0.202372669887034284E+02    0.205955184727732750E+02
    0.294357957367014718E-63   -0.193590448100733425E+03    0.298180824326879623E+02    0.204106636416516594E+02
    0.349566014756689074E-63   -0.193939239817656500E+03    0.134255264389506941E+02    0.271189508629849279E+02
    0.504972455732940053E-63   -0.194679862732502755E+03    0.569702794396678680E+01    0.168030147120019109E+02
    0.540675296455795955E-63   -0.194821492777664162E+03    0.126876801819495877E+01    0.180609759464289388E+01
    0.101481007175367670E-62   -0.196085768468216315E+03    0.189934270455634149E+02    0.419636882460091254E+01
    0.122762180926372505E-62   -0.196471523139856089E+03    0.785326400091072774E+01    0.298562801791082428E+02
    0.144887268450012497E-62   -0.196807937111275749E+03    0.141605245700016376E+02    0.140975512131942722E+02
    0.209466896846536839E-62   -0.197550156582317726E+03    0.420865942090930822E+01    0.186367413315311055E+02
    0.236619010823362291E-62   -0.197798927745867076E+03    0.258188857266164824E+02    0.105601089761489497E+02
    0.287130734522929673E-62   -0.198190900415175804E+03    0.197422433970364750E+02    0.294689669634824263E+02
    0.312298442752825469E-62   -0.198363943704910014E+03    0.488541384030859938E+01    0.797445102282712437E+01
    0.367797130269219401E-62   -0.198696088168557054E+03    0.270210847181425429E+02    0.240906926770352996E+02
    0.381975960440112133E-62   -0.198776740500803896E+03    0.239740761678843697E+02    0.107319000951683474E+02
    0.425144188728717403E-62   -0.198995881907087607E+03    0.231488366160835000E+02    0.133131825741547640E+02
    0.663627057806770927E-62   -0.199891465812635033E+03    0.467452761037605224E+01    0.299334297361353734E+02
    0.676835647275161123E-62   -0.199935882103578933E+03    0.312147081601568566E+02    0.834433436343599411E+01
    0.836832572013978997E-62   -0.200365273183209382E+03    0.208701157149473495E+02    0.574942440820424938E+01
    0.908250165614252595E-62   -0.200534064856012634E+03    0.299442861107725129E+02    0.467107790330589800E+01
    0.121001846793679010E-61   -0.201112806951585299E+03    0.554894517835390744E+01    0.430972201962093493E+01
    0.131058357080262986E-61   -0.201277480730913965E+03    0.202481738223433094E+01    0.472745551378962847E+00
    0.163759172259930696E-61   -0.201727989108604987E+03    0.177018329749148933E+02    0.810082647980526893E+01
    0.184719248524431196E-61   -0.201973869528810667E+03    0.596582048401192111E+01    0.168096380443754825E+02
    0.218677672443492593E-61   -0.202316392995721145E+03    0.710942046595609334E+01    0.434301382190098728E+01
    0.233873683889521089E-61   -0.202455757649446554E+03    0.490312840595023136E+01    0.795180661483473905E+01
    0.343323268910084462E-61   -0.203228540291652962E+03    0.685210392650184374E+01    0.208461991396628967E+02
    0.479632984118166009E-61   -0.203902237725135791E+03    0.447036124201754426E+01    0.199743289508112589E+02
    0.479648726563544933E-61   -0.203907303367773295E+03    0.303039121794650370E+02    0.295969065762438071E+02
    0.519282905541406862E-61   -0.204071092999182639E+03    0.271608817870222197E+02    0.128774564982575903E+02
    0.634661060991428712E-61   -0.204477377523454862E+03    0.141005514957156564E+02    0.140815242983987616E+02
    0.641846128689402077E-61   -0.204504892535158916E+03    0.238678879351844451E+02    0.234024526809332585E+02
    0.117078460384063364E-60   -0.205712054144333962E+03    0.197219370965879328E+02    0.818629091526853614E+01
    0.125902593804314347E-60   -0.205862382606972488E+03    0.644101717467610424E+01    0.831208799365744433E+01
    0.134190651988946387E-60   -0.205994888650699522E+03    0.132093552642854206E+02    0.106020183873263498E+02
    0.218612894355719514E-60   -0.206975970641250598E+03    0.106737097074842548E+02    0.260111815902845720E+02
    0.258769546712160515E-60   -0.207318241290248068E+03    0.683607527614604216E+01    0.430853295980610707E+01
    0.258594657367941153E-60   -0.207321889133686028E+03    0.121658003074211081E+02    0.231339857085126361E+02
    0.340030923274924481E-60   -0.207874438649663574E+03    0.124757285047600970E+02    0.201988844082697927E+01
    0.356761856514157626E-60   -0.207975502502302788E+03    0.521687607899407979E+01    0.206605830725525728E+02
    0.438596155830650270E-60   -0.208393523663716309E+03    0.169109956411636730E+02    0.559398572198642707E+01
    0.443008844566971777E-60   -0.208418544991114146E+03    0.120535613422858479E+02    0.145415852098695186E+02
    0.535934746967138427E-60   -0.208804390346951237E+03    0.264354371356742419E+02    0.234622559398377319E+02
    0.538007146235497305E-60   -0.208817109207175861E+03    0.195982671104454487E+01    0.131486126943576753E+02
    0.753484283114731341E-60   -0.209495781839780875E+03    0.413293945348756020E+00    0.231485451143949490E+02
    0.901438955251985693E-60   -0.209859350172518617E+03    0.208442054461949375E+02    0.659005411912020289E+01
    0.971698509763238407E-60   -0.210014456683508513E+03    0.235271408275229774E+02    0.139428776806965100E+02
    0.104071084415753948E-59   -0.210156684046398738E+03    0.464598941257486242E+01    0.761679397994978835E+01
    0.109140637891793017E-59   -0.210256810319990279E+03    0.723350167507985198E+00    0.144844874151208440E+02
    0.112732368452855000E-59   -0.210326568884678210E+03    0.138886742592816628E+02    0.267767625895199934E+02
    0.149884706290650545E-59   -0.210901268454733241E+03    0.233077257177415333E+02    0.135539050156760918E+02
    0.165686185589107795E-59   -0.211106726808976845E+03    0.257717846995317217E+02    0.231991279605033043E+02
    0.297361428226281500E-59   -0.212281432365082196E+03    0.687079401076349239E+01    0.434553975019334615E+01
    0.347865882739996141E-59   -0.212600169729216930E+03    0.189176233229449586E+01    0.133312162065509625E+02
    0.405298871377075588E-59   -0.212910785205025263E+03    0.260003807610217734E+02    0.144234659545657262E+02
    0.638324019099245451E-59   -0.213824227749787099E+03    0.113836081561157165E+02    0.108592949837913224E+02
    0.758818038881508276E-59   -0.214175059728455352E+03    0.855831687954386050E-01    0.105823899281134803E+02
    0.845098216536599167E-59   -0.214395441413466443E+03    0.302151580459406368E+02    0.459121219359259403E+01
    0.176104162879595631E-58   -0.215868857202106341E+03    0.398419302048862167E+00    0.270815844242370538E+02
    0.193888316564768489E-58   -0.216066270504035685E+03    0.194450590956691407E+02    0.207625979109203946E+02
    0.259246192269207373E-58   -0.216652262212104944E+03    0.115190909212877024E+02    0.175816631262689183E+01
    0.264164023378749135E-58   -0.216694846314865714E+03    0.666644793528642676E+01    0.169034777114099306E+02
    0.315830609372504937E-58   -0.217057117940220081E+03    0.141294984459406603E+02    0.264864111810028824E+02
    0.319890201956809145E-58   -0.217087661529133811E+03    0.142685228018961450E+02    0.137150377808865471E+02
    0.325601952411642053E-58   -0.217128057153994973E+03    0.738576351401858666E+01    0.205765811614962928E+02
    0.409751231274113441E-58   -0.217592806338192247E+03    0.239311251365955329E+02    0.142332298858869137E+02
    0.607047167833631272E-58   -0.218383918882115637E+03    0.300911587223720467E+02    0.785799101338938133E+01
    0.693706865650539075E-58   -0.218655804868051348E+03    0.246897150379547909E+02    0.270587799817087848E+02
    0.708417371794606193E-58   -0.218702772749446666E+03    0.231796347902916473E+02    0.127621665709053111E+02
    0.174946436767408119E-57   -0.220515835781977785E+03    0.261096346327972846E+02    0.176357542608289020E+01
    0.270312584865746504E-57   -0.221391034101222516E+03    0.144793975365364673E+02    0.121421726312557610E+02
    0.320202901511986257E-57   -0.221734785803227965E+03    0.446395162386330124E+01    0.306049285254784280E+02
    0.644841465624023166E-57   -0.223139885072770539E+03    0.296964636521099159E+02    0.731625882514684100E+01
    0.706271068155861433E-57   -0.223326874305127518E+03    0.110882289263792302E+02    0.237438390828781714E+02
    0.767138226762207120E-57   -0.223497210084164664E+03    0.233652069972857461E+02    0.260527368435770512E+02
    0.855760791339272481E-57   -0.223720857854498746E+03    0.139667961801804310E+02    0.146395307295259536E+01
    0.881346758004715452E-57   -0.223784778367895200E+03    0.753151797205420515E+01    0.469570683898819041E+01
    0.936861548091661063E-57   -0.223911947100020512E+03    0.108621449245948671E+02    0.240799801985683715E+02
    0.998132556683081150E-57   -0.224043648258700017E+03    0.144790333169972687E+02    0.248218572697778050E+02
    0.114396832566869649E-56   -0.224321393047469627E+03    0.169473689234171339E+02    0.310334867507137915E+02
    0.118912036272722461E-56   -0.224403814322629216E+03    0.205730117367947898E+02    0.178430298855684235E+02
    0.183553962077717340E-56   -0.225277063656114677E+03    0.260549268733276556E+02    0.175483099180117996E+01
    0.354542950245206465E-56   -0.226598705256816913E+03    0.189006793934443387E+02    0.819812030811198511E+01
    0.436945516164141617E-56   -0.227021663285755608E+03    0.130099348937929378E+02    0.144437719994757536E+02
    0.513089287751907620E-56   -0.227347946025498771E+03    0.266367910701893180E+02    0.131924665250761830E+01
    0.635621700714161092E-56   -0.227781253417394908E+03    0.234594310930689716E+02    0.240730346434340774E+02
    0.717984866869093561E-56   -0.228029943249134163E+03    0.270401867597904442E+02    0.251289400337468614E+02
    0.728666056584612102E-56   -0.228064477350669819E+03    0.437611269559567884E+01    0.313837281125206466E+02
    0.907182300937347972E-56   -0.228507733111518689E+03    0.269796839639826764E+02    0.120083009323835963E+02
    0.114675609612994180E-55   -0.228981431163988248E+03    0.202390374000663265E+02    0.202766915572321125E+02
    0.134050192052511610E-55   -0.229298645045786031E+03    0.115786057516787260E+02    0.234339459799730285E+02
    0.200416016336020826E-55   -0.230108007026745099E+03    0.188888050071178570E+01    0.127641432819160450E+02
    0.209214376033674281E-55   -0.230198935348877910E+03    0.619614433947059329E+01    0.817726118478876174E+01
    0.210834553380208400E-55   -0.230219363888438806E+03    0.120560965491561642E+02    0.184681399875884278E+01
    0.218259922234559842E-55   -0.230293589763813230E+03    0.181769264850350987E+01    0.257696735244282173E+02
    0.244549781272058600E-55   -0.230526054236188116E+03    0.684567177183040720E+00    0.180346720491015722E+01
    0.311445648087618741E-55   -0.231014666128104807E+03    0.439372207353177746E+01    0.313257808216528097E+02
    0.329330232984397583E-55   -0.231131338441078867E+03    0.240439816658266921E+02    0.163352727055619584E+01
    0.439032199200160708E-55   -0.231711361965203650E+03    0.129034427360059247E+02    0.232665713487940096E+02
    0.572620438254869095E-55   -0.232247662622639581E+03    0.205076123156661652E+02    0.731224796326744553E+01
    0.677823215689668764E-55   -0.232589989471278528E+03    0.144236070788084749E+02    0.367069288554314477E+00
    0.868312492189385851E-55   -0.233090319778865876E+03    0.310664253418846208E+02    0.207063475365453691E+02
    0.935225222169368510E-55   -0.233243791210252908E+03    0.191094985082023499E+02    0.441701241173852033E+01
    0.989809580189188742E-55   -0.233362241613808067E+03    0.235255353286328628E+02    0.136727141853696637E+02
    0.998051370172333588E-55   -0.233383825947248596E+03    0.178072879166675180E+01    0.118632254699394810E+02
    0.107668310767825787E-54   -0.233540497246480783E+03    0.295389505521170435E+02    0.188634121453431938E+02
    0.116286084992918951E-54   -0.233699493446709994E+03    0.265732340273325072E+02    0.238021644638653278E+02
    0.122376208310765417E-54   -0.233806586586303382E+03    0.268940930981278932E+02    0.133232429519186173E+02
    0.150200639422396459E-54   -0.234221330629947659E+03    0.108907430292187257E+02    0.260990371474848395E+02
    0.161534898068834412E-54   -0.234371829049891687E+03    0.509682565332867377E+01    0.783159339237853303E+01
    0.189921235610343365E-54   -0.234700605510609876E+03    0.107113316922449719E+02    0.248436015794970899E+02
    0.196339552244373740E-54   -0.234772077776526629E+03    0.729361613021628230E+01    0.204997544794581508E+02
    0.341733242865263665E-54   -0.235885447519203723E+03    0.540668224128566699E+01    0.457897078159206750E+01
    0.400683625144082705E-54   -0.236208730939390307E+03    0.140186444548682054E+02    0.129282260462217913E+01
    0.512500722056139585E-54   -0.236705990876829247E+03    0.124832168151797029E+01    0.266173150319826739E+02
    0.684590864380371746E-54   -0.237290029400113440E+03    0.100129950493117148E+01    0.109287674746987395E+02
    0.936291699602282325E-54   -0.237921240782627450E+03    0.137222727004235967E+02    0.266750308295336822E+02
    0.944993915728594067E-54   -0.237944743615207273E+03    0.648296395869240816E+00    0.143353220844269149E+02
    0.960755912321731415E-54   -0.237982827403599657E+03    0.142507445196434244E+02    0.260242101702530597E+02
    0.965361118878403860E-54   -0.237997391132609636E+03    0.112301814994106621E+02    0.237343440643127046E+02
    0.108117602257216559E-53   -0.238228995911976227E+03    0.205353861123624810E+02    0.716745768251139559E+01
    0.109061522852600313E-53   -0.238251381128691975E+03    0.128035489114329710E+02    0.107258606924075757E+02
    0.214569667453849599E-53   -0.239609825774273872E+03    0.565282384429220119E+01    0.206134880287636690E+02
    0.238162998694246501E-53   -0.239823467438452809E+03    0.247312303098199422E+02    0.107550930478692290E+02
    0.247419089413976447E-53   -0.239904724057219909E+03    0.616146427472037228E+01    0.206888867083468426E+02
    0.359020092490202757E-53   -0.240654313532737035E+03    0.300064187764706922E+02    0.201488769721158683E+02
    0.431925529275899140E-53   -0.241029063197911256E+03    0.233228867707834375E+02    0.121998992189077189E+02
    0.511436129166844915E-53   -0.241372002238875780E+03    0.193145840936353181E+02    0.807461618425111460E+01
    0.528930913267980361E-53   -0.241444272472198719E+03    0.313935385057466121E+02    0.295822614789024350E+02
    0.543738502223489978E-53   -0.241504493696700621E+03    0.265287386415483368E+02    0.130634703547352982E+01
    0.562962198512662649E-53   -0.241578981788862194E+03    0.120062864785094137E+01    0.266154828294146917E+02
    0.567433925960461730E-53   -0.241599805448117053E+03    0.257834245412016152E+02    0.108198486315222855E+02
    0.659234493720138970E-53   -0.241904715430743806E+03    0.198161668007160472E+02    0.204733966748069349E+02
    0.682950588868074172E-53   -0.241980401848394962E+03    0.119565325367157538E+02    0.175538123529475731E+01
    0.695741295369773030E-53   -0.242022512601376519E+03    0.938025881228814917E+00    0.267696856083994419E+02
    0.789560956303894293E-53   -0.242280510901933951E+03    0.193857600018482401E+02    0.170780497313450397E+02
    0.817076780371316400E-53   -0.242354022960748125E+03    0.144796338916272993E+01    0.138039571203326314E+02
    0.974273337347277292E-53   -0.242710940619212181E+03    0.121613774993801975E+02    0.143608359107137460E+02
    0.124096534380403440E-52   -0.243199846540595217E+03    0.783251168878439774E+01    0.177647423315385531E+02
    0.139878497122930065E-52   -0.243444275345186441E+03    0.855707792030564907E+00    0.109020991760943886E+02
    0.172606743870311828E-52   -0.243869758709273924E+03    0.143230399319756829E+01    0.113244533600670234E+02
    0.180796649436475815E-52   -0.243967472840819170E+03    0.308309559203809194E+02    0.170994310238233602E+02
    0.182840024094958464E-52   -0.243994950179492633E+03    0.247754834980213445E+02    0.107717412098699263E+02
    0.239723764607249383E-52   -0.244541701568305797E+03    0.140679809386838084E+02    0.262757290372542300E+02
    0.239532146064747005E-52   -0.244545102267819772E+03    0.134069941852333425E+02    0.267962156081966150E+02
    0.249885002526062068E-52   -0.244634728653279637E+03    0.234085870798620661E+02    0.119008280611464468E+02
    0.292211272974631043E-52   -0.244952681165453356E+03    0.808302383525093937E+01    0.185752576293115084E+02
    0.438116895429331736E-52   -0.245767698527624191E+03    0.175885850635061445E+02    0.300150782635451243E+02
    0.442564292209346017E-52   -0.245792898503047098E+03    0.679713720774442542E+01    0.170933113957331848E+02
    0.456242444322181835E-52   -0.245858775697741947E+03    0.250876022711052897E+02    0.107569803539235327E+02
    0.458451963052372844E-52   -0.245873438041842576E+03    0.124737839905963064E+02    0.233247158971225304E+02
    0.656829281386759906E-52   -0.246597575287075500E+03    0.298563603845350229E+02    0.198766759376138253E+02
    0.662526198588320901E-52   -0.246619847213237193E+03    0.111647548415391373E+02    0.125201070121401559E+01
    0.663988680207675386E-52   -0.246629257211904502E+03    0.265243590386680843E+02    0.238692815869369852E+02
    0.767418982428237797E-52   -0.246923792836073062E+03    0.264668723330682027E+02    0.238101775229513528E+02
    0.849118163602945232E-52   -0.247131123721744473E+03    0.254584405110424363E+02    0.143479680685750601E+02
    0.901094444973611762E-52   -0.247254947158012470E+03    0.187373263395059588E+02    0.448344819490848323E+01
    0.905869548614783801E-52   -0.247270517628201475E+03    0.109865934097668134E+02    0.115843903351034161E+02
    0.101956009591101962E-51   -0.247511980078467019E+03    0.613482584594966784E+01    0.170530876516073207E+02
    0.124389189588652072E-51   -0.247914727747222884E+03    0.300790431793971536E+02    0.759420296126432337E+01
    0.142549421118303093E-51   -0.248192274703885602E+03    0.700747360516481432E+01    0.171653882814154493E+02
    0.147351834640765406E-51   -0.248263543515011577E+03    0.750755514266345347E+01    0.769480491173936709E+01
    0.262191802938146016E-51   -0.249421049811410114E+03    0.108877638258086602E+02    0.244140045673428858E+02
    0.331112949586992639E-51   -0.249892816304173863E+03    0.128773885896662410E+02    0.269010270957567243E+02
    0.372940986214831456E-51   -0.250135737581441219E+03    0.113273226191844589E+01    0.146711951163930854E+01
    0.428392842419935377E-51   -0.250417978456451920E+03    0.137292028102415253E+01    0.138157958828055154E+02
    0.514478595643605583E-51   -0.250789205099312539E+03    0.625639218346653525E+01    0.450017161090493012E+01
    0.523674846575333313E-51   -0.250829639134820184E+03    0.108276465359931180E+02    0.130270747213606803E+02
    0.551721952059160085E-51   -0.250938985613660009E+03    0.175216547218763772E+02    0.175559939631140338E+02
    0.664119153653037871E-51   -0.251314820358290689E+03    0.178017833390372004E+01    0.251598929929976016E+02
    0.925116317485412653E-51   -0.251982736151469538E+03    0.299951661695504157E+02    0.510666578931925486E+01
    0.123329744363043477E-50   -0.252562790614553734E+03    0.241228832703771552E+02    0.266609894731001589E+02
    0.178825639173295719E-50   -0.253310889877544497E+03    0.260112222748930115E+02    0.141574908876700700E+02
    0.223945330710145270E-50   -0.253765871306454500E+03    0.172349988270154048E+00    0.108053463477899339E+02
    0.227042511097986897E-50   -0.253798341927993079E+03    0.175508187701689766E+01    0.248930548856245686E+02
    0.277372233165392408E-50   -0.254203788193247590E+03    0.198225722823283377E+02    0.203873120545072481E+02
    0.285125694246736824E-50   -0.254263927611952653E+03    0.509271563249263881E+01    0.300239111690758911E+02
    0.284755230736673109E-50   -0.254266327324446905E+03    0.302100710431629267E+02    0.174702145463001166E+02
    0.380859881316816173E-50   -0.254852930464801830E+03    0.196629320204758571E+02    0.204593494677513412E+02
    0.423813534790532515E-50   -0.255071654545107464E+03    0.202806997010045080E+02    0.177179368711888152E+02
    0.558423364322059370E-50   -0.255628302165226046E+03    0.712370899504470945E+01    0.172561879072537145E+02
    0.561064900112578776E-50   -0.255642740551591913E+03    0.129985378682485475E+02    0.234154826932988591E+02
    0.605342912783253811E-50   -0.255799657571879209E+03    0.130108788904205408E+02    0.234187369003012904E+02
    0.745363341448942141E-50   -0.256220810993242821E+03    0.173531973854527131E+02    0.178285021271471358E+02
    0.805338710102913749E-50   -0.256380593274611613E+03    0.770198380444262143E+00    0.267503572521739805E+02
    0.235005233772865430E-49   -0.258527453137506598E+03    0.201240624738205227E+02    0.201314904982189518E+02
    0.289615428046767345E-49   -0.258950345432435938E+03    0.648228079983625194E+00    0.109216739026838088E+02
    0.302701067721778702E-49   -0.259043729053662730E+03    0.268715175256465351E+02    0.125864568452679073E+02
    0.402861270419062315E-49   -0.259620422088057410E+03    0.268492613482945792E+02    0.248332364820202436E+02
    0.614661564721161213E-49   -0.260470381197104132E+03    0.234017792069987252E+02    0.125303543936088815E+02
    0.803711551981444083E-49   -0.261011718444196049E+03    0.194025633685663621E+02    0.462326287192135243E+01
    0.123415743310170167E-48   -0.261874525118619999E+03    0.301766919539357161E+02    0.301278488138061746E+02
    0.125045140976553955E-48   -0.261905757352802198E+03    0.538042495543602950E+01    0.475944772188626519E+01
    0.129961342189896455E-48   -0.261987881829880621E+03    0.112751380038207358E+02    0.123491038600875913E+01
    0.134369217288576393E-48   -0.262059590480603447E+03    0.297240651399348614E+02    0.590783556497825657E+01
    0.387708708954390103E-48   -0.264183916368058078E+03    0.108701266330956852E+02    0.253958680395069329E+02
    0.431326090463472174E-48   -0.264402136541826621E+03    0.131209826487422099E+02    0.267728612714175647E+02
    0.480852614752011583E-48   -0.264624529370783307E+03    0.133427337581568661E+02    0.266972169033099149E+02
    0.519952135792559055E-48   -0.264785881274526957E+03    0.267004379972782289E+02    0.133324058489864985E+02
    0.589710463676002105E-48   -0.265042671106785690E+03    0.171537350866077922E+02    0.311917847830041737E+02
    0.785186893823640274E-48   -0.265620251294453738E+03    0.267228815925385987E+02    0.244392444685146515E+02
    0.895715637438157046E-48   -0.265888653740298878E+03    0.109883846601210511E+02    0.722414220878542457E+00
    0.107200284491286535E-47   -0.266252975743882359E+03    0.202613150797517676E+02    0.198928421861994487E+02
    0.128171529331316662E-47   -0.266615316818391136E+03    0.199567511215315854E+02    0.491987636025546760E+01
    0.133897800550631424E-47   -0.266707731591948118E+03    0.515286369707768088E+01    0.762778337106014526E+01
    0.214678987613229692E-47   -0.267656865601948653E+03    0.311903303928053042E+02    0.796480148597522142E+01
    0.259376785347444048E-47   -0.268040141487399751E+03    0.175686798131674848E+02    0.747608615795819720E+01
    0.310754375276343168E-47   -0.268406583558987677E+03    0.205258093513723452E+02    0.190878926662153603E+02
    0.364242333283380790E-47   -0.268729216732745726E+03    0.310866604551323178E+02    0.297531880811892648E+02
    0.391480903162608968E-47   -0.268878451410145829E+03    0.114116930473673879E+02    0.238248577937427868E+02
    0.578522934642533073E-47   -0.269664534320673170E+03    0.267260667748142282E+02    0.245205930126651843E+02
    0.579529797319416434E-47   -0.269673012099889263E+03    0.256355772098324373E+02    0.162341493877700604E+01
    0.665393835325496263E-47   -0.269954336136796599E+03    0.113796376753511517E+02    0.238616160546885752E+02
    0.125898149468471654E-46   -0.271234694609968244E+03    0.266402086796591178E+02    0.133794943708402361E+02
    0.140861701060634796E-46   -0.271464305255920351E+03    0.297830843310755071E+02    0.184347301858404080E+02
    0.146868835601178346E-46   -0.271552827952216205E+03    0.127183260920747543E+02    0.142334242355938922E+02
    0.160056356618561690E-46   -0.271729800089094454E+03    0.204196963614250038E+02    0.182028187081651858E+02
    0.269414189810477088E-46   -0.272776247993913728E+03    0.177565774140896586E+02    0.300875421350156458E+02
    0.409715460787141873E-46   -0.273619673966310984E+03    0.502940571049330920E+01    0.510959203919241123E+01
    0.423199167571679785E-46   -0.273689433952043885E+03    0.141864498340509879E+02    0.121491037286969767E+02
    0.423599817438165271E-46   -0.273696326490431261E+03    0.356262369282656033E+00    0.267640912734790248E+02
    0.435952778803330056E-46   -0.273758815988904018E+03    0.173185343619189780E+02    0.181283425864242567E+02
    0.468458067492218241E-46   -0.273907641312772512E+03    0.701985936736247940E+01    0.475922329504287589E+01
    0.620524916721430366E-46   -0.274474879644360897E+03    0.261971552257429288E+02    0.237951393396883475E+02
    0.770150774704492902E-46   -0.274911920738898289E+03    0.142045399172509619E+02    0.265020965780861872E+00
    0.785923559970945473E-46   -0.274957467196439950E+03    0.163368785721716336E+01    0.128633579647063190E+02
    0.901802161078041777E-46   -0.275237538449709064E+03    0.492600704030861358E+01    0.303861876285105907E+02
    0.101772633524628110E-45   -0.275484400795096008E+03    0.172062848736711658E+02    0.190375710311862179E+02
    0.103124077704797656E-45   -0.275515784113211396E+03    0.164878001860072643E+01    0.124618826488550276E+02
    0.114362583828440924E-45   -0.275727666232942454E+03    0.100683960388899885E+01    0.265022096862604819E+02
    0.114492542328758539E-45   -0.275734937687665251E+03    0.204979300929013597E+02    0.619571085805568789E+01
    0.150902713193770507E-45   -0.276292189002299267E+03    0.120652508433758454E+01    0.137666661196641797E+02
    0.161634724577508737E-45   -0.276434596316548834E+03    0.202111294028937714E+02    0.304047762848598850E+02
    0.194284284772401287E-45   -0.276807563254636136E+03    0.124739986193785555E+02    0.142088573674611442E+02
    0.223605450331451835E-45   -0.277093684543615211E+03    0.718829946729834379E+01    0.770618521644930521E+01
    0.233177071533197342E-45   -0.277182514568121519E+03    0.266320620626990774E+02    0.118182636604192943E+02
    0.241914346342411303E-45   -0.277261085756460943E+03    0.176640659363087735E+02    0.507009849023084502E+01
    0.303970022687567308E-45   -0.277722776484846065E+03    0.256677384414542651E+02    0.267023738091818288E+02
    0.337735840391716559E-45   -0.277938446416160730E+03    0.255789309235816020E+02    0.159045421114514185E+01
    0.388901533432839623E-45   -0.278225570679227474E+03    0.174149513226245602E+02    0.715365723613799087E+01
    0.446712551251168784E-45   -0.278507748962284040E+03    0.125775999445131159E+02    0.267681970709263943E+02
    0.492389945587152436E-45   -0.278707460260727601E+03    0.241328599065238905E+02    0.139196579170524615E+02
    0.817429566956459736E-45   -0.279726247795781944E+03    0.151424070211129802E+01    0.132380350837582696E+02
    0.967463312317282259E-45   -0.280068273319117793E+03    0.261404350950755138E+02    0.139047027149521725E+02
    0.131733847880792496E-44   -0.280690655663258269E+03    0.117941523204328114E+02    0.110990956173527575E+02
    0.172835495359789358E-44   -0.281238768993381711E+03    0.328149675987613909E+00    0.159501162483710157E+01
    0.221321659688401398E-44   -0.281738322730998448E+03    0.785945438440407607E+01    0.184348989139434707E+02
    0.235987776789071160E-44   -0.281871648517742244E+03    0.579411627590080514E+01    0.298575631741912488E+02
    0.241357742887535707E-44   -0.281921648983235912E+03    0.305384348239935512E+02    0.174427701199393219E+02
    0.287155097119334566E-44   -0.282274133452653132E+03    0.187326906586708084E+02    0.204618846133068786E+02
    0.314547964491569244E-44   -0.282461361646545129E+03    0.128275025449748412E+02    0.141644849873814884E+02
    0.318407081152455223E-44   -0.282490749883953697E+03    0.156105382664379411E+01    0.255967839294439194E+02
    0.643900318957896101E-44   -0.283904176356701328E+03    0.549436145216750482E+01    0.772283460260491861E+01
    0.842669703452249427E-44   -0.284447238637651992E+03    0.143208502784218705E+01    0.797519986012912296E+00
    0.983521320463085970E-44   -0.284761367128400479E+03    0.261178224200239875E+02    0.264537533518671211E+02
    0.128971291480267804E-43   -0.285308438348754919E+03    0.758934502106809905E+01    0.728391731552699273E+01
    0.129259947893842390E-43   -0.285317909636341938E+03    0.300571712394297634E+02    0.197708739863944309E+02
    0.132979342652729506E-43   -0.285379646278411258E+03    0.493065279999458106E+01    0.179188729996136722E+02
    0.142227934023033403E-43   -0.285519120562636033E+03    0.176664079129815512E+02    0.302688794181347909E+02
    0.160836990076624574E-43   -0.285770041419055417E+03    0.141615184834364012E+02    0.124754181467379581E+02
    0.174902097872622311E-43   -0.285942711436195680E+03    0.600460191409595723E+01    0.204266523495190562E+02
    0.184902789165647494E-43   -0.286058919128903653E+03    0.199161954100335876E+02    0.503290046355149467E+01
    0.201600560607838428E-43   -0.286236835316867484E+03    0.112909514107596785E+02    0.135996156695347459E+02
    0.233637543190587470E-43   -0.286536800590402720E+03    0.203665978568120920E+02    0.308719320384875111E+02
    0.276655541870713632E-43   -0.286879805085311546E+03    0.201258488746191269E+02    0.178235807195558671E+02
    0.319740032410054635E-43   -0.287174275216696174E+03    0.308969117505683322E+02    0.173289642847918337E+02
    0.445174065803998107E-43   -0.287841189412482265E+03    0.248935742601918157E+02    0.267047760631870226E+02
    0.537434297123586865E-43   -0.288222871712136168E+03    0.300156653549992321E+02    0.306022650760893136E+02
    0.540401934322138056E-43   -0.288238885053907552E+03    0.111091316351304457E+02    0.118782524967060521E+02
    0.587148689100716343E-43   -0.288409814865216219E+03    0.115693793543159220E+02    0.128682630938946851E+01
    0.684246932296101578E-43   -0.288720896412099364E+03    0.146764272447628175E+01    0.119123878623265860E+02
    0.133503407072347426E-42   -0.290062682866194791E+03    0.115364659135065821E+02    0.263828002011116958E+02
    0.139131519903563307E-42   -0.290150268213153424E+03    0.235749037025617092E+02    0.253867246152550941E+02
    0.188318985954727707E-42   -0.290760703386493333E+03    0.110722508041940078E+02    0.120260790766735681E+02
    0.190621140471830464E-42   -0.290790004669786299E+03    0.262099639544529950E+02    0.113608065343390354E+02
    0.270700878471099517E-42   -0.291496457752479614E+03    0.486584950565737451E+01    0.554755776081327578E+01
    0.359441349709934555E-42   -0.292068530908463742E+03    0.756252193191340716E+01    0.725456395722926750E+01
    0.500909786150867096E-42   -0.292737280903498458E+03    0.141130507868789969E+02    0.253652622304011039E+02
    0.539571694004312646E-42   -0.292890980200062870E+03    0.954693316522967850E+00    0.138516386632066375E+02
    0.608234852285622113E-42   -0.293135551024062522E+03    0.266723085353297371E+02    0.128371925859552327E+02
    0.624116412454940909E-42   -0.293192102687665113E+03    0.129737779266588742E+02    0.140811956151657700E+02
    0.192849397069545321E-41   -0.295453418171326291E+03    0.310113228430605403E+02    0.778619212030057550E+01
    0.263117333136059964E-41   -0.296079799187445190E+03    0.561486530424264796E+01    0.299975486598790049E+02
    0.287302007901954172E-41   -0.296260666964530117E+03    0.708893238881922461E+01    0.202028823609460311E+02
    0.344615691785098484E-41   -0.296629458773446856E+03    0.241189195298873109E+02    0.137809883111133615E+02
    0.362642871084580084E-41   -0.296736436102425159E+03    0.149826431997219056E+01    0.393990626218180207E+00
    0.384476633348850428E-41   -0.296858365086020456E+03    0.140266821027788584E+02    0.131037152007517523E+02
    0.500915193008356576E-41   -0.297392472677518754E+03    0.118295465851791519E+02    0.237521427199583286E+02
    0.552137195478563256E-41   -0.297592192170729561E+03    0.119923086395622622E+02    0.236884290331237786E+02
    0.622605050764220090E-41   -0.297837423795569066E+03    0.116775724542842472E+02    0.138613414884490247E+02
    0.717011243004719207E-41   -0.298124782097065179E+03    0.191906118128358614E+02    0.478193511142392769E+01
    0.773429616598322800E-41   -0.298281268399799671E+03    0.187018054268189324E+02    0.780875916149696980E+01
    0.907700813278226461E-41   -0.298606428701889399E+03    0.207010358526207500E+00    0.110480573445712213E+02
    0.912330357656397646E-41   -0.298621603372382651E+03    0.250200553174314386E+02    0.152616517918170169E+01
    0.912897834053684071E-41   -0.298627847000808174E+03    0.762986482225107676E+00    0.264930816430433360E+02
    0.114579061424750848E-40   -0.299087299395872151E+03    0.310605372787676970E+02    0.777648723309505474E+01
    0.153853461168632352E-40   -0.299681770437956743E+03    0.134035342462741216E+02    0.264466509774352545E+02
    0.165378653947645113E-40   -0.299831244675084463E+03    0.522962176205305340E+01    0.302588867803552297E+02
    0.286389218449786046E-40   -0.300934472819460041E+03    0.133951033605073615E+02    0.112557656670196131E+02
    0.435718078739365731E-40   -0.301778760092482798E+03    0.173847868108547239E+02    0.192689577827952867E+02
    0.663299684686493814E-40   -0.302624223043180336E+03    0.112359572803000614E+02    0.117938297300754691E+02
    0.934063831630638366E-40   -0.303313858797080513E+03    0.304138084450692574E+02    0.745799093790233236E+01
    0.109238639641502630E-39   -0.303632009114035611E+03    0.112963430238005245E+02    0.134331454938821153E+02
    0.110881531599038156E-39   -0.303666864123785047E+03    0.101340204522654284E+00    0.110662149821746656E+02
    0.117495424899570826E-39   -0.303787738218449874E+03    0.755411731263856190E+01    0.714685671264840661E+01
    0.122734099512302458E-39   -0.303879979872333138E+03    0.112034507802374499E+02    0.244441898338232519E+02
    0.133799599606799944E-39   -0.304057625737276055E+03    0.133736191503768804E+02    0.264353053680955874E+02
    0.208657627337699543E-39   -0.304951328950899040E+03    0.113361404928965861E+02    0.134797812721394141E+02
    0.209948265439252933E-39   -0.304968661717479279E+03    0.505221659037624704E+01    0.197617305924717570E+02
    0.257984024433523438E-39   -0.305385734751255768E+03    0.203357911325573291E+02    0.645070760349022354E+01
    0.282712680061467823E-39   -0.305573801661072139E+03    0.625950849570105272E+00    0.237538566240960343E+02
    0.291352712992893193E-39   -0.305639008637538609E+03    0.236547737928080473E+02    0.123355071615281062E+02
    0.323154758538778901E-39   -0.305851202101007914E+03    0.125200107055053000E+01    0.871713547921867171E+00
    0.438530870725440663E-39   -0.306466799847000232E+03    0.311324895589266397E+02    0.173835378254395714E+02
    0.441405634192176771E-39   -0.306484867943066433E+03    0.111325683562176962E+02    0.255718850619779481E+02
    0.489354706701420620E-39   -0.306696114623042661E+03    0.106289698941413846E+01    0.136611035673640675E+02
    0.553255802665410752E-39   -0.306946580361248380E+03    0.739574606936675982E+00    0.132007735360615808E+01
    0.662928103690292675E-39   -0.307313272513680033E+03    0.132485579814971786E+02    0.139112900290608934E+02
    0.904484196017668973E-39   -0.307939669090978271E+03    0.306430387492425140E+02    0.201461207449283606E+02
    0.961444741626814921E-39   -0.308066813611588145E+03    0.183514287732287826E+02    0.174410008666894463E+02
    0.110723295706007508E-38   -0.308354178127949979E+03    0.262952646732622597E+02    0.241611513720485718E+02
    0.147162425600945204E-38   -0.308928183438529629E+03    0.249741255435040195E+02    0.140345887722032057E+02
    0.176510159446742155E-38   -0.309296866483478652E+03    0.506099234856225433E+01    0.540168924723605581E+01
    0.185107447008591538E-38   -0.309396982515082414E+03    0.173805657374466946E+02    0.187337483621136265E+02
    0.209696235451625664E-38   -0.309651429584195739E+03    0.111007129091039172E+02    0.249893745012859476E+02
    0.274466356331245728E-38   -0.310194766992799089E+03    0.128069077441225510E+02    0.265850338321433668E+02
    0.302227239214540618E-38   -0.310392467977152080E+03    0.258555613842627814E+02    0.112594292800370326E+02
    0.340088206408802802E-38   -0.310633519641991654E+03    0.612098052256615333E+01    0.482435247574573545E+01
    0.351456425940121102E-38   -0.310704281087906224E+03    0.598148541647389287E+01    0.299758337201995886E+02
    0.358529596922192750E-38   -0.310749132041425582E+03    0.613097314512815039E+01    0.203086546359546709E+02
    0.370490786734190793E-38   -0.310819766767461090E+03    0.124542128795154596E+02    0.146168535649235731E+01
    0.432040164715586145E-38   -0.311132146728437533E+03    0.139859713260348979E+02    0.121746876213082178E+02
    0.470477437063993236E-38   -0.311307605618125478E+03    0.127570948991136879E+01    0.117946195200814099E+02
    0.508355753762343946E-38   -0.311467472623161086E+03    0.304028075023383835E+02    0.303120840532151057E+02
    0.557786884436731119E-38   -0.311658063536626855E+03    0.986888270433428916E-01    0.145803961545776817E+01
    0.711825029391839560E-38   -0.312150773884786531E+03    0.114911545695122310E+02    0.240945519447446159E+02
    0.717057368044367173E-38   -0.312170421310072300E+03    0.305788340438641981E+02    0.200812559830873916E+02
    0.850231805742852832E-38   -0.312516127662722909E+03    0.200356569525088979E+02    0.197509783358973365E+02
    0.913882026415860196E-38   -0.312665512591195863E+03    0.772487595357610513E+01    0.650355797586579243E+01
    0.124425592140027987E-37   -0.313287695566313630E+03    0.306635698884386194E+02    0.500959035480208392E+01
    0.154446366476845950E-37   -0.313724973585874068E+03    0.188987097349597342E+02    0.773234718395383336E+01
    0.158670230228950627E-37   -0.313783935848298199E+03    0.122157084208503974E+02    0.237187317324383180E+02
    0.159034696209175153E-37   -0.313793524585957243E+03    0.766635357652641236E+01    0.309415417026929696E+02
    0.204299293884939905E-37   -0.314299451889927639E+03    0.132376190172223418E+01    0.132001806464810247E+02
    0.214014716091431732E-37   -0.314397369357703496E+03    0.199087936240236046E+00    0.111313900103885679E+02
    0.214154627311896003E-37   -0.314403676422093781E+03    0.711527498701397665E+01    0.750314048186587890E+01
    0.240858242659064503E-37   -0.314643696910216022E+03    0.174870113623665269E+02    0.575814409706938513E+01
    0.434229740328801705E-37   -0.315827427298098598E+03    0.299801905096731751E+02    0.638545928036152155E+01
    0.608679894744215060E-37   -0.316507864809078114E+03    0.771831219091617982E+01    0.188491069564374669E+02
    0.636973702968472696E-37   -0.316603736543015543E+03    0.254146141276701343E+02    0.111548650745652598E+02
    0.702369320739550544E-37   -0.316804198526032508E+03    0.116125266797763715E+01    0.134606102573611253E+02
    0.109468224059945903E-36   -0.317696718616630903E+03    0.258844539004803877E+02    0.113205022830979338E+02
    0.109471931217125741E-36   -0.317701786345772234E+03    0.705679673852744571E+01    0.176160233069637471E+02
    0.176102516802885756E-36   -0.318657582599403781E+03    0.264835419898968460E+02    0.256228463972722018E+02
    0.200571670372561477E-36   -0.318922793266993551E+03    0.201437855490662336E+02    0.182117412408086068E+02
    0.200405250583998290E-36   -0.318926133123584634E+03    0.135262493081113089E+02    0.262267044950863344E+02
    0.202130526160009401E-36   -0.318948277300477343E+03    0.622075226211148369E+01    0.770425735676305568E+01
    0.219833114677017056E-36   -0.319121187362497551E+03    0.135828264964427015E+01    0.130227471557888368E+02
    0.245199734027041698E-36   -0.319344596223497831E+03    0.770190027458636894E+01    0.635225886133778062E+01
    0.272056077578802027E-36   -0.319557466410042764E+03    0.264714243843083779E+02    0.246209722826561119E+02
    0.277753913551378597E-36   -0.319603921022040652E+03    0.249415201871144205E+02    0.140800598624378748E+01
    0.471518338742723088E-36   -0.320667365976386520E+03    0.767214907187835848E+01    0.656796031429563776E+01
    0.514104236756728016E-36   -0.320845302065094813E+03    0.749694718622814538E+01    0.705567853190669680E+01
    0.515009419083448651E-36   -0.320853820364769547E+03    0.137146933988380280E+02    0.242597988932587612E+02
    0.551400020957261363E-36   -0.320995371058005901E+03    0.129816037014287051E+02    0.237737151506448967E+02
    0.562440973410484572E-36   -0.321040022369638280E+03    0.755055630922847687E+01    0.181810442212449246E+02
    0.642803500835383622E-36   -0.321312128144964845E+03    0.131664179121437641E+02    0.138622267452636478E+02
    0.752649079721923834E-36   -0.321632648163988961E+03    0.175837678557679240E+02    0.307517851345999098E+02
    0.813457416765964021E-36   -0.321793037143972356E+03    0.182533190173573168E+02    0.498864234755699520E+01
    0.107476004460102509E-35   -0.322355155387453920E+03    0.261429473604811449E+02    0.135875447128532887E+02
    0.123961987906454011E-35   -0.322645570109735274E+03    0.264270030557538540E+02    0.245484079220921387E+02
    0.143614566405500516E-35   -0.322944886348467662E+03    0.177607517733180700E+02    0.179190947269871295E+02
    0.197619937163144489E-35   -0.323588311524397227E+03    0.240005624648219751E+02    0.116975954773378383E+02
    0.213257569922249493E-35   -0.323745621538037142E+03    0.258782524019982567E+02    0.239222524569101331E+02
    0.344708397878572262E-35   -0.324711017842976162E+03    0.264764273301543120E+02    0.121723622829279137E+02
    0.362783432172225699E-35   -0.324818232272077410E+03    0.199168077287125058E+02    0.304764777355955943E+02
    0.435043678633631927E-35   -0.325186513044199671E+03    0.181041201067617372E+02    0.200507803046057376E+02
    0.938486100163707017E-35   -0.326729156261245691E+03    0.201729211648357918E+02    0.671111698896004683E+01
    0.108525181829910242E-34   -0.327024754830087772E+03    0.186078405353620830E+02    0.492180449207662907E+01
    0.120369755111337228E-34   -0.327236926952635201E+03    0.301230247707757499E+02    0.193653392396565565E+02
    0.126300271810502082E-34   -0.327338114719700457E+03    0.113294379275130943E+02    0.119154833963342135E+02
    0.145545118656912072E-34   -0.327626762621596583E+03    0.251763961970183630E+02    0.137550924934191432E+01
    0.173032596350755170E-34   -0.327977750346711446E+03    0.242372336945261715E+02    0.114860500161908572E+02
    0.172987852103633504E-34   -0.327982233102744203E+03    0.197952228041852614E+02    0.524539055322829650E+01
    0.175097545741944190E-34   -0.328011476802530183E+03    0.754922605300855043E+01    0.308408161933660132E+02
    0.233652913638269034E-34   -0.328593463835120190E+03    0.116119594005230518E+02    0.102515210108322163E+01
    0.234573906244593733E-34   -0.328606331763696630E+03    0.301575377605741330E+02    0.686832576826171426E+01
    0.248261870943920929E-34   -0.328724758597362381E+03    0.264911116875777033E+02    0.249365758986530963E+02
    0.255957025475281086E-34   -0.328790809479089432E+03    0.254158820243604140E+02    0.134494836535505580E+01
    0.259948450578726500E-34   -0.328826757045494219E+03    0.311392117726327733E+02    0.201954440373596142E+02
    0.273008373105351131E-34   -0.328929795287648346E+03    0.309542249087433632E+02    0.301149958541132214E+02
    0.334069152877500866E-34   -0.329338486388966658E+03    0.202659083499019704E+00    0.112121230850838280E+02
    0.383328990607604798E-34   -0.329618577564338466E+03    0.254163741059280817E+02    0.134032726503933697E+01
    0.629560284025621042E-34   -0.330615833584453298E+03    0.744967504416419679E+01    0.553879033989142222E+01
    0.838783890375556649E-34   -0.331194696543352904E+03    0.132616659241771622E+02    0.239423458652867147E+02
    0.101895981596882855E-33   -0.331588865552137179E+03    0.136863859086939463E+02    0.259400269865415645E+02
    0.108066789134712394E-33   -0.331711459450569293E+03    0.115835290420119872E+02    0.972998707161145115E+00
    0.108626262108045391E-33   -0.331726786947704738E+03    0.506684824656892907E+01    0.307787245362152788E+02
    0.190397498807336740E-33   -0.332854188514285795E+03    0.301369704347482283E+02    0.193095174197214057E+02
    0.227028160504876093E-33   -0.333211108672525540E+03    0.181662830601722369E+02    0.176655867772333615E+02
    0.330033468781660283E-33   -0.333964348682512650E+03    0.720768939192208080E+01    0.729407126403178196E+01
    0.355392261004853805E-33   -0.334117404822841706E+03    0.253175590797619741E+02    0.264632971707982563E+02
    0.357550589045555259E-33   -0.334134514262661014E+03    0.302918440860375817E+02    0.180744664704414575E+02
    0.386092499866828829E-33   -0.334293114498210400E+03    0.601391127840928785E+01    0.496594710637155234E+01
    0.394718536857095039E-33   -0.334342306434750697E+03    0.114272749056963985E+02    0.133154569508004190E+02
    0.485004433414094419E-33   -0.334759276606687422E+03    0.253927966957307270E+02    0.138826364559531008E+02
    0.561141777477023311E-33   -0.335055907735514268E+03    0.182152919728832536E+02    0.302188044549611980E+02
    0.564539381729553459E-33   -0.335072980832917096E+03    0.304784695359626383E+02    0.529280992292567820E+01
    0.614423848249726237E-33   -0.335247330535957587E+03    0.133218420370749548E+02    0.240036320698131682E+02
    0.654124276090191692E-33   -0.335377555258791062E+03    0.129804868337895307E+01    0.247971500434224517E+02
    0.688977666664549572E-33   -0.335486378255492980E+03    0.255190564663299568E+02    0.138515267519436396E+02
    0.932389892372834861E-33   -0.336096462676099748E+03    0.114992505053191252E+02    0.242956324486204629E+02
    0.109177272198482318E-32   -0.336417076551960520E+03    0.264310439135056647E+02    0.128737193643590206E+02
    0.109736399829771320E-32   -0.336432292978224325E+03    0.190952639797734527E+02    0.497372794655915929E+01
    0.112816435884342692E-32   -0.336492654802052300E+03    0.136969667900968410E+02    0.133060399878689672E+02
    0.112756306552551699E-32   -0.336496588550295769E+03    0.239855571173140483E+02    0.132780243518852821E+02
    0.173952339288168148E-32   -0.337368693427877758E+03    0.118054887432578486E+02    0.111142538788570766E+01
    0.180921720763278984E-32   -0.337452259640259570E+03    0.178700370462730902E+02    0.179204323989911813E+02
    0.239362001879294108E-32   -0.338017084845199065E+03    0.113669976480454560E+01    0.244201261557150247E+02
    0.275633021099846828E-32   -0.338304271423311548E+03    0.176123214478295758E+02    0.677341817151554970E+01
    0.342518344444600701E-32   -0.338743781162144387E+03    0.244660115774763121E+02    0.262902609293545488E+02
    0.402472407943167638E-32   -0.339071383814393755E+03    0.262964960873619589E+02    0.244819604300526557E+02
    0.431693461320226611E-32   -0.339216562240955398E+03    0.114780764699933062E+02    0.259096045431175348E+02
    0.573520212864052090E-32   -0.339789717090160593E+03    0.260303019175244152E+02    0.135566317037496500E+02
    0.791729751003538503E-32   -0.340439570948972232E+03    0.502436147051026971E+01    0.184697726491139136E+02
    0.915653671407370396E-32   -0.340735407139159406E+03    0.597093577967223510E+01    0.301426829244616599E+02
    0.948054444073377126E-32   -0.340809954590890300E+03    0.311248830470044737E+02    0.301387480620539314E+02
    0.112448553268760208E-31   -0.341156292540294771E+03    0.707371861744340702E+01    0.521779230468367583E+01
    0.121421543677831445E-31   -0.341314837561071897E+03    0.130050482428568892E+01    0.126473806949466123E+02
    0.142252854286895058E-31   -0.341636513190933954E+03    0.797360696428021098E+00    0.240755961760423460E+02
    0.147278849563823704E-31   -0.341710956366104995E+03    0.534481385119454178E+01    0.534667775058124484E+01
    0.147699706791505575E-31   -0.341721663323498035E+03    0.508249541686700734E+01    0.574956067084185474E+01
    0.150289714858893651E-31   -0.341761430642095320E+03    0.312325096015535735E+02    0.301268206597439452E+02
    0.173635814759191489E-31   -0.342055221089081442E+03    0.240021792947760666E+02    0.132435821893647390E+02
    0.184910443110310683E-31   -0.342186044147897576E+03    0.631597936848306230E+00    0.137201925076516655E+02
    0.191080902132924899E-31   -0.342256694734236532E+03    0.118824394986048132E+01    0.120103134575286585E+02
    0.353500632467289456E-31   -0.343492071463737943E+03    0.178169709375554142E+02    0.709590701803705315E+01
    0.443986487037911060E-31   -0.343952889169491755E+03    0.115268563093253267E+02    0.133654211897654918E+02
    0.480078791521732690E-31   -0.344114201393621329E+03    0.177948917531967190E+02    0.306395000270203148E+02
    0.574284949690226638E-31   -0.344477552317095558E+03    0.196603432975423331E+02    0.178225929596159602E+02
    0.580375156679141405E-31   -0.344503650347356142E+03    0.260113067041300496E+02    0.241617968541867505E+02
    0.672142536506025462E-31   -0.344802241766606812E+03    0.100073994831718260E+01    0.134073860890955068E+02
    0.731423590519057708E-31   -0.344976286432987820E+03    0.551564982621122635E+01    0.522832903091119583E+01
    0.847904434142646799E-31   -0.345276836782461771E+03    0.304647498453105392E+02    0.179558822501594371E+02
    0.852614969176904027E-31   -0.345292917037290806E+03    0.262807415278323617E+02    0.119626247049969638E+02
    0.112439949003168804E-30   -0.345851309685722640E+03    0.245871544176040864E+02    0.113955674037957468E+02
    0.113289706208429850E-30   -0.345871367719964155E+03    0.748991211656059885E+01    0.183998336506981772E+02
    0.141863737446689184E-30   -0.346326205103638188E+03    0.529190250390506822E+01    0.180108248852519779E+02
    0.144675277452429769E-30   -0.346370454631183350E+03    0.301747616036764796E+02    0.185351849356841818E+02
    0.188419685792631771E-30   -0.346903814792797903E+03    0.260394474616780940E+02    0.116405585308440571E+02
    0.190397840539026652E-30   -0.346929702661912586E+03    0.260880471389579931E+02    0.260078292226010745E+02
    0.221041454887871200E-30   -0.347233171625950774E+03    0.245711265197600852E+02    0.115541331377640533E+01
    0.263182351564054416E-30   -0.347587165388490121E+03    0.247578257782281455E+02    0.239134110809256661E+02
    0.284435279173232132E-30   -0.347747482576663572E+03    0.261977786188381856E+02    0.244090060866122478E+02
    0.283896586615538533E-30   -0.347748691181167828E+03    0.137833360713866711E+02    0.247525795188057636E+02
    0.288545347237222007E-30   -0.347786175613528769E+03    0.258339816707460415E+02    0.114875012534512386E+02
    0.291408292889462726E-30   -0.347810921805019234E+03    0.200835455796144551E+02    0.597311365389240301E+01
    0.300152766494219571E-30   -0.347875054234128811E+03    0.126183658240932095E+01    0.250090264459422826E+02
    0.320847803600903465E-30   -0.348013404857959188E+03    0.176170723506136966E+02    0.191612680536603790E+02
    0.325834591670776748E-30   -0.348049250830918595E+03    0.180612417876386075E+02    0.198677807051068989E+02
    0.328076103514366899E-30   -0.348067962309501581E+03    0.238728544795803721E+02    0.127001829895166853E+02
    0.335979910030621528E-30   -0.348120573833940512E+03    0.191378877590999856E+02    0.752004307952186313E+01
    0.372401275746836750E-30   -0.348331415043021138E+03    0.257386639229415195E+02    0.240049111217431559E+02
    0.430981823812299252E-30   -0.348628602934910759E+03    0.259370240698734129E+02    0.261346301147766340E+02
    0.778815580905010369E-30   -0.349817019659932441E+03    0.176229846239385957E+02    0.191414473571137798E+02
    0.870848089723976892E-30   -0.350045406205938207E+03    0.307514347301846165E+02    0.736880234841757265E+01
    0.970435720283168490E-30   -0.350266961434354755E+03    0.263794929058800527E+02    0.127110179407816304E+02
    0.105696568059678417E-29   -0.350442786134050550E+03    0.184246723158507848E+02    0.200375797617353193E+02
    0.113311621566379658E-29   -0.350586924759078556E+03    0.132506205553125049E+02    0.240622923206184431E+02
    0.131992401679870021E-29   -0.350897130002524932E+03    0.135727170637453121E+02    0.133431985589211770E+02
    0.144700253228462447E-29   -0.351085970054048062E+03    0.303561079768741600E+02    0.181533654764399124E+02
    0.153112409944148508E-29   -0.351203986001019928E+03    0.137863693040801998E+02    0.128522098590596006E+02
    0.205624919734748505E-29   -0.351798748749072047E+03    0.114677475502599808E+02    0.119464695110386323E+02
    0.285477945506753724E-29   -0.352459970841627126E+03    0.104466863007021526E+01    0.705460761729521879E+00
    0.379428622899609646E-29   -0.353033974281118560E+03    0.518414012121824630E+01    0.182458300064667149E+02
    0.397494113525870885E-29   -0.353132001537218002E+03    0.104353180717427074E+01    0.700058487879198998E+00
    0.463958485888999583E-29   -0.353446231443041881E+03    0.245848987531082415E+02    0.240096348850427148E+02
    0.475139686107644968E-29   -0.353498858960366078E+03    0.121781707654928955E+02    0.263141365109075167E+02
    0.608899732824201209E-29   -0.353999948510388492E+03    0.193588282864818026E+02    0.514701950302350753E+01
    0.612138501333149451E-29   -0.354015558419280580E+03    0.121666098281349666E+01    0.253497291028828435E+02
    0.780572614269167688E-29   -0.354506696829141674E+03    0.137494180762535247E+02    0.247711095765170235E+02
    0.113415846118647220E-28   -0.355258933708771337E+03    0.178629327630522461E+02    0.306547888846767052E+02
    0.173975063567988271E-28   -0.356119635424949649E+03    0.514502224852215484E+01    0.183782841471212564E+02
    0.183569841850684861E-28   -0.356232001881959832E+03    0.736307637478900112E+01    0.568214685761445359E+01
    0.204566038631898789E-28   -0.356453593174013292E+03    0.305724025053822324E+02    0.305064281250205411E+02
    0.252334794579082828E-28   -0.356878324984090170E+03    0.255602076703885928E+02    0.114172006666353330E+02
    0.336511746573152355E-28   -0.357459077585852640E+03    0.247231656388591396E+02    0.115158277969318079E+01
    0.336220083398824112E-28   -0.357462343384023029E+03    0.303129654158194768E+02    0.183126332169206201E+02
    0.478353471176781192E-28   -0.358172511350037666E+03    0.183530371249779023E+02    0.516738992778905182E+01
    0.577113169412470989E-28   -0.358552888235596583E+03    0.243854683098854359E+02    0.261058623787381165E+02
    0.590774058710930980E-28   -0.358604678754604379E+03    0.114322931152565186E+02    0.246913976749718884E+02
    0.733642562412838671E-28   -0.359042855348347416E+03    0.729127937199546161E+00    0.115835780314603447E+02
    0.970195055249584985E-28   -0.359606805751052775E+03    0.186885748244413286E+02    0.176565158460137184E+02
    0.971415698395689856E-28   -0.359614320453455719E+03    0.176713916263562112E+02    0.311595471806270901E+02
    0.141193445784919550E-27   -0.360367243470760513E+03    0.817903713950433736E-01    0.137622339651526566E+02
    0.141957325619804705E-27   -0.360383034635966055E+03    0.176841315401477637E+02    0.311197667978329768E+02
    0.161225349335552150E-27   -0.360642587802008734E+03    0.306726019694814624E+02    0.532228886888167274E+01
    0.173587562577943362E-27   -0.360795345969751452E+03    0.251588188846956697E+02    0.239370566016870185E+02
    0.189693504649900769E-27   -0.360977800931181093E+03    0.302229613204462950E+02    0.621031978885332858E+01
    0.211807104576301803E-27   -0.361203333611508924E+03    0.180835343854790871E+02    0.304766513265391339E+02
    0.299011164297398550E-27   -0.361897943481666346E+03    0.740550946759434225E+01    0.309978549775394256E+02
    0.337969362239678401E-27   -0.362147892152931092E+03    0.303804707787237085E+02    0.194614206357715034E+02
    0.360305866205555548E-27   -0.362280888256842729E+03    0.302425444625249042E+02    0.312205208869068755E+02
    0.468962332421435872E-27   -0.362813026559813466E+03    0.302405648083911203E+02    0.644109639556549674E+01
    0.469952505593806853E-27   -0.362822244934044477E+03    0.988889950654934458E+00    0.244514299324131628E+02
    0.563809689430832514E-27   -0.363191415187641667E+03    0.262846948081725955E+02    0.122824799159525959E+02
    0.619403627077522206E-27   -0.363384495905332358E+03    0.305478961626417949E+02    0.196781557251129655E+02
    0.691047266319124209E-27   -0.363608398107115818E+03    0.116819666071324431E+02    0.259417285147438008E+02
    0.893165606008632432E-27   -0.364126525684186163E+03    0.560907789935167500E+01    0.304314112247120399E+02
    0.126039089012205876E-26   -0.364820336022883964E+03    0.177895577741455355E+02    0.183201854906732642E+02
    0.126535862261214234E-26   -0.364833203372945150E+03    0.312117283508720114E+02    0.302583995193619693E+02
    0.150378525131303250E-26   -0.365183463077272222E+03    0.258882893973637564E+02    0.242149434280542621E+02
    0.174583375554700261E-26   -0.365486956693510649E+03    0.101356302265917875E+01    0.245214901865875312E+02
    0.278770129840808153E-26   -0.366427926914377736E+03    0.101497982681182486E+01    0.119688507212311350E+02
    0.293283541758814914E-26   -0.366534431565476609E+03    0.180759191621441282E+02    0.539066387822189785E+01
    0.306791252483754990E-26   -0.366629486958640086E+03    0.243207141253109711E+02    0.259901526028295251E+02
    0.316058701543366925E-26   -0.366694007766117863E+03    0.190664705579798728E+02    0.302711253666324325E+02
    0.325746684404846016E-26   -0.366759391919913412E+03    0.261988420509783317E+02    0.120785164736721189E+02
    0.344548762428105980E-26   -0.366876623096586343E+03    0.177366416247168779E+02    0.663609788571361126E+01
    0.354022648578007191E-26   -0.366935873624934914E+03    0.198400276047077888E+02    0.194834080605139661E+02
    0.382561917908674569E-26   -0.367095932878795395E+03    0.125255505387443691E+02    0.116001140563065386E+01
    0.469549884866164855E-26   -0.367510700932793043E+03    0.197476029280427028E+02    0.552509401183163451E+01
    0.533311134052643938E-26   -0.367770361834777020E+03    0.199944969138483408E+02    0.186739361493564218E+02
    0.636014847539398204E-26   -0.368127595661203372E+03    0.262012825297583873E+02    0.246717353120568568E+02
    0.861277718665727634E-26   -0.368738985856767101E+03    0.137097739441534774E+02    0.124229373994661927E+02
    0.145006726989763801E-25   -0.369785882299435343E+03    0.177898387458233529E+02    0.193067619512057789E+02
    0.149611483774692536E-25   -0.369853405682268829E+03    0.258840865147242383E+02    0.242470965501106548E+02
    0.178610868882430592E-25   -0.370212741075871520E+03    0.101480524438764164E+01    0.550703268228041387E+00
    0.202531011693653221E-25   -0.370469108068655544E+03    0.114454744985700838E+02    0.249039043245632357E+02
    0.211119038727825328E-25   -0.370557166308644526E+03    0.196895029061421347E+02    0.306192695677089297E+02
    0.232756522588331745E-25   -0.370757307910229827E+03    0.114742595438742772E+02    0.122216989673522569E+02
    0.283776982623215183E-25   -0.371158699345120453E+03    0.242927897500306287E+02    0.117749410152710752E+02
    0.350382267444610333E-25   -0.371585371533028422E+03    0.313442721061747491E+02    0.741638702423109475E+01
    0.412042236509427162E-25   -0.371914573750470197E+03    0.976910125865252700E-02    0.114330653983773800E+02
    0.456994875662644103E-25   -0.372126666386359375E+03    0.104858784612129519E+01    0.448346706525662497E+00
    0.477922915254927438E-25   -0.372221220939340355E+03    0.305975709897735335E+02    0.306111009493719912E+02
    0.499003392388154966E-25   -0.372312547818883729E+03    0.686025482999954050E+01    0.529630121956620403E+01
    0.597705241857586177E-25   -0.372678517482359894E+03    0.574934289721915892E+01    0.304088336058412807E+02
    0.621458194340097147E-25   -0.372761459316569358E+03    0.184740570990397224E+02    0.199202125988451932E+02
    0.855446832262612312E-25   -0.373405569917194214E+03    0.190630636884418045E+02    0.199560895476951501E+02
    0.895100188597414561E-25   -0.373501193339834174E+03    0.135561460234538593E+02    0.131233632927068218E+02
    0.895649757677854173E-25   -0.373507420912893906E+03    0.189123863853396550E+02    0.177268734289206513E+02
    0.944908402291440570E-25   -0.373619498018688205E+03    0.256304959220238473E+02    0.261508792495738014E+02
    0.967476987792305680E-25   -0.373671705309467768E+03    0.108229664314393914E+01    0.254497317150811533E+02
    0.103848293244310107E-24   -0.373818354447410059E+03    0.516765839717817865E+01    0.187177034179237687E+02
    0.105751615388507290E-24   -0.373859678403371220E+03    0.177416899794582577E+02    0.312267574183020180E+02
    0.127652111569782368E-24   -0.374241109587511460E+03    0.188833514857685003E+02    0.740278115096149492E+01
    0.133745542166982954E-24   -0.374339370327924939E+03    0.196995019986000948E+02    0.196016381313976744E+02
    0.146002021539364906E-24   -0.374519733152213917E+03    0.130459248667761383E+02    0.261532084591305107E+02
    0.156900242425436337E-24   -0.374668712626334809E+03    0.246121969258848701E+02    0.135669478793183220E+02
    0.160858428408868153E-24   -0.374723541519662888E+03    0.182531879545366671E+02    0.198090033757927415E+02
    0.181216931468100065E-24   -0.374966881876702359E+03    0.131975252225064832E+02    0.135026256725228784E+02
    0.193867161756866320E-24   -0.375106838599297760E+03    0.136064359550939820E+02    0.121443790028425163E+02
    0.228795599074510423E-24   -0.375443150265681766E+03    0.178773085310566167E+02    0.308506344417190483E+02
    0.272754560124509279E-24   -0.375799636903942258E+03    0.647119419298932730E+01    0.518645075106191289E+01
    0.282504938250780645E-24   -0.375874884278603759E+03    0.131661223669397440E+02    0.135158363073854293E+02
    0.604614782834094787E-24   -0.377401675281966163E+03    0.177534001519540574E+02    0.187312369498531766E+02
    0.611951999473991596E-24   -0.377430799911077543E+03    0.133451781373732086E+02    0.243325867036718293E+02
    0.701985789819932508E-24   -0.377710318539467266E+03    0.310536128357679893E+02    0.198941191098629702E+02
    0.726350422576128443E-24   -0.377783557364866908E+03    0.303262809805249276E+02    0.190057811325153736E+02
    0.760328838676276965E-24   -0.377879994261007084E+03    0.303659625570240017E+02    0.191909463442357477E+02
    0.790780537550666101E-24   -0.377963533176477711E+03    0.115186554258457345E+02    0.247855701823620791E+02
    0.809897649332532771E-24   -0.378016307978336499E+03    0.521296930566737693E+01    0.191094158622740586E+02
    0.925610362669129437E-24   -0.378288398959549511E+03    0.701081741444401096E+01    0.180098185071318575E+02
    0.937628043702321788E-24   -0.378319198873603909E+03    0.250409143804915715E+02    0.262258510752082614E+02
    0.944712462884805772E-24   -0.378339253434896932E+03    0.632787586528928347E+01    0.177539207377074995E+02
    0.965091201512989081E-24   -0.378386937429095212E+03    0.245664902461131867E+02    0.135180329732540550E+02
    0.105339019032978268E-23   -0.378567030205903393E+03    0.132667166089490554E+02    0.134264221837708000E+02
    0.113889878322011272E-23   -0.378728126406464980E+03    0.521215853107317795E+01    0.311801258627265554E+02
    0.142249809780985437E-23   -0.379177831874235551E+03    0.529518172702321177E+01    0.193342475774745601E+02
    0.169801272780649473E-23   -0.379536919941882388E+03    0.681763508865420054E+01    0.178883945329519207E+02
    0.169925072621917954E-23   -0.379543377583874758E+03    0.244331036347245814E+02    0.259858206614809291E+02
    0.172076757443076356E-23   -0.379573543685599191E+03    0.196884591773709268E+02    0.306993114596154157E+02
    0.185711701185978555E-23   -0.379731053357870110E+03    0.194331911276276834E+02    0.197818196795284145E+02
    0.211045210093911643E-23   -0.379991807155401602E+03    0.569901763473123513E+01    0.721330684306926173E+01
    0.218746755454768039E-23   -0.380068491788498818E+03    0.128140425504792841E+02    0.106058216629419877E+01
    0.329529543098974769E-23   -0.380892994423286382E+03    0.537263396100086688E+01    0.182440499232540603E+02
    0.359127431331483866E-23   -0.381070016977517639E+03    0.308440587129259391E+02    0.197794343515645217E+02
    0.395212643237439831E-23   -0.381266510317376117E+03    0.729928300314326517E+01    0.310344681706221692E+02
    0.459943849892413813E-23   -0.381574871235819501E+03    0.178220682199209186E+02    0.310753537193986560E+02
    0.484612660717410305E-23   -0.381684362270977829E+03    0.257455774696122894E+02    0.242326145410389557E+02
    0.572277280941356700E-23   -0.382021909664284181E+03    0.614546885479085780E+01    0.177825227489305853E+02
    0.652955333319711955E-23   -0.382290679851996913E+03    0.196771076250440871E+02    0.698771061015467243E+01
    0.706595841694453574E-23   -0.382453580102572744E+03    0.716655338565723987E+01    0.691262825779929013E+01
    0.706815962820916624E-23   -0.382459203052310500E+03    0.304281743373782092E+02    0.584692791097759823E+01
    0.105101395899029563E-22   -0.383257683707489093E+03    0.645276171508335317E+01    0.522765372624672153E+01
    0.119046701054747512E-22   -0.383511864312571106E+03    0.192371109508266755E+02    0.304161502486058666E+02
    0.138052290032945187E-22   -0.383813097641984882E+03    0.102034393717267435E+01    0.248148369946076421E+02
    0.149360322178344277E-22   -0.383975555901225505E+03    0.178289594797260946E+02    0.311024416827955008E+02
    0.209706205226942467E-22   -0.384659247645530286E+03    0.197850374225958312E+02    0.680029333034258521E+01
    0.210310455560216048E-22   -0.384670002186304998E+03    0.255230284851548674E+02    0.261241590789426930E+02
    0.216691580120815397E-22   -0.384734782694213607E+03    0.305842978426500913E+02    0.560721048128723520E+01
    0.236876724262600853E-22   -0.384917912298683177E+03    0.303681454152621235E+02    0.612892268751241165E+01
    0.318773748916339419E-22   -0.385516795788847844E+03    0.100947507525816205E+01    0.122474347428178181E+02
    0.327621437662132679E-22   -0.385576550165379103E+03    0.313273120357733106E+02    0.177987956634923741E+02
    0.393116929608044100E-22   -0.385946046785495071E+03    0.261068662169112926E+02    0.121522287582485387E+02
    0.439764719892580312E-22   -0.386175312301400425E+03    0.124650417993904075E+02    0.261789001981663532E+02
    0.473258367983877324E-22   -0.386327115532415633E+03    0.578195041227623641E+01    0.197818531623753948E+02
    0.484692001572437617E-22   -0.386379859870454311E+03    0.607818001257076013E+01    0.198805675274622189E+02
    0.563529318773167855E-22   -0.386686271312429767E+03    0.178273759281887827E+02    0.604302555065406732E+01
    0.636399043111298583E-22   -0.386934484174377360E+03    0.303801946467544539E+02    0.612906315399487500E+01
    0.687329309280154829E-22   -0.387093459631253211E+03    0.822601742533659475E+00    0.664091066327592405E+00
    0.707200485056286554E-22   -0.387155460983056969E+03    0.303768696197820951E+02    0.187348573115204928E+02
    0.860846152064068308E-22   -0.387553664195217777E+03    0.310224053809546305E+02    0.531148320790829676E+01
    0.112716632465478548E-21   -0.388097756758486355E+03    0.193059491283489244E+02    0.179075862325880699E+02
    0.116239302701875122E-21   -0.388164304815562218E+03    0.245933088132668622E+02    0.134652925573739957E+02
    0.143518744785610935E-21   -0.388590934079338240E+03    0.304170958948880070E+02    0.311274843151557405E+02
    0.143781058526170695E-21   -0.388599586205938067E+03    0.243391763452494487E+02    0.118815127906314864E+02
    0.165407100371436888E-21   -0.388884822194939716E+03    0.180633329236382920E+02    0.195402538953667637E+02
    0.208672097656509391E-21   -0.389354530993035496E+03    0.556667263507341303E+01    0.180905471064401802E+02
    0.208869609113736323E-21   -0.389361423129497609E+03    0.306437585822889673E+02    0.195516974274765261E+02
    0.212806477626056783E-21   -0.389403769168585654E+03    0.251892546001090487E+02    0.135963595907225336E+02
    0.221325497677424155E-21   -0.389487271690876753E+03    0.116976336607303644E+02    0.257064350115157154E+02
    0.236085984011802412E-21   -0.389621394930039799E+03    0.128585355528254546E+02    0.241413490371016763E+02
    0.291078147058085832E-21   -0.390045186330054491E+03    0.260792821537400172E+02    0.121503208904248918E+02
    0.303829356246318951E-21   -0.390135935205964131E+03    0.261485846826646799E+02    0.249745786666371892E+02
    0.308290888678310855E-21   -0.390170090336688986E+03    0.307878430419974123E+02    0.180232989151997849E+02
    0.315481129878321103E-21   -0.390221200514595637E+03    0.130667047320124929E+02    0.242267552290325376E+02
    0.435444578386308655E-21   -0.390870737831556028E+03    0.117094200480887167E+02    0.119901363587969225E+02
    0.677989104128975229E-21   -0.391761265209043188E+03    0.587798812721824149E+01    0.179099238044953779E+02
    0.715135860275148480E-21   -0.391872947852661923E+03    0.306361990032531750E+02    0.195193198497647380E+02
    0.789711434509046234E-21   -0.392076337986551835E+03    0.936439412812517524E+00    0.255406557782687109E+02
    0.790137436410229954E-21   -0.392082416575572211E+03    0.134183916556097138E+02    0.245627173813509287E+02
    0.809641567172240536E-21   -0.392136186054765744E+03    0.187746567916742002E+02    0.304034619512681523E+02
    0.887628539591036277E-21   -0.392325109463041599E+03    0.252704693928773452E+02    0.115611092895853993E+02
    0.926800652464977392E-21   -0.392416479767744249E+03    0.259703491721443029E+02    0.119783593671535069E+02
    0.932147768773291350E-21   -0.392432985479240642E+03    0.185526877848590672E+02    0.725555805589266622E+01
    0.100050242254328556E-20   -0.392579517925340099E+03    0.190524886865279619E+02    0.528968340316474794E+01
    0.114352584514083768E-20   -0.392851746004617439E+03    0.311887947276827937E+02    0.178625784456010948E+02
    0.138158904364900777E-20   -0.393234981967854480E+03    0.573626606465179933E+00    0.134074758764601825E+02
    0.164515328932379886E-20   -0.393589180462347713E+03    0.813068257786319082E+00    0.119562665068817466E+02
    0.180351556988867286E-20   -0.393777989041548722E+03    0.127693177162890859E+02    0.115802915430737539E+02
    0.199854378501523304E-20   -0.393988350948334528E+03    0.253035320575356266E+02    0.135567421341942005E+02
    0.225629229193601498E-20   -0.394235959107140900E+03    0.179296981157939577E+02    0.192626718860764647E+02
    0.235413970029460926E-20   -0.394325864038590794E+03    0.304359920142003588E+02    0.606633484090964270E+01
    0.252266934259300963E-20   -0.394469148540265280E+03    0.260014987837380787E+02    0.120526945715699121E+02
    0.260314717300278382E-20   -0.394536955660951378E+03    0.253269740558437988E+02    0.115833844153697996E+02
    0.264586460852864363E-20   -0.394574509124651570E+03    0.184671949890941960E+02    0.304858945506254635E+02
    0.322661255097144158E-20   -0.394976379014770544E+03    0.183225790702568183E+02    0.714059437631654070E+01
    0.329707273148041302E-20   -0.395024583380083982E+03    0.116648711768960212E+02    0.246903068639813590E+02
    0.331736648563531036E-20   -0.395041855814475298E+03    0.184351588016113688E+02    0.536929956386529295E+01
    0.333621476379196262E-20   -0.395058187052717017E+03    0.252189280430588703E+02    0.261265987421517636E+02
    0.346258271057068044E-20   -0.395137542850112538E+03    0.691661675765060391E+01    0.706626227601567791E+01
    0.389047691070932186E-20   -0.395375576831136925E+03    0.195804480621426791E+02    0.181580762801329811E+02
    0.444122042909365416E-20   -0.395645371752780193E+03    0.129836419930634843E+02    0.260413067145004931E+02
    0.507046425984041896E-20   -0.395915378099395525E+03    0.127301159965639847E+02    0.135459211061142089E+02
    0.523153214870456695E-20   -0.395982921710672258E+03    0.919587857390319563E+00    0.129514913876648752E+02
    0.791619822815803271E-20   -0.396816335470361025E+03    0.180330684860844741E+02    0.685321717059186675E+01
    0.867228590606581164E-20   -0.397003778158650846E+03    0.179425831700614111E+02    0.588383119284305245E+01
    0.890998424096205102E-20   -0.397062858278177430E+03    0.261174754296630454E+02    0.251081756734430641E+02
    0.966394978412016700E-20   -0.397230318222596054E+03    0.197957284627576620E+02    0.191305852287801059E+02
    0.107326378565535089E-19   -0.397445092064216681E+03    0.951468016839476016E+00    0.255647302311830138E+00
    0.110858112657697529E-19   -0.397514845385190370E+03    0.605074159246268906E+01    0.178930257838342932E+02
    0.111570569474934907E-19   -0.397532657748181691E+03    0.641294773607109847E+00    0.133235287375737368E+02
    0.119885657147250939E-19   -0.397681420009447095E+03    0.261102786459012997E+02    0.252212615174533710E+02
    0.129024043258594580E-19   -0.397833340684297866E+03    0.184380820012909759E+02    0.538699691983648687E+01
    0.129482273079358902E-19   -0.397845431115312408E+03    0.602271455904989406E+01    0.533549493624022553E+01
    0.136635118931195341E-19   -0.397957971161198202E+03    0.660732546920346930E+01    0.179210908595051137E+02
    0.142885217647577009E-19   -0.398052426414912645E+03    0.193583242988645488E+02    0.180038989505804068E+02
    0.147693605758460590E-19   -0.398123622939631844E+03    0.564161694250485990E+01    0.703521564337023886E+01
    0.154862245353869097E-19   -0.398223415110816461E+03    0.252570602935092765E+02    0.135369473873089614E+02
    0.181556581213768581E-19   -0.398546477841305375E+03    0.307565112650305252E+02    0.181165455826755100E+02
    0.184218581423762559E-19   -0.398580589136777462E+03    0.125786078070819443E+02    0.241571393122322498E+02
    0.200070650083005881E-19   -0.398750684255778992E+03    0.119272731805553729E+02    0.118174778409953731E+02
    0.239345684380011010E-19   -0.399114160916795697E+03    0.715631570062101385E+01    0.309734384663353524E+02
    0.248119409849905890E-19   -0.399191163389840312E+03    0.194046079195795471E+02    0.547475908111946730E+01
    0.266835250570397907E-19   -0.399341606004391622E+03    0.304485789161374960E+02    0.313286326915543043E+02
    0.269131352753978951E-19   -0.399363742267854889E+03    0.313963240893722606E+02    0.531253701639445541E+01
    0.308473398472703649E-19   -0.399641614368637249E+03    0.182419378299891655E+02    0.180825074625826687E+02
    0.369707916869442212E-19   -0.400008769706650696E+03    0.563188307679494216E+01    0.555545843247542770E+01
    0.394677249143890776E-19   -0.400144479826860447E+03    0.251626839028334039E+02    0.116008094586450952E+02
    0.405597402912098673E-19   -0.400204065244968945E+03    0.135291747237016775E+02    0.250559971138205100E+02
    0.406926617173070327E-19   -0.400215608881409764E+03    0.727602458482241143E+00    0.119169263128551144E+02
    0.434116644247454204E-19   -0.400349969673682438E+03    0.259362845565114917E+02    0.256817992509966899E+02
    0.433216339255319535E-19   -0.400350817610598881E+03    0.343890164072840954E+00    0.116604932907143191E+02
    0.438353082853849604E-19   -0.400379392568347555E+03    0.710198026913311864E+01    0.308910189956915175E+02
    0.498506694977551043E-19   -0.400641577185724373E+03    0.705008852318707824E+01    0.688050868933093795E+01
    0.528571146603538964E-19   -0.400763697978857465E+03    0.182578415730146553E+02    0.306457558056064627E+02
    0.562945031900691250E-19   -0.400894707124796810E+03    0.615716918718714190E+01    0.178958878616642991E+02
    0.594291553584943030E-19   -0.401008083206400556E+03    0.874490291994828306E+00    0.129774516876130068E+02
    0.593207109159347313E-19   -0.401009430335837976E+03    0.194957664375239617E+02    0.700684828262655657E+01
    0.593781886691639332E-19   -0.401016367262226424E+03    0.196771308240883549E+02    0.183471251389791448E+02
    0.612271879773864922E-19   -0.401082696010329073E+03    0.304888480627124245E+02    0.191090006654165343E+02
    0.755671451937170525E-19   -0.401508556535277989E+03    0.308268706468479365E+02    0.704937485181886636E+01
    0.783517654890451924E-19   -0.401585930336421086E+03    0.132300336317222627E+02    0.244300124330769535E+02
    0.801280760913009398E-19   -0.401635765943915430E+03    0.255445566346869555E+02    0.116965778563289504E+02
    0.108227532553034293E-18   -0.402241984920332754E+03    0.126362178739772144E+02    0.116158309419203114E+02
    0.111998270377615629E-18   -0.402315480188835124E+03    0.782749892655192236E+00    0.131236476024539765E+02
    0.112844309731592174E-18   -0.402335531489999596E+03    0.242073138567875965E+02    0.123330370156527476E+02
    0.146349363529290565E-18   -0.402860506660928593E+03    0.260703941126800416E+02    0.249804724759973418E+02
    0.153640739531021112E-18   -0.402962747366332849E+03    0.306446442914108808E+02    0.194158599832445908E+02
    0.177351433008711880E-18   -0.403254779855204958E+03    0.182811636086431690E+02    0.180821018878949111E+02
    0.178221014151596319E-18   -0.403269562197829600E+03    0.557068535269218845E+01    0.194863780197803713E+02
    0.198787282170295442E-18   -0.403492983970976752E+03    0.246533930676848065E+02    0.259552357835444418E+02
    0.211835073711253366E-18   -0.403625129368030287E+03    0.186086492752546526E+02    0.179343367574089427E+02
    0.230627095844655673E-18   -0.403800117537451001E+03    0.310480109072138823E+02    0.540977720468982870E+01
    0.235426832830732619E-18   -0.403846313685729285E+03    0.310707277921897962E+02    0.305341128030987647E+02
    0.282838995272947738E-18   -0.404218268961495653E+03    0.194329965186810689E+02    0.553470231946961810E+01
    0.288304251501636007E-18   -0.404261546035263052E+03    0.936077066188516160E+00    0.124749115204305916E+02
    0.364708090943463211E-18   -0.404736707898140082E+03    0.179141700252056317E+02    0.634376390098582732E+01
    0.365978368636894423E-18   -0.404748661791736993E+03    0.663614991214533156E+00    0.674356090619300685E+00
    0.373704755970721623E-18   -0.404795445458834024E+03    0.189804038461263893E+02    0.197778742742524720E+02
    0.522110533211626488E-18   -0.405469271962426319E+03    0.596210017618646493E+01    0.197289357454446233E+02
    0.627250047987891709E-18   -0.405841203856100890E+03    0.306576734783772622E+02    0.308635246407200796E+02
    0.634889061094874863E-18   -0.405870413885982316E+03    0.308607151975605092E+02    0.306599152416621301E+02
    0.688789527167454537E-18   -0.406038384829671827E+03    0.133299117131871654E+02    0.131090012230901696E+02
    0.800832982404413191E-18   -0.406344818160540513E+03    0.249634651814785542E+02    0.260452482899634710E+02
    0.856773477651783729E-18   -0.406484860459662968E+03    0.258543923274799710E+02    0.257263632233104609E+02
    0.949988284430806329E-18   -0.406696412637278286E+03    0.197708292050113563E+02    0.620009136749951040E+01
    0.107736826464688235E-17   -0.406953066441227406E+03    0.243852217236693605E+02    0.120114982732074083E+02
    0.125241171837946955E-17   -0.407259166024891670E+03    0.116465225365940039E+02    0.251835210277228008E+02
    0.133011184197440612E-17   -0.407384549951378176E+03    0.560091213180967529E+01    0.194797687012549297E+02
    0.133671818215253327E-17   -0.407399458874904553E+03    0.814582747098217874E+00    0.440691782867365989E+00
    0.162377403480195696E-17   -0.407793530072414967E+03    0.305036439163040214E+02    0.189530603329918215E+02
    0.163619047475683123E-17   -0.407813765207594486E+03    0.713309021966642209E+01    0.184925932220460894E+02
    0.187913119620198124E-17   -0.408095642971256154E+03    0.603266010246878004E+01    0.197327538057992058E+02
    0.241874353819974619E-17   -0.408605520303055812E+03    0.184616124016532694E+02    0.305846885131413160E+02
    0.243148038148556974E-17   -0.408621024455255622E+03    0.179998891445026530E+02    0.191926827523185395E+02
    0.246577104422951572E-17   -0.408654033001424864E+03    0.587104249321369132E+01    0.196692398748551547E+02
    0.271414278240442612E-17   -0.408850976229782532E+03    0.308853562459983095E+02    0.181001285977318673E+02
    0.282587248211616319E-17   -0.408936658210847952E+03    0.123449071481533874E+02    0.884860649178229708E+00
    0.290982801565906954E-17   -0.409000211847139212E+03    0.255468391791733396E+02    0.117501538681202646E+02
    0.312581256497316415E-17   -0.409148412430922122E+03    0.305379965537585498E+02    0.186058314948370516E+02
    0.323609328155046599E-17   -0.409222757540503039E+03    0.713853384613901554E+01    0.191657543275473223E+02
    0.346202700191811381E-17   -0.409362732403037285E+03    0.197250909164643389E+02    0.186022083116708679E+02
    0.364119718208208255E-17   -0.409468648938062813E+03    0.688318211746800479E+01    0.697387499821909351E+01
    0.368230177782738309E-17   -0.409496099970067803E+03    0.181874742204760054E+02    0.182181859926866068E+02
    0.378799037267059165E-17   -0.409557695158135630E+03    0.179478558530610321E+02    0.618804189519992054E+01
    0.395727449609692795E-17   -0.409650134950054394E+03    0.307504242743528096E+02    0.565693220736714064E+01
    0.408673150301815796E-17   -0.409719514904667676E+03    0.179951038141864643E+02    0.597432785134316813E+01
    0.507216150951251021E-17   -0.410156558010533900E+03    0.307402083941907343E+02    0.689330206610625940E+01
    0.554528444207635492E-17   -0.410339919723611331E+03    0.196903949982308397E+02    0.191842385543048835E+02
    0.724387065412846506E-17   -0.410879335259111429E+03    0.562373654068829776E+01    0.690391592792903630E+01
    0.835272925128987100E-17   -0.411169200574359195E+03    0.849672274463054489E+00    0.122732207607175621E+02
    0.106590292874222101E-16   -0.411661838597309611E+03    0.327279875283113086E+00    0.134006819411576359E+02
    0.125251887682311678E-16   -0.411989507326908154E+03    0.188082096848354823E+02    0.717283416427543141E+01
    0.126194180719052875E-16   -0.412009497379508616E+03    0.179591973490909851E+02    0.314056261518308020E+02
    0.127049459207504526E-16   -0.412028006611022192E+03    0.179599619978725578E+02    0.313794097243642263E+02
    0.130967515354604002E-16   -0.412093752340689775E+03    0.872302522941081793E+00    0.127482196334532336E+02
    0.158045184448394223E-16   -0.412474615643903007E+03    0.665446949142230082E+01    0.709387595179686414E+01
    0.164894736244494097E-16   -0.412564468320896765E+03    0.256359486805383661E+02    0.243946311450394511E+02
    0.182654295269325542E-16   -0.412774044243290803E+03    0.686298280203237265E+01    0.181706942764207575E+02
    0.204042966409427715E-16   -0.413000514887215729E+03    0.305428089380698466E+02    0.642557152879910287E+01
    0.230137444402688021E-16   -0.413246207134174142E+03    0.182149151878733839E+02    0.565956331930063161E+01
    0.232544887137993652E-16   -0.413272020243278121E+03    0.186951429374940119E+02    0.179801732426027989E+02
    0.291936967399851121E-16   -0.413731929532367701E+03    0.197003692523047462E+02    0.311876515433247228E+02
    0.298355243166863972E-16   -0.413780423439959350E+03    0.812237359270583159E+00    0.129115552080851064E+02
    0.318089867633921964E-16   -0.413913521595529573E+03    0.180049647412955984E+02    0.190966252528253193E+02
    0.321001091265372437E-16   -0.413936742749983239E+03    0.275578791759352071E+00    0.134024147010361645E+02
    0.334730112965853719E-16   -0.414025502852954958E+03    0.197019168504988080E+02    0.312021846602791406E+02
    0.339027480235209066E-16   -0.414056016038045186E+03    0.197190811355820905E+02    0.189672818217839527E+02
    0.351353441309354241E-16   -0.414132439048821084E+03    0.717353431948871356E+00    0.120515091389810731E+02
    0.359425190513310431E-16   -0.414182865829291075E+03    0.180827178763177230E+02    0.309812823046609722E+02
    0.387449995020251086E-16   -0.414338027295288271E+03    0.242997931803311253E+02    0.254092469558892482E+02
    0.386927670246616626E-16   -0.414340329258522615E+03    0.117436239247271015E+02    0.122594089328471618E+02
    0.416802552531760487E-16   -0.414494078933647415E+03    0.250674872601304770E+02    0.242609687404307088E+02
    0.460480618790077292E-16   -0.414698395239556987E+03    0.182236738914511669E+02    0.566469830917648931E+01
    0.507001338540421472E-16   -0.414895880991987326E+03    0.119726833909692907E+02    0.647557668203394554E+00
    0.511381631002603992E-16   -0.414918085990916268E+03    0.278612956590649330E+00    0.133945810921635147E+02
    0.512393234380233292E-16   -0.414927038436873147E+03    0.126489093467577955E+02    0.242652275143423566E+02
    0.531268886794595518E-16   -0.415004390247013646E+03    0.243577610835927381E+02    0.121590873784090068E+02
    0.531434178740877638E-16   -0.415010012403674239E+03    0.579356712713048783E+01    0.306886183747398995E+02
    0.611228679880747838E-16   -0.415294796025853714E+03    0.249087350503642030E+00    0.134008215532673560E+02
    0.634934414976684219E-16   -0.415375897124688208E+03    0.306692035098565867E+02    0.309622067407070425E+02
    0.639725108496125739E-16   -0.415395930836792900E+03    0.179931184999381024E+02    0.312697218132444767E+02
    0.644379603841193162E-16   -0.415415429703387815E+03    0.308426884122218858E+02    0.181886287809705571E+02
    0.661965877062643917E-16   -0.415474281723345428E+03    0.251340087402632086E+02    0.260002841022826772E+02
    0.672117008945335208E-16   -0.415509718596214213E+03    0.245481649868954079E+02    0.132165118040494178E+02
    0.676900307711858514E-16   -0.415528901716782173E+03    0.134210136515199565E+02    0.127180426365122745E+02
    0.680852874295386096E-16   -0.415545546182952819E+03    0.307957470719455131E+02    0.566714565441701357E+01
    0.753202936356327510E-16   -0.415752523095140646E+03    0.256615316227842669E+02    0.118727189179462513E+02
    0.833039999574916630E-16   -0.415959017023996296E+03    0.665446675033592872E+01    0.180644736312939465E+02
    0.856451828306493854E-16   -0.416019449851956722E+03    0.586093530398761509E+01    0.704260533510977993E+01
    0.886038921837674325E-16   -0.416092375463532733E+03    0.196160199234606836E+02    0.669094845227940205E+01
    0.902505132014576868E-16   -0.416134202457840786E+03    0.306240073692346400E+02    0.192023495599643184E+02
    0.104927864941584346E-15   -0.416440570117578034E+03    0.193674521899490379E+02    0.697904568596281294E+01
    0.109251544462921783E-15   -0.416526329832234012E+03    0.180722621526023488E+02    0.590420336272187551E+01
    0.111926942742875121E-15   -0.416579716613598237E+03    0.308533421742486702E+02    0.694272370258740779E+01
    0.113060494916528746E-15   -0.416604869947972759E+03    0.691866063917766905E+01    0.687276202865124120E+01
    0.118514757686454802E-15   -0.416704098871080646E+03    0.127594337409293352E+02    0.259714193229061934E+02
    0.118696194314445268E-15   -0.416712158370009263E+03    0.195698120510016551E+02    0.580398628896791724E+01
    0.123579412953916960E-15   -0.416797791829139953E+03    0.126978817309214715E+02    0.117171827719510269E+02
    0.133666922872233630E-15   -0.416959726001334673E+03    0.605619681779246299E+01    0.180207251037647396E+02
    0.134431800009173041E-15   -0.416976137905187898E+03    0.786188179630796125E+00    0.247810791022448313E+02
    0.136962004423013127E-15   -0.417018430985330269E+03    0.117966046823019663E+02    0.121793694321060340E+02
    0.142507812422518473E-15   -0.417102817535008853E+03    0.243943078802876983E+02    0.255773311717405640E+02
    0.144826764134085350E-15   -0.417140100486665403E+03    0.255098074234624406E+02    0.259063179633590259E+02
    0.149071933630425644E-15   -0.417202881821541155E+03    0.201548447416117077E+00    0.133997116694905003E+02
    0.171403000275597394E-15   -0.417487058911632744E+03    0.810368626063105002E+00    0.128438567131614256E+02
    0.173674304191629464E-15   -0.417518387350939804E+03    0.259095230899830895E+02    0.247688451164772410E+02
    0.176458769450938351E-15   -0.417555198387041457E+03    0.117367314935659923E+02    0.127733310126065760E+02
    0.195857338506841714E-15   -0.417768796949456373E+03    0.689815317408119899E+01    0.568362379321080535E+01
    0.213474103248111799E-15   -0.417946054948661583E+03    0.577702785322012335E+01    0.559159588874939928E+01
    0.217687246723433167E-15   -0.417990142659838909E+03    0.712720784701863508E+01    0.639270726632034236E+01
    0.258357117314184847E-15   -0.418337709497501635E+03    0.195760232588608787E+02    0.184013999659419518E+02
    0.262681746475187979E-15   -0.418375910310522443E+03    0.259419736938485386E+02    0.253937495945818341E+02
    0.298390686442808923E-15   -0.418635831202941176E+03    0.305874364904300933E+02    0.646116272741395914E+01
    0.298294476951759759E-15   -0.418640186243101084E+03    0.309627093654693262E+02    0.181285931903871287E+02
    0.308455483024552134E-15   -0.418712178953669479E+03    0.552541862653091176E+01    0.310307823521653248E+02
    0.314285336132398861E-15   -0.418754626464712260E+03    0.258421674094399236E+02    0.130364450098585447E+02
    0.319742192803836872E-15   -0.418794053937756530E+03    0.242969354846995529E+02    0.252625294455167406E+02
    0.331998934417395471E-15   -0.418874287409212059E+03    0.308663152386127670E+02    0.693294478955318194E+01
    0.367827938309755247E-15   -0.419084254430338262E+03    0.312935488658048051E+02    0.180146893329043039E+02
    0.367488512749463460E-15   -0.419087408011241280E+03    0.196670478415550214E+02    0.186366627121894837E+02
    0.373982464733202572E-15   -0.419127441711712265E+03    0.132567851312093179E+02    0.246390518144165327E+02
    0.387089045884702643E-15   -0.419201333409137362E+03    0.165233142663872595E+00    0.827061148382608358E+00
    0.415812866712824124E-15   -0.419349494529402534E+03    0.623944028556864971E+01    0.196899492727398453E+02
    0.446229238078278524E-15   -0.419495689503955134E+03    0.550990922936268834E+01    0.310780072778425094E+02
    0.451199589236339148E-15   -0.419522843470167629E+03    0.121109787619942750E+02    0.244203008357851381E+02
    0.453312973745404413E-15   -0.419537189446957143E+03    0.194464382016953543E+02    0.308155318445424058E+02
    0.480855844572984609E-15   -0.419660158942070552E+03    0.253837035607652304E+02    0.243296542552759725E+02
    0.523419626353075033E-15   -0.419834790864965157E+03    0.309898379353691240E+02    0.555582299844422600E+01
    0.522501828809860418E-15   -0.419836280858456519E+03    0.584543677996159872E+01    0.306953312093252215E+02
    0.684216159987697127E-15   -0.420380571672704662E+03    0.307432066364070877E+02    0.193529319685140031E+02
    0.792718882769993261E-15   -0.420679961211335524E+03    0.181051340701348948E+02    0.184681287523775772E+02
    0.159982297469838740E-14   -0.422089320413148130E+03    0.195230746413500249E+02    0.580147890340479133E+01
    0.166925267968822754E-14   -0.422179286506684491E+03    0.672889171883000170E+01    0.181529614326533704E+02
    0.173620156241935535E-14   -0.422262933882291293E+03    0.306825992909618606E+02    0.310370329782259340E+02
    0.181675621778648140E-14   -0.422358639674499045E+03    0.133641415731839928E+02    0.127648894661468386E+02
    0.183632181537315990E-14   -0.422385063563611538E+03    0.181558080660501027E+02    0.309684093692758360E+02
    0.184545822634656046E-14   -0.422399989664164821E+03    0.309981377303457855E+02    0.557173393102549941E+01
    0.187168052978651726E-14   -0.422433207861178914E+03    0.127981136296169957E+02    0.259214092832747127E+02
    0.219699859008763166E-14   -0.422758718751841741E+03    0.259494031022701783E+02    0.250838905978663611E+02
    0.266831280931255155E-14   -0.423152427180626944E+03    0.589187262028822634E+01    0.700310358862857463E+01
    0.276609955125384925E-14   -0.423229410895822639E+03    0.132834978726041992E+02    0.121709581011755645E+02
    0.302039222526488031E-14   -0.423410307846264288E+03    0.306083986080577333E+02    0.187482762619864687E+02
    0.327986732652371548E-14   -0.423580140393220745E+03    0.124740232164207256E+02    0.259400889832215640E+02
    0.357310341733438752E-14   -0.423756403494007202E+03    0.251516405327595827E+02    0.117554850821389909E+02
    0.389846306693157965E-14   -0.423935699228648730E+03    0.619129057717498910E+01    0.708808173610113812E+01
    0.395929321326907105E-14   -0.423971665504203884E+03    0.564300041413885989E+01    0.309115634479566772E+02
    0.417085424908660275E-14   -0.424080776189979304E+03    0.188211068219455058E+02    0.180412029418398348E+02
    0.508747021098615716E-14   -0.424483095839360260E+03    0.703194143001853078E+01    0.597753178358577131E+01
    0.597625695909146136E-14   -0.424810123339356778E+03    0.700866865766598490E+01    0.310621270628144757E+02
    0.599830685797436377E-14   -0.424822488926660526E+03    0.191214867696651005E+02    0.704176861754304717E+01
    0.612946104759505086E-14   -0.424870748099776620E+03    0.601305433078946727E+01    0.196083931886430847E+02
    0.733916404941828528E-14   -0.425235984341356925E+03    0.129669012426861201E+02    0.258308101561276331E+02
    0.733884896212677444E-14   -0.425240898474886706E+03    0.118931976635477561E+02    0.121243517006533654E+02
    0.743216839834284830E-14   -0.425271169768135394E+03    0.243489270020498800E+02    0.249659554547710272E+02
    0.779222220568849476E-14   -0.425370786614707526E+03    0.310327551507248458E+02    0.195559331652821839E+02
    0.832199356861989131E-14   -0.425507338124013586E+03    0.180621240484602303E+02    0.189874758141596374E+02
    0.890043438443010494E-14   -0.425646734614098762E+03    0.191923793333330792E+02    0.555919225826817787E+01
    0.983426393042046431E-14   -0.425851279662909576E+03    0.117744988565725244E+02    0.252195491211758274E+02
    0.118857278536768313E-13   -0.426235211129139032E+03    0.307932227260583815E+02    0.193498417520442594E+02
    0.126371769145132142E-13   -0.426362820485331213E+03    0.550866396378029766E+01    0.610977474706130863E+01
    0.134619567575384255E-13   -0.426494269827318703E+03    0.560278024492621096E+01    0.184364481910365221E+02
    0.138853207233690794E-13   -0.426561198886610327E+03    0.555248679512867138E+01    0.185387077608602056E+02
    0.140274712869921527E-13   -0.426586569731990892E+03    0.196394624309420820E+02    0.188950891307404625E+02
    0.140219550632247226E-13   -0.426590783088617911E+03    0.462458784608784534E+00    0.119186379301318688E+02
    0.147231030361617302E-13   -0.426693370238869420E+03    0.567635571538772510E+01    0.576871409479757347E+01
    0.147168390814447866E-13   -0.426697519156379371E+03    0.253079770679296914E+02    0.133380574443968527E+02
    0.151289426641185816E-13   -0.426757753732437379E+03    0.182377365830762557E+02    0.679091940584562881E+01
    0.151571525058798853E-13   -0.426766479514815160E+03    0.121059873728280341E+02    0.244851102002102756E+02
    0.168603193780000604E-13   -0.426984460239198256E+03    0.632254222201991656E+01    0.549580173713021480E+01
    0.190699920399124642E-13   -0.427235766452922178E+03    0.247216765826597005E+02    0.132417462088042974E+02
    0.203025969833886644E-13   -0.427366032064689136E+03    0.594683449448286794E+01    0.307025763925788269E+02
    0.216810740464966967E-13   -0.427502413880994766E+03    0.194250672511443092E+02    0.183086613840707706E+02
    0.237753977312545896E-13   -0.427691837123048401E+03    0.186986016999976172E+02    0.705249849270178242E+01
    0.272058024255338750E-13   -0.427966394998565363E+03    0.533785603658905594E+00    0.131438534629359971E+02
    0.281324241546566646E-13   -0.428038380039793992E+03    0.251631667895406363E+00    0.118252798341468015E+02
    0.291203480545992282E-13   -0.428112408799888954E+03    0.308253117542720894E+02    0.183320471802168861E+02
    0.300349632199514806E-13   -0.428179258735982842E+03    0.306494009460244357E+02    0.312691954483426571E+02
    0.310454865640920512E-13   -0.428250441323643997E+03    0.253663141973426569E+02    0.258778736154459779E+02
    0.336204033628704846E-13   -0.428414800699754721E+03    0.765613728068889610E+00    0.127085668565017649E+02
    0.392965467198072187E-13   -0.428731807739104852E+03    0.121796704104305356E+02    0.244559365696385171E+02
    0.399886136188305063E-13   -0.428771723956648941E+03    0.132182897754177624E+02    0.247050326582406612E+02
    0.420102538629921091E-13   -0.428875361904688361E+03    0.182307793986055877E+02    0.193234570490938538E+02
    0.422639783058995890E-13   -0.428892404741650239E+03    0.690451706797408260E+01    0.581289625359206852E+01
    0.436845695039313900E-13   -0.428963524326826644E+03    0.657608750541097198E+01    0.556402968515914242E+01
    0.436925171455796187E-13   -0.428968888158672030E+03    0.123942474016626907E+02    0.133220021924408485E+02
    0.465748618270060592E-13   -0.429101656348137965E+03    0.126996910726458179E+02    0.762096162838274527E+00
    0.490849977973121871E-13   -0.429211641337065032E+03    0.753896728107830372E+00    0.123945640124290364E+02
    0.501988183819127398E-13   -0.429261517424949488E+03    0.698338156141298061E+01    0.185176223870030618E+02
    0.512924738579071657E-13   -0.429309622514508249E+03    0.307396749416289943E+02    0.310370063948587216E+02
    0.526250928409938311E-13   -0.429365920560926781E+03    0.231826529899032102E+00    0.118291764474538237E+02
    0.544253896090684593E-13   -0.429438195979999136E+03    0.561393748643033774E+01    0.310263615153127930E+02
    0.563928684225370945E-13   -0.429514219856726129E+03    0.258717614159012790E+02    0.127881657696687352E+02
    0.590614058947634330E-13   -0.429611689809624522E+03    0.195902623732509191E+02    0.312027462074729272E+02
    0.634183906249361730E-13   -0.429759042233183322E+03    0.131174209138147368E+02    0.542410968794993509E+00
    0.664551985951982998E-13   -0.429857590479096018E+03    0.121005738884916010E+02    0.119505750725281548E+02
    0.666203263916383038E-13   -0.429867553912641199E+03    0.196150921386668067E+02    0.313589208094509289E+02
    0.761217031262590033E-13   -0.430139201281337876E+03    0.692622033614516019E+00    0.128993158310320801E+02
    0.795792007942590795E-13   -0.430233039972829772E+03    0.256662177558427729E+02    0.256875661704247733E+02
    0.807481738303010724E-13   -0.430267205142010766E+03    0.306776444837107185E+02    0.648694511962465459E+01
    0.825609979659434491E-13   -0.430316609227377910E+03    0.636491967954584048E+01    0.180894459709143440E+02
    0.906553997988793287E-13   -0.430508665454489972E+03    0.250484920956925308E+02    0.133248074331800836E+02
    0.944503567596086710E-13   -0.430595683190871739E+03    0.309864065008346685E+02    0.564853893331834023E+01
    0.982007545544137324E-13   -0.430678562246894785E+03    0.127929965597823809E+02    0.118376578470375904E+02
    0.114843586319244023E-12   -0.430996676615723572E+03    0.122204656311507787E+02    0.132457368671662703E+02
    0.125106209072226392E-12   -0.431172860546751394E+03    0.251841119952140815E+02    0.133227224695182862E+02
    0.126779172842611478E-12   -0.431204428001490783E+03    0.123995335880194659E+02    0.243926894061706641E+02
    0.129153758392942575E-12   -0.431246541688744173E+03    0.428068765916500449E+00    0.131961580530853340E+02
    0.134307822947843172E-12   -0.431329803151787019E+03    0.132155879584498503E+02    0.121702462152313711E+02
    0.138126395843090952E-12   -0.431390872804270543E+03    0.313459711680128947E+02    0.552986379621627311E+01
    0.149251306830732102E-12   -0.431550797464964376E+03    0.750069266563921588E+00    0.903118669152845888E-01
    0.167307085249546829E-12   -0.431784196363848309E+03    0.454698856468336132E+00    0.131725210657377474E+02
    0.168280385114133876E-12   -0.431800797543028978E+03    0.126260348069005648E+02    0.258838757285941661E+02
    0.174567676651155500E-12   -0.431879159445059827E+03    0.662852204415557633E+01    0.561087563029561220E+01
    0.184182840093142281E-12   -0.431991392369282266E+03    0.188898910315350896E+02    0.703413515292875413E+01
    0.211111896047828506E-12   -0.432269311060391374E+03    0.132491238150357500E+02    0.128828575369802252E+02
    0.216303633448318430E-12   -0.432322900710540125E+03    0.458363644805126980E+00    0.119680200634500071E+02
    0.230791916900824984E-12   -0.432457567472380333E+03    0.310718866569870791E+02    0.561506937895513847E+01
    0.237590209133791902E-12   -0.432520629207106083E+03    0.250083134304165604E+02    0.118282479168978050E+02
    0.242888387606427526E-12   -0.432569738503653241E+03    0.649830077683483953E+01    0.556570222286814342E+01
    0.257203017740211371E-12   -0.432689265899213297E+03    0.259991640422555348E+00    0.118642782676136225E+02
    0.285395672056873057E-12   -0.432902287529417720E+03    0.669549941204635068E+01    0.565792439150361215E+01
    0.296515093956547340E-12   -0.432983730697019496E+03    0.245152808428684388E+02    0.247097262122795627E+02
    0.295822066799378645E-12   -0.432984050744321621E+03    0.698884444702281016E+01    0.311730844240813312E+02
    0.299049306254629643E-12   -0.433010751375840300E+03    0.194079391985341729E+02    0.309170311543625473E+02
    0.321118146259670762E-12   -0.433158152673120753E+03    0.251534799257368782E+02    0.243896954214028874E+02
    0.326809851033148648E-12   -0.433198291461429619E+03    0.187051832647596612E+02    0.701268642595897251E+01
    0.343134129130901439E-12   -0.433300777284037679E+03    0.641332946173450580E+01    0.701446577991556186E+01
    0.346904916068150276E-12   -0.433327635899131280E+03    0.129863198349107378E+02    0.257491236839556024E+02
    0.348471961363128399E-12   -0.433341649992055579E+03    0.425776057485024034E-01    0.740786620708594024E+00
    0.360274736011973615E-12   -0.433413268240493608E+03    0.195453430775888357E+02    0.311544603715618784E+02
    0.405384821759175874E-12   -0.433654208034840167E+03    0.632322001405255119E+01    0.306773444367072230E+02
    0.422659875866991877E-12   -0.433742670007804463E+03    0.655940232025274739E+01    0.181619575959831181E+02
    0.422612206277348977E-12   -0.433747444425577385E+03    0.243940470061753594E+02    0.125477278900535829E+02
    0.428490411251692479E-12   -0.433780071169149608E+03    0.195548534201489872E+02    0.605891000794323720E+01
    0.458038999511895749E-12   -0.433918443113049307E+03    0.310878867175807621E+02    0.694687558424241924E+01
    0.470489816793273811E-12   -0.433977083079363581E+03    0.118678116612774396E+02    0.128068894906267943E+02
    0.471134946856667389E-12   -0.433984823577231680E+03    0.128464868471479630E+02    0.244486379091044697E+02
    0.520471022820772470E-12   -0.434189002877908422E+03    0.191669592734184562E+02    0.561675141983674475E+01
    0.519395280004102208E-12   -0.434189864872099406E+03    0.256031425089072115E+02    0.257036121631975654E+02
    0.542462846479663426E-12   -0.434281773643161159E+03    0.310236421142008574E+02    0.307904132172392551E+02
    0.551377475162665164E-12   -0.434319373743502183E+03    0.183032378123145989E+02    0.678060008558328153E+01
    0.576085246039627255E-12   -0.434412045741210079E+03    0.129366375681377477E+02    0.119290036667102530E+02
    0.598229195222546589E-12   -0.434492482348775013E+03    0.250399180327297195E+02    0.118386827409851705E+02
    0.603478848115326239E-12   -0.434514956430991788E+03    0.307282900293301857E+02    0.654269961053319093E+01
    0.633015612717711124E-12   -0.434615524621487850E+03    0.181780854149858229E+02    0.191477181417538276E+02
    0.654167284435396479E-12   -0.434686260659221603E+03    0.129114954235276862E+02    0.244841085811454597E+02
    0.667964528477081675E-12   -0.434733004590614996E+03    0.677175637141132380E+01    0.683316240442199963E+01
    0.723671240395061354E-12   -0.434898208851334914E+03    0.122417006599085614E+02    0.657036680343619839E+00
    0.740328468782752759E-12   -0.434948722377421007E+03    0.181308148030595575E+02    0.189794323583124829E+02
    0.764985563937343664E-12   -0.435019248374482686E+03    0.181809573849241666E+02    0.598613611557311565E+01
    0.928547020504220072E-12   -0.435411776490270199E+03    0.191744526474704564E+02    0.693574746764416883E+01
    0.106296210498029609E-11   -0.435687163905689317E+03    0.246412796914224614E+02    0.131038768955586526E+02
    0.110320378011390473E-11   -0.435766481954470805E+03    0.132791191274919811E+02    0.252607912723417556E+02
    0.110223799116397977E-11   -0.435769730307205805E+03    0.306958142827856193E+02    0.621009330486905409E+01
    0.129219208379556307E-11   -0.436092725138446724E+03    0.255717172297045181E+02    0.245558481738329064E+02
    0.132224067216079606E-11   -0.436143700559328181E+03    0.125770024046287112E+02    0.720725457604474373E+00
    0.140879752303810833E-11   -0.436275518046473053E+03    0.621732925877111597E+01    0.181326507680394506E+02
    0.145898207458083137E-11   -0.436350522973221587E+03    0.184133621731160559E+02    0.685966388331710331E+01
    0.150434107205465828E-11   -0.436416754959389834E+03    0.192725958229252718E+02    0.308304847646429785E+02
    0.150672947427353073E-11   -0.436424927788034097E+03    0.581372086624753681E+01    0.573395810967034869E+01
    0.158687275788146175E-11   -0.436533575527613095E+03    0.256983856010634710E+02    0.246847363626967855E+02
    0.161086947566257357E-11   -0.436568593166927997E+03    0.184182608494316717E+02    0.194275587040522488E+02
    0.161082661747661561E-11   -0.436573539954974137E+03    0.650348555776395809E+01    0.307316733918662344E+02
    0.163602780853660973E-11   -0.436609587478328478E+03    0.656880074657949509E+00    0.293356515877383039E+00
    0.167016230165954175E-11   -0.436655886623147921E+03    0.603016206326077064E+01    0.307433698120007008E+02
    0.191226503486377645E-11   -0.436931621849657006E+03    0.698780711341706429E+01    0.189721277836739546E+02
    0.192145588257205234E-11   -0.436946211348229269E+03    0.130940856135265555E+02    0.130540300738332071E+02
    0.207183488346504413E-11   -0.437101914270039174E+03    0.557014951400920300E+01    0.188745531774408128E+02
    0.230103662027517315E-11   -0.437316764458221940E+03    0.123511554020869578E+02    0.258125504886930983E+02
    0.230244079357195330E-11   -0.437322984556173196E+03    0.132190855979631756E+02    0.248436987877612729E+02
    0.240844212940444131E-11   -0.437418005244788731E+03    0.124030842887940711E+02    0.258255334730131700E+02
    0.263634261167047390E-11   -0.437603830171035668E+03    0.120819825371899885E+02    0.246090182026599820E+02
    0.315108093210880802E-11   -0.437965536100538998E+03    0.666485542912551132E+01    0.182510106591037875E+02
    0.316431430487583463E-11   -0.437978917772082127E+03    0.562832557625448970E+01    0.185790144923012832E+02
    0.353455532583068882E-11   -0.438205220005673993E+03    0.682421362137143284E+01    0.309583739906031745E+02
    0.374773344114252354E-11   -0.438327347489598651E+03    0.308020869529271692E+02    0.191997895445383335E+02
    0.376496624330403930E-11   -0.438341522797069842E+03    0.122405851945156812E+02    0.626730057458551926E+00
    0.385155202446705985E-11   -0.438391997387101412E+03    0.307513779327481984E+02    0.604802986792755970E+01
    0.406954703136570539E-11   -0.438507108404002395E+03    0.120712487524868273E+02    0.130700476731684532E+02
    0.447944732905027486E-11   -0.438704044356021541E+03    0.128020800345323504E+02    0.257945120692714340E+02
    0.462602325057415500E-11   -0.438773440186212383E+03    0.194206906830198669E+02    0.184382937511631191E+02
    0.492542403581320883E-11   -0.438903865745610403E+03    0.130832385727811271E+02    0.130430432575194075E+02
    0.533190060014644598E-11   -0.439067460526509478E+03    0.585326220954355669E+01    0.182951009133913089E+02
    0.553238814671555554E-11   -0.439146284156980016E+03    0.246307415327751684E+02    0.130559516623107914E+02
    0.563807138809078590E-11   -0.439189129115619721E+03    0.563781006965118525E+01    0.311472886316093458E+02
    0.583511666780464623E-11   -0.439262833526532290E+03    0.575426861352427821E+01    0.582433876155328978E+01
    0.592085936623748263E-11   -0.439297008209643423E+03    0.312821476801572267E+02    0.181656131242893863E+02
    0.616933443238620513E-11   -0.439384226927539032E+03    0.181539708545751282E+02    0.626950222158334380E+01
    0.659650812246444813E-11   -0.439523125879830957E+03    0.311419353214640751E+02    0.307756019090641644E+02
    0.737631964826427580E-11   -0.439751594649643778E+03    0.579007503065291917E+01    0.677490424021128312E+01
    0.791827733070993581E-11   -0.439898392353328575E+03    0.308218093015243007E+02    0.310563968252968934E+02
    0.828853677028834278E-11   -0.439994791902839950E+03    0.697380971001879146E+01    0.188697169150137398E+02
    0.886203567911186191E-11   -0.440133598004186581E+03    0.251173231534000188E+02    0.244430964815181433E+02
    0.984840326851177480E-11   -0.440349663681138281E+03    0.309085392357567699E+02    0.183796460719560031E+02
    0.986549819635658574E-11   -0.440358132285698389E+03    0.250397794066549793E+02    0.118843988310590500E+02
    0.107249348269386811E-10   -0.440530187782596840E+03    0.258155561014319304E+02    0.252068598489230595E+02
    0.109567189777303103E-10   -0.440577950753202174E+03    0.183992654316935536E+02    0.576080616051407102E+01
    0.114145134318258471E-10   -0.440664816313971187E+03    0.568659255390360396E+01    0.310729370734636525E+02
    0.118056733189850786E-10   -0.440737205417837799E+03    0.119319032097013640E+02    0.262763887267299101E+00
    0.118169096974324659E-10   -0.440744108068244316E+03    0.194410350603517088E+02    0.663382658176606199E+01
    0.127227934769901692E-10   -0.440896835300033274E+03    0.207974603200435343E+00    0.132189152010783655E+02
    0.129886178722002130E-10   -0.440943191857796194E+03    0.123010408112130758E+02    0.245010962144143889E+02
    0.136509933396891623E-10   -0.441047669588733470E+03    0.185335947289784464E+02    0.308083554590302029E+02
    0.149437311653950389E-10   -0.441233628790204250E+03    0.696321735701324140E+01    0.188112296928675029E+02
    0.151875636284505028E-10   -0.441270998827729443E+03    0.255166404089029193E+02    0.131320838419726140E+02
    0.152899706819230620E-10   -0.441289439211433660E+03    0.492549334003753392E+00    0.130409572643254172E+02
    0.160544637469036162E-10   -0.441392018858452388E+03    0.257930827601249995E+02    0.127309095088241460E+02
    0.176994465742869014E-10   -0.441592111750693277E+03    0.194413318759989764E+02    0.191858353682749154E+02
    0.179068756215489262E-10   -0.441620414510550063E+03    0.664213214991369583E+01    0.194278507572856647E+02
    0.179655583320975371E-10   -0.441631958004417413E+03    0.118884988749609057E+02    0.125625938681656901E+02
    0.180800195115990227E-10   -0.441649659874779843E+03    0.562659123502561620E+01    0.186784550018758821E+02
    0.181163154431326095E-10   -0.441658670882385366E+03    0.257984494754307647E+02    0.124371923666398914E+02
    0.192369654586268031E-10   -0.441783712431195852E+03    0.195057562297094655E+02    0.645140847175579779E+01
    0.202245514688903022E-10   -0.441888839577760507E+03    0.565177813801842444E+01    0.190946444944223899E+02
    0.204016885529981089E-10   -0.441911280345751322E+03    0.693338113684377877E+01    0.190365737983152705E+02
    0.204173663563506878E-10   -0.441917816667859540E+03    0.530222333943768942E+00    0.423698030116536672E+00
    0.204880620520746427E-10   -0.441929729761682268E+03    0.641432642364995864E+01    0.562006744726075791E+01
    0.212889260063613472E-10   -0.442011419069915974E+03    0.182381462722146779E+02    0.599297322079534478E+01
    0.216442224860678392E-10   -0.442049522124628595E+03    0.692323450163129994E+01    0.190662098919996268E+02
    0.233209765768672010E-10   -0.442203751482149471E+03    0.126575262478063557E+02    0.132336891569039246E+02
    0.235664315053141385E-10   -0.442229691617743299E+03    0.132274434447854219E+02    0.250038077869035540E+02
    0.239812086647686626E-10   -0.442269586109217698E+03    0.246458394572980346E+02    0.246638038951913892E+02
    0.244742556824862615E-10   -0.442315288559721239E+03    0.308572622918562267E+02    0.590402323699587850E+01
    0.248821061023049516E-10   -0.442353342835895319E+03    0.126275558498745113E+02    0.118969781431228512E+02
    0.249284437911086951E-10   -0.442362063951383504E+03    0.250669313873285766E+02    0.244638419867146482E+02
    0.248951093262169888E-10   -0.442364387749645175E+03    0.256239888344954920E+02    0.246694990344326435E+02
    0.254485108237595351E-10   -0.442413359461456935E+03    0.258009132905202740E+02    0.126353810542833571E+02
    0.257833180150616306E-10   -0.442444500394961324E+03    0.628206729619071069E+01    0.695452630356167578E+01
    0.299991906654575656E-10   -0.442752385813450644E+03    0.183045189834163438E+02    0.667579188944666146E+01
    0.311554672994514464E-10   -0.442833024496617611E+03    0.297902078621140987E+00    0.600355199863289002E+00
    0.312642510754039578E-10   -0.442844995619776739E+03    0.188135033274167682E+02    0.195167181798245082E+02
    0.323128302697713484E-10   -0.442915973753152684E+03    0.193615491074143513E+02    0.184164523838675116E+02
    0.357993117712084523E-10   -0.443125902344398185E+03    0.119658198760655985E+02    0.128583163053801375E+02
    0.365501662162940151E-10   -0.443172416474143972E+03    0.589870785125391617E+01    0.193960838809650049E+02
    0.406243996032928487E-10   -0.443388782729579873E+03    0.193982356711401103E+02    0.590499064505284554E+01
    0.410703345385216098E-10   -0.443415617153498999E+03    0.248238963416489291E+02    0.245431877054941729E+02
    0.431404376736654933E-10   -0.443518966579160804E+03    0.183009122048907784E+02    0.665951685874811172E+01
    0.440973722894944767E-10   -0.443567845397300857E+03    0.132269548055365007E+02    0.251800496021911471E+02
    0.526930078008786328E-10   -0.443929010541379114E+03    0.310580888234984656E+02    0.572649523968514806E+01
    0.530025902168718030E-10   -0.443945726575239007E+03    0.184050832925829049E+02    0.193403496595389406E+02
    0.539327626470944748E-10   -0.443985521275636756E+03    0.123241544818580167E+02    0.614164911803657176E+00
    0.569714595594561694E-10   -0.444100145872399196E+03    0.254431953482901498E+02    0.245503905159336355E+02
    0.623033623537549781E-10   -0.444284075795894864E+03    0.308007809903557366E+02    0.186169684546472851E+02
    0.632164043145391319E-10   -0.444318172665313000E+03    0.181974500526089678E+02    0.189227933924705347E+02
    0.652886666098795229E-10   -0.444387681931314205E+03    0.131705320137919379E+02    0.253909965960799688E+02
    0.662078140422590563E-10   -0.444420641992228866E+03    0.635341865982412735E+01    0.563160993444398539E+01
    0.665718553877387414E-10   -0.444436608799397447E+03    0.123095281991579188E+02    0.257370499177336320E+02
    0.797508042934650388E-10   -0.444802858660087509E+03    0.132122146895407298E+02    0.124749440310518196E+02
    0.822313391872737560E-10   -0.444869117975935126E+03    0.130327055015461859E+02    0.459179500168574728E+00
    0.823271139992911479E-10   -0.444876446019763364E+03    0.690305202090355241E+01    0.648687602230662996E+01
    0.907483399831364836E-10   -0.445076225368051894E+03    0.253264870785969869E+02    0.245115248447518113E+02
    0.940300830418598368E-10   -0.445152274533351829E+03    0.194873901429904102E+02    0.616032675392075824E+01
    0.948631338141358855E-10   -0.445174915318702119E+03    0.121589725341848585E+02    0.508722753285157925E+00
    0.104076229706911439E-09   -0.445365292223680854E+03    0.257048847254216177E+02    0.254399200160143444E+02
    0.109235237528963674E-09   -0.445467052404995059E+03    0.691618193254950597E+01    0.187156285486812486E+02
    0.127021241960211731E-09   -0.445773753670493250E+03    0.679131593972407011E+01    0.588320549358716693E+01
    0.140541854204953369E-09   -0.445981055684708622E+03    0.128214683120539572E+02    0.131573994820791675E+02
    0.141016955403260269E-09   -0.445992805274961370E+03    0.564747548042608738E+01    0.189418484724219702E+02
    0.141640757588841501E-09   -0.446006632958334592E+03    0.635012238867167955E+00    0.124700342040500978E+02
    0.141909952066064281E-09   -0.446015430438629039E+03    0.691995517128148308E+01    0.189324440162093808E+02
    0.157206556498538416E-09   -0.446225166180752922E+03    0.248325302070907306E+02    0.257003374112084266E+02
    0.169533865414624343E-09   -0.446381150412131149E+03    0.307802441980718129E+02    0.621815132065841247E+01
    0.170108601221370083E-09   -0.446392919134087720E+03    0.190323919532898529E+02    0.194624802291786203E+02
    0.172776458607273103E-09   -0.446429042230845312E+03    0.539801501906386538E+00    0.129116117800899737E+02
    0.182444634041015226E-09   -0.446542938510244824E+03    0.125514110743388638E+02    0.119290148457857725E+02
    0.189287830462761335E-09   -0.446621582544701766E+03    0.480668457781739888E+00    0.121444683126856514E+02
    0.196049279491783368E-09   -0.446696777113703774E+03    0.119886178959968461E+02    0.128366153244431302E+02
    0.219006470087889070E-09   -0.446923247552811063E+03    0.452729807906336434E+00    0.130145239004713353E+02
    0.224209802827643468E-09   -0.446975209473023654E+03    0.126854256496392672E+02    0.131893323463472480E+02
    0.224510894174652202E-09   -0.446982893471281045E+03    0.331854574887108719E-01    0.119334036710294988E+02
    0.229192434701000370E-09   -0.447029168960256470E+03    0.565000269056899906E+01    0.188321064242941851E+02
    0.233302419082390283E-09   -0.447069716102391965E+03    0.128522779577160993E+02    0.119995910461695097E+02
    0.241197658829863247E-09   -0.447141278523414428E+03    0.189201377615054334E+02    0.691182999438890544E+01
    0.240731399212531591E-09   -0.447142408578201298E+03    0.128306024898656847E+02    0.576303328913992718E+00
    0.246283857859716778E-09   -0.447193014535384975E+03    0.190281133130935700E+02    0.194566460718644230E+02
    0.247747649568898252E-09   -0.447209866378603692E+03    0.248229115270099356E+02    0.245798015625309958E+02
    0.261418857301232522E-09   -0.447322292882941611E+03    0.308595367066039756E+02    0.658461164465936477E+01
    0.261722568484767891E-09   -0.447329615094127178E+03    0.148430064257076416E+00    0.131800920345936579E+02
    0.274331093084697299E-09   -0.447428716498130655E+03    0.680079858661603964E+01    0.184862811080389129E+02
    0.303056035008567061E-09   -0.447632880451355959E+03    0.194696883633626143E+02    0.638570814719924318E+01
    0.309133372063608849E-09   -0.447677590623642004E+03    0.311691080668451157E+02    0.570435070187559568E+01
    0.314696758122810535E-09   -0.447718264011555789E+03    0.131938009602675415E+02    0.125788967002683787E+02
    0.336371267555603606E-09   -0.447856476032298360E+03    0.645175726417633388E+01    0.567920519829863846E+01
    0.349657663256080758E-09   -0.447938954148178254E+03    0.119940559294076650E+02    0.123100184153947314E+02
    0.351812498254588026E-09   -0.447956241723016376E+03    0.580314658630577807E+01    0.192545282993378848E+02
    0.446243517289884602E-09   -0.448436774618303957E+03    0.121002799671750765E+02    0.255474904913862275E+02
    0.447686091613386561E-09   -0.448448229603400648E+03    0.129927746030752527E+02    0.130217189787268683E+02
    0.452514222762888818E-09   -0.448474683394822705E+03    0.123320439543928337E+02    0.119898821455599407E+02
    0.453187365220970610E-09   -0.448482656305949092E+03    0.131694304892000247E+02    0.150470818639626747E+00
    0.501736629770408108E-09   -0.448691195686745061E+03    0.129273086797389638E+02    0.505885830442107332E+00
    0.509644348727373168E-09   -0.448727471260523146E+03    0.124088895480623886E+02    0.257318729113212044E+02
    0.546746803838621601E-09   -0.448873016634078795E+03    0.186196908111785859E+02    0.570865901538899756E+01
    0.556638728770533829E-09   -0.448913877861782055E+03    0.583552519879417808E+01    0.671179552906757859E+01
    0.573131795654138149E-09   -0.448977276406758563E+03    0.309413838857676389E+02    0.588552125372733848E+01
    0.602424204774395887E-09   -0.449081968718983944E+03    0.182954099053137931E+02    0.191216789058179231E+02
    0.636333295900121823E-09   -0.449196489958952668E+03    0.679231616507241043E+01    0.191980140189053650E+02
    0.642078614520994651E-09   -0.449219466503926640E+03    0.568910734810285135E+01    0.612324559123218570E+01
    0.655703754418274789E-09   -0.449266463192630852E+03    0.184338897207470218E+02    0.309604291260641276E+02
    0.666301509893531898E-09   -0.449303529577795416E+03    0.119972564569870475E+02    0.123330428716292655E+02
    0.665414579508072291E-09   -0.449305865554964555E+03    0.187330050025037558E+02    0.308128848974698180E+02
    0.753849681099473952E-09   -0.449560430978881641E+03    0.308707049432325853E+02    0.656391306639741234E+01
    0.767195236345444389E-09   -0.449600527635304104E+03    0.131181397557270980E+02    0.128329164086796847E+02
    0.791845962209890456E-09   -0.449668778767968604E+03    0.189507111589375263E+02    0.308134047557599118E+02
    0.792158230801414512E-09   -0.449674567322940675E+03    0.308059280089627379E+02    0.188209388540977223E+02
    0.796726631371764563E-09   -0.449691068252348600E+03    0.313812566093046357E+02    0.182400061775728481E+02
    0.803257842575919909E-09   -0.449712396529497823E+03    0.644217747420586218E+01    0.182596857446640470E+02
    0.852347986232962931E-09   -0.449836034762466966E+03    0.189247840126170530E+02    0.194542728096350963E+02
    0.850784812569002700E-09   -0.449837363471293429E+03    0.188868157618149759E+02    0.567506622137334027E+01
    0.857664438875668238E-09   -0.449858470858706482E+03    0.182409843383724599E+02    0.625894246927284836E+01
    0.865143597385788197E-09   -0.449880836009875225E+03    0.130673473364591075E+02    0.247830470308553785E+02
    0.901958767000795048E-09   -0.449969182618806940E+03    0.121291875314824313E+02    0.247066804298663278E+02
    0.104085684639328541E-08   -0.450260644093863220E+03    0.183231705542593808E+02    0.598038517317920437E+01
    0.107217337257160604E-08   -0.450324931119888902E+03    0.253547320071692504E+02    0.120024663418119655E+02
    0.112523543056000897E-08   -0.450426540135196660E+03    0.255372665539106656E+02    0.246810447960326336E+02
    0.121427577530147070E-08   -0.450583851223177817E+03    0.402353924899867599E+00    0.451747855058396153E+00
    0.121941716949704081E-08   -0.450597301593805412E+03    0.312033712894152124E+02    0.182846837979692367E+02
    0.136017315352715235E-08   -0.450820779585281741E+03    0.656322103970635684E+01    0.681621384577545442E+01
    0.139533859457677170E-08   -0.450876829776351144E+03    0.131576996313589039E+02    0.124628384061165232E+02
    0.141517965458116773E-08   -0.450910068539263023E+03    0.668921573449058116E+01    0.192940681349050500E+02
    0.144591849249022517E-08   -0.450958045073605376E+03    0.119685865656605497E+02    0.438398226689632117E-01
    0.145728324838099843E-08   -0.450978703391498527E+03    0.184996023169313055E+02    0.579433327399446974E+01
    0.147294476332895962E-08   -0.451005082839134843E+03    0.580931228228651886E+01    0.665295253980454326E+01
    0.153047852604763192E-08   -0.451086716461708704E+03    0.252260791619086469E+02    0.245416541938316541E+02
    0.157935458962424463E-08   -0.451154588116465561E+03    0.246442253056661080E+02    0.129140619305726130E+02
    0.167732680793159755E-08   -0.451279958245213777E+03    0.124018785486813155E+02    0.245587425827048023E+02
    0.183492834747221947E-08   -0.451464566430544664E+03    0.570548941464152026E+01    0.642694600241379188E+01
    0.189915013012349224E-08   -0.451538368536792404E+03    0.194338383524441198E+02    0.189590736603741128E+02
    0.205615038016943121E-08   -0.451702226538502430E+03    0.119759217291193014E+02    0.126187688735950161E+02
    0.225504685857098723E-08   -0.451891897069640265E+03    0.125510408537066773E+02    0.590806151958237491E+00
    0.230320666198944419E-08   -0.451939160270063439E+03    0.122262725649830344E+02    0.256179149569858815E+02
    0.235919438611645766E-08   -0.451992195962345022E+03    0.257211637464770710E+02    0.250876561413307577E+02
    0.247282102929292021E-08   -0.452091274796540404E+03    0.150738826187078123E+00    0.119962307001845527E+02
    0.264374530980727983E-08   -0.452229948743939929E+03    0.129617451695566519E+02    0.130044157309163317E+02
    0.288554839578398670E-08   -0.452409985498634342E+03    0.185311187349091639E+02    0.677760940539429946E+01
    0.303054974659841905E-08   -0.452513043639624414E+03    0.188755845522577879E+02    0.308310945982094502E+02
    0.305778744677131892E-08   -0.452535938760098702E+03    0.682375372110199496E+01    0.605627022101486556E+01
    0.309090546869373903E-08   -0.452562483724302353E+03    0.122454354735805477E+02    0.256239084558103656E+02
    0.308701967661984738E-08   -0.452564967803506988E+03    0.193392776118775416E+02    0.191726766113095479E+02
    0.326037562595415875E-08   -0.452679240387307118E+03    0.308616906507737703E+02    0.186634427115283721E+02
    0.334666539422858237E-08   -0.452736484455224172E+03    0.255341058847383842E+02    0.247065064711527711E+02
    0.336973251410597600E-08   -0.452755222301545018E+03    0.127001639354026423E+02    0.131344389478218702E+02
    0.360984463133937515E-08   -0.452897885030471457E+03    0.125945017814580069E+02    0.257139786141443132E+02
    0.362544459359618076E-08   -0.452911509419045444E+03    0.251409473610681147E+02    0.245510230638426989E+02
    0.369374233911298713E-08   -0.452953835820767949E+03    0.186214053967151614E+02    0.183136332233549588E+02
    0.370802493616762617E-08   -0.452966554309745106E+03    0.194111404225256159E+02    0.613115964492456644E+01
    0.393995707782533961E-08   -0.453092895223049595E+03    0.432097937616083394E+00    0.129565147537541154E+02
    0.395004428333226502E-08   -0.453103009144095324E+03    0.310131592815741186E+02    0.184293038434331571E+02
    0.442801528087963818E-08   -0.453336458496068474E+03    0.313070838006099663E+02    0.182817239961012454E+02
    0.460415947861186532E-08   -0.453419475823258892E+03    0.120437278097785025E+02    0.128140177812320974E+02
    0.471927152278799005E-08   -0.453473864463041934E+03    0.251311079258827164E+02    0.119897403779742735E+02
    0.492565191209146277E-08   -0.453564468832057685E+03    0.194251634751918765E+02    0.629829562940491261E+01
    0.499303574435345446E-08   -0.453596643745226572E+03    0.126909545220625617E+02    0.131285943305473971E+02
    0.515042514950547304E-08   -0.453663714093595274E+03    0.189096681236763224E+02    0.182777330925265140E+02
    0.520518684132425358E-08   -0.453689866760315908E+03    0.312017023541815930E+00    0.130509114081676501E+02
    0.536346363223548191E-08   -0.453754775497313119E+03    0.248885008916965091E+02    0.256535433553342216E+02
    0.552964369268888670E-08   -0.453820802327967726E+03    0.190090750379130142E+02    0.573179080810194641E+01
    0.563244573292761690E-08   -0.453862643081743556E+03    0.500669726680142091E+00    0.281760105684978390E+00
    0.566837709921987369E-08   -0.453880361266218699E+03    0.670233520983491982E+01    0.588974385169815662E+01
    0.577804615702457030E-08   -0.453923686745295925E+03    0.183042903221898570E+02    0.610652526736803125E+01
    0.585643401791008799E-08   -0.453955637342440355E+03    0.130530700276407394E+02    0.254366572497485173E+02
    0.588609709722207364E-08   -0.453970741856405084E+03    0.192591866918198490E+00    0.539500931267647865E+00
    0.593499144424359019E-08   -0.453992286737422774E+03    0.613831796753108883E+01    0.194032462949574054E+02
    0.605768621090567785E-08   -0.454038211392034611E+03    0.184372132637692552E+02    0.668164531768970615E+01
    0.667995226692520615E-08   -0.454238777248160829E+03    0.576371794488477818E+01    0.311796407989853108E+02
    0.744843893041438643E-08   -0.454461564506241189E+03    0.130626913246821665E+02    0.278069855720057546E+00
    0.759705681698510671E-08   -0.454506077387183382E+03    0.123003405244866162E+02    0.502309862469255908E+00
    0.785143926376823818E-08   -0.454576949285837600E+03    0.573072299909563210E+01    0.189761978670445153E+02
    0.793797350012897350E-08   -0.454603871596452962E+03    0.187667545401819389E+02    0.308556742616062216E+02
    0.798910415012213542E-08   -0.454621712828665864E+03    0.660292844816955071E+01    0.581412360401508721E+01
    0.814006998442733855E-08   -0.454664153119600485E+03    0.308536926067827721E+02    0.187869564010606034E+02
    0.820475943469408149E-08   -0.454684984373969428E+03    0.572295235972894289E+01    0.189270076539478183E+02
    0.825812286838043349E-08   -0.454702950176579350E+03    0.120035185876248285E+02    0.251855030068775037E+02
    0.881010460237861185E-08   -0.454837354190493159E+03    0.120095137286538769E+02    0.252233919736352448E+02
    0.885468344941934210E-08   -0.454852448609185274E+03    0.313268110546740139E+02    0.308589712554179023E+02
    0.911988710259700833E-08   -0.454916470414271373E+03    0.121571284619203652E+02    0.121766128874139969E+02
    0.100612258433086415E-07   -0.455117933585373919E+03    0.126470309097122673E+02    0.555693874113927677E+00
    0.101014422233790764E-07   -0.455130911980548603E+03    0.675077609155287028E+01    0.596989111948319895E+01
    0.106750150551036484E-07   -0.455246367503310239E+03    0.121771654856319387E+02    0.405443492438910313E+00
    0.112735685892686124E-07   -0.455360477410336046E+03    0.308720986553225032E+02    0.187181986467361057E+02
    0.114993917263985677E-07   -0.455405143845681835E+03    0.631252359082919501E+01    0.308580135565503184E+02
    0.115438995080839617E-07   -0.455417869797080073E+03    0.311201420145403418E+02    0.183740142136751778E+02
    0.116310806696560713E-07   -0.455437917330611299E+03    0.189819206390442226E+02    0.308730897148277776E+02
    0.116476466124232628E-07   -0.455445763868630820E+03    0.310502018593303255E+02    0.670737704761418563E+01
    0.119716967972396740E-07   -0.455505646091812707E+03    0.255517270865547168E+02    0.255035768971202188E+02
    0.122920306563598551E-07   -0.455563457841003014E+03    0.188781539107651994E+02    0.572673212362724549E+01
    0.124897463853968243E-07   -0.455600371601492043E+03    0.120606733728779538E+02    0.235599659971101993E+00
    0.124786991041668186E-07   -0.455603601802574303E+03    0.676697347172726538E+01    0.185712001993108693E+02
    0.128182457957592121E-07   -0.455662294781906212E+03    0.475144616080435345E+00    0.291967722648092232E+00
    0.129653874739327696E-07   -0.455690122173842269E+03    0.122262868103241811E+02    0.121244002735886056E+02
    0.131587045068510678E-07   -0.455724722523100183E+03    0.188535863661772431E+02    0.683881292252285888E+01
    0.132380174888277527E-07   -0.455741741170062255E+03    0.192225119839834946E+02    0.310018490863400054E+02
    0.143068452259376433E-07   -0.455902031784174994E+03    0.683678730041458493E+01    0.626303873181837290E+01
    0.147687701405175870E-07   -0.455970585215809422E+03    0.128964810178924942E+02    0.121202850189357392E+02
    0.148225541531258948E-07   -0.455982855464521492E+03    0.121177797112376435E+02    0.254592108753817570E+02
    0.157264479455842694E-07   -0.456106243319570353E+03    0.123374849239582307E+02    0.256361738975533591E+02
    0.170199575838750959E-07   -0.456269328826470257E+03    0.125759456375116336E+02    0.550377681586676548E+00
    0.174816333374573301E-07   -0.456327857176894668E+03    0.191370397506095777E+02    0.193199536150630280E+02
    0.183836075932566930E-07   -0.456433474316183037E+03    0.252374829423883753E+02    0.120273209452519225E+02
    0.189018188871146234E-07   -0.456494071874151587E+03    0.191281821372497269E+02    0.580940470467246151E+01
    0.189884843957713732E-07   -0.456508220986434367E+03    0.193493445330317186E+02    0.190771237575878239E+02
    0.198047684184941405E-07   -0.456597401040299872E+03    0.185471837364642838E+02    0.183915910992831506E+02
    0.211731899846292916E-07   -0.456736027080455528E+03    0.183070522179430704E+02    0.634549927612932763E+01
    0.213480474012902981E-07   -0.456757476122210960E+03    0.586928730099066698E+01    0.310575931116593864E+02
    0.224630926563820405E-07   -0.456864302836492641E+03    0.254203205501151963E+02    0.130306341558049095E+02
    0.239671119618512224E-07   -0.456998920675769682E+03    0.183082376815904482E+02    0.188982193860291723E+02
    0.257742431921373748E-07   -0.457149306899219027E+03    0.587857339838402471E+01    0.192126715959863397E+02
    0.286986301758893716E-07   -0.457369254349581354E+03    0.255649465498326869E+02    0.128924207938931890E+02
    0.288636926619013705E-07   -0.457385724556501657E+03    0.309024006688234856E+02    0.190174487301599022E+02
    0.298319830197446324E-07   -0.457456717711815202E+03    0.256385231197826506E+02    0.127547158597755921E+02
    0.336583168832206143E-07   -0.457703075932540685E+03    0.122797448426382001E+02    0.246775312458974838E+02
    0.349868604645193030E-07   -0.457785500715862497E+03    0.308808812266525834E+02    0.631194224003834758E+01
    0.355307176819696993E-07   -0.457821350782759680E+03    0.310111371677803227E+02    0.593025575288206941E+01
    0.359628325704124828E-07   -0.457850527517524426E+03    0.121412102455657234E+02    0.122388634136867598E+02
    0.363392886042323669E-07   -0.457876354537791201E+03    0.121244317674896465E+02    0.303855299800878997E+00
    0.375631655391653428E-07   -0.457947603425093007E+03    0.311207346653212156E+02    0.192964339907783256E+02
    0.375628776668136058E-07   -0.457952588097659827E+03    0.130392593017164575E+02    0.250764173457129980E+00
    0.382234533271516459E-07   -0.457992454141772669E+03    0.308821832530696661E+02    0.628865433179399869E+01
    0.424025780877504531E-07   -0.458204973893146132E+03    0.183419151360377377E+02    0.612338529873088167E+01
    0.425130656751170715E-07   -0.458215178477122549E+03    0.309705351977422438E+02    0.185569365768815224E+02
    0.449522005107785841E-07   -0.458331754993160473E+03    0.585178762311761069E+01    0.311048638560830604E+02
    0.449670696746344658E-07   -0.458337416438208322E+03    0.309857488637264602E+02    0.659584932613318831E+01
    0.467217809143883479E-07   -0.458418976477814965E+03    0.378293483516789819E+00    0.372830220763591735E+00
    0.468633186201957071E-07   -0.458430026065384993E+03    0.121977461041473614E+02    0.129486079257684725E+02
    0.469146371923911729E-07   -0.458437215005285623E+03    0.124107341301690042E+02    0.256392483599232044E+02
    0.481819382849817413E-07   -0.458495524017358321E+03    0.506668435136007012E+00    0.153075556464982943E+00
    0.484565164490935529E-07   -0.458511889219906493E+03    0.185163677424778044E+02    0.192619102790798813E+02
    0.485712995524187529E-07   -0.458521621189009807E+03    0.251323339990537349E+02    0.256612939950723273E+02
    0.508033507149949045E-07   -0.458616480187186198E+03    0.128346291464573117E+02    0.255884426097200546E+02
    0.507855689496369303E-07   -0.458620780041320018E+03    0.191469282351559329E+02    0.192869531878100311E+02
    0.509850780236446018E-07   -0.458633621568735578E+03    0.271880545852821731E+00    0.121129956353484918E+02
    0.533403961095649760E-07   -0.458728943454159264E+03    0.679621463789659774E+01    0.312962828382355660E+02
    0.535673129274112845E-07   -0.458742433661672294E+03    0.311919164689472339E+02    0.676050467019381518E+01
    0.542489135262342205E-07   -0.458772721494562177E+03    0.640335016177385530E+01    0.309034637617764503E+02
    0.547812473554674434E-07   -0.458797251432148698E+03    0.193273650516508191E+02    0.606155304079832824E+01
    0.581902076686158232E-07   -0.458922989739383922E+03    0.581930056522039774E+01    0.190966986328463939E+02
    0.600335281150747085E-07   -0.458990361980591217E+03    0.130113963597265077E+02    0.122876162454913391E+02
    0.599682865080715011E-07   -0.458993187293028825E+03    0.579981938388225426E+01    0.312119529773185498E+02
    0.610718178775271165E-07   -0.459034656592262479E+03    0.193315773703309262E+02    0.312098148788803087E+02
    0.627128611243383478E-07   -0.459092688660863814E+03    0.660548333541947219E+01    0.586965827198097312E+01
    0.643091243324937144E-07   -0.459147958611861554E+03    0.309016434665014117E+02    0.637547414189173711E+01
    0.683751996281878198E-07   -0.459275575925146086E+03    0.427434677240208838E+00    0.122661036026479344E+02
    0.692056966445330586E-07   -0.459304721925830961E+03    0.191515636245230532E+02    0.585732951077971276E+01
    0.691798419630244946E-07   -0.459308974602604280E+03    0.120865053311272952E+02    0.127704910549520640E+02
    0.696006699858018978E-07   -0.459326103951508230E+03    0.187684596831382358E+02    0.576886759713186237E+01
    0.699099473606905593E-07   -0.459339971459585342E+03    0.312544737961573205E+02    0.677843978034335315E+01
    0.712324029495686426E-07   -0.459382451189452013E+03    0.669315497787776525E+01    0.596108367733090283E+01
    0.727255002738066278E-07   -0.459428939731129333E+03    0.625338313257289080E+01    0.576452264535527004E+01
    0.735049003434195326E-07   -0.459455259715125351E+03    0.583747223289562278E+01    0.311473306766335369E+02
    0.783099027420090472E-07   -0.459586903698056062E+03    0.674129693584940881E+01    0.190932901123270682E+02
    0.799563914499980260E-07   -0.459633518322802729E+03    0.185494774743186106E+02    0.670632199091624503E+01
    0.811811806540886575E-07   -0.459668922474378860E+03    0.124240380194005144E+02    0.246352137094550514E+02
    0.848686315087795400E-07   -0.459762764663042049E+03    0.193537421573855255E+02    0.617158862470487701E+01
    0.855245196159397892E-07   -0.459783161792381009E+03    0.254844022574353062E+02    0.247532615708989034E+02
    0.891311623306408309E-07   -0.459870773602262545E+03    0.585598625466410994E+01    0.657309902389988387E+01
    0.896962704756044716E-07   -0.459888413945350351E+03    0.256432328963470120E+02    0.250650723761615346E+02
    0.930412568086553747E-07   -0.459966641597216039E+03    0.191414123777513829E+02    0.670788556088148891E+01
    0.940940403237421813E-07   -0.459994144986755487E+03    0.611496406860881425E+01    0.309298826475201665E+02
    0.996157410368812011E-07   -0.460113195953738796E+03    0.311710705910217634E+02    0.193010020664553643E+02
    0.104104317897502256E-06   -0.460206342470700349E+03    0.578170375248052348E+01    0.313134523342553628E+02
    0.104249325152401738E-06   -0.460214126339054019E+03    0.253761224015059774E+02    0.130174324757449327E+02
    0.112859914032174148E-06   -0.460377850266094129E+03    0.126802382260045192E+02    0.120691004307078344E+02
    0.115729735181679802E-06   -0.460433070771684072E+03    0.246811749442441588E+02    0.253703348183179251E+02
    0.123150500286660885E-06   -0.460562369938405254E+03    0.309518896184318635E+02    0.312073470379132445E+02
    0.143739441584650780E-06   -0.460876560018722500E+03    0.597684623435702989E+01    0.668593643146644290E+01
    0.145747684279401316E-06   -0.460909309438051366E+03    0.406918293042019208E+00    0.300171914257085115E+00
    0.148961483627573869E-06   -0.460957931111224639E+03    0.271044125113580003E+00    0.121402459675999221E+02
    0.153548985219152404E-06   -0.461023594840589681E+03    0.651044065924308946E+01    0.183995813372271080E+02
    0.159348503208701113E-06   -0.461102742859882824E+03    0.676436054504446105E+01    0.312699600299920597E+02
    0.159842124670938089E-06   -0.461113928779050070E+03    0.642784472413799435E+01    0.183681142045275010E+02
    0.159646048361674957E-06   -0.461116473898394929E+03    0.130339617293365073E+02    0.127514802553603435E+02
    0.162439485674159957E-06   -0.461156166637578394E+03    0.183509140446778112E+02    0.189069289490608199E+02
    0.162627349413033527E-06   -0.461163478331537988E+03    0.127829320810527616E+02    0.130199113876054007E+02
    0.167452001287266234E-06   -0.461226949065894757E+03    0.256318405430758034E+02    0.250872079494918374E+02
    0.173651652590720705E-06   -0.461304658156325786E+03    0.130189737230925360E+02    0.215093087578966558E+00
    0.181588210876528506E-06   -0.461399038656412870E+03    0.309941543620335054E+02    0.311466173545788934E+02
    0.184035200679740397E-06   -0.461430809659162549E+03    0.127602684195614735E+02    0.246722199012803003E+02
    0.192245706717509915E-06   -0.461523104117190371E+03    0.256079584967394993E+02    0.127168548580990404E+02
    0.192217722036514219E-06   -0.461527812961476172E+03    0.254502583737863795E+02    0.255180140569202329E+02
    0.192773869686438893E-06   -0.461538591249093258E+03    0.193473931439111659E+02    0.188426989494712380E+02
    0.194671672086633695E-06   -0.461563184377661287E+03    0.626730101586216559E+01    0.309185483215017847E+02
    0.199824384730704162E-06   -0.461620433373387925E+03    0.581549248234551719E+01    0.312461386793604348E+02
    0.207667584337857967E-06   -0.461702432862598528E+03    0.185470268762244253E+02    0.588840178103923240E+01
    0.211951758376904767E-06   -0.461748272952357695E+03    0.130604711483736651E+02    0.251728056224697703E+02
    0.219487101569621803E-06   -0.461823142500470283E+03    0.311136715982716581E+02    0.667657368866353540E+01
    0.228310019713867033E-06   -0.461906964446331131E+03    0.253162527023766479E+02    0.130256922320452588E+02
    0.230094097529317033E-06   -0.461927532254353025E+03    0.477307011389251856E+00    0.126941750070745520E+02
    0.249287461248695470E-06   -0.462092768951316714E+03    0.424523588866946265E-02    0.120743236898466542E+02
    0.267770245779536396E-06   -0.462240814206371795E+03    0.248208857835486896E+02    0.255128889940699644E+02
    0.267431035356218491E-06   -0.462243279007143428E+03    0.676528410685059445E+01    0.187584136407308399E+02
    0.284522596806911435E-06   -0.462372180918051754E+03    0.183728283554160114E+02    0.187391527890957725E+02
    0.306295312006133125E-06   -0.462524654981425215E+03    0.127349937015615868E+02    0.246748015551453044E+02
    0.305907154916720535E-06   -0.462527118845670202E+03    0.312090822606136911E+02    0.309737349335893590E+02
    0.305287737943432813E-06   -0.462528065034405813E+03    0.128122596621974267E+02    0.129883273089641129E+02
    0.306855806668094765E-06   -0.462543311468715331E+03    0.482160056707572560E+00    0.126375766241000740E+02
    0.308408832216315954E-06   -0.462558408124680170E+03    0.598583512745052015E+01    0.192368358004841546E+02
    0.308644513945559345E-06   -0.462564935913109935E+03    0.633407424665752306E+01    0.309314817435838876E+02
    0.325124040773667592E-06   -0.462673969111321696E+03    0.256116577746926737E+02    0.126492255997822287E+02
    0.326958029818846716E-06   -0.462690219191418464E+03    0.184949344683578332E+02    0.594950770617857927E+01
    0.333026106096615775E-06   -0.462731997331642845E+03    0.428964485185450439E+00    0.228662846172968420E+00
    0.347593531269510903E-06   -0.462822623131497778E+03    0.121060789576674512E+02    0.249807767427711624E+02
    0.354420296208146629E-06   -0.462866522537057449E+03    0.128206502329647023E+02    0.129791180165399069E+02
    0.356394137512792160E-06   -0.462882630057020378E+03    0.626495393714852877E+01    0.579985924125277919E+01
    0.358073395999576391E-06   -0.462897031528747050E+03    0.622798701288344159E+01    0.676359410104395042E+01
    0.359259093481270404E-06   -0.462908643238540890E+03    0.321302797167034582E+00    0.362713356883439475E+00
    0.369079758885892426E-06   -0.462967581103306543E+03    0.615477811023431354E+01    0.674886743042637072E+01
    0.369487811895419078E-06   -0.462974791073346864E+03    0.311422055858648257E+02    0.668199366644612969E+01
    0.371539464781939648E-06   -0.462990865743299935E+03    0.832659275999798748E-01    0.120909701789536843E+02
    0.381233830462469034E-06   -0.463047381394695492E+03    0.189880214143686743E+02    0.183876128723087113E+02
    0.384712798146771692E-06   -0.463070549718589689E+03    0.123537236795060519E+02    0.432980491588882688E+00
    0.393172043287709635E-06   -0.463119050134966983E+03    0.127598502003003968E+02    0.121251743341915983E+02
    0.394654050219307819E-06   -0.463131574682284850E+03    0.191134557487216625E+02    0.192528593145727172E+02
    0.417820842816423561E-06   -0.463250661034344034E+03    0.633314212197571891E+01    0.676032979065817763E+01
    0.451507596432159134E-06   -0.463410739959640409E+03    0.611818850838881101E+01    0.309668252363620979E+02
    0.472455261676021493E-06   -0.463506441680789351E+03    0.122007739776391322E+02    0.308001911744939738E+00
    0.539915847703737951E-06   -0.463778382144112015E+03    0.121658236743139803E+02    0.128214894390586025E+02
    0.539223895091726496E-06   -0.463780817313332818E+03    0.309764675891780499E+02    0.190284912826921193E+02
    0.552674762205265889E-06   -0.463835094954573890E+03    0.254657693678917241E+02    0.247947842805859366E+02
    0.552145542751891248E-06   -0.463838178916313268E+03    0.589355272569188227E+01    0.601272927802152868E+01
    0.562353276900394251E-06   -0.463879816082429898E+03    0.126681406183013472E+02    0.121043878740769895E+02
    0.566215710490086063E-06   -0.463898505803530156E+03    0.669358458468529438E+01    0.190857019645611103E+02
    0.601453967091764552E-06   -0.464024255569050297E+03    0.255055767262502577E+02    0.128563312277074200E+02
    0.612561866035018162E-06   -0.464065855450633705E+03    0.311480391511461967E+02    0.192379078574919085E+02
    0.613251318880806300E-06   -0.464073105232009823E+03    0.311209014262698709E+02    0.310477586243294645E+02
    0.615478203660116489E-06   -0.464085354629624533E+03    0.186313452670612278E+02    0.184317602600273496E+02
    0.636651564917610838E-06   -0.464158000588587697E+03    0.127420783882961892E+02    0.436280730452432985E+00
    0.638421900798618270E-06   -0.464168554267073432E+03    0.582657277481132585E+01    0.617212891709714029E+01
    0.664847990454154703E-06   -0.464254672421940427E+03    0.312765020605874007E+02    0.184016609064813288E+02
    0.666873372838288912E-06   -0.464265755928600527E+03    0.581470936604741695E+01    0.188614407457837530E+02
    0.668935637120380278E-06   -0.464276931260268839E+03    0.312049755954310406E+02    0.184304541716631185E+02
    0.700220536540498333E-06   -0.464373346239705768E+03    0.311831320616958152E+02    0.184432912844344017E+02
    0.705275109434070152E-06   -0.464392731470137505E+03    0.439691655380935853E+00    0.127256732295110631E+02
    0.709635987840137935E-06   -0.464410059855215309E+03    0.246848861290545223E+02    0.124327976340468478E+02
    0.711429683527180045E-06   -0.464420108732760525E+03    0.189667058034779323E+02    0.183973132536457946E+02
    0.712646130163187365E-06   -0.464428525536613733E+03    0.660764632135678021E+01    0.310788041341523851E+02
    0.717324832911339132E-06   -0.464446613129479942E+03    0.586981069000445199E+01    0.311978905649125871E+02
    0.739439963170836574E-06   -0.464512341750753933E+03    0.460755470010973667E+00    0.124967280735635313E+02
    0.763238039614635777E-06   -0.464580695486763261E+03    0.129836099503992557E+02    0.249256444339934582E+02
    0.785009896997759502E-06   -0.464641948215141326E+03    0.188129121499182510E+02    0.582014992065918779E+01
    0.787176430084333147E-06   -0.464652460372118298E+03    0.251201523894961092E+02    0.255969138664487339E+02
    0.791978192685676540E-06   -0.464669623278349661E+03    0.250809738111239611E+02    0.255940463258555688E+02
    0.795569223182477588E-06   -0.464683671289352276E+03    0.188753526564158136E+02    0.183862677580512219E+02
    0.799767350221577668E-06   -0.464699197310756176E+03    0.185059538835317454E+02    0.185364509850307115E+02
    0.807040217118767729E-06   -0.464722302569189424E+03    0.313639298835884297E+02    0.183888664924780443E+02
    0.859713008339508877E-06   -0.464853752809095454E+03    0.125755559633335476E+02    0.246707347336105229E+02
    0.910578315125245171E-06   -0.464973715382026285E+03    0.127777851126248265E+02    0.129765254893070470E+02
    0.944891125505595916E-06   -0.465052694983957053E+03    0.191197431345592115E+02    0.310426592107972930E+02
    0.956286620654919115E-06   -0.465081670925488936E+03    0.121486804765133449E+02    0.193024659387860315E+00
    0.963968817618324170E-06   -0.465102673458891388E+03    0.183903782672086393E+02    0.188605659551372753E+02
    0.975890194741434251E-06   -0.465132255713846575E+03    0.151972877754390806E+00    0.121328673057128693E+02
    0.991610537645314975E-06   -0.465169216418486428E+03    0.254918969726664066E+02    0.128530237784746095E+02
    0.989331979197145500E-06   -0.465169615458218914E+03    0.129893852755395880E+02    0.249543962154958514E+02
    0.991222551826905850E-06   -0.465178433728656614E+03    0.588124535510959490E+01    0.606116817639910010E+01
    0.104015956849738292E-05   -0.465279814387681654E+03    0.129035585048327661E+02    0.122559582546759653E+02
    0.107961887519662152E-05   -0.465359282293455124E+03    0.603509696486300751E+01    0.310318339843167479E+02
    0.111747467321098090E-05   -0.465433208889329705E+03    0.190708990271283838E+02    0.310169119417439312E+02
    0.112907446600488954E-05   -0.465458862603381363E+03    0.192964679743810414E+02    0.619551221631570481E+01
    0.113925468170549128E-05   -0.465481814643651262E+03    0.310160809727972762E+02    0.190682215450551205E+02
    0.113769921687300789E-05   -0.465484082106860910E+03    0.184870739632909071E+02    0.191260981398112371E+02
    0.114808488778573994E-05   -0.465507256600874598E+03    0.185754180094789270E+02    0.591922044148952331E+01
    0.128003409940524105E-05   -0.465729839557892888E+03    0.123761251130524883E+02    0.247218732809081025E+02
    0.127794023903186076E-05   -0.465731565309501036E+03    0.606558700880109924E+01    0.192467368606828408E+02
    0.129360493827269835E-05   -0.465760931815895788E+03    0.670466729929406036E+01    0.312518308273458736E+02
    0.129436318611429812E-05   -0.465767103774477675E+03    0.124836878958694069E+02    0.255770241057946954E+02
    0.131435892525688036E-05   -0.465802764197315014E+03    0.311923693884285669E+02    0.667613678756370277E+01
    0.135653793963309586E-05   -0.465870937765405245E+03    0.122464504311125157E+02    0.248140546308848968E+02
    0.137021379609870548E-05   -0.465895999688841073E+03    0.121726564083070450E+02    0.127863686448607492E+02
    0.140854462608888175E-05   -0.465956180104911937E+03    0.254365721495109405E+02    0.248000191679509143E+02
    0.143953653710479875E-05   -0.466004708547519897E+03    0.255721437730714065E+02    0.250393114118478834E+02
    0.144455272762498987E-05   -0.466016665607607649E+03    0.126567641766472043E+02    0.121264833000617323E+02
    0.148429477688116671E-05   -0.466075945645882655E+03    0.253599366521228866E+02    0.129536154178069740E+02
    0.152996137176906073E-05   -0.466141551098170510E+03    0.313239223554633028E+02    0.309778346086714933E+02
    0.154053606773427759E-05   -0.466160327025989943E+03    0.192210563615062497E+02    0.311653833020098929E+02
    0.155303740561451758E-05   -0.466181491382244644E+03    0.627944475260222568E+01    0.192965776722729920E+02
    0.156205367856911735E-05   -0.466198068954635175E+03    0.123229177574553042E+02    0.129420053646260076E+02
    0.156354902628720633E-05   -0.466204982630778090E+03    0.189581289744148904E+02    0.584959850167209527E+01
    0.159855257070903321E-05   -0.466254263275423170E+03    0.184218643300140812E+02    0.187213995469584091E+02
    0.163758654710944027E-05   -0.466307513203073199E+03    0.643949943465854258E+01    0.670087790649726234E+01
    0.172567647441244771E-05   -0.466417304387796264E+03    0.192300123724627703E+02    0.311850307982445720E+02
    0.173244056490050434E-05   -0.466430128413458249E+03    0.124921748657647882E+02    0.121283454094851315E+02
    0.174765483657080860E-05   -0.466452615714057117E+03    0.293405684961362101E+00    0.129006892277396581E+02
    0.176612832738094488E-05   -0.466478645652624550E+03    0.124886697100739017E+02    0.130032257548083159E+02
    0.176326020597017574E-05   -0.466480395092914250E+03    0.403184818741954498E+00    0.123801480705735649E+02
    0.178473978527817562E-05   -0.466509611374517306E+03    0.310214131427519035E+02    0.607980806295698883E+01
    0.182154528770808281E-05   -0.466555436522463083E+03    0.309790479256075102E+02    0.189217617057127931E+02
    0.184899854681994485E-05   -0.466590354455373074E+03    0.619878706498421739E+01    0.192838639157087179E+02
    0.184591640961223425E-05   -0.466592017828729240E+03    0.129970179319268446E+02    0.101587185777341354E+00
    0.187024390853407686E-05   -0.466623203831883018E+03    0.255675350127725842E+02    0.250530481732807750E+02
    0.188439595407166073E-05   -0.466643280763972712E+03    0.192902908003627402E+02    0.188788200599603258E+02
    0.188560905706554968E-05   -0.466649567874236141E+03    0.630427535476160106E+01    0.192906766422308316E+02
    0.192844248308606245E-05   -0.466699491469482325E+03    0.121961787559881412E+02    0.253738545091480603E+02
    0.193086992499428557E-05   -0.466707007401826388E+03    0.192904739788445987E+02    0.314108341115480236E+02
    0.199317447821201933E-05   -0.466775523288247030E+03    0.125390369299077999E+02    0.121270591784074924E+02
    0.199393149884094341E-05   -0.466781282757036990E+03    0.192390164898412017E+02    0.607695685544846143E+01
    0.202111579938190412E-05   -0.466813365592101491E+03    0.121428971790303795E+02    0.119264337789419042E+00
    0.203248267221130873E-05   -0.466829582196511183E+03    0.248068135009070296E+02    0.128625528685248636E+02
    0.208132060887609686E-05   -0.466882071323134539E+03    0.253256945911204205E+02    0.129611975036142510E+02
    0.208562609399661863E-05   -0.466891204312548325E+03    0.125451992212566754E+02    0.438291148766994321E+00
    0.219185146243276230E-05   -0.466995559329020864E+03    0.591364898991278665E+01    0.651886397537978013E+01
    0.223916373180370798E-05   -0.467043271046707389E+03    0.192862236480777156E+02    0.313985150052662618E+02
    0.228506526994308358E-05   -0.467088855299348268E+03    0.247060217406196649E+02    0.126588323854976235E+02
    0.232197986123137178E-05   -0.467125906542841051E+03    0.629810076099606331E+01    0.671897066493512263E+01
    0.234887325144013370E-05   -0.467153937613823814E+03    0.254562243182356411E+02    0.248395683210250837E+02
    0.240200642971737970E-05   -0.467203674923363678E+03    0.253282734561790370E+02    0.255220744799371992E+02
    0.240359176325127786E-05   -0.467209994495685578E+03    0.130005660344194514E+02    0.251601271110479523E+02
    0.248793818188729777E-05   -0.467283974778538720E+03    0.312698321196388385E+02    0.184403383337433624E+02
    0.249647591260774658E-05   -0.467295826327313307E+03    0.192057810751839888E+02    0.603389639857777382E+01
    0.250151464079098463E-05   -0.467304858931886258E+03    0.309836128551123338E+02    0.632081922579253241E+01
    0.252249521597256587E-05   -0.467326563275822309E+03    0.129999030754020470E+02    0.125555160555210517E+02
    0.252362528274160645E-05   -0.467332459066391095E+03    0.121546392843803375E+02    0.249958149136426790E+02
    0.252734298127192117E-05   -0.467340403214132550E+03    0.121367276191844802E+02    0.581662955677599014E-01
    0.262673378795750557E-05   -0.467422548459751056E+03    0.128777986525090693E+02    0.122649911899523687E+02
    0.273602846262529778E-05   -0.467509080927843854E+03    0.125101142697370999E+02    0.427873452758607553E+00
    0.274561981030108135E-05   -0.467521079813570395E+03    0.192788233980532340E+02    0.188068194381181044E+02
    0.276005387691771067E-05   -0.467536566522740657E+03    0.122413555838735206E+02    0.254173290645759664E+02
    0.275891234229860331E-05   -0.467540739168783375E+03    0.319010813371890731E-01    0.121364112577130836E+02
    0.288785421062465677E-05   -0.467637093599760306E+03    0.121473317965669256E+02    0.124693003046702611E+02
    0.304102482989854139E-05   -0.467745455269830529E+03    0.247324135064025974E+02    0.124120249985554203E+02
    0.311841816345761421E-05   -0.467800717871143263E+03    0.188034137183039434E+02    0.670874584466636570E+01
    0.332253917409191575E-05   -0.467932524726584006E+03    0.254993877325747818E+02    0.249137536174912064E+02
    0.333513783439702326E-05   -0.467945094138754484E+03    0.585755879909792565E+01    0.630702057618484169E+01
    0.334440217879560468E-05   -0.467955642035957567E+03    0.191549395144418533E+02    0.598478251757853030E+01
    0.339181962049801037E-05   -0.467988799199611776E+03    0.364445141174238707E+00    0.123450274388304457E+02
    0.344112105639547980E-05   -0.468022660735983322E+03    0.310068698786556105E+02    0.189669753980190983E+02
    0.348664529296861200E-05   -0.468053946202071131E+03    0.190737236268223427E+02    0.184877553582856677E+02
    0.351005115954012415E-05   -0.468072327347897101E+03    0.310011882995582901E+02    0.189418992456242030E+02
    0.364483896084471642E-05   -0.468152690489711631E+03    0.643396911360137036E+01    0.184531327496182236E+02
    0.378468011530627390E-05   -0.468232988861475405E+03    0.253440416497228718E+02    0.247658356452184094E+02
    0.379010960295989525E-05   -0.468240855997744745E+03    0.586673699988359854E+01    0.621016022531882506E+01
    0.384342077163192594E-05   -0.468273791714409811E+03    0.311329963159565182E+02    0.659776364904220181E+01
    0.395540930187348074E-05   -0.468336234293604321E+03    0.125941268642879276E+02    0.129870223614827118E+02
    0.404691903733417025E-05   -0.468386977842604779E+03    0.249541818987025898E+02    0.121846748370520324E+02
    0.404029771366150198E-05   -0.468388702883935537E+03    0.190745564227020665E+02    0.184930707595233841E+02
    0.408685567141873457E-05   -0.468416617902207179E+03    0.313491084392550121E+02    0.310006160266697499E+02
    0.425131390808924203E-05   -0.468500522302423519E+03    0.122355334917636576E+02    0.259200291570874986E+00
    0.424889845109774896E-05   -0.468504385645147522E+03    0.189809063416759258E+02    0.192482539167060089E+02
    0.429819652270464636E-05   -0.468532457165212179E+03    0.254932137702075678E+02    0.249176641982949363E+02
    0.431946805319464981E-05   -0.468547330640098096E+03    0.247551095448983709E+02    0.253153212452986587E+02
    0.440538654387973879E-05   -0.468591722135824398E+03    0.312972631735618734E+02    0.184480614642957406E+02
    0.441923047979655666E-05   -0.468602997285096819E+03    0.191677574779489746E+02    0.191222288800689313E+02
    0.448640140506776926E-05   -0.468638167945622456E+03    0.649917381159487473E+01    0.184911383219102170E+02
    0.461041798480754846E-05   -0.468697703166526821E+03    0.611860452039572245E+01    0.310321947338684687E+02
    0.461802740521166747E-05   -0.468706001413114222E+03    0.354610829495123625E+00    0.123457320386017919E+02
    0.480134351087082161E-05   -0.468788857676114390E+03    0.247710822056166222E+02    0.127731073964072035E+02
    0.490172919060594304E-05   -0.468835242200229800E+03    0.127313576826411747E+02    0.247510267271981128E+02
    0.489128484055314823E-05   -0.468835976157526432E+03    0.310877167153570007E+02    0.602734298170567317E+01
    0.508423048476960609E-05   -0.468918353497659098E+03    0.176715008597120249E+00    0.121910256127151158E+02
    0.509407336587345266E-05   -0.468927221680144726E+03    0.123003839330280353E+02    0.254513394937888258E+02
    0.511972405164252741E-05   -0.468942267205289625E+03    0.187331850906787842E+02    0.588552163232537229E+01
    0.530983673384486001E-05   -0.469020188298137384E+03    0.311284586913520194E+02    0.191473422929326240E+02
    0.540032904808804072E-05   -0.469058985895508670E+03    0.189926187541115503E+02    0.310285058619293572E+02
    0.540813823733672402E-05   -0.469066875922522229E+03    0.250158108987011403E+02    0.129622628570413010E+02
    0.556050376533271831E-05   -0.469127443541286368E+03    0.185602035549049127E+02    0.191436389951063468E+02
    0.557252401193451829E-05   -0.469136762312967562E+03    0.121581521140856683E+02    0.251866608041635125E+02
    0.561722042847437505E-05   -0.469157740034172946E+03    0.305362762721486880E+00    0.122895215767783377E+02
    0.574087821854011726E-05   -0.469206290519166600E+03    0.191569823312610517E+02    0.655682419804353511E+01
    0.578485469317056041E-05   -0.469226552607355984E+03    0.617489707946340971E+01    0.310196714532920979E+02
    0.583421514040884782E-05   -0.469248545617946831E+03    0.128328348285437990E+02    0.248197818641904213E+02
    0.588180764280699258E-05   -0.469269794396243014E+03    0.129442569007135120E+02    0.160175997707746903E+00
    0.600917993816921840E-05   -0.469317642701781153E+03    0.128751949159255066E+02    0.254026803472769416E+02
    0.618414237212280683E-05   -0.469380042789776894E+03    0.255099433481355504E+02    0.249745106798762286E+02
    0.623894093493940542E-05   -0.469402687014443075E+03    0.184543069594590499E+02    0.187460806392541137E+02
    0.644960250675252740E-05   -0.469474103126516070E+03    0.588154014499386069E+01    0.635250194308805050E+01
    0.643663210891152554E-05   -0.469475077000154727E+03    0.310203399564497744E+02    0.189479776477134187E+02
    0.650326183608918506E-05   -0.469500673866355612E+03    0.188702070826228265E+02    0.184429029687047716E+02
    0.648769620089161688E-05   -0.469500881104312271E+03    0.128221678892871740E+02    0.122487158281937312E+02
    0.648035986624069005E-05   -0.469503618209890590E+03    0.588579635442324101E+01    0.637231414840109345E+01
    0.653126530761205762E-05   -0.469524267508241962E+03    0.126019231331023942E+02    0.129717091946124050E+02
    0.654062894871646460E-05   -0.469532132783166105E+03    0.192401525345784670E+02    0.313016179411713615E+02
    0.652451493324525990E-05   -0.469532199343844638E+03    0.629846600469225848E+01    0.587669468174043264E+01
    0.666577155602561463E-05   -0.469580037540969158E+03    0.186445331478721954E+02    0.184983082918523039E+02
    0.679201344918937658E-05   -0.469622560980736125E+03    0.252210491387318285E+02    0.255287780239653976E+02
    0.680499077722735970E-05   -0.469631378684036804E+03    0.192290601263788261E+02    0.613939206448674923E+01
    0.688440192605310568E-05   -0.469659582646787442E+03    0.666910993560102838E+01    0.312917617677656139E+02
    0.688470639054415939E-05   -0.469664671095359154E+03    0.189716546996787159E+02    0.192360644227158559E+02
    0.704645948250677598E-05   -0.469716116701651060E+03    0.652988081068583170E+01    0.310945988447180959E+02
    0.714270243733243298E-05   -0.469748248517148397E+03    0.609223051086549194E+01    0.310593027694303743E+02
    0.729406898921291721E-05   -0.469795189223804528E+03    0.622804236002057987E+01    0.184498348263570868E+02
    0.728356374183429579E-05   -0.469797306657233946E+03    0.249166528016205469E+02    0.254740854503793059E+02
    0.734732675102258369E-05   -0.469819739201865445E+03    0.192271464363495745E+02    0.642528469849163919E+01
    0.749223393303893660E-05   -0.469863800139363320E+03    0.254285614676466274E+02    0.254068138176070981E+02
    0.749975140685294934E-05   -0.469870805870898835E+03    0.129096511442822894E+02    0.123551782165280652E+02
    0.790746493288029545E-05   -0.469981680605462884E+03    0.185714485155715252E+02    0.657313639855702814E+01
    0.791873511099872784E-05   -0.469989529092147563E+03    0.122075108805367183E+02    0.179888247947371904E+00
    0.804471131843970836E-05   -0.470026095915317569E+03    0.122512023212189671E+02    0.248190730262258713E+00
    0.807070254562483915E-05   -0.470037547192322336E+03    0.121736622761007673E+02    0.124878782817951297E+02
    0.830375885578759871E-05   -0.470099482695373354E+03    0.192374308379785859E+02    0.637982639862582701E+01
    0.853774432684891641E-05   -0.470160059807551534E+03    0.613322662161213206E+01    0.192194478292282511E+02
    0.854334401451294431E-05   -0.470166371126304284E+03    0.122361152876971335E+02    0.127908180033345893E+02
    0.855991135314508741E-05   -0.470175245790736938E+03    0.125913905961669510E+02    0.397841419073707070E+00
    0.874754647099869410E-05   -0.470223612637888266E+03    0.188375661503877261E+02    0.192473748597859071E+02
    0.886725105721025689E-05   -0.470255795789730030E+03    0.190451757643827051E+02    0.593650041310089449E+01
    0.893615587867295616E-05   -0.470276277133444466E+03    0.251262129810176695E+02    0.129636389573205886E+02
    0.895837263755574532E-05   -0.470286243292855261E+03    0.126587631743753111E+02    0.121799348557504903E+02
    0.916125190419256434E-05   -0.470336031802640548E+03    0.129360988691522714E+02    0.127105677976918603E+02
    0.937353136741283717E-05   -0.470386845933303505E+03    0.124542512581469627E+02    0.255126314659384441E+02
    0.937746878045480612E-05   -0.470392685869961554E+03    0.121718771136157340E+02    0.251653739858125469E+02
    0.970147880748409466E-05   -0.470465622778957083E+03    0.312978487343336873E+02    0.666022003571444188E+01
    0.978472917058961226E-05   -0.470487711967311952E+03    0.124038600305581976E+02    0.359976155594648017E+00
    0.983478956805489674E-05   -0.470502918233178434E+03    0.312702434144578518E+02    0.310490934636983589E+02
    0.101955626247076801E-04   -0.470579971300100681E+03    0.310291634000568095E+02    0.189219801007964215E+02
    0.102372310026297229E-04   -0.470593128468707960E+03    0.191281181145434864E+02    0.185711012335892356E+02
    0.102304804039480068E-04   -0.470596809200756127E+03    0.188710029941659485E+02    0.310233203339473853E+02
    0.103531094492890169E-04   -0.470625639931367516E+03    0.249644327447580068E+02    0.247773953052098150E+02
    0.103553046444682653E-04   -0.470631063951319504E+03    0.188696104814793166E+02    0.667541901936573456E+01
    0.103395803339605766E-04   -0.470633024685616931E+03    0.192328213694606127E+02    0.313297697079492963E+02
    0.103590306269895735E-04   -0.470641783449679053E+03    0.122532276554137027E+02    0.128041513253132067E+02
    0.105089926780984130E-04   -0.470675528794731747E+03    0.129257076023534037E+02    0.157913784914889027E+00
    0.105824134810296036E-04   -0.470694453157848784E+03    0.191124735669916923E+02    0.311244427066743903E+02
    0.109443271068098230E-04   -0.470766708621577152E+03    0.251673360018994394E+02    0.247432808240159972E+02
    0.111798759443476404E-04   -0.470814296865325218E+03    0.125269774133453655E+02    0.247443553692271472E+02
    0.111882047226270329E-04   -0.470820786269586279E+03    0.187261344557456866E+02    0.192200306124642850E+02
    0.111625248434532836E-04   -0.470821190466053736E+03    0.611558910664767463E+01    0.593032661296870600E+01
    0.111767459790884998E-04   -0.470828736858488696E+03    0.293037652897304490E+00    0.128248992578456757E+02
    0.118737470037248949E-04   -0.470954725780174385E+03    0.667144245337904707E+01    0.188638145030725930E+02
    0.118472901445282579E-04   -0.470955264445705438E+03    0.310608860453082087E+02    0.312573391075796287E+02
    0.119856715508552888E-04   -0.470983489920276043E+03    0.610647899839949027E+01    0.185035235025937936E+02
    0.119845009105599086E-04   -0.470988294570776873E+03    0.664984804315548761E+01    0.615534069843408371E+01
    0.120530672420389494E-04   -0.471004704463326675E+03    0.312697452604800041E+02    0.310563478179310302E+02
    0.120425746670467548E-04   -0.471007962642013922E+03    0.247831308385621014E+02    0.127350864390603160E+02
    0.120410378167882196E-04   -0.471012707389565890E+03    0.641619043555955049E+01    0.664768417839997916E+01
    0.123104567095436517E-04   -0.471061964202823162E+03    0.192347606870175092E+02    0.188881203865138829E+02
    0.126171432320194436E-04   -0.471116179048789149E+03    0.188313054546756931E+02    0.666915182294521713E+01
    0.126751174129295442E-04   -0.471130347747982569E+03    0.592049685346815391E+01    0.614974054494444644E+01
    0.126752409281187587E-04   -0.471135367237283276E+03    0.310381944982963738E+02    0.313353066311749373E+02
    0.126805690177967047E-04   -0.471141207768864433E+03    0.311900491199339385E+02    0.659694169611683190E+01
    0.126799348866670961E-04   -0.471146107750168824E+03    0.657921474015431240E+01    0.603456255965214794E+01
    0.126616562121799007E-04   -0.471148222583632048E+03    0.189905352444635795E+02    0.310563265421153361E+02
    0.127979868179567271E-04   -0.471174641879836201E+03    0.127499549880377092E+02    0.339595274240191480E+00
    0.128987110595782248E-04   -0.471195320899445619E+03    0.249981008756739733E+02    0.122050362724656338E+02
    0.134760399967038768E-04   -0.471287892709489142E+03    0.126598747941675676E+02    0.247600371919034998E+02
    0.146508245281887626E-04   -0.471460059353752683E+03    0.652159389172152348E+01    0.658215425562613810E+01
    0.146840507949399234E-04   -0.471469589972082474E+03    0.235555833517389596E+00    0.128674241036872843E+02
    0.149125616562955408E-04   -0.471505473966325553E+03    0.128634948407444565E+02    0.123266303438871532E+02
    0.149777532634455685E-04   -0.471519198091273040E+03    0.191832407419137034E+02    0.646802810499878067E+01
    0.155713461025695713E-04   -0.471601930996407987E+03    0.190831925222421575E+02    0.598288943200838741E+01
    0.155735249033020895E-04   -0.471607210824278923E+03    0.665738637059416938E+01    0.187838073789967162E+02
    0.155760331960255365E-04   -0.471612532921012473E+03    0.122489729157335656E+02    0.127758281925672641E+02
    0.155844278267402333E-04   -0.471618610521361404E+03    0.126835733529465049E+02    0.129277514239996609E+02
    0.158794718849629505E-04   -0.471661120519721919E+03    0.123055219084320271E+02    0.275936224449807532E+00
    0.162995011490005338E-04   -0.471718335128396006E+03    0.125833327806538051E+02    0.247547418013437230E+02
    0.162630738622671496E-04   -0.471718860383764650E+03    0.636411712802923191E+01    0.665289780411422527E+01
    0.163191253516968001E-04   -0.471730741631326282E+03    0.313240283081252890E+02    0.184825527329225920E+02
    0.162872448546306965E-04   -0.471731830676868810E+03    0.254122565651166390E+02    0.248771477004971793E+02
    0.170272110148872057E-04   -0.471825691547057261E+03    0.128953151963410289E+02    0.123814924144775951E+02
    0.172690675532508047E-04   -0.471858899919252224E+03    0.311044407175497852E+02    0.607086560591504565E+01
    0.172933242028175956E-04   -0.471866707208021012E+03    0.610803317590983141E+01    0.310823622066041736E+02
    0.173022879806410916E-04   -0.471872743614369483E+03    0.254351586327488999E+00    0.128444353688699096E+02
    0.175574308891295913E-04   -0.471907020667987126E+03    0.187622412560195500E+02    0.184838927772865205E+02
    0.177334191880278437E-04   -0.471931968020614704E+03    0.248169794013524090E+02    0.127704189326922180E+02
    0.177163338882860966E-04   -0.471935040187602397E+03    0.605782219119917542E+01    0.598225526313542755E+01
    0.181276278865565240E-04   -0.471985940476570136E+03    0.129302234003214185E+02    0.250424815701656378E+02
    0.180916923187777222E-04   -0.471986971812402373E+03    0.661074654836329856E+01    0.610032361780109067E+01
    0.180944387189445586E-04   -0.471992275398344646E+03    0.129274838970714612E+02    0.124659304674391009E+02
    0.185280733346634383E-04   -0.472044640241274919E+03    0.188572951322368603E+02    0.192234401795034415E+02
    0.188603925771908708E-04   -0.472085194307063318E+03    0.189701899901214723E+02    0.310623226873747029E+02
    0.189623959799006288E-04   -0.472100981840600355E+03    0.126938696788246670E+02    0.129173506822276600E+02
    0.194178346629207633E-04   -0.472153450034982882E+03    0.312312364858915821E+02    0.185256255809010817E+02
    0.195898291211027156E-04   -0.472176087140732704E+03    0.127238873061679350E+02    0.254702864933502227E+02
    0.198702097735072649E-04   -0.472209509350030487E+03    0.189332887490750892E+02    0.310536585301643129E+02
    0.199489543730503242E-04   -0.472222419581586621E+03    0.190592047444170340E+02    0.659048852398766094E+01
    0.199500280420455673E-04   -0.472227527220321292E+03    0.192204489596189845E+02    0.630398471455934306E+01
    0.200121541399171226E-04   -0.472238745714360334E+03    0.129240816843232906E+02    0.126664965153261218E+02
    0.202386512492366317E-04   -0.472266254531049469E+03    0.630265539071286884E+01    0.192199893396296595E+02
    0.204717478529870919E-04   -0.472294157686628012E+03    0.644559923651847555E+01    0.661662005448487189E+01
    0.204472587878693916E-04   -0.472296763780220999E+03    0.311129559418010793E+02    0.312018100089647774E+02
    0.206996834135541002E-04   -0.472326302934665193E+03    0.310471627559713603E+02    0.625140289603953470E+01
    0.221517237869388764E-04   -0.472466896756021185E+03    0.123867780584259268E+02    0.254545833479093986E+02
    0.224381175904558333E-04   -0.472497588504003886E+03    0.189200796557724757E+02    0.664419158833621992E+01
    0.224606416953838261E-04   -0.472504595161397162E+03    0.122030156209059353E+02    0.125099609258859061E+02
    0.228470840527345634E-04   -0.472543713115669391E+03    0.253786238435092848E+02    0.128396751353762664E+02
    0.232031959698714048E-04   -0.472579646175432174E+03    0.124888354012003848E+02    0.247743221327629435E+02
    0.233183481165369762E-04   -0.472594547169399618E+03    0.313613113371234320E+02    0.664555252441922750E+01
    0.239740830196072761E-04   -0.472655012867780272E+03    0.247916973199654862E+02    0.124340637288338129E+02
    0.239679584902605896E-04   -0.472659501873322199E+03    0.186768428976887151E+02    0.596064878052295732E+01
    0.262390972664880097E-04   -0.472845567243479138E+03    0.249068425638028046E+02    0.122817193346714877E+02
    0.263309012289837445E-04   -0.472857552524700054E+03    0.187902700523828337E+02    0.592525743667602622E+01
    0.284363502383736189E-04   -0.473016402651850342E+03    0.254307359941232995E+02    0.127700470878179999E+02
    0.287305582145894283E-04   -0.473041988727375553E+03    0.254736558352968494E+02    0.126831062163576682E+02
    0.288261946990714927E-04   -0.473053635146268618E+03    0.129214893620142863E+02    0.126257621049668902E+02
    0.292652178491086646E-04   -0.473088865535880473E+03    0.124030164145880715E+02    0.128869739920102138E+02
    0.295432510516649286E-04   -0.473112776776339558E+03    0.124569748857775942E+02    0.122241000848368575E+02
    0.296436454911995544E-04   -0.473124561692710131E+03    0.129253106106553624E+02    0.651378778596852816E-02
    0.296236921048703975E-04   -0.473128215022662687E+03    0.310736086865176340E+02    0.639170519892940803E+01
    0.295840059654722026E-04   -0.473130533874998775E+03    0.592573630916446437E+01    0.631575580874428422E+01
    0.302565018108986506E-04   -0.473180488316976721E+03    0.611867966935943564E+01    0.310973676383294517E+02
    0.310707583158560576E-04   -0.473238600382012976E+03    0.127306406337094078E+02    0.317751407885038473E+00
    0.311223120330508238E-04   -0.473246916103762260E+03    0.185518166651601391E+02    0.190477499168137143E+02
    0.328168802778301943E-04   -0.473357952173666433E+03    0.311990390389387464E+02    0.600072136270554690E+01
    0.331607209549504917E-04   -0.473383798265891130E+03    0.123960703612163954E+02    0.128785956731582250E+02
    0.331646723172213819E-04   -0.473389036567517735E+03    0.311180183692690804E+02    0.190437923366540609E+02
    0.334228701050700319E-04   -0.473409546921107335E+03    0.123069145756126890E+02    0.248898343724393456E+02
    0.341692236505002710E-04   -0.473458716813741432E+03    0.593573806314136831E+01    0.313465005770350658E+02
    0.348851841246066702E-04   -0.473505190553263731E+03    0.185568547708381892E+02    0.648225661222052185E+01
    0.348614506604015174E-04   -0.473508829428662182E+03    0.124257859500624566E+02    0.324642622529308478E+00
    0.350279272082020446E-04   -0.473523357449528135E+03    0.651186787459442140E+01    0.185796334798208314E+02
    0.350076367925165974E-04   -0.473527198585939743E+03    0.622929580653436687E+01    0.185003823009713066E+02
    0.349330820825433574E-04   -0.473527934704217557E+03    0.283783216181268838E+00    0.123552877049369183E+02
    0.350163781898797202E-04   -0.473537697923054907E+03    0.187415109730272818E+02    0.594684192695537650E+01
    0.351482374161561618E-04   -0.473550215067152010E+03    0.122179761427273004E+02    0.251894626905696164E+02
    0.359734187823657487E-04   -0.473601626719563512E+03    0.129035885288792418E+02    0.124642657388128857E+02
    0.359583088010060844E-04   -0.473605786479403037E+03    0.632175240313196163E+01    0.593314535713644631E+01
    0.364730543483890107E-04   -0.473639213624272600E+03    0.313265334467719150E+02    0.191897727765944524E+02
    0.375896997213599708E-04   -0.473704526260990065E+03    0.186950915947886891E+02    0.191647355965487094E+02
    0.385920544548189017E-04   -0.473762158946704403E+03    0.128886129535176117E+02    0.249958546430179638E+02
    0.390368104679161037E-04   -0.473790076240673500E+03    0.595826059888415038E+01    0.615394159026810161E+01
    0.389642974077182257E-04   -0.473791357673947346E+03    0.252927768481339434E+02    0.248217505533283287E+02
    0.391089851158630687E-04   -0.473803770600321570E+03    0.125358471294559681E+02    0.129143242635312845E+02
    0.392516841311588897E-04   -0.473816054824635103E+03    0.123862499227580489E+02    0.299447857616123470E+00
    0.396323108554495383E-04   -0.473840355554945120E+03    0.595084130045422643E+01    0.617700228463356371E+01
    0.397101573748865440E-04   -0.473849280138898848E+03    0.185182856141603871E+02    0.189586523343316387E+02
    0.410219215526839279E-04   -0.473919279314088556E+03    0.642300896563424395E+01    0.660168003900943834E+01
    0.409274018253017613E-04   -0.473919665742412803E+03    0.347574107020261314E+00    0.125628491224656287E+02
    0.418802407395228859E-04   -0.473970694391024836E+03    0.626666742068782323E+01    0.191960138866011718E+02
    0.437439385074528956E-04   -0.474062772232026475E+03    0.185248123329184473E+02    0.640165902146727461E+01
    0.441030927866070189E-04   -0.474084125944837410E+03    0.311778691985392449E+02    0.191001160855518215E+02
    0.447497722562983460E-04   -0.474118238833345174E+03    0.252681795263760804E+02    0.128835768917226048E+02
    0.447644285498684236E-04   -0.474123893759315308E+03    0.594002060582002489E+01    0.631480503741292765E+01
    0.447698501955608015E-04   -0.474129135974733856E+03    0.649943212101430223E+01    0.311471920632029153E+02
    0.456237059048804409E-04   -0.474171921017962347E+03    0.128064023207676225E+02    0.123195027321460540E+02
    0.462088079402364171E-04   -0.474202406978366298E+03    0.662625396349701656E+01    0.188657940222934961E+02
    0.461453508366822422E-04   -0.474204658553633521E+03    0.122817921899091260E+02    0.249398654345924164E+02
    0.468335066029329202E-04   -0.474239263922030091E+03    0.191446016008412414E+02    0.312405534411012304E+02
    0.474247957092852510E-04   -0.474269356538724992E+03    0.594322782978322017E+01    0.624165084079707100E+01
    0.481417026065313647E-04   -0.474304363721504444E+03    0.648154073102274086E+01    0.185705647216602188E+02
    0.487128939231348595E-04   -0.474332953637073331E+03    0.648885541972284585E+01    0.311427979642509172E+02
    0.486230443705776858E-04   -0.474334261287478625E+03    0.659290915260142629E+01    0.312714933973649067E+02
    0.491042856776810989E-04   -0.474358958753757292E+03    0.254426525875140612E+02    0.127095211152122012E+02
    0.501029055190826318E-04   -0.474404224124023017E+03    0.313812884467980275E+02    0.310772135857461222E+02
    0.502174520257835748E-04   -0.474413791354813839E+03    0.595697377147940887E+01    0.313185186095753352E+02
    0.504201718353690151E-04   -0.474426848782085870E+03    0.188193133765046454E+02    0.185107639356879083E+02
    0.505480838428582657E-04   -0.474436916199565076E+03    0.330882342279794628E+00    0.126448381829929719E+02
    0.516968892756685053E-04   -0.474486861344328872E+03    0.129022881246066614E+02    0.125188371557063221E+02
    0.530644227500391162E-04   -0.474544079520393041E+03    0.191874492589221504E+02    0.630138332552382341E+01
    0.530184808872855988E-04   -0.474547347219935546E+03    0.128974658289968165E+02    0.124964595316829161E+02
    0.539636195765464923E-04   -0.474587686338365359E+03    0.128158135619495734E+02    0.253610124977438147E+02
    0.538969790192711499E-04   -0.474590214979347422E+03    0.598632691465811995E+01    0.186879996934273258E+02
    0.540023708096882280E-04   -0.474599122021386165E+03    0.633358420994668947E+01    0.310821200408081850E+02
    0.543623827703342127E-04   -0.474617410965374518E+03    0.313606556769375615E+02    0.185167923390513636E+02
    0.542522020457276302E-04   -0.474618353287021762E+03    0.619046826905840497E+01    0.185251676156470566E+02
    0.545071119355408315E-04   -0.474632728497190215E+03    0.187166180339282349E+02    0.311059707493845465E+02
    0.551209138499872677E-04   -0.474660124534117472E+03    0.122898266691184936E+02    0.249401626408742132E+02
    0.551442055941103051E-04   -0.474665969470198320E+03    0.594819947788492520E+01    0.188169737475449672E+02
    0.552605589737918370E-04   -0.474675184991990818E+03    0.187914347912548969E+02    0.595178392362538400E+01
    0.552821613760846859E-04   -0.474680966677207152E+03    0.632895439375523061E+01    0.185163291016753391E+02
    0.559221689974651555E-04   -0.474708987891782215E+03    0.311023222997676285E+02    0.189704048301992181E+02
    0.587291237157174390E-04   -0.474811937620152094E+03    0.661350232511229663E+01    0.189015810789918319E+02
    0.588041382690707956E-04   -0.474819490584726509E+03    0.313577559105984989E+02    0.185203724912927115E+02
    0.592289300455971999E-04   -0.474838886333870562E+03    0.127074361129082796E+02    0.302938709054422772E+00
    0.597148711033467953E-04   -0.474860228295593799E+03    0.636888884713424552E+01    0.660570945444434710E+01
    0.603796141457617244E-04   -0.474887369190072945E+03    0.312241954533707613E+02    0.311429858438239719E+02
    0.619978484016583709E-04   -0.474945265484906599E+03    0.310968823919434421E+02    0.313224993388617960E+02
    0.630857326839007838E-04   -0.474985055397509768E+03    0.128757678558924269E+02    0.126864963102393169E+02
    0.630138427304947912E-04   -0.474987774978691277E+03    0.126059015973251061E+02    0.254620822081743725E+02
    0.629928264559946328E-04   -0.474992107830679799E+03    0.612791892520516157E+01    0.185562374013761548E+02
    0.629689885635351603E-04   -0.474996350842770767E+03    0.310863267843430826E+02    0.631928500977123786E+01
    0.636937359624290217E-04   -0.475024238564825225E+03    0.115414426310208665E+00    0.122558350969605474E+02
    0.637314965677781789E-04   -0.475030423906400188E+03    0.124179269926176232E+02    0.128625275010218463E+02
    0.642421323010964961E-04   -0.475051384646057897E+03    0.312090013063773029E+02    0.602474388278006501E+01
    0.676516649981818394E-04   -0.475159810054939726E+03    0.122394342545396562E+02    0.250953119697002833E+02
    0.681261524215410645E-04   -0.475178788460658495E+03    0.618598367413466477E+01    0.191637434804998996E+02
    0.707125157229020700E-04   -0.475258311288456696E+03    0.651155689543972827E+01    0.651849015564213197E+01
    0.707787003903081747E-04   -0.475265182349404597E+03    0.186087990829702399E+02    0.650564226931867484E+01
    0.711816787993463574E-04   -0.475281537052561873E+03    0.253852526891070944E+02    0.123577659350715638E+02
    0.714941716018214877E-04   -0.475295297983056685E+03    0.189255804082236203E+02    0.310978441001791310E+02
    0.722243504321571744E-04   -0.475320620627701771E+03    0.124842873604439273E+02    0.128825512322597664E+02
    0.725663733202903672E-04   -0.475335069396667848E+03    0.603048512373973189E+01    0.312088591671958326E+02
    0.724645796447038066E-04   -0.475337261894125220E+03    0.637649197672782631E+01    0.311031190127710069E+02
    0.766912980698706941E-04   -0.475455642618075274E+03    0.191164135767527839E+02    0.646833137133170766E+01
    0.769364173955246070E-04   -0.475467024787670539E+03    0.251991382858875426E+02    0.128838637781631604E+02
    0.770319872435850473E-04   -0.475474507631096969E+03    0.311013605869428567E+02    0.620446240561147100E+01
    0.781472594468289659E-04   -0.475508256099206335E+03    0.185509201815785190E+02    0.189748183019979066E+02
    0.783665580731833565E-04   -0.475518860684752553E+03    0.618442466117841683E+01    0.185413777731901170E+02
    0.798288672359218781E-04   -0.475560836490124757E+03    0.123104871452609643E+02    0.123689800718340734E+02
    0.797376670061402743E-04   -0.475563550290448916E+03    0.311165783173709187E+00    0.126525968769605583E+02
    0.796656261986944506E-04   -0.475566742528240184E+03    0.191721666938287854E+02    0.627370541335944143E+01
    0.828411366385645734E-04   -0.475649915637066272E+03    0.606535316927666557E+01    0.652003706250604687E+01
    0.844411999537526250E-04   -0.475693176989630331E+03    0.127851924515666688E+02    0.235007638345622299E+00
    0.884858285673112963E-04   -0.475791750942436693E+03    0.254134976582629264E+02    0.249803440138370298E+02
    0.888731220034741376E-04   -0.475805485636693959E+03    0.128613756548979730E+02    0.121809369503528539E+00
    0.962725829868035831E-04   -0.475970433270581452E+03    0.276254211094429047E+00    0.127210639398093583E+02
    0.960729565726394018E-04   -0.475971281856697942E+03    0.125866970041876485E+02    0.128820851842380328E+02
    0.960289684589759332E-04   -0.475975365923878883E+03    0.128795818548303842E+02    0.250884807678860113E+02
    0.964213021125211070E-04   -0.475988520429370453E+03    0.597337230172848521E+01    0.634610743919162079E+01
    0.972708819445411291E-04   -0.476011065490046917E+03    0.254448900901228363E+02    0.250851414173592389E+02
    0.995329899476009121E-04   -0.476062044415366643E+03    0.128666702624209659E+02    0.250375650813855799E+02
    0.101642785818006234E-03   -0.476108995255927027E+03    0.649341473294368399E+01    0.604930026986735392E+01
    0.101414262763128478E-03   -0.476109493601777046E+03    0.188991830300836234E+02    0.191597957195009627E+02
    0.103602965800637370E-03   -0.476157198036088687E+03    0.189183457511412563E+02    0.597738182084773229E+01
    0.103615226388760131E-03   -0.476162434706199690E+03    0.640290947512285058E+01    0.185598584559587181E+02
    0.105163828997653993E-03   -0.476197104943137731E+03    0.279968588513255956E+00    0.127062066774329825E+02
    0.106768741803150934E-03   -0.476232396530301344E+03    0.251275756202282814E+02    0.122542385706393091E+02
    0.106555214595998414E-03   -0.476233392717845049E+03    0.127311143874976498E+02    0.123009239124744365E+02
    0.109869990754731526E-03   -0.476299661651549741E+03    0.311583858022398239E+02    0.312409487492642626E+02
    0.112677441924476280E-03   -0.476355124603668457E+03    0.191597430045040902E+02    0.188494210779973628E+02
    0.114213394261680187E-03   -0.476387203278618415E+03    0.600081306204408715E+01    0.187220138208675273E+02
    0.114831342794186590E-03   -0.476402995057373516E+03    0.122582746979571713E+02    0.125949552206779707E+02
    0.114754093956442215E-03   -0.476406649173387962E+03    0.214334406269241357E+00    0.123428775059173983E+02
    0.116444340269903967E-03   -0.476440892908250191E+03    0.300897453327899522E+00    0.124967341159206136E+02
    0.119233292829268810E-03   -0.476493230158204028E+03    0.186507178630345045E+02    0.651870833418931550E+01
    0.119398765352138353E-03   -0.476501003843360195E+03    0.188719388843690439E+02    0.597618489277146736E+01
    0.121167652553120467E-03   -0.476535416412192490E+03    0.124242948830509423E+02    0.272652528191577592E+00
    0.124081947892129297E-03   -0.476587950557267561E+03    0.637769626298500825E+01    0.191411062363067472E+02
    0.124243259601762921E-03   -0.476595548952073329E+03    0.312621140341569443E+02    0.191146492775652987E+02
    0.123944645675228146E-03   -0.476595736242601561E+03    0.191309861763341011E+02    0.312947398279204059E+02
    0.124245281002341608E-03   -0.476605581491208966E+03    0.123318663580432801E+02    0.197178017492238206E+00
    0.125681647687139644E-03   -0.476633570330497207E+03    0.249639722325639859E+02    0.128214839988077784E+02
    0.126577699032947037E-03   -0.476652778804848936E+03    0.191505370258625618E+02    0.313644673194878507E+02
    0.127275431487027847E-03   -0.476668773102373507E+03    0.653115538842897081E+01    0.190276858488546168E+02
    0.131949276584873623E-03   -0.476745901283298792E+03    0.248289678407116909E+02    0.125676825223352413E+02
    0.131724769984818175E-03   -0.476747495462252289E+03    0.190603152854318409E+02    0.606404504605328398E+01
    0.131491764265978186E-03   -0.476748954563419829E+03    0.252629364832681702E+02    0.128409705278242647E+02
    0.131515693812046678E-03   -0.476754318500569127E+03    0.311219293242989075E+02    0.189257315943601370E+02
    0.131437282480669995E-03   -0.476758125719490010E+03    0.191414161455095417E+02    0.636699730675342135E+01
    0.131557962589502303E-03   -0.476764961191721000E+03    0.189715576381522055E+02    0.600515708736447085E+01
    0.131331402723678319E-03   -0.476766513963315390E+03    0.599323928676229034E+01    0.187597766944264421E+02
    0.131817454603986076E-03   -0.476778902214026232E+03    0.127272587484362454E+02    0.257304812819117379E+00
    0.132023482752420307E-03   -0.476787025735226166E+03    0.123187500910955059E+02    0.253079758273430713E+02
    0.131816441838374603E-03   -0.476788886847783544E+03    0.314110829217023806E+02    0.658620993794580745E+01
    0.132445277846530583E-03   -0.476803405247888236E+03    0.125524976575002611E+02    0.248302349335275672E+02
    0.132556164419515013E-03   -0.476810078998468782E+03    0.128468044357538620E+02    0.114352806966156087E+00
    0.133075445123121599E-03   -0.476822898570333678E+03    0.312395823816803464E+02    0.186034568766755264E+02
    0.137108164814167565E-03   -0.476887606399436606E+03    0.311543015435382884E+02    0.643330045735813894E+01
    0.136945790305309718E-03   -0.476890236435058057E+03    0.191047694163500488E+02    0.644391332581923315E+01
    0.139671931632456738E-03   -0.476934658776810863E+03    0.185805350076580851E+02    0.187149562629627511E+02
    0.140026825541398551E-03   -0.476944734152947433E+03    0.127697091371012625E+02    0.249111529357675821E+02
    0.140511863556667509E-03   -0.476956649969088573E+03    0.633683854464288032E+01    0.191450231349132309E+02
    0.143358345516429898E-03   -0.477001760939215899E+03    0.229652464918165738E+00    0.123736849398153304E+02
    0.147343067606455565E-03   -0.477061593444327229E+03    0.248979006522054931E+02    0.127510580550478387E+02
    0.147186257605475413E-03   -0.477064463808975120E+03    0.254055138149326432E+02    0.124448780428055414E+02
    0.147065781712557521E-03   -0.477067826085071090E+03    0.251269216264419875E+02    0.254310803411542707E+02
    0.147255175972193277E-03   -0.477075400068076192E+03    0.128629227582384456E+02    0.125343080463702528E+02
    0.150124851525207457E-03   -0.477119000705202609E+03    0.248496584769430200E+02    0.126582706449741256E+02
    0.151022678034172785E-03   -0.477135926144808820E+03    0.187392510073111751E+02    0.185733947902055050E+02
    0.153237901448247479E-03   -0.477170049372810468E+03    0.311291745376538707E+02    0.313396068391872724E+02
    0.153643260176192405E-03   -0.477180332968082951E+03    0.185873696577857928E+02    0.642202673246905942E+01
    0.153608235850303870E-03   -0.477184876998605318E+03    0.313021507176745430E+02    0.311420682402977747E+02
    0.154972012984825962E-03   -0.477207555200874651E+03    0.608943179465646445E+01    0.311917587960293012E+02
    0.158168029731686305E-03   -0.477253382016914770E+03    0.253148513167153872E+02    0.123336496489139957E+02
    0.158715120974599181E-03   -0.477265287928892292E+03    0.254008987439194982E+02    0.124429344958363544E+02
    0.167374613430028291E-03   -0.477376535111228122E+03    0.253494369874007752E+02    0.127641863502242998E+02
    0.167017754482057820E-03   -0.477377266364478032E+03    0.128533338954195901E+02    0.251927767676006482E+02
    0.167599359519531813E-03   -0.477389218855535205E+03    0.312723007278867406E+02    0.311604049773703053E+02
    0.167203884043526499E-03   -0.477389493983031230E+03    0.612764602973514183E+01    0.186010873124087865E+02
    0.168293670643879239E-03   -0.477407487108233170E+03    0.189095355852051874E+02    0.191360007437108379E+02
    0.168536570446868047E-03   -0.477415371645492144E+03    0.186378357265052088E+02    0.608101770096703298E+01
    0.168719151428613039E-03   -0.477422537135803964E+03    0.607595021317966122E+01    0.607659677284789890E+01
    0.170160246061738053E-03   -0.477444547356322744E+03    0.311968049156890714E+02    0.608982946955966753E+01
    0.170412989228752943E-03   -0.477452515801135462E+03    0.252165258016284497E+02    0.122867336977286978E+02
    0.170280689559376182E-03   -0.477455962503445846E+03    0.250439412883567911E+02    0.254107729514796645E+02
    0.170505984403538578E-03   -0.477463606912916021E+03    0.288904825684114186E+00    0.126064271557712093E+02
    0.172399018168573390E-03   -0.477490689448689807E+03    0.251132971774998524E+02    0.128569075032012954E+02
    0.172294442345079105E-03   -0.477494475897071595E+03    0.128252404296688187E+02    0.133548447795054065E+00
    0.172387833554003519E-03   -0.477500559691832621E+03    0.188195204681135628E+02    0.191390244881038782E+02
    0.174888881538140170E-03   -0.477534367741639187E+03    0.250629982762902408E+02    0.122843843922885778E+02
    0.174525137214747729E-03   -0.477535203690567755E+03    0.127787772646814339E+02    0.123679486452603733E+02
    0.175148647399931621E-03   -0.477547336176598321E+03    0.190713058744538166E+02    0.312283391243074675E+02
    0.175480006185957556E-03   -0.477556116345518205E+03    0.123106289888438223E+02    0.249955245616271711E+02
    0.175720348006175043E-03   -0.477563853721547218E+03    0.638430576312037878E+01    0.185777299435359282E+02
    0.175400216431432842E-03   -0.477565206750154744E+03    0.126769432573112617E+02    0.248646272727242881E+02
    0.175187325470548368E-03   -0.477567777787780358E+03    0.623716963731499607E+01    0.191357538414048989E+02
    0.175305822357718329E-03   -0.477574130132525738E+03    0.250170964266048159E+02    0.253985484950986518E+02
    0.181013284439383827E-03   -0.477643206968949471E+03    0.311667721060736547E+02    0.642908418990935004E+01
    0.180879372357085785E-03   -0.477646726838464360E+03    0.253954463678886562E+02    0.126858991103995304E+02
    0.180520889184177473E-03   -0.477647759123676849E+03    0.126085305884031680E+02    0.285382222997245805E+00
    0.180433095390605976E-03   -0.477651786215228071E+03    0.126685631341954714E+02    0.122965780093108563E+02
    0.180233569204624536E-03   -0.477654573355255991E+03    0.653338527144236725E+01    0.189932492014891601E+02
    0.179788520778002191E-03   -0.477654628673630100E+03    0.189469378612806523E+02    0.655468936958965998E+01
    0.187153111861696462E-03   -0.477739920246111240E+03    0.640982198789559376E+01    0.602563093249408599E+01
    0.186741934776996782E-03   -0.477740521394035966E+03    0.253433670187125273E+02    0.127614448221515726E+02
    0.188029760360152972E-03   -0.477759266622598659E+03    0.128110406647506458E+02    0.249832885485171943E+02
    0.188455763313084476E-03   -0.477768792726344600E+03    0.629882117244050299E+01    0.311300079486046855E+02
    0.187995551758920473E-03   -0.477768902725805390E+03    0.128051617111384513E+02    0.158396148562108319E+00
    0.190376749349629461E-03   -0.477799076122699489E+03    0.191185706797050976E+02    0.189463840743834062E+02
    0.192110340699414944E-03   -0.477822205918616589E+03    0.613652932386881211E+01    0.603812314835380892E+01
    0.191756591162722465E-03   -0.477823519749191973E+03    0.254045218445161964E+02    0.126536904246624520E+02
    0.193634729865204498E-03   -0.477848013219526138E+03    0.185698656054773004E+02    0.622851126645419662E+01
    0.193276602857292391E-03   -0.477849310799049988E+03    0.191343282766546281E+02    0.629260243263212971E+01
    0.195411439659154911E-03   -0.477876280687862447E+03    0.123139103364798963E+02    0.124349623967127503E+02
    0.198209554202839679E-03   -0.477909715773602841E+03    0.126743193599344188E+02    0.128290316102925761E+02
    0.198017661630581307E-03   -0.477912778576160633E+03    0.187497743307937839E+02    0.654898262195946934E+01
    0.204823980377528752E-03   -0.477985368078414524E+03    0.191320273891719062E+02    0.627799679946714839E+01
    0.204652928733153254E-03   -0.477988697149963969E+03    0.603219571673895594E+01    0.187196468034509209E+02
    0.204434771833219138E-03   -0.477991564043343374E+03    0.625803106178522572E+01    0.311346329303490421E+02
    0.204197534653465337E-03   -0.477994241787343128E+03    0.128149295266528078E+02    0.252670514142052554E+02
    0.205615457350560312E-03   -0.478013081547261265E+03    0.656078672227844706E+01    0.187996354312183236E+02
    0.205369774767964281E-03   -0.478015690389694839E+03    0.254085131471090939E+02    0.250737129335776210E+02
    0.211977121455899937E-03   -0.478084022824794147E+03    0.124724722341992393E+02    0.253974314334961484E+02
    0.212210275557288009E-03   -0.478091221420287695E+03    0.123973080229083283E+02    0.253569995100727326E+02
    0.213474976809558000E-03   -0.478108105364740140E+03    0.122861231033927467E+02    0.251395320829666353E+02
    0.213245185047307537E-03   -0.478110951336831420E+03    0.603992706908272936E+01    0.187099940645733547E+02
    0.213223719597897615E-03   -0.478115750004924735E+03    0.252172498453983707E+02    0.128335944533110329E+02
    0.213257891345674741E-03   -0.478121070504069110E+03    0.648552660272356718E+01    0.190435685777569645E+02
    0.213215003981656744E-03   -0.478125668252346770E+03    0.614051266534659845E+01    0.190907020349802785E+02
    0.213391018515404708E-03   -0.478132318623269441E+03    0.187763408092491915E+02    0.601297501629959097E+01
    0.214316774080064356E-03   -0.478145976468895583E+03    0.190184794915523732E+02    0.311927950518046231E+02
    0.217702372065462841E-03   -0.478182323850838657E+03    0.188359436854176963E+02    0.185708888745499969E+02
    0.219056967539560485E-03   -0.478199729765900997E+03    0.312005186311798646E+02    0.646034525943723104E+01
    0.219588569868671619E-03   -0.478209577439423640E+03    0.127535162179457071E+02    0.253393013026905365E+02
    0.219094462575773259E-03   -0.478210072067979581E+03    0.123741255281996683E+02    0.123645580472964873E+02
    0.220504552749242456E-03   -0.478227902806544080E+03    0.127496542615904112E+02    0.123568184597737716E+02
    0.220139026380802898E-03   -0.478229584692135063E+03    0.189551310663304982E+02    0.311584764135635517E+02
    0.219971808326529909E-03   -0.478233064910760675E+03    0.312933650004723063E+02    0.653295913976342302E+01
    0.220392811604063090E-03   -0.478241889045459459E+03    0.127718633295016577E+02    0.127538221746526155E+02
    0.224537784377374977E-03   -0.478284154117612729E+03    0.312644105686244878E+02    0.311836258040566356E+02
    0.226331182929969727E-03   -0.478305064798018179E+03    0.250684377451116553E+02    0.122971168848499310E+02
    0.226069793870059663E-03   -0.478307753670479599E+03    0.637830454505261280E+01    0.654315427445642772E+01
    0.228597723106786831E-03   -0.478334993704715487E+03    0.616305442391373326E+01    0.603428708819505033E+01
    0.229660888205627584E-03   -0.478349273766061458E+03    0.313405626849388810E+02    0.654873674884044021E+01
    0.233230150761589154E-03   -0.478385117597517706E+03    0.312089225879604228E+02    0.610132875026401145E+01
    0.233264822159097294E-03   -0.478390414890303987E+03    0.123683752895186476E+02    0.123748795196437076E+02
    0.233996431920830848E-03   -0.478401677856498566E+03    0.190805371318430623E+02    0.312663091248431861E+02
    0.236233685959856950E-03   -0.478425709142121491E+03    0.311781251849528616E+02    0.312783155040873275E+02
    0.238217356056465114E-03   -0.478447433157706996E+03    0.636013721138894095E+01    0.185863229118607904E+02
    0.240403023032657442E-03   -0.478470699677604955E+03    0.311603212909028144E+02    0.638149198712268184E+01
    0.242809367388590442E-03   -0.478495619400656892E+03    0.311455280252020188E+02    0.624331151809736085E+01
    0.242239646469243612E-03   -0.478495921144067836E+03    0.214076361731186965E+00    0.127365900389907338E+02
    0.243082808844622588E-03   -0.478507870447274001E+03    0.313682609836438395E+02    0.185806425829035007E+02
    0.242669363304165225E-03   -0.478509465866386790E+03    0.191209837886431728E+02    0.188197389120255920E+02
    0.243473476454359627E-03   -0.478521082143067417E+03    0.191143968389264174E+02    0.313501636974319062E+02
    0.245425919004601222E-03   -0.478542056414649153E+03    0.311626429884320757E+02    0.187489008634560506E+02
    0.246386107179512900E-03   -0.478554865816158383E+03    0.311441046869907865E+02    0.188348762070726146E+02
    0.248408171722460400E-03   -0.478576212616322152E+03    0.127983572089306943E+02    0.252747268609848170E+02
    0.251307148117547725E-03   -0.478604417899825933E+03    0.313955986988419227E+02    0.185790127767108544E+02
    0.251472025651269663E-03   -0.478610729629095772E+03    0.615713345644719467E+01    0.186092884622636596E+02
    0.254099603747315848E-03   -0.478636518784196653E+03    0.311635409491660731E+02    0.618502686827293946E+01
    0.256120268063464093E-03   -0.478657360384983576E+03    0.125761265950068601E+02    0.248625954332994432E+02
    0.255870339042893588E-03   -0.478660407778533795E+03    0.655077483729774990E+01    0.188875990663656310E+02
    0.257485210250574714E-03   -0.478677990687487295E+03    0.311698837702945966E+02    0.639450476187318984E+01
    0.257618166965500818E-03   -0.478684023153774660E+03    0.648892375068697902E+01    0.610829765050231455E+01
    0.264560395054125211E-03   -0.478742205246262984E+03    0.617368671003556457E+01    0.186040096570551761E+02
    0.268421035894227285E-03   -0.478776179676801178E+03    0.123001297419724764E+02    0.251644225189875002E+02
    0.272332051447193152E-03   -0.478810110320684032E+03    0.312192119490758628E+02    0.312344008745639421E+02
    0.275346080253647575E-03   -0.478837123682622860E+03    0.313221668634539441E+02    0.311658745545697151E+02
    0.275089924505281691E-03   -0.478840262207249509E+03    0.127764995173458846E+02    0.252976216138451484E+02
    0.275174646993085401E-03   -0.478845878074545794E+03    0.199787041401303683E+00    0.127434944976693796E+02
    0.274561085182306835E-03   -0.478846413659885172E+03    0.123670658601027483E+02    0.123887190036698112E+02
    0.276108630981810699E-03   -0.478862654880007938E+03    0.126733023070165611E+02    0.244208090840049574E+00
    0.277676685744496536E-03   -0.478878980994341248E+03    0.186446332996494455E+02    0.645336056828324267E+01
    0.280062533099893144E-03   -0.478901091943886684E+03    0.619287318186987346E+01    0.185995237686855006E+02
    0.285261915391670808E-03   -0.478942881641658289E+03    0.128114922844234691E+02    0.250318583133379100E+02
    0.284616989133208676E-03   -0.478943354879718754E+03    0.126314851580755256E+02    0.248758566749819394E+02
    0.289428590053918155E-03   -0.478981883322629812E+03    0.190307571350946390E+02    0.609060329448633908E+01
    0.290581513940738913E-03   -0.478994834393808446E+03    0.608221136171935139E+01    0.190210169139245195E+02
    0.291371987664664097E-03   -0.479005267640333443E+03    0.190309957233850824E+02    0.312241809774417902E+02
    0.290865559884883045E-03   -0.479006788456212632E+03    0.123666260250880242E+02    0.127389155076751432E+02
    0.291910620773259283E-03   -0.479018961446758738E+03    0.127402341491826530E+02    0.123680799381689219E+02
    0.293047143367682636E-03   -0.479031733112298923E+03    0.187891701058888856E+02    0.653949395230451636E+01
    0.295093919655279029E-03   -0.479050653477185108E+03    0.312092076929576017E+02    0.312531605347823884E+02
    0.294932418763696220E-03   -0.479054558604735575E+03    0.189530146283560725E+02    0.604144090721045046E+01
    0.295497789760206105E-03   -0.479063388836733509E+03    0.187704487888240443E+02    0.653374115590157167E+01
    0.295430244563286786E-03   -0.479067931622363574E+03    0.189732199984279433E+02    0.651499046689799055E+01
    0.296441920889539744E-03   -0.479079768756262126E+03    0.123515183699515685E+02    0.249818589358151080E+02
    0.296193829622099685E-03   -0.479083094262060797E+03    0.187628623970431399E+02    0.653083152191909466E+01
    0.299709732474227268E-03   -0.479111695018119178E+03    0.250059618476794512E+02    0.123372051198969803E+02
    0.300152951793201690E-03   -0.479119650490504796E+03    0.191030342076100190E+02    0.189144484674665634E+02
    0.300828084727265297E-03   -0.479129144031412352E+03    0.123591618504393086E+02    0.124066819361255654E+02
    0.301001713465598572E-03   -0.479135298037037671E+03    0.311552879271372092E+02    0.626441128938964731E+01
    0.302050151053461890E-03   -0.479147252255776607E+03    0.128239810187497643E+02    0.425452129506031923E-01
    0.302505813781366029E-03   -0.479155267115215224E+03    0.313111634591590828E+02    0.311768450867121274E+02
    0.306837619632552533E-03   -0.479188703485174926E+03    0.126100714395905218E+02    0.128229806112980569E+02
    0.316387274969771892E-03   -0.479255000156240442E+03    0.125789516951681222E+02    0.123076690158004940E+02
    0.316637749539166286E-03   -0.479261582871443011E+03    0.311748437996700645E+02    0.313213725683604167E+02
    0.317907337125896783E-03   -0.479274586017681315E+03    0.248811037731029963E+02    0.126262478921490882E+02
    0.319317144380881876E-03   -0.479288435706267649E+03    0.609163373646374406E+01    0.645682095420586499E+01
    0.318839523606422232E-03   -0.479290441953243658E+03    0.311800429169994722E+02    0.638872955386094166E+01
    0.318865874155430812E-03   -0.479295607236768717E+03    0.648217106936988419E+01    0.190143941864714776E+02
    0.319787309143081718E-03   -0.479306378354183323E+03    0.252722814567409237E+02    0.123491736546187543E+02
    0.323145363337804339E-03   -0.479332270648974827E+03    0.188157361915195800E+02    0.191048450059824333E+02
    0.324554902917695265E-03   -0.479345975550785056E+03    0.611834385668683289E+01    0.186518471963534012E+02
    0.326716937249201921E-03   -0.479364254443809045E+03    0.249639741640907603E+00    0.126271075660392533E+02
    0.326285180041070157E-03   -0.479366609691152917E+03    0.248804206676583100E+02    0.126144625438232048E+02
    0.334703591760777204E-03   -0.479422556801306428E+03    0.187610440015426221E+02    0.190895753554133236E+02
    0.335138838786309956E-03   -0.479430155902628940E+03    0.188911371710141474E+02    0.603097482100400129E+01
    0.335614397231635039E-03   -0.479437991869714779E+03    0.189486912661757962E+02    0.186140369976219446E+02
    0.337739278376114464E-03   -0.479455614586571414E+03    0.640466790576927636E+01    0.186251030870004151E+02
    0.336924838737781649E-03   -0.479455785872470244E+03    0.125110767249247541E+02    0.123173088462633267E+02
    0.336972138402948714E-03   -0.479461066625563660E+03    0.312739178062677716E+02    0.312039605055818292E+02
    0.337689338810400266E-03   -0.479470318836201727E+03    0.253019721465714049E+02    0.249420171651534552E+02
    0.342408087183429847E-03   -0.479503072648617206E+03    0.613067996593105580E+01    0.648671040504274110E+01
    0.343386215797742409E-03   -0.479513777736998975E+03    0.123133622562039129E+02    0.251546993599359503E+02
    0.346688816227009320E-03   -0.479537921311196385E+03    0.128110328594982761E+02    0.664346655774198380E-01
    0.348350389752018349E-03   -0.479552483803073471E+03    0.138952409510297359E+00    0.123545455075905544E+02
    0.350985754314839379E-03   -0.479572557395708145E+03    0.249180756422641743E+02    0.127001313067467976E+02
    0.350234940871108069E-03   -0.479573274500261277E+03    0.180019254639320947E+00    0.127440661706449205E+02
    0.352787996195429502E-03   -0.479592800720747732E+03    0.124402895471619725E+02    0.123475810101778745E+02
    0.352894364887637113E-03   -0.479598403647497150E+03    0.227251894504428814E+00    0.126761625945025340E+02
    0.352488857421959798E-03   -0.479601104145623424E+03    0.253130458636435627E+02    0.123897535735315785E+02
    0.352098441813582534E-03   -0.479603887723903881E+03    0.189852748009303269E+02    0.312032277194602194E+02
    0.352551923862332224E-03   -0.479611461948702129E+03    0.311639074953802364E+02    0.314147055988539812E+02
    0.353757159197350894E-03   -0.479623287495951672E+03    0.123815223039956681E+02    0.127375762845892648E+02
    0.354314845242650065E-03   -0.479631437944816241E+03    0.127476425470114734E+02    0.123916154651410491E+02
    0.353616926934749345E-03   -0.479632494522235504E+03    0.123167596455992889E+02    0.251010525659267110E+02
    0.353093087323296179E-03   -0.479634529573689065E+03    0.311740441061364955E+02    0.621389936300333368E+01
    0.360131619087716230E-03   -0.479679005268836079E+03    0.235037600780054839E+00    0.124790113469094397E+02
    0.360765244510861081E-03   -0.479687521031593917E+03    0.249084916147193987E+02    0.124544842504298892E+02
    0.360698311098284295E-03   -0.479692149933637552E+03    0.125668390267348062E+02    0.250414445671471586E+00
    0.364594252900070337E-03   -0.479718636321152530E+03    0.127098732797094609E+02    0.127711182320705792E+02
    0.363768682651285100E-03   -0.479719102479233754E+03    0.190231763946202967E+02    0.186696246442055944E+02
    0.366712103888480604E-03   -0.479740220286692477E+03    0.123189786975472408E+02    0.251006613601638620E+02
    0.366084110033741532E-03   -0.479741792354088318E+03    0.605987127711421891E+01    0.639451048919266718E+01
    0.367090074549582203E-03   -0.479752280627779669E+03    0.126866021590110467E+02    0.249143199322879738E+02
    0.366323139805905076E-03   -0.479753097801464492E+03    0.125157357260788551E+02    0.128103923855698181E+02
    0.366557678563642065E-03   -0.479759377893724320E+03    0.609642393766552626E+01    0.312508981089933933E+02
    0.365937549914347338E-03   -0.479760991502805496E+03    0.125419551462195180E+02    0.123185284401066610E+02
    0.368359642267216585E-03   -0.479779185621824467E+03    0.653091326944534067E+01    0.313942461702486106E+02
    0.368855805828208758E-03   -0.479786877717532320E+03    0.123588144502770891E+02    0.252696632168220070E+02
    0.372097954573845802E-03   -0.479809380399134341E+03    0.128143890173668940E+02    0.125710268602419326E+02
    0.371207491685977657E-03   -0.479809588488523048E+03    0.150500833184968263E+00    0.123689985769555140E+02
    0.371506505558689872E-03   -0.479816198873624046E+03    0.188471489492707960E+02    0.311680138045702506E+02
    0.371649090406867585E-03   -0.479821966329864438E+03    0.311681285091684472E+02    0.188473303649854387E+02
    0.372038101271090300E-03   -0.479829058666018966E+03    0.611741489680161799E+01    0.312317098058398379E+02
    0.373193899055911332E-03   -0.479840262364792068E+03    0.252250812620598772E+02    0.123367261202474747E+02
    0.372921969166263806E-03   -0.479843804522045275E+03    0.312155043391508364E+02    0.613795462752795018E+01
    0.378424712453535926E-03   -0.479878100408014348E+03    0.127390128094311859E+02    0.249563345472858380E+02
    0.380456621709096088E-03   -0.479893810457239283E+03    0.649435105548311231E+01    0.189766750342895136E+02
    0.381027146599445890E-03   -0.479901807369430173E+03    0.611581583253846439E+01    0.190303153142148496E+02
    0.380674100734991266E-03   -0.479904953383285545E+03    0.189256669748584159E+02    0.186154357035085525E+02
    0.381077659905353246E-03   -0.479912072494675726E+03    0.781554192198271602E-01    0.123330747930862152E+02
    0.383248809649598221E-03   -0.479928434946038806E+03    0.616258340576439334E+01    0.312017895665220735E+02
    0.382942695020161480E-03   -0.479931836835676847E+03    0.186047100194354975E+02    0.630221413966002686E+01
    0.382356376302797282E-03   -0.479933772314346243E+03    0.611495803700302165E+01    0.312368574755375228E+02
    0.383106050481183660E-03   -0.479942689812537424E+03    0.125506783505335129E+02    0.123215109774241913E+02
    0.387771920409809374E-03   -0.479971900787990535E+03    0.649391782867373646E+01    0.187248219626224248E+02
    0.390154052192369816E-03   -0.479989149455920824E+03    0.190934008259827195E+02    0.188662192694166961E+02
    0.392662058024644336E-03   -0.480006964799809282E+03    0.190201702196661131E+02    0.645789463856519408E+01
    0.392748026823228264E-03   -0.480012402628661221E+03    0.187006092410831393E+02    0.190429161358588210E+02
    0.394797842951917911E-03   -0.480027813810212479E+03    0.125230127471105028E+02    0.123266226236550924E+02
    0.393886084323586013E-03   -0.480028189605240186E+03    0.123973641651112167E+02    0.123907102257988608E+02
    0.393002712346765494E-03   -0.480028699149401177E+03    0.644165195028059401E+01    0.609797917421248492E+01
    0.392924027449347273E-03   -0.480033298680025609E+03    0.627623502756174201E+01    0.603977808203253375E+01
    0.393624582846001196E-03   -0.480041861361709778E+03    0.311986271439970615E+02    0.639290273507483686E+01
    0.399221976088034568E-03   -0.480075101308904550E+03    0.187855408762780307E+02    0.604909564307397929E+01
    0.399329449821617208E-03   -0.480080639652363686E+03    0.127823494660613530E+02    0.124558152673259368E+02
    0.399154421695671689E-03   -0.480084762850038658E+03    0.123239383581854600E+02    0.251354249460830879E+02
    0.399804509808544741E-03   -0.480093017526747133E+03    0.607559084909794933E+01    0.615804991714385341E+01
    0.400044102112160098E-03   -0.480099215715040373E+03    0.189079320566945803E+02    0.190845963333382045E+02
    0.401812464836651465E-03   -0.480113037071199074E+03    0.252791596314124547E+02    0.123736897274044537E+02
    0.401476095310860986E-03   -0.480116362108740248E+03    0.190709471837975819E+02    0.189469691916827294E+02
    0.403438581971495350E-03   -0.480131114648256244E+03    0.251711741697172862E+02    0.123279443893967144E+02
    0.404202831463391942E-03   -0.480139899742518651E+03    0.123296495189596271E+02    0.126133040194822943E+02
    0.404823396202558293E-03   -0.480147967948911173E+03    0.123323376404284772E+02    0.251909884163286293E+02
    0.403924985059913092E-03   -0.480148524482770085E+03    0.190701052538476503E+02    0.189472278357240036E+02
    0.409051819583174125E-03   -0.480178749814948105E+03    0.190835079574915980E+02    0.187936841944965209E+02
    0.408346476229376324E-03   -0.480180298163372697E+03    0.253063303676089895E+02    0.123997510875042334E+02
    0.408347715219876690E-03   -0.480185304231693067E+03    0.124540738748714013E+02    0.127790027722324879E+02
    0.409745814402013371E-03   -0.480197140127553951E+03    0.606782217569893234E+01    0.189559497040324914E+02
    0.408752947633101728E-03   -0.480197287989459369E+03    0.312877378956010190E+02    0.186463813719699871E+02
    0.412858100405374116E-03   -0.480222274025157787E+03    0.253220731337015721E+02    0.249856902877496871E+02
    0.413375995474306128E-03   -0.480229781281342639E+03    0.125297168358742859E+02    0.128030003468698581E+02
    0.417238523036621127E-03   -0.480253382234339256E+03    0.249020589465556306E+02    0.126288041829790068E+02
    0.421030354608155854E-03   -0.480276475986999344E+03    0.611658927193283475E+01    0.312451124216558576E+02
    0.426101504481529540E-03   -0.480305421305054040E+03    0.127884325099408951E+02    0.124809692754727362E+02
    0.433138021964417494E-03   -0.480343178991686329E+03    0.253599029946508203E+02    0.126343040287296251E+02
    0.436268901892905537E-03   -0.480362583723817409E+03    0.252480765512137495E+02    0.127731285488492112E+02
    0.444608577708725458E-03   -0.480405454711290986E+03    0.186392551318283175E+02    0.189562839801929570E+02
    0.453573879367912285E-03   -0.480450382453594329E+03    0.124643384187121633E+02    0.123548175569473955E+02
    0.453635216052086570E-03   -0.480455652894817092E+03    0.313464048359277179E+02    0.186253668423922711E+02
    0.453862005092773072E-03   -0.480461652519014876E+03    0.186521473383191498E+02    0.615631537434907106E+01
    0.453935177390477887E-03   -0.480466974935956728E+03    0.640888578577124690E+01    0.608516585438316593E+01
    0.456597142774760160E-03   -0.480483669075348871E+03    0.123949244535225755E+02    0.124068008791419544E+02
    0.456322742470543108E-03   -0.480487466777899044E+03    0.311837235348865214E+02    0.188785640493068172E+02
    0.455448838268997951E-03   -0.480488632903329574E+03    0.190825389185939613E+02    0.313943556956087164E+02
    0.454461134488353801E-03   -0.480489290916987386E+03    0.648937850403519256E+01    0.189603059089462569E+02
    0.458181674930750065E-03   -0.480510597673650636E+03    0.608620090098000865E+01    0.189751467063531294E+02
    0.467340773435204345E-03   -0.480555183520682533E+03    0.123424162184533852E+02    0.125035980073375246E+02
    0.467460325836729180E-03   -0.480560695083633220E+03    0.124388520947466983E+02    0.127608307672508001E+02
    0.471216362157692882E-03   -0.480581700834774495E+03    0.212931108525663715E+00    0.126586047841079488E+02
    0.473059921382787190E-03   -0.480594510250724454E+03    0.617392364388245429E+01    0.607875881449661382E+01
    0.481585819292279884E-03   -0.480635235019558877E+03    0.643895667487647128E+01    0.190200671698531956E+02
    0.483775115299386069E-03   -0.480649306444274600E+03    0.124865361119463802E+02    0.253490529547716825E+02
    0.488659572424264468E-03   -0.480674398274666601E+03    0.189484414830242294E+02    0.312082111099515380E+02
    0.490395403449783371E-03   -0.480686490145448545E+03    0.123638094501111730E+02    0.108523711785127874E+00
    0.492704816374709862E-03   -0.480700886612365764E+03    0.126774017444610809E+02    0.200843032287620155E+00
    0.492344692541254298E-03   -0.480704424253991931E+03    0.187923270204576340E+02    0.311938288958721515E+02
    0.491475304323276655E-03   -0.480705889508013797E+03    0.126478402198817150E+02    0.214388784737075011E+00
    0.493146868351980678E-03   -0.480717680196588390E+03    0.126419966767544434E+02    0.253489810837872724E+02
    0.492156892111480278E-03   -0.480718661226547454E+03    0.121223444806909039E+00    0.127607878955861977E+02
    0.496069230581676389E-03   -0.480739497111959849E+03    0.190161992283853287E+02    0.612657864661765039E+01
    0.495984931831085045E-03   -0.480744157216200222E+03    0.123984914086126032E+02    0.249776108163383945E+02
    0.497025120717998537E-03   -0.480753347261465933E+03    0.124096411956738333E+02    0.166111308635652988E+00
    0.497375360601191472E-03   -0.480759756109929981E+03    0.610885944507049405E+01    0.613586912077308799E+01
    0.498623725958850339E-03   -0.480769769632645819E+03    0.253024763488678701E+02    0.127186278824100931E+02
    0.506058549597712811E-03   -0.480804370868940737E+03    0.123577383794017805E+02    0.126563323129616414E+02
    0.507557895128022980E-03   -0.480815287689377726E+03    0.249305530552387395E+02    0.126695130693923605E+02
    0.515720116448492995E-03   -0.480852194539099912E+03    0.127805665771991919E+02    0.724839027381148776E-01
    0.517403906251098409E-03   -0.480863713761406132E+03    0.187481077608858691E+02    0.648503172859533450E+01
    0.521161891532003732E-03   -0.480883187574005262E+03    0.124680268697207595E+02    0.249298470079364378E+02
    0.522845096468186601E-03   -0.480894636597484805E+03    0.125864487013492550E+02    0.253569925013030009E+02
    0.522631568077986850E-03   -0.480898819636569613E+03    0.127666806787492551E+02    0.102759599010578115E+00
    0.523116016923264125E-03   -0.480905672660710025E+03    0.189683786160517336E+02    0.609212492161532726E+01
    0.528453316137411947E-03   -0.480930975059720367E+03    0.648819419757980675E+01    0.637444276576978286E+01
    0.529907820322633640E-03   -0.480941472257419036E+03    0.189922542825813707E+02    0.312429797675728409E+02
    0.528956783276810080E-03   -0.480942879589203244E+03    0.187096811663183864E+02    0.610798912724804399E+01
    0.538012378056724637E-03   -0.480981829257293896E+03    0.127251782963612090E+02    0.124093616385524630E+02
    0.542702148074151189E-03   -0.481004187400790897E+03    0.189019716872925585E+02    0.190660277456113683E+02
    0.553536996695853326E-03   -0.481048723304979887E+03    0.189204839987164313E+02    0.607308998476546691E+01
    0.558419683034354548E-03   -0.481071287722046748E+03    0.124920372522133913E+02    0.123579917990815140E+02
    0.557438635969467245E-03   -0.481072770976951290E+03    0.127858421662212844E+02    0.251053987505833973E+02
    0.558425117992413455E-03   -0.481081307187448090E+03    0.175997023173789374E+00    0.127001558326669581E+02
    0.557349431189034083E-03   -0.481082450898962463E+03    0.311952295447529302E+02    0.188599995096689526E+02
    0.556524808348752274E-03   -0.481084489620348904E+03    0.123565380849274113E+02    0.250635796742671353E+02
    0.561762508726238808E-03   -0.481108224478904788E+03    0.123470804381425676E+02    0.125881042561690748E+02
    0.563418102926308527E-03   -0.481119110095410178E+03    0.123509975696624075E+02    0.455247532926572537E-01
    0.567378649635971863E-03   -0.481138119908917702E+03    0.249134030734835292E+02    0.125786898719393321E+02
    0.566262049044670987E-03   -0.481139180032892796E+03    0.124746806033523168E+02    0.123666941193159463E+02
    0.577700422421743962E-03   -0.481184176990418791E+03    0.188913946859117878E+02    0.186349465939886088E+02
    0.580440654325765329E-03   -0.481198641250248784E+03    0.614607265517963253E+01    0.186795498231195900E+02
    0.579463754646065260E-03   -0.481200272352249499E+03    0.253074731251461422E+02    0.124354018880865240E+02
    0.578167853164500509E-03   -0.481200794582243418E+03    0.312001541547689136E+02    0.188824441715080553E+02
    0.581072992833235732E-03   -0.481215818886547709E+03    0.190117881204206753E+02    0.613753996007887448E+01
    0.581361316326779081E-03   -0.481221811023470025E+03    0.647674051436199338E+01    0.189495215490920934E+02
    0.580777283984953811E-03   -0.481224800824717988E+03    0.188689628767340025E+02    0.186327137046769344E+02
    0.584334894901352288E-03   -0.481242014659702988E+03    0.123680737883896192E+02    0.124773292100819990E+02
    0.583095748947636060E-03   -0.481242768937952974E+03    0.190134668826489737E+02    0.642599768542652861E+01
    0.583631793209454211E-03   -0.481249606708229805E+03    0.311991017217998419E+02    0.188612097262497258E+02
    0.583734713791918183E-03   -0.481254959367252013E+03    0.312309543299975481E+02    0.187359027970837282E+02
    0.583258232424611477E-03   -0.481258326173511364E+03    0.607686696501732371E+01    0.635034231594976006E+01
    0.583227826104197274E-03   -0.481263221907128752E+03    0.249539680223874747E+02    0.126892235808717064E+02
    0.581887905893923576E-03   -0.481263621777667993E+03    0.639240282423957085E-01    0.123591585372249266E+02
    0.581041720386701595E-03   -0.481265711246755586E+03    0.312343255009915062E+02    0.312974050020866770E+02
    0.581007365449545329E-03   -0.481270592990349428E+03    0.127460018040361138E+02    0.126876603067108089E+02
    0.580886760484422473E-03   -0.481275177789126303E+03    0.188440948043456693E+02    0.190660357847758348E+02
    0.580407886212920446E-03   -0.481278528339350487E+03    0.416811365479677343E-01    0.123539346395890526E+02
    0.579062170522319335E-03   -0.481278885817408536E+03    0.127069936835454040E+02    0.252974413961222062E+02
    0.584818674061720364E-03   -0.481303669803050525E+03    0.126567774852129080E+02    0.127624876623718304E+02
    0.585148498220260907E-03   -0.481309797438680334E+03    0.249703894226737440E+02    0.127086180813523590E+02
    0.584491076023417404E-03   -0.481312549148589710E+03    0.312225257437512447E+02    0.637881579594559245E+01
    0.586986890328041388E-03   -0.481326071094891574E+03    0.123561156069134164E+02    0.467608120509810932E-01
    0.588304196894386317E-03   -0.481335554433980292E+03    0.186460764909839227E+02    0.189195856608049660E+02
    0.589445613977246288E-03   -0.481344431038093262E+03    0.250720796520655824E+02    0.123601284826225530E+02
    0.590330041894245798E-03   -0.481352429669496757E+03    0.188102899373774086E+02    0.190607116539710510E+02
    0.600498205191768507E-03   -0.481391585427737425E+03    0.124799504364017633E+02    0.195672650334130560E+00
    0.600344450181062076E-03   -0.481396073270675458E+03    0.638563732893798441E+01    0.186618805292994665E+02
    0.600868131342582380E-03   -0.481402817112532432E+03    0.252160962661946328E+02    0.123696607920968837E+02
    0.607601760134108366E-03   -0.481430105457580169E+03    0.312035333115743576E+02    0.314004886260765907E+02
    0.607941431394170358E-03   -0.481436223217183567E+03    0.313008005989507758E+02    0.312368489438129942E+02
    0.606866016665688103E-03   -0.481437682195069726E+03    0.187031408210529762E+02    0.612865996962714998E+01
    0.620381471032414064E-03   -0.481486735251805442E+03    0.190384477433488541E+02    0.618763019147170290E+01
    0.621939917875925395E-03   -0.481496753108456460E+03    0.186389927998625531E+02    0.188308925161529359E+02
    0.621761116761941342E-03   -0.481501178047054282E+03    0.312379941950986186E+02    0.187354761481765699E+02
    0.626387719437175149E-03   -0.481521005201417040E+03    0.618229854101071385E+01    0.186643720386414529E+02
    0.627514702704258086E-03   -0.481529600325090541E+03    0.127504593232550025E+02    0.102457002520716989E+00
    0.626916111137147593E-03   -0.481532691597702978E+03    0.250568750740403807E+02    0.123699311651834361E+02
    0.625739707660198392E-03   -0.481533935086759925E+03    0.123558762284956121E+02    0.231221887774177856E-02
    0.625326297993226174E-03   -0.481537613303000683E+03    0.607366097262502613E+01    0.630261423993157610E+01
    0.628608274514395383E-03   -0.481553082697776176E+03    0.123638301488311626E+02    0.250769707065885683E+02
    0.628383088526224915E-03   -0.481557366110543569E+03    0.127249399595752006E+02    0.249949907059642449E+02
    0.628939176086153380E-03   -0.481564135227696170E+03    0.187209716112625841E+02    0.611730523457210129E+01
    0.633729026644005338E-03   -0.481584309043028668E+03    0.127447771330909578E+02    0.124567617288460148E+02
    0.644452047639359799E-03   -0.481622866956798418E+03    0.609322418373448826E+01    0.189353681567945138E+02
    0.646507704112132256E-03   -0.481634236351994275E+03    0.250272589896006998E+02    0.127458612536185640E+02
    0.647600738404174631E-03   -0.481642614846457434E+03    0.313228605157652709E+02    0.646917912894877301E+01
    0.649737988709544524E-03   -0.481654204497083526E+03    0.249261670029443181E+02    0.125453191206954724E+02
    0.654814379578946273E-03   -0.481674769733452763E+03    0.189991287183566122E+02    0.312724834336557898E+02
    0.654922115706242820E-03   -0.481680098764911918E+03    0.190225881842585558E+02    0.187357639243553997E+02
    0.657110927139772428E-03   -0.481691771808631415E+03    0.609398384307438334E+01    0.187661069861516410E+02
    0.660329600388112788E-03   -0.481706544332202839E+03    0.123599958668061785E+02    0.251342899032626832E+02
    0.669598871516956674E-03   -0.481739423790148180E+03    0.126611365221022591E+02    0.127488800008847196E+02
    0.670229123935154507E-03   -0.481746305382313210E+03    0.312333249127426420E+02    0.618896177595765451E+01
    0.670147067876163626E-03   -0.481751060507599391E+03    0.609457017682766100E+01    0.620198644752071715E+01
    0.669250954081834076E-03   -0.481753384338414833E+03    0.123688079983542618E+02    0.250770157566773548E+02
    0.672407306508258093E-03   -0.481767794657993875E+03    0.190108368156718797E+02    0.615667118335573882E+01
    0.674955432376658651E-03   -0.481780359447587045E+03    0.644634239773133100E+01    0.640676164093441969E+01
    0.673669083333298382E-03   -0.481781544154542985E+03    0.188828117279761791E+02    0.312140764633574186E+02
    0.674569513350398620E-03   -0.481789215581256826E+03    0.121584691619279511E+00    0.127307472683318874E+02
    0.673599525207159216E-03   -0.481791337638557138E+03    0.249291346615303588E+02    0.125835010352813530E+02
    0.673339197160681023E-03   -0.481795564543106252E+03    0.127703696591983924E+02    0.251422629756621276E+02
    0.674364448969757744E-03   -0.481803607502913678E+03    0.644587546950848100E+01    0.189728087975010311E+02
    0.675254052737137380E-03   -0.481811244111392568E+03    0.253345650401094602E+02    0.125950007358959084E+02
    0.674831832632870614E-03   -0.481814993168404158E+03    0.269524117752308612E-01    0.123644091346020772E+02
    0.674606449967162826E-03   -0.481819325089928213E+03    0.249763976285471188E+02    0.126969872268806849E+02
    0.686005902542599307E-03   -0.481857838586375635E+03    0.189013885760611373E+02    0.312199480672797165E+02
    0.685447704851548600E-03   -0.481861210539407409E+03    0.646892067299476548E+01    0.636426103546583111E+01
    0.685804902075814148E-03   -0.481867252498359562E+03    0.123832368490488083E+02    0.124799140757879137E+02
    0.685877481982230162E-03   -0.481872464150582687E+03    0.190310729201803888E+02    0.189390740019004937E+02
    0.687999341499100168E-03   -0.481883641884037900E+03    0.125151495147360396E+02    0.195482243244888804E+00
    0.688357055225891578E-03   -0.481889681480281126E+03    0.123970804543412001E+02    0.124561969365492846E+02
    0.688608325501620291E-03   -0.481895411405033087E+03    0.123877500830447609E+02    0.126603360958140083E+02
    0.687672673532587191E-03   -0.481897692041432663E+03    0.127628168842032714E+02    0.125204987015386120E+02
    0.686558568381174031E-03   -0.481899449194489534E+03    0.126316829931633752E+02    0.123755347080288534E+02
    0.690716265598442401E-03   -0.481916524372934873E+03    0.608248610046628801E+01    0.629807128251003423E+01
    0.691067111858587458E-03   -0.481922540006132920E+03    0.313679257699516576E+02    0.312206207292193767E+02
    0.690867985740392047E-03   -0.481926963637185054E+03    0.187226809618884893E+02    0.190055445435023529E+02
    0.689322363739976315E-03   -0.481927484189412894E+03    0.124443360086632833E+02    0.159784604454087764E+00
    0.689912842685308026E-03   -0.481934196671747088E+03    0.644903963260000612E+01    0.639652909318584317E+01
    0.692133079635858938E-03   -0.481945622619900291E+03    0.189950254016420956E+02    0.189876989942348011E+02
    0.694484555387808213E-03   -0.481957405969388162E+03    0.312569527090955859E+02    0.312940558262919701E+02
    0.696478623691418981E-03   -0.481968140325838874E+03    0.250405286704632211E+02    0.123888709691448309E+02
    0.695309680209288275E-03   -0.481969780781133124E+03    0.647299171896847891E+01    0.189124527666146243E+02
    0.694096201515661203E-03   -0.481971287262016347E+03    0.125268004022809691E+02    0.195945938231438355E+00
    0.695347455644728459E-03   -0.481979889436054464E+03    0.127659914246226673E+02    0.464043531339414402E-02
    0.697194380587509580E-03   -0.481990194629701648E+03    0.253208393391555013E+02    0.126326984594271376E+02
    0.697277675278290912E-03   -0.481995433557948445E+03    0.186885202300085211E+02    0.616565869354377050E+01
    0.696191667992330046E-03   -0.481997316137357643E+03    0.646016140657421900E+01    0.189411952973072424E+02
    0.695791958123448927E-03   -0.482001167532238014E+03    0.125149469406400513E+02    0.249403307373912888E+02
    0.694879775881272342E-03   -0.482003543814934517E+03    0.644474261087075728E+01    0.187330951071123941E+02
    0.706388797845106347E-03   -0.482041397704566634E+03    0.250039540539323966E+02    0.127170446864188413E+02
    0.708631079172295495E-03   -0.482052736225291142E+03    0.611055091364386982E+01    0.618641160658859501E+01
    0.716417805163683673E-03   -0.482079593169498935E+03    0.188962496603800503E+02    0.190411373879064101E+02
    0.718519698444889093E-03   -0.482090452364841497E+03    0.127503187360472374E+02    0.124960427242417378E+02
    0.730193273327180625E-03   -0.482127684636584263E+03    0.189355351233877229E+02    0.610704622704577549E+01
    0.734236182224932824E-03   -0.482143727624428379E+03    0.251307458873046770E+02    0.123708339528878941E+02
    0.732907838766139641E-03   -0.482145106047261379E+03    0.187650253420809641E+02    0.190259020074247438E+02
    0.731355547124251009E-03   -0.482145865574574941E+03    0.126468208466062517E+02    0.249545217787363249E+02
    0.734253447018281364E-03   -0.482158774651776696E+03    0.125173096191003310E+02    0.249438260691061515E+02
    0.737260759673197719E-03   -0.482171949406265924E+03    0.312513661327151979E+02    0.617877222597486053E+01
    0.741774671502896314E-03   -0.482189157162075503E+03    0.186649335690293938E+02    0.634410686357873210E+01
    0.741913123094728282E-03   -0.482194530425487756E+03    0.187917724471868617E+02    0.646866700586537213E+01
    0.740507678429950188E-03   -0.482195738128227958E+03    0.186889916296533158E+02    0.187401684396582837E+02
    0.740212856191574961E-03   -0.482199941699096655E+03    0.647557896337938566E+01    0.188237551193378110E+02
    0.744030745393043421E-03   -0.482215230839283436E+03    0.188546227833987601E+02    0.608953314130761214E+01
    0.747740748439852188E-03   -0.482230178772223667E+03    0.127082539313535250E+02    0.250013026952794810E+02
    0.748408155892718867E-03   -0.482236963106644453E+03    0.188362590638122285E+02    0.312232242379191227E+02
    0.755288181782808542E-03   -0.482260264870712035E+03    0.187433178382804080E+02    0.190102303419713401E+02
    0.756162619545175038E-03   -0.482267579038951339E+03    0.249927877969962218E+02    0.126984586066972813E+02
    0.759650101817964927E-03   -0.482281781992263916E+03    0.611670480938082051E+01    0.187537969474876292E+02
    0.760575366745592542E-03   -0.482289216539141364E+03    0.189764389429268405E+02    0.189934964114641680E+02
    0.761895451404599961E-03   -0.482297684809203645E+03    0.123776237754477751E+02    0.250998182466574562E+02
    0.763571291775830166E-03   -0.482307079112921826E+03    0.190076583714374294E+02    0.187416649811871849E+02
    0.763556723219742535E-03   -0.482312040953564065E+03    0.123793414123389915E+02    0.250928926936675794E+02
    0.764414690365954443E-03   -0.482319286983113443E+03    0.189814090220220955E+02    0.614486111883198660E+01
    0.762891933025788924E-03   -0.482320298896316956E+03    0.186706853994798259E+02    0.635025505393972800E+01
    0.763263470201092499E-03   -0.482326272682294132E+03    0.187010607616330091E+02    0.616319687864607246E+01
    0.762324502956528301E-03   -0.482328810766286267E+03    0.250595931590881946E+02    0.123901334941905841E+02
    0.763481785854834213E-03   -0.482336844658933614E+03    0.190372593529652043E+02    0.313829573087102176E+02
    0.764807764188899604E-03   -0.482345315149631517E+03    0.123786895166079809E+02    0.125981642529222366E+02
    0.765532189636026475E-03   -0.482352208651789454E+03    0.312260425418675318E+02    0.188599412309666796E+02
    0.767533663792919324E-03   -0.482362430802656718E+03    0.124622558230174558E+02    0.127252563205981026E+02
    0.769404677054159815E-03   -0.482372300260684483E+03    0.123865578845849846E+02    0.251930796654999831E+02
    0.767734514615364271E-03   -0.482372954101000062E+03    0.190352665853678111E+02    0.624480812807034624E+01
    0.768088295008622995E-03   -0.482378875510416037E+03    0.189959816686241538E+02    0.640353269805982084E+01
    0.766361647532859923E-03   -0.482379374488501526E+03    0.614117962956723851E+01    0.187240409306447759E+02
    0.765358189263388761E-03   -0.482381754013427894E+03    0.609476315369187915E+01    0.188303820321220243E+02
    0.763797337147484713E-03   -0.482382671099346169E+03    0.188011509379925528E+02    0.190326510858179176E+02
    0.765294311424082833E-03   -0.482391587083731395E+03    0.124045594950261204E+02    0.124683412559624411E+02
    0.764469046452786538E-03   -0.482394429194285010E+03    0.124332038372596188E+02    0.134300457226074005E+00
    0.769121170224668993E-03   -0.482411563173730201E+03    0.253081406753577660E+02    0.124969426212877615E+02
    0.776542280201733526E-03   -0.482435768304056637E+03    0.127540013602543141E+02    0.125550972926895028E+02
    0.775432786339500402E-03   -0.482437908737366001E+03    0.189941011046631232E+02    0.616300807879246459E+01
    0.774588889125285107E-03   -0.482440730968342621E+03    0.189219050112394598E+02    0.190229380583070942E+02
    0.773313046792344387E-03   -0.482442434008523037E+03    0.187898626227285099E+02    0.312378483968671610E+02
    0.772961629779087890E-03   -0.482446524941008363E+03    0.123839491443192813E+02    0.125221799450384150E+02
    0.771935627926394977E-03   -0.482448868448485257E+03    0.189116144792683016E+02    0.190266448238331805E+02
    0.772817453292387753E-03   -0.482456151856681629E+03    0.125850743670158298E+02    0.186495022727671211E+00
    0.772368583512779493E-03   -0.482459989874158964E+03    0.127435695346267401E+02    0.126272085778513325E+02
    0.771699146041713050E-03   -0.482463255656157571E+03    0.124027538205708563E+02    0.126575112754638699E+02
    0.774370545618888531E-03   -0.482475167122697769E+03    0.124471374314760155E+02    0.249886993205684078E+02
    0.774912003717373086E-03   -0.482481565081051485E+03    0.645858094946872185E+01    0.189137690271079570E+02
    0.773032274756431143E-03   -0.482481707723041779E+03    0.189337944935085645E+02    0.312492074084170000E+02
    0.780134474927777696E-03   -0.482504998739573693E+03    0.126702496112202390E+02    0.252872529964400741E+02
    0.781282182815169366E-03   -0.482512938910830087E+03    0.633530346700944413E+01    0.312374463547635521E+02
    0.786485769727583608E-03   -0.482531215380762887E+03    0.610506433358492462E+01    0.313643279377570181E+02
    0.786629513531025707E-03   -0.482536580881766895E+03    0.312352573696911442E+02    0.632432334792990591E+01
    0.789504796771536019E-03   -0.482548877941189573E+03    0.630483910481949383E+01    0.609950300130281953E+01
    0.790422546921545313E-03   -0.482556201466399500E+03    0.188461133915397845E+02    0.312312048745179673E+02
    0.788825820049580918E-03   -0.482557157194581464E+03    0.646453127385380633E+01    0.188847901003999645E+02
    0.788381140698308906E-03   -0.482561029430441124E+03    0.189043719217580950E+02    0.312396061428864869E+02
    0.795247991228418584E-03   -0.482583374131746268E+03    0.252278029138281958E+02    0.124087456589545582E+02
    0.798370729732446847E-03   -0.482596212248755819E+03    0.188818477133221876E+02    0.190303763308010652E+02
    0.801110963775425520E-03   -0.482608065060476065E+03    0.189992807151158409E+02    0.638911693377806600E+01
    0.800008057930047425E-03   -0.482610309722478405E+03    0.190252071980405937E+02    0.313634915741457903E+02
    0.800021356765974229E-03   -0.482615342968957009E+03    0.186671287698688673E+02    0.626685320361185116E+01
    0.800937480477655322E-03   -0.482622631906786921E+03    0.610200962029983085E+01    0.313904251711815085E+02
    0.799477187441358160E-03   -0.482623982119089248E+03    0.127402683828285959E+02    0.126231812159266816E+02
    0.801251335762030487E-03   -0.482633415473081300E+03    0.646165947532259999E+01    0.188106082537425507E+02
    0.799687051876630693E-03   -0.482634507054380606E+03    0.642344608763437552E+01    0.312988604952514358E+02
    0.803998800425326709E-03   -0.482650261676758021E+03    0.249505841490651470E+02    0.125705211250446087E+02
    0.808684951815844834E-03   -0.482666884946536982E+03    0.622277494307005874E+01    0.611174261918339301E+01
    0.807954265094612220E-03   -0.482670077031045764E+03    0.252973823622730478E+02    0.124895072993235061E+02
    0.806342158910338053E-03   -0.482671082456824536E+03    0.124149178946944527E+02    0.100362636178085135E+00
    0.805673506025655429E-03   -0.482674423284553313E+03    0.640136847890437899E+01    0.187116683682861158E+02
    0.804169704963879350E-03   -0.482675686767881530E+03    0.250819837376007584E+02    0.127406569725753762E+02
    0.802521568125446911E-03   -0.482676583584042476E+03    0.252455719173050248E+02    0.124241478290211074E+02
    0.802296429964463099E-03   -0.482681022428415588E+03    0.126209461758013752E+02    0.253057192933526132E+02
    0.800932687463774243E-03   -0.482682619938241714E+03    0.124083302335547216E+02    0.889736458746594600E-01
    0.802700879908699121E-03   -0.482692030405065225E+03    0.189500504004397463E+02    0.312652514493726734E+02
    0.802261588369977815E-03   -0.482695935571862890E+03    0.125374594421265293E+02    0.127450058268671818E+02
    0.801137914673445760E-03   -0.482698132343152054E+03    0.187753526765121457E+02    0.312509153087721856E+02
    0.807021839499601126E-03   -0.482717767583380351E+03    0.126887571199090097E+02    0.126989246108245730E+02
    0.806689092393689786E-03   -0.482721942783587394E+03    0.188401595848546144E+02    0.610319223578776970E+01
    0.807191640113109291E-03   -0.482728188347092896E+03    0.126754210904275109E+02    0.127097296980069316E+02
    0.809692911199031687E-03   -0.482739376230029052E+03    0.126620586113609725E+02    0.252849703609335066E+02
    0.812083423326623332E-03   -0.482750272268361812E+03    0.138948332173268213E+00    0.124527131248465484E+02
    0.811445503426814064E-03   -0.482753700581101782E+03    0.313589799566579153E+02    0.645328731225493790E+01
    0.810116310159723473E-03   -0.482755421782714564E+03    0.313974349591996216E+02    0.312375683676923863E+02
    0.808101400200895298E-03   -0.482755441214309599E+03    0.252532093380084994E+02    0.126992663619095367E+02
    0.808943236842719817E-03   -0.482762523622422748E+03    0.189978526298491417E+02    0.618264339030896171E+01
    0.806931235099625629E-03   -0.482762543030630923E+03    0.127451417895421102E+02    0.251438343314723873E+02
    0.811578729472368118E-03   -0.482779028921352335E+03    0.174434620382052957E+00    0.125277143919939871E+02
    0.815253115922638075E-03   -0.482793063395834281E+03    0.250687360059991420E+02    0.123999638706116446E+02
    0.815444830398143715E-03   -0.482798533659445752E+03    0.253043723310309971E+02    0.126140400423113501E+02
    0.818680442155898065E-03   -0.482811453776808946E+03    0.253100095635282720E+02    0.125794841944047171E+02
    0.817936409485745344E-03   -0.482814635311550774E+03    0.189519935984325301E+02    0.312707062846871864E+02
    0.819019539620876235E-03   -0.482822282005357749E+03    0.249721266209656392E+02    0.126418897638459473E+02
    0.818506902543205306E-03   -0.482826029782294427E+03    0.313258013848129799E+02    0.312631393137755502E+02
    0.819613122762767360E-03   -0.482833730977251150E+03    0.125881536550409319E+02    0.249569549100005226E+02
    0.818578623167717876E-03   -0.482836205022068839E+03    0.188499236707376419E+02    0.646024286312929341E+01
    0.817777823394984248E-03   -0.482839247502756109E+03    0.249917561255575293E+02    0.126734288338874652E+02
    0.823436642485874163E-03   -0.482858039341990604E+03    0.253090619524050524E+02    0.125597696642900853E+02
    0.828351621699919475E-03   -0.482874941578678659E+03    0.612673877245305576E+01    0.620254915636306681E+01
    0.827525017464600149E-03   -0.482877944801178558E+03    0.644555234161467094E+01    0.187818683926732355E+02
    0.829809260187430991E-03   -0.482888457857174615E+03    0.620850857709448523E+01    0.190085062759301451E+02
    0.836573910981285051E-03   -0.482909695870304802E+03    0.615810329021477099E+01    0.616073930450460239E+01
    0.836394730858518415E-03   -0.482914267457915003E+03    0.249659013950895385E+02    0.125139838256408744E+02
    0.840602871532112944E-03   -0.482929304799650367E+03    0.126867265643969436E+02    0.250064170779970958E+02
    0.841807538807342573E-03   -0.482937168946171880E+03    0.612163005655460069E+01    0.313506956419729725E+02
    0.846851470298264877E-03   -0.482954116761483760E+03    0.127399006297439694E+02    0.125583107518789419E+02
    0.845588731879198178E-03   -0.482956132340168836E+03    0.641168694902525527E+01    0.616629402691204387E+01
    0.844013931217561623E-03   -0.482957404123702247E+03    0.639410020754517650E+01    0.312822814954426391E+02
    0.844623714047554341E-03   -0.482963848561135478E+03    0.189859568317033585E+02    0.189567630252816492E+02
    0.845751637127521261E-03   -0.482971517609158695E+03    0.313595901664304222E+02    0.312521039530876443E+02
    0.844068268994480346E-03   -0.482972532879936864E+03    0.614569662858339161E+01    0.189549542352244167E+02
    0.842448352962787235E-03   -0.482973690838871164E+03    0.251236715121623320E+02    0.127392892953879411E+02
    0.842902937996910912E-03   -0.482979769747577279E+03    0.314147858197250969E+02    0.186765784302197950E+02
    0.841013862111032349E-03   -0.482980282407874427E+03    0.127462032886860310E+00    0.126833722756190781E+02
    0.846725371634226534E-03   -0.482998818933452185E+03    0.126863831209635780E+02    0.126902601907624533E+02
    0.845386028082009211E-03   -0.483000652844429624E+03    0.124200345884427303E+02    0.911898379006579884E-01
    0.844565277712275948E-03   -0.483003710183877388E+03    0.124092014326652542E+02    0.250620820470117067E+02
    0.844255085210980768E-03   -0.483007975487608689E+03    0.126483787831480505E+02    0.127177962357291214E+02
    0.849064704397984129E-03   -0.483024336914199409E+03    0.188803916556695732E+02    0.611427400489522732E+01
    0.850022246329300356E-03   -0.483031591165006887E+03    0.188204585006744907E+02    0.645219086116293994E+01
    0.848857640896125837E-03   -0.483033849109787184E+03    0.124248020809863480E+02    0.252294835266162458E+02
    0.849042588003412501E-03   -0.483039284817621819E+03    0.123989442514650179E+02    0.125302801029578230E+02
    0.848456701132151506E-03   -0.483042904229368787E+03    0.126994454169794064E+02    0.124586518583431420E+02
    0.846827635257076518E-03   -0.483044060469731448E+03    0.189359593173632135E+02    0.187018005359427164E+02
    0.849160461917923461E-03   -0.483054562461487080E+03    0.124542738163446938E+02    0.124374094326523839E+02
    0.847226910494640155E-03   -0.483055003238064216E+03    0.125605396144150205E+02    0.253034484552916510E+02
    0.852871076152766981E-03   -0.483073282911209731E+03    0.119089500814639301E+00    0.124445984406091004E+02
    0.851531134606111620E-03   -0.483075138250133250E+03    0.188672114133156228E+02    0.190188598822300676E+02
    0.853800088787124833E-03   -0.483085460279047709E+03    0.313213159032590305E+02    0.614199059553000559E+01
    0.853247479109931861E-03   -0.483089165389070729E+03    0.639793188277077007E+01    0.312906832974585640E+02
    0.851240368759639322E-03   -0.483089455208753520E+03    0.186799870667466443E+02    0.627428926190571890E+01
    0.852747971826797366E-03   -0.483097994208228101E+03    0.639477279888077366E+01    0.615546346076625372E+01
    0.851830566842482276E-03   -0.483100841406108259E+03    0.187891317310950825E+02    0.612483138612605948E+01
    0.851369389544709030E-03   -0.483104758321747397E+03    0.635215952967540165E+01    0.186948544489207187E+02
    0.849840574141105462E-03   -0.483106163666536588E+03    0.187589102682766438E+02    0.642623745672483082E+01
    0.849913965917077326E-03   -0.483111336378005888E+03    0.124756281269406557E+02    0.252755520870358374E+02
    0.849129463019219761E-03   -0.483114489449457153E+03    0.638022279658168223E+01    0.187110546703446659E+02
    0.855033009582574044E-03   -0.483133346274199766E+03    0.180594653817265673E-01    0.123988263474396252E+02
    0.853379334171214384E-03   -0.483134474431587762E+03    0.644650622315688970E+01    0.313745097871905614E+02
    0.856665995636420909E-03   -0.483147162334252982E+03    0.190175809248278647E+02    0.188443731397662511E+02
    0.856772385059930992E-03   -0.483152410699002701E+03    0.186870624828197371E+02    0.188920637832623655E+02
    0.855216075805594771E-03   -0.483153774436916592E+03    0.189943195572497388E+02    0.636833027890759507E+01
    0.853711757088424232E-03   -0.483155253354102513E+03    0.188671658267673656E+02    0.312489851419545630E+02
    0.852734361527116144E-03   -0.483157962286936595E+03    0.250098309549779820E+02    0.124520840431105437E+02
    0.850731280833376380E-03   -0.483158258742427961E+03    0.126561738931175949E+02    0.252745080935370119E+02
    0.849815479971704709E-03   -0.483161104609483630E+03    0.611789723936345986E+01    0.188212297966081721E+02
    0.856084507512558683E-03   -0.483180804312415887E+03    0.633706785989904731E+01    0.190077574118337971E+02
    0.855457326219094712E-03   -0.483184338543226545E+03    0.644735727329147679E+01    0.625253322485909990E+01
    0.853536895954273237E-03   -0.483184843663025731E+03    0.126173829464553862E+02    0.252917635033287844E+02
    0.852094737064135275E-03   -0.483186461551188870E+03    0.251476710593520068E+02    0.124000985566831918E+02
    0.850877856365521456E-03   -0.483188603299892520E+03    0.186827756340303672E+02    0.188552054124386963E+02
    0.851566967392489355E-03   -0.483195222409199289E+03    0.186869339340205478E+02    0.624659577063358551E+01
    0.853166418655732948E-03   -0.483203975375488710E+03    0.625424032406696817E+01    0.190134426724470771E+02
    0.851342725941602128E-03   -0.483204695683787918E+03    0.313595813019548153E+02    0.186929693565225925E+02
    0.850846298643928751E-03   -0.483208529121662082E+03    0.124024443570016754E+02    0.125942900745785114E+02
    0.849435558589753175E-03   -0.483210210282795742E+03    0.149691052715121981E+00    0.124940156786221319E+02
    0.847558323093157797E-03   -0.483210785431810507E+03    0.127037236703022032E+02    0.252264167042699263E+02
    0.848472143531166841E-03   -0.483217940630185581E+03    0.314127765904893543E+02    0.186835855051225117E+02
    0.849215229627701138E-03   -0.483224691449931868E+03    0.188724717331769014E+02    0.312517161024490733E+02
    0.852291779447456044E-03   -0.483236923987103069E+03    0.187189214091271587E+02    0.618161358220482526E+01
    0.852116722240256193E-03   -0.483241513153179994E+03    0.189830927690958937E+02    0.618569700813776535E+01
    0.850654372709117859E-03   -0.483243077929514300E+03    0.313279100482921891E+02    0.187096555110156366E+02
    0.851215825744887724E-03   -0.483249397543798977E+03    0.124014722638380270E+02    0.722957618349937686E-02
    0.852049064263812059E-03   -0.483256354347089598E+03    0.188566996119821972E+02    0.186848634881906861E+02
    0.851329918038024351E-03   -0.483259665594848343E+03    0.187612585812123882E+02    0.642231757315746776E+01
    0.849261779633435202E-03   -0.483259801077570046E+03    0.252724622676171400E+02    0.124790165624184883E+02
    0.847464111433691514E-03   -0.483260563106353004E+03    0.127036025653789348E+02    0.911765032749826954E-01
    0.845592300798194340E-03   -0.483261140781415406E+03    0.124324547820981586E+02    0.250367866098219309E+02
    0.844160462546168951E-03   -0.483262751318469611E+03    0.127112928209849070E+02    0.250545156251671344E+02
    0.842789949944337097E-03   -0.483264501636930163E+03    0.188016914425356347E+02    0.186920525209109201E+02
    0.841060944141865195E-03   -0.483265394369674596E+03    0.186958249672647447E+02    0.187907483371189805E+02
    0.839792702652661328E-03   -0.483267376280069243E+03    0.188043558535683815E+02    0.312577296468718018E+02
    0.838284857859546758E-03   -0.483268782059553075E+03    0.612537869656698852E+01    0.188959522494277614E+02
    0.837063848230450375E-03   -0.483270866822048561E+03    0.612438835670541604E+01    0.313732918112752799E+02
    0.843632024106699251E-03   -0.483291498940678139E+03    0.612036395084004781E+01    0.188317977608917744E+02
    0.843164374099553506E-03   -0.483295389974546595E+03    0.611961379731748156E+01    0.188551447493464934E+02
    0.851895747879963879E-03   -0.483320994437817490E+03    0.186875918872136779E+02    0.630052951497291414E+01
    0.855822641529217125E-03   -0.483335192442816435E+03    0.124584876069049457E+02    0.121519937314255255E+00
    0.854955721831259820E-03   -0.483338165482946692E+03    0.313831934342973042E+02    0.612414824278578518E+01
    0.853642417783555198E-03   -0.483340090905546958E+03    0.124137720445532054E+02    0.125110308891918116E+02
    0.855268488846142125E-03   -0.483348897005787762E+03    0.313135886376681079E+02    0.312902437672513329E+02
    0.854073016710684167E-03   -0.483351099502008708E+03    0.125905254074677924E+02    0.252929015638581802E+02
    0.852319243236038010E-03   -0.483351988432981216E+03    0.187644142988898608E+02    0.614539165489232531E+01
    0.851292359888599953E-03   -0.483354577358837503E+03    0.189870279242018896E+02    0.187640458584198377E+02
    0.849370356840804201E-03   -0.483355056759080298E+03    0.250904088994255154E+02    0.127225943684070550E+02
    0.849336427713866834E-03   -0.483359976865063913E+03    0.627985671637173848E+01    0.312542653887642068E+02
    0.851414117713781096E-03   -0.483369863392459877E+03    0.189690549152569190E+02    0.187410145880763039E+02
    0.856518032509889543E-03   -0.483386816864940954E+03    0.125553261535618343E+02    0.127268609154830283E+02
    0.855881943846007387E-03   -0.483390331023544320E+03    0.124080712768304586E+02    0.251607933837596143E+02
    0.853879349475817522E-03   -0.483390645936114197E+03    0.190047809904625744E+02    0.313740992121514601E+02
    0.852263410855059848E-03   -0.483391857415853053E+03    0.186960073575590044E+02    0.633068347453500468E+01
    0.855014389280683829E-03   -0.483403302719145245E+03    0.186949851593905763E+02    0.188922955072596856E+02
    0.857545009857247102E-03   -0.483414213457002916E+03    0.612337318179814893E+01    0.188413679110106216E+02
    0.857531092129231462E-03   -0.483419180997270132E+03    0.186911921758495971E+02    0.188714515442059607E+02
    0.858100086674438772E-03   -0.483425507610059867E+03    0.124124398706521504E+02    0.126088389849697950E+02
    0.856306866268826891E-03   -0.483426323723482653E+03    0.613382493976580445E+01    0.187931292202754747E+02
    0.858822361917808844E-03   -0.483437190330875978E+03    0.190083291954576943E+02    0.314028850428367008E+02
    0.858793374950969851E-03   -0.483442122825749607E+03    0.252748142762714068E+02    0.124945818747980155E+02
    0.857505069322764485E-03   -0.483444120303957448E+03    0.187014829151631119E+02    0.634141288891287669E+01
    0.855896555995315955E-03   -0.483445365168497801E+03    0.124445174223218409E+02    0.252350264165432989E+02
    0.854511697306781291E-03   -0.483447126505474614E+03    0.188040957475344008E+02    0.186971833713751501E+02
    0.852901313591882047E-03   -0.483448353817361863E+03    0.187117912213729376E+02    0.187701916395550654E+02
    0.852758273331421309E-03   -0.483453018368807136E+03    0.189922961344036629E+02    0.635286314808817743E+01
    0.850805207071857867E-03   -0.483453432529447014E+03    0.186917612730024700E+02    0.188674143091693907E+02
    0.852375705626537720E-03   -0.483462120919771451E+03    0.612767833776186510E+01    0.625235273356984322E+01
    0.851274804486108977E-03   -0.483464536114291377E+03    0.249855915728693496E+02    0.125075454917843167E+02
    0.849509986862067787E-03   -0.483465385516834374E+03    0.619358191354802656E+01    0.187188600850310074E+02
    0.847400593843944177E-03   -0.483465413200370278E+03    0.190061276808869160E+02    0.313917409763118087E+02
    0.846496386848310622E-03   -0.483468277988862667E+03    0.124263329867147974E+02    0.252066900104559579E+02
    0.845300466183647784E-03   -0.483470450413289996E+03    0.621046567429715068E+01    0.614258295568406609E+01
    0.846435088215281525E-03   -0.483478133154570230E+03    0.312923267086429711E+02    0.187510286568889839E+02
    0.849386011669935569E-03   -0.483490093620938637E+03    0.641720097592359107E+01    0.189326436460844292E+02
    0.850344757416106128E-03   -0.483497349850843477E+03    0.126012350569365186E+02    0.249792216740196942E+02
    0.850838693620160143E-03   -0.483503511245207164E+03    0.124112778494233034E+02    0.251585830599620373E+02
    0.849237711099369141E-03   -0.483504744395694786E+03    0.119913154514773940E+00    0.126680623872860103E+02
    0.849474341178982437E-03   -0.483510301594499197E+03    0.190058776549244968E+02    0.188348327045631940E+02
    0.849704826086300881E-03   -0.483515844173912114E+03    0.189855208781743130E+02    0.636142057056281107E+01
    0.850444696433873899E-03   -0.483522584892324119E+03    0.624902084987801842E+01    0.613032609193616018E+01
    0.850391633800959995E-03   -0.483527460100462633E+03    0.189429148987283043E+02    0.189751666118424716E+02
    0.850075314350987239E-03   -0.483531716023774891E+03    0.620792886692313584E+01    0.614612485056116498E+01
    0.848187188160666981E-03   -0.483532268826794393E+03    0.633490528711288015E+01    0.613565686747164829E+01
    0.847147140343390797E-03   -0.483534814920375425E+03    0.616727698923359124E+01    0.187447368590097838E+02
    0.846344283785411037E-03   -0.483537918585722252E+03    0.615634314524532922E+01    0.313248174885532755E+02
    0.847864756636578735E-03   -0.483546508398367735E+03    0.250651006604638233E+02    0.124259225200561279E+02
    0.849604766564720235E-03   -0.483555608644089489E+03    0.614593091081430032E+01    0.313426276659655052E+02
    0.849726147328867831E-03   -0.483560894358339453E+03    0.124260901264901449E+02    0.124994428871462375E+02
    0.847938902125150635E-03   -0.483561683290049928E+03    0.188931256843499860E+02    0.643234278394308578E+01
    0.846594003823116729E-03   -0.483563508613229601E+03    0.251220238543316121E+02    0.124114189920854976E+02
    0.845754297441835478E-03   -0.483566523900154777E+03    0.190047713340156186E+02    0.314142270065603491E+02
    0.846477569845921637E-03   -0.483573233529815070E+03    0.124992711843463713E+02    0.124266097327513290E+02
    0.846238151482332562E-03   -0.483577667768270715E+03    0.615171707018784986E+01    0.313340127869922540E+02
    0.845090665551398879E-03   -0.483579953958642648E+03    0.187097959496760176E+02    0.187829543295223615E+02
    0.843049744661355377E-03   -0.483580118053117076E+03    0.613268607968669244E+01    0.313797018179555991E+02
    0.842692390654708697E-03   -0.483584270108453381E+03    0.188688869884269046E+02    0.612973955056747144E+01
    0.849581342635077506E-03   -0.483605553502561406E+03    0.125004492600308961E+02    0.252719126946182762E+02
    0.849556047103216952E-03   -0.483610493953446621E+03    0.189588624060019590E+02    0.639145366494860756E+01
    0.848377859417154181E-03   -0.483612718373382791E+03    0.643690235238336772E+01    0.188522532062713353E+02
    0.847184903023572760E-03   -0.483614904070976877E+03    0.252863565039040950E+02    0.125622623570025045E+02
    0.846315253934452178E-03   -0.483617849983973770E+03    0.252057720225446822E+02    0.124312414887212324E+02
    0.848568969593615639E-03   -0.483628168853442673E+03    0.627340200807485093E+01    0.613025618476426004E+01
    0.846722838022035611E-03   -0.483628812948947541E+03    0.643270782389265339E+01    0.631667497046968673E+01
    0.848960378070175159E-03   -0.483639091154984044E+03    0.615404996291325546E+01    0.636508664107507283E+01
    0.847274136200746935E-03   -0.483640114717974370E+03    0.250509380416396041E+02    0.124372124688179237E+02
    0.846481917039891454E-03   -0.483643243801044832E+03    0.125989189729181010E+02    0.249834904389289179E+02
    0.846547110784136433E-03   -0.483648397829695796E+03    0.187652389637051584E+02    0.187223461881355000E+02
    0.845251738461566733E-03   -0.483650335119075635E+03    0.127056275965556811E+02    0.250704788149639164E+02
    0.843371385192139022E-03   -0.483650880948052418E+03    0.126705527401116367E+02    0.124549491215756181E+02
    0.842707084666612853E-03   -0.483654304982113047E+03    0.187183021510127752E+02    0.636067414856417024E+01
    0.841617688722187370E-03   -0.483656717841880834E+03    0.249949394525611766E+02    0.126313078838849044E+02
    0.844465915779785852E-03   -0.483668474872811430E+03    0.126888458195597256E+02    0.252227010366518307E+02
    0.844349097351636073E-03   -0.483673198185483500E+03    0.312654901078252863E+02    0.630332468719899985E+01
    0.842979423645770043E-03   -0.483674951220853586E+03    0.615819758199331346E+01    0.619712564738466476E+01
    0.841440905458896928E-03   -0.483676297694264974E+03    0.312763446357194788E+02    0.313565311508542912E+02
    0.843205756273373544E-03   -0.483685488131346403E+03    0.188409713838349795E+02    0.190006864272300078E+02
    0.841913099985949764E-03   -0.483687419726916232E+03    0.187026027700552788E+02    0.631926757562279917E+01
    0.843850851604393279E-03   -0.483697017648161534E+03    0.250226248962779998E+02    0.126697377388770214E+02
    0.843224668533632481E-03   -0.483700532988839370E+03    0.189472350845564605E+02    0.313008874500702809E+02
    0.844742094415317792E-03   -0.483709128856539508E+03    0.613288314190387585E+01    0.188589798193733706E+02
    0.842883852801461718E-03   -0.483709724462620500E+03    0.125085629035124200E+02    0.127054286190094228E+02
    0.843360929228197348E-03   -0.483715856152265019E+03    0.125568725583947991E+02    0.252828164870069863E+02
    0.842271091901035081E-03   -0.483718269971021812E+03    0.150227663016646446E+00    0.125618582200292224E+02
    0.841155300524590137E-03   -0.483720618731752040E+03    0.312996670418273872E+02    0.618800492580185235E+01
    0.842527527480578238E-03   -0.483728878792939327E+03    0.642332077989516304E+01    0.313625400416149454E+02
    0.843465263555039503E-03   -0.483736103562051369E+03    0.188185530029058619E+02    0.613671943995733660E+01
    0.847950330590765901E-03   -0.483751710245738764E+03    0.619856751729774125E+01    0.616028006091186064E+01
    0.846682790108844855E-03   -0.483753718351616499E+03    0.614016983173779618E+01    0.188072883451545145E+02
    0.846045072097953280E-03   -0.483757211392216107E+03    0.124693627261872457E+02    0.124532256568156949E+02
    0.846186145236889863E-03   -0.483762544852887004E+03    0.188901233454064261E+02    0.187063552017130235E+02
    0.846967310204475290E-03   -0.483769390320633647E+03    0.189057389971719054E+02    0.187119700569176395E+02
    0.851457640990812962E-03   -0.483784965627468125E+03    0.626152680901468806E+01    0.312694388624571111E+02
    0.851674380829159838E-03   -0.483790474665726379E+03    0.188070426133766873E+02    0.642484642765078640E+01
    0.849851366036797110E-03   -0.483791189063834622E+03    0.124221617358953349E+02    0.125990936727887863E+02
    0.853832366924818986E-03   -0.483805535888146380E+03    0.124266229082872091E+02    0.126132423147376329E+02
    0.853725737835938454E-03   -0.483810286106686590E+03    0.187701412549771689E+02    0.640718961268588760E+01
    0.855081058623533160E-03   -0.483818458662120236E+03    0.187026904006034336E+02    0.628820081728261382E+01
    0.853597273639192895E-03   -0.483819985134471835E+03    0.625636099785466193E+01    0.613875139538346115E+01
    0.852155205424007722E-03   -0.483821603474878373E+03    0.126642110982847935E+02    0.126759160733720755E+02
    0.853625968464535672E-03   -0.483830052366043333E+03    0.252473880874238468E+02    0.124750206716703573E+02
    0.851507622785731234E-03   -0.483830083026914679E+03    0.187063158805764367E+02    0.188805914600929903E+02
    0.849432382011395723E-03   -0.483830202803513089E+03    0.313045889999689564E+02    0.313205775655135881E+02
    0.849026649999985597E-03   -0.483834247273797132E+03    0.614244336913553024E+01    0.188091534932907507E+02
    0.847754905151107104E-03   -0.483836249256561132E+03    0.189957286364340838E+02    0.314087347168084321E+02
    0.847352157124006515E-03   -0.483840298878750446E+03    0.188531084603624315E+02    0.187033871160830074E+02
    0.845285997005942522E-03   -0.483840416178595660E+03    0.628814472830650573E+01    0.613706138040382942E+01
    0.843508212015060214E-03   -0.483841205397582598E+03    0.124373857058223223E+02    0.688359618766239550E-01
    0.845833877686099516E-03   -0.483851712078921878E+03    0.619183448636680644E+01    0.313022220308149883E+02
    0.843861655408397371E-03   -0.483852043253953866E+03    0.249966212357906805E+02    0.125140544349807783E+02
    0.842514395089778321E-03   -0.483853847618899977E+03    0.187201639612503996E+02    0.189166939827807283E+02
    0.843951663787446244E-03   -0.483862256567542772E+03    0.639550153819819300E+01    0.313234378960738482E+02
    0.848709997184803164E-03   -0.483878501215050335E+03    0.124439853686084874E+02    0.776422573525113457E-01
    0.847321166514424049E-03   -0.483880225730470727E+03    0.188595291552494828E+02    0.642769323882650934E+01
    0.849696694164281657E-03   -0.483890825033239480E+03    0.188418529813165030E+02    0.312716439648997344E+02
    0.848341825261472509E-03   -0.483892633423214590E+03    0.124374265904190935E+02    0.250676407915250543E+02
    0.847387497262002852E-03   -0.483895382290117880E+03    0.188271275851291335E+02    0.187069750360913183E+02
    0.847343998425108182E-03   -0.483900279621731727E+03    0.637540946388064178E+01    0.187387122297124087E+02
    0.847249772597594738E-03   -0.483905057206592005E+03    0.187104198259107157E+02    0.188866893221351333E+02
    0.847054109515077208E-03   -0.483909595275092045E+03    0.124315742544343610E+02    0.251829833214425811E+02
    0.848473895026827045E-03   -0.483917944758768613E+03    0.124233976867932920E+02    0.125792822189430176E+02
    0.848264477177710372E-03   -0.483922451063680228E+03    0.635953669755498385E+01    0.189709668519457857E+02
    0.848349799803380837E-03   -0.483927652223429732E+03    0.313399117906857150E+02    0.187281464721944033E+02
    0.847138760472349256E-03   -0.483929795136533698E+03    0.124835459922354968E+02    0.116781939964900175E+00
    0.848296482535345784E-03   -0.483937526523055794E+03    0.640882314913238638E+01    0.621510677630167496E+01
    0.847234364615693635E-03   -0.483940020834503173E+03    0.313912025526703431E+02    0.187089200529788648E+02
    0.846587570057121832E-03   -0.483943493413995100E+03    0.632359023807509857E+01    0.187127192968232130E+02
    0.846245807465526652E-03   -0.483947685862346361E+03    0.619083552358787603E+01    0.187409622257163093E+02
    0.845271033863529580E-03   -0.483950380774543305E+03    0.252351506651734496E+02    0.124673411171395045E+02
    0.843662731677774264E-03   -0.483951571737848781E+03    0.633456315418966742E+01    0.615037587271959563E+01
    0.842534426979680813E-03   -0.483953895170970043E+03    0.614809156924057110E+01    0.313711623342830279E+02
    0.841665645883743637E-03   -0.483956831802877332E+03    0.125211719272622997E+02    0.127012118246967560E+02
    0.841563686451150621E-03   -0.483961589508067561E+03    0.187076291878737813E+02    0.628881064766205444E+01
    0.840514991126929114E-03   -0.483964095699724169E+03    0.252729347763153456E+02    0.125440879967645706E+02
    0.840996447451565813E-03   -0.483970240993955940E+03    0.126212541638546281E+02    0.252634357894420312E+02
    0.842922988715691748E-03   -0.483979817322403278E+03    0.252420738898754458E+02    0.124766577638843454E+02
    0.840935151016260055E-03   -0.483980095217670168E+03    0.640862771123344110E+01    0.313506498710772874E+02
    0.839389300586488598E-03   -0.483981415331052062E+03    0.127073629744395333E+02    0.251427150422018961E+02
    0.837566957952878138E-03   -0.483982068543014691E+03    0.187084915647813013E+02    0.629170863347786646E+01
    0.837047477719042978E-03   -0.483985827707537737E+03    0.313156554390062603E+02    0.638262570171892030E+01
    0.836083430963269463E-03   -0.483988522934235277E+03    0.125031554128541025E+02    0.126161830420117443E+00
    0.835409887466424957E-03   -0.483991911097619777E+03    0.126383376607952602E+02    0.252539895524116957E+02
    0.833498840983044930E-03   -0.483992330745714241E+03    0.252400365513896254E+02    0.126578345129581198E+02
    0.832509789140245928E-03   -0.483994956083443867E+03    0.126289092267243355E+02    0.250064954992797865E+02
    0.832255927197894261E-03   -0.483999346119070310E+03    0.127065685291409043E+02    0.120461865026075376E-01
    0.831566555644503119E-03   -0.484002688799013811E+03    0.187444461915599341E+02    0.618976603811268866E+01
    0.830393602740125947E-03   -0.484004865739524178E+03    0.187994678418711381E+02    0.615188268640816638E+01
    0.833347443929557626E-03   -0.484016967431939520E+03    0.640041956484469843E+01    0.635992154024991052E+01
    0.834083565298304698E-03   -0.484023733313496223E+03    0.127057106979892289E+02    0.119603526595594301E-01
    0.835358059509817234E-03   -0.484031787015860345E+03    0.125323342067726653E+02    0.135358423758243723E+00
    0.833451410003883410E-03   -0.484032216930729874E+03    0.126420417034582400E+02    0.250154603731289562E+02
    0.831529508209686587E-03   -0.484032599694275575E+03    0.187117028167677404E+02    0.630481431682617277E+01
    0.830752320943054282E-03   -0.484035729524465353E+03    0.188666887074081693E+02    0.187111852231876732E+02
    0.830064966889684677E-03   -0.484039074064595923E+03    0.614866061584471169E+01    0.188133422033363047E+02
    0.829306696092829785E-03   -0.484042246214050977E+03    0.250024771407197441E+02    0.125172832774606348E+02
    0.832732258257828624E-03   -0.484055490466104402E+03    0.614508043416307448E+01    0.188364841235613945E+02
    0.832791531525915447E-03   -0.484060632819563352E+03    0.124327230404233724E+02    0.250962326775668174E+02
    0.832986276924659822E-03   -0.484066100457920925E+03    0.109573568678050667E+00    0.126508639546982540E+02
    0.838115980505531647E-03   -0.484083379107345650E+03    0.187857092579242568E+02    0.616113744994665513E+01
    0.845009014399951907E-03   -0.484104760712877294E+03    0.124976671397687564E+02    0.252512332685174954E+02
    0.851700993626452866E-03   -0.484125537159989676E+03    0.636067851342949364E+01    0.639521250671219033E+01
    0.852091320396609442E-03   -0.484131453531718250E+03    0.125410592723156444E+02    0.133606280206195110E+00
    0.850835342299659627E-03   -0.484133503367504659E+03    0.618883047554603305E+01    0.187517075869887258E+02
    0.849215096823019606E-03   -0.484134691137161553E+03    0.189784043329224552E+02    0.632630036987240096E+01
    0.848472867173038852E-03   -0.484137942335937737E+03    0.124776864814457777E+02    0.250299401196500355E+02
    0.849819815246456852E-03   -0.484146114812318899E+03    0.250049846334655612E+02    0.126113817044348604E+02
    0.850106929124190775E-03   -0.484151790403502844E+03    0.313409880935260929E+02    0.617058475229556791E+01
    0.852394111443516766E-03   -0.484162164106404134E+03    0.626565083183405314E+01    0.312822146296828620E+02
    0.850499872131279524E-03   -0.484162714645400058E+03    0.189180195441406411E+02    0.639936801650237186E+01
    0.849100198498897534E-03   -0.484164420519980752E+03    0.125811601106138955E+02    0.133959327219894175E+00
    0.847408791021536699E-03   -0.484165432546917941E+03    0.124567488341461061E+02    0.126447459208376074E+02
    0.849160228028780816E-03   -0.484174561910615523E+03    0.187496825125604865E+02    0.637315750146842053E+01
    0.849537503806553802E-03   -0.484180450298883557E+03    0.125156341360066587E+02    0.124232477538226638E+00
    0.847973203600986135E-03   -0.484181764193949903E+03    0.250519889024008826E+02    0.126735007304522842E+02
    0.846418579338043399E-03   -0.484183094146172664E+03    0.252378576943699855E+02    0.126496490228226026E+02
    0.851896244651550636E-03   -0.484200995604090338E+03    0.124883715955517385E+02    0.124580977630473839E+02
    0.852816173551550574E-03   -0.484208154159350386E+03    0.188522060875760893E+02    0.189826834360947245E+02
    0.850937744094954450E-03   -0.484208744061863285E+03    0.126091193736430505E+02    0.126924621125406087E+02
    0.849710090467278465E-03   -0.484210856564955407E+03    0.637251860418562366E+01    0.187509192486598515E+02
    0.848656648266539124E-03   -0.484213375493437013E+03    0.188973229661383648E+02    0.640727973581298293E+01
    0.847137049536966953E-03   -0.484214791097202294E+03    0.125155114820029603E+02    0.122803730964317501E+00
    0.846436832581855237E-03   -0.484218137276244306E+03    0.125555781453548736E+02    0.252650842612390676E+02
    0.844815435662041986E-03   -0.484219302490749612E+03    0.640102356646574222E+01    0.634432372566842506E+01
    0.842894213250599102E-03   -0.484219749045807077E+03    0.124484447885248439E+02    0.126273034616001194E+02
    0.840955663522339721E-03   -0.484220144002064274E+03    0.252149207142501908E+02    0.124621413424297085E+02
    0.840339427363158702E-03   -0.484223677903245289E+03    0.632339974693479068E+01    0.187232190197106974E+02
    0.839352447974444347E-03   -0.484226327520971495E+03    0.124886138637927271E+02    0.124590883432282027E+02
    0.842626285933098127E-03   -0.484239113212971176E+03    0.637026527770953788E+01    0.189487847506173317E+02
    0.843898938497130314E-03   -0.484247131615037461E+03    0.250037834064251037E+02    0.125396414728307484E+02
    0.847120749234315032E-03   -0.484259752613560238E+03    0.313987530898585874E+02    0.641327744346244355E+01
    0.845281886317952110E-03   -0.484260406452424888E+03    0.252096719636513384E+02    0.124600727753372738E+02
    0.843202775858305372E-03   -0.484260481062086399E+03    0.124375334335785368E+02    0.247605299849735089E-01
    0.842896218678082900E-03   -0.484264753804233635E+03    0.615698612680757851E+01    0.188848308725725360E+02
    0.841093520402288542E-03   -0.484265471832859191E+03    0.188157594129241410E+02    0.187229814070448235E+02
    0.847298291341529370E-03   -0.484285171735639551E+03    0.124365627660469436E+02    0.107987385203821683E-01
    0.849392134631662076E-03   -0.484295108038269689E+03    0.250086172776619797E+02    0.125281192420082821E+02
    0.847484238128247067E-03   -0.484295610604424724E+03    0.124370392911703807E+02    0.116902492481608129E-01
    0.845699570383692855E-03   -0.484296394479993353E+03    0.126719056808903989E+02    0.250570910057543976E+02
    0.844537557836299636E-03   -0.484298644539855218E+03    0.313683216959662978E+02    0.616248102453234647E+01
    0.842583507363719878E-03   -0.484299011674113331E+03    0.252075923576090268E+02    0.126723513092001543E+02
    0.841039482063493638E-03   -0.484300343333296439E+03    0.639445454588250772E+01    0.634981783577006365E+01
    0.839258514407519572E-03   -0.484301103684551663E+03    0.126135371893005850E+02    0.126871457709894404E+02
    0.837574558272178161E-03   -0.484302086691497607E+03    0.125431136788552742E+02    0.250052315251354926E+02
    0.839553937092957312E-03   -0.484311807569463213E+03    0.250095949614702313E+02    0.126056067598917814E+02
    0.841408972652078215E-03   -0.484321221792528831E+03    0.250198840938803393E+02    0.126286330579407782E+02
    0.840031718671116305E-03   -0.484322945425313378E+03    0.187442563887798315E+02    0.187753316206159973E+02
    0.838283936420120262E-03   -0.484323779861159778E+03    0.189777412357748858E+02    0.629553888424218488E+01
    0.839044046256050909E-03   -0.484330592529631986E+03    0.126417574680870750E+02    0.250286339988441640E+02
    0.837649621342000843E-03   -0.484332265922601778E+03    0.125638129052712006E+02    0.128426015463328991E+00
    0.835977698795217230E-03   -0.484333269995712158E+03    0.126434326885591766E+02    0.252354859890389989E+02
    0.838706064608991594E-03   -0.484344786732274144E+03    0.251480660726427665E+02    0.126934184515358606E+02
    0.836798255617638852E-03   -0.484345232139861992E+03    0.125810563917766025E+02    0.250056353985782565E+02
    0.835849713567779137E-03   -0.484347963779348561E+03    0.126872336778886190E+02    0.251744358219842361E+02
    0.836774940860296663E-03   -0.484355176415362109E+03    0.187223543575758491E+02    0.629280877253806548E+01
    0.834893200246896935E-03   -0.484355673747968012E+03    0.187604989349929632E+02    0.619184986133111348E+01
    0.833478790289599297E-03   -0.484357282633026784E+03    0.313188573676315656E+02    0.313332537106965638E+02
    0.832131195120439939E-03   -0.484359046352084590E+03    0.189341437469756535E+02    0.189448695663445115E+02
    0.831121815638958920E-03   -0.484361618869076665E+03    0.633873964150349156E+01    0.189641245557490201E+02
    0.833163147967975050E-03   -0.484371525080205970E+03    0.251492022447252772E+02    0.126922280848248281E+02
    0.831168813019032273E-03   -0.484371731959722240E+03    0.251400920173826528E+02    0.124396634786438138E+02
    0.831217048121621577E-03   -0.484376848022072693E+03    0.187567769370702280E+02    0.189359004108768012E+02
    0.830333791644802602E-03   -0.484379721679528416E+03    0.189109696521566129E+02    0.187388233914999134E+02
    0.837307154240184994E-03   -0.484401448069600292E+03    0.188128686641167135E+02    0.187292651964892016E+02
    0.835309211710273669E-03   -0.484401670061873403E+03    0.189386053069003104E+02    0.313271154403183836E+02
    0.836160132653220728E-03   -0.484408706404374868E+03    0.189737505278640803E+02    0.626534221948381287E+01
    0.835437762073487286E-03   -0.484411977829274406E+03    0.618190231389719447E+01    0.313420599596367460E+02
    0.834893180057070562E-03   -0.484415673699602962E+03    0.189063480040688177E+02    0.189611410244439718E+02
    0.835729423208127079E-03   -0.484422675930913044E+03    0.250429480796210662E+02    0.124795022845214891E+02
    0.837568021583948836E-03   -0.484432071082824564E+03    0.126777826901093302E+02    0.251884306361111960E+02
    0.835945391441731940E-03   -0.484433192701837413E+03    0.189055343354730248E+02    0.189607732151344237E+02
    0.835168353940926545E-03   -0.484436332774447123E+03    0.125125875236195316E+02    0.250205853674890655E+02
    0.834095362153057301E-03   -0.484438761600281396E+03    0.189703599547074688E+02    0.188203689181799589E+02
    0.833761621810013881E-03   -0.484442961195089140E+03    0.189545520562927976E+02    0.313497246675791494E+02
    0.831814455771186906E-03   -0.484443284934539747E+03    0.189485646167454753E+02    0.635802844929542577E+01
    0.829920172570560973E-03   -0.484443725159497887E+03    0.616278829318727173E+01    0.625316987189431384E+01
    0.828779045086217069E-03   -0.484445973297913213E+03    0.618923364317227431E+01    0.636412298949818211E+01
    0.827827011810145039E-03   -0.484448674541665355E+03    0.126550430372963465E+02    0.124798353702013394E+02
    0.826974798937918929E-03   -0.484451614565801094E+03    0.628805813241872702E+01    0.640685177341021816E+01
    0.825152857704539015E-03   -0.484452203424895345E+03    0.188874780053277789E+02    0.640097687437499374E+01
    0.823542536176373723E-03   -0.484453296524818541E+03    0.632061560788921728E+01    0.616528263545337563E+01
    0.821710877472069633E-03   -0.484453843327649338E+03    0.639527486063101325E+01    0.633547126438875896E+01
    0.819814592441663525E-03   -0.484454222538246540E+03    0.250468482211915280E+02    0.126553567359342303E+02
    0.822509153174252276E-03   -0.484465785344532776E+03    0.616746482061577073E+01    0.624090683006579017E+01
    0.823359957508638094E-03   -0.484472853077391164E+03    0.625594249660008561E+01    0.640304104575294808E+01
    0.822398388249591232E-03   -0.484475515992190424E+03    0.189624983734805781E+02    0.313676898961600195E+02
    0.820455022539782965E-03   -0.484475784306201888E+03    0.125685345511027293E+02    0.126891426054247560E+02
    0.819042074271045337E-03   -0.484477337032958644E+03    0.125101007033320126E+02    0.252418241894008197E+02
    0.818256144539318509E-03   -0.484480416967858559E+03    0.630784939589870142E+01    0.616308470672860675E+01
    0.816839570238702480E-03   -0.484481951544661058E+03    0.640571460621635946E+01    0.628142148912794784E+01
    0.815057955995918603E-03   -0.484482584567146887E+03    0.120498592708584276E+00    0.125885279601021818E+02
    0.814575024133731796E-03   -0.484486399191342116E+03    0.620118938924504803E+01    0.637403554914049142E+01
    0.814324698420775699E-03   -0.484490784480168770E+03    0.313788764595397751E+02    0.639962356549640798E+01
    0.812603981496476933E-03   -0.484491553888902786E+03    0.632116984426645168E+01    0.187334516656576362E+02
    0.813277850586007281E-03   -0.484498211744018249E+03    0.189621718770921284E+02    0.188029148728277526E+02
    0.812483084856834904E-03   -0.484501256313117835E+03    0.631492782704019895E+01    0.640073891754667201E+01
    0.812557263506875167E-03   -0.484506438902184414E+03    0.124464498332652411E+02    0.198346161927244226E-01
    0.811377170184615160E-03   -0.484508532150518818E+03    0.250166864201572849E+02    0.125305108670160710E+02
    0.810987643650574346E-03   -0.484512571758532488E+03    0.639185143003161205E+01    0.189034791271489233E+02
    0.809049866240430893E-03   -0.484512787231452137E+03    0.251451229225842496E+02    0.126870268260375543E+02
    0.808851269481260520E-03   -0.484517296232946023E+03    0.188006083319081441E+02    0.187387725458800709E+02
    0.807042665774872084E-03   -0.484517819195382742E+03    0.189233748286111698E+02    0.618718454633487802E+01
    0.805032786991741319E-03   -0.484517832133961861E+03    0.616692448655018666E+01    0.631703461039627445E+01
    0.803238483975942936E-03   -0.484518369444631560E+03    0.188639208456221148E+02    0.616297866287722051E+01
    0.802178870758328035E-03   -0.484520729350158035E+03    0.630329132507870593E+01    0.616390166033521325E+01
    0.800212932724147065E-03   -0.484520821838733411E+03    0.187369959782502207E+02    0.632749983878465372E+01
    0.799019015040120070E-03   -0.484522835610481764E+03    0.250233808631138892E+02    0.126178919836210017E+02
    0.798666952579116999E-03   -0.484526954179527706E+03    0.187327346867156699E+02    0.188191495963260600E+02
    0.800512716740914201E-03   -0.484536570959034918E+03    0.252345331342309684E+02    0.125022037264180437E+02
    0.801479242869378595E-03   -0.484543984270137855E+03    0.313600136870523336E+02    0.638938643406143747E+01
    0.802737008542488422E-03   -0.484552120420715369E+03    0.187519946190406444E+02    0.189188884185523882E+02
    0.802656586336174716E-03   -0.484556920040679870E+03    0.187682696481784319E+02    0.637076732844618920E+01
    0.803129848835464999E-03   -0.484563098933470656E+03    0.252327977889249091E+02    0.125015259522935391E+02
    0.802684385175458383E-03   -0.484566989306561084E+03    0.124473748298834970E+02    0.251364987989777013E+02
    0.802134717078847393E-03   -0.484570619262754064E+03    0.250617760985703342E+02    0.124709456974220725E+02
    0.801552501769990005E-03   -0.484574167071011004E+03    0.639418331202674750E+01    0.632542597542802909E+01
    0.799882197964140004E-03   -0.484574995050979680E+03    0.250700449660700180E+02    0.124655375490888947E+02
    0.798573275464966605E-03   -0.484576719582094938E+03    0.125032735236878310E+02    0.124658727366613871E+02
    0.803058902715997054E-03   -0.484592922251572134E+03    0.616743461895834510E+01    0.630597959111778028E+01
    0.801543959797463125E-03   -0.484594145757327851E+03    0.623097092310743772E+01    0.313101848653455228E+02
    0.799793643521624150E-03   -0.484594773620011495E+03    0.124613159590324329E+02    0.251862672762915629E+02
    0.798034582784654719E-03   -0.484595369989086294E+03    0.618028262273634077E+01    0.189070618509690043E+02
    0.796106689124071050E-03   -0.484595532539270664E+03    0.188703881059118288E+02    0.187335478509079181E+02
    0.795109693630467415E-03   -0.484598026291509825E+03    0.189031719385088479E+02    0.617833006537392126E+01
    0.795102104907866362E-03   -0.484603007202926506E+03    0.124571930390008490E+02    0.126099535531334563E+02
    0.793213131742807930E-03   -0.484603250026234946E+03    0.313999192632581909E+02    0.616674227410112863E+01
    0.795655654028730084E-03   -0.484614399116032303E+03    0.126281560350606767E+02    0.250332917373326573E+02
    0.793905573881827282E-03   -0.484614995181604854E+03    0.313504791144960357E+02    0.618613590532607560E+01
    0.793960678978984603E-03   -0.484620133997067626E+03    0.252190525740100000E+02    0.124876185168911338E+02
    0.792756262225520741E-03   -0.484622097747933367E+03    0.125949758211950407E+02    0.113185051038440426E+00
    0.791345438154759701E-03   -0.484623535288671007E+03    0.313487233641332566E+02    0.618778530003676686E+01
    0.790672579947640335E-03   -0.484626834022971082E+03    0.126712948819221420E+02    0.126171110291548345E+02
    0.789540725801477221E-03   -0.484628968955740959E+03    0.313907092644620143E+02    0.616949732216811242E+01
    0.788994733349012919E-03   -0.484632585413873528E+03    0.250501848668468732E+02    0.124844400028216960E+02
    0.787301487122129867E-03   -0.484633288640573767E+03    0.250476208414628658E+02    0.126455899889381129E+02
    0.787428714158484259E-03   -0.484638611812216766E+03    0.251803719576658018E+02    0.126721917288640711E+02
    0.787137914352339105E-03   -0.484642873069748418E+03    0.251017981490463740E+02    0.124547194020059031E+02
    0.787356678056071483E-03   -0.484648428838453356E+03    0.126225871274313484E+02    0.252337849840375519E+02
    0.786848978091558740E-03   -0.484652138791044024E+03    0.126816919718455097E+02    0.125720029769141668E+02
    0.785955036019615207E-03   -0.484654865291840849E+03    0.101073112506587764E+00    0.126219634031436332E+02
    0.786287094824105587E-03   -0.484660710095075387E+03    0.187527649110142072E+02    0.187872635089912343E+02
    0.784391330811267545E-03   -0.484660882206941324E+03    0.187613769844490683E+02    0.187755820661120545E+02
    0.782622941606441434E-03   -0.484661368170313494E+03    0.189342600561810777E+02    0.313380282988404169E+02
    0.781580466418948746E-03   -0.484663702339676661E+03    0.638058348987597679E+01    0.189106519540388618E+02
    0.781109381516526587E-03   -0.484667496508801605E+03    0.124857392747701184E+02    0.252144774548606030E+02
    0.780410407969489290E-03   -0.484670706013161578E+03    0.188088619009666296E+02    0.187423533079038904E+02
    0.778945854889666832E-03   -0.484671949197492609E+03    0.187895929055020829E+02    0.618550316090576580E+01
    0.777441267801481646E-03   -0.484673082325208838E+03    0.187595022520047721E+02    0.189203867847562783E+02
    0.775728590481780168E-03   -0.484673671531360981E+03    0.125031455212965454E+02    0.126618854058693007E+02
    0.774833147459183047E-03   -0.484676361547565534E+03    0.633036871229520948E+01    0.187453131755627709E+02
    0.778592179628154733E-03   -0.484691040904379349E+03    0.188114106871432973E+02    0.313087268756756565E+02
    0.776680788866165720E-03   -0.484691125004050548E+03    0.125405951835637168E+02    0.110819252419788766E+00
    0.778103959677874102E-03   -0.484699786401451092E+03    0.189480387818944997E+02    0.313596903608548452E+02
    0.776712810319817580E-03   -0.484701207459530394E+03    0.125662584155462262E+02    0.113334633761238646E+00
    0.776865345359188035E-03   -0.484706600191725556E+03    0.189351865943410722E+02    0.620927946166568301E+01
    0.776460433186257782E-03   -0.484710557494339923E+03    0.187641162929072891E+02    0.189234176066470781E+02
    0.775568137290381021E-03   -0.484713257804730745E+03    0.189268795382062152E+02    0.313337691218123879E+02
    0.773644807104838348E-03   -0.484713291847841049E+03    0.250689265248064395E+02    0.126594066453296694E+02
    0.773324777346348895E-03   -0.484717464346728491E+03    0.313108548375965441E+02    0.632374655138346053E+01
    0.771424310701087734E-03   -0.484717543243052035E+03    0.110167387597690680E+00    0.125897518214910171E+02
    0.770692084602430110E-03   -0.484720643967080548E+03    0.627703320464556569E+01    0.617087116216662412E+01
    0.769241469334794813E-03   -0.484721875971525151E+03    0.187984918230746558E+02    0.638335872929050918E+01
    0.768133072985080815E-03   -0.484723992102926502E+03    0.636418899053724907E+01    0.187717045335547610E+02
    0.766339213984788001E-03   -0.484724315942052954E+03    0.617134103478459117E+01    0.188392174539883897E+02
    0.764841377444133827E-03   -0.484725403047579732E+03    0.187544007784744515E+02    0.189091657285631634E+02
    0.763566873395944571E-03   -0.484727067539954987E+03    0.111652060730473429E+00    0.125552976404835377E+02
    0.763173348168517691E-03   -0.484731036519141867E+03    0.639328088460044608E+01    0.630389183865178371E+01
    0.761327067185610493E-03   -0.484731192225583300E+03    0.789906170903587751E-01    0.126458161078742588E+02
    0.760116973556397850E-03   -0.484733010790441540E+03    0.125674881201219275E+02    0.250208101519806121E+02
    0.759549261140348266E-03   -0.484736516482205900E+03    0.313946049393155526E+02    0.617345406851938439E+01
    0.759826813542436338E-03   -0.484742247183208178E+03    0.624249110713785171E+01    0.617934012036356695E+01
    0.758907105398486234E-03   -0.484744824880670819E+03    0.636552152144646843E+01    0.313408481740623515E+02
    0.758161368917819939E-03   -0.484747858623897685E+03    0.126695083029551636E+02    0.126081671838975407E+02
    0.756697679694758019E-03   -0.484748993737115256E+03    0.189317041546056544E+02    0.313409173384462427E+02
    0.755289471707148736E-03   -0.484750268286423420E+03    0.124828288752377645E+02    0.124930028032020335E+02
    0.757445040852986612E-03   -0.484760968085262903E+03    0.125153359128999089E+02    0.124681334902903949E+02
    0.755654857496152886E-03   -0.484761235590880858E+03    0.631388522846760658E+01    0.189558984468704921E+02
    0.754250032499396658E-03   -0.484762513964674042E+03    0.187395048583272512E+02    0.188608059247547644E+02
    0.752598818363754848E-03   -0.484763130738590974E+03    0.635663396286487181E+01    0.620048140920022917E+01
    0.752618374588576882E-03   -0.484768182707768347E+03    0.189230442760534245E+02    0.187671905365708547E+02
    0.752005573976220103E-03   -0.484771553594668489E+03    0.125975057581925469E+02    0.250270072697642156E+02
    0.750425753171161274E-03   -0.484772347555141096E+03    0.187658496420918546E+02    0.187778861155019783E+02
    0.748606340232640531E-03   -0.484772492652194217E+03    0.252344784696449977E+02    0.125240628866113290E+02
    0.747678938070402707E-03   -0.484775013439721988E+03    0.617921046690262354E+01    0.188856712097800923E+02
    0.746429447519459809E-03   -0.484776668325393530E+03    0.126602790802619847E+02    0.251900223963317202E+02
    0.744951105227909601E-03   -0.484777703293737375E+03    0.187586940912242284E+02    0.189114755367524054E+02
    0.744142446623337101E-03   -0.484780531076463092E+03    0.250509576699261025E+02    0.126396762683247275E+02
    0.742763728529328136E-03   -0.484781822117519539E+03    0.125963275780922555E+02    0.252383343385584418E+02
    0.740963723159231581E-03   -0.484781969457413823E+03    0.125764987604809733E+02    0.250234592338219102E+02
    0.739586030742120956E-03   -0.484783247345918085E+03    0.187553651239404218E+02    0.187933170444906672E+02
    0.737939880270725517E-03   -0.484783790838887683E+03    0.125042995896573537E+02    0.124759448920531657E+02
    0.736652436255358844E-03   -0.484785298499132296E+03    0.313183824241770452E+02    0.633317728664470803E+01
    0.735090774666170062E-03   -0.484786054111487203E+03    0.188885420618887991E+02    0.189519570810554896E+02
    0.733281914832553585E-03   -0.484786126586584203E+03    0.250370016702864397E+02    0.125130791773169818E+02
    0.731590950603768398E-03   -0.484786509216654736E+03    0.313628019087569818E+02    0.637899770459439619E+01
    0.736930436779256433E-03   -0.484806053123883430E+03    0.252252384006965755E+02    0.125093340505484143E+02
    0.735167157371976023E-03   -0.484806261919122051E+03    0.250994679843739057E+02    0.126698036251331452E+02
    0.733421700405500251E-03   -0.484806507810362234E+03    0.188034934554894200E+02    0.313175291974246903E+02
    0.731666334659553932E-03   -0.484806715288564533E+03    0.621717407663683552E+01    0.619689949108135618E+01
    0.731347084531908304E-03   -0.484810842432229663E+03    0.126463907820803509E+02    0.124931668490599428E+02
    0.729551386381366187E-03   -0.484810925734483362E+03    0.126699210048110409E+02    0.251649371411185214E+02
    0.728184403763735871E-03   -0.484812174758407764E+03    0.631181587787517717E+01    0.189540882343352166E+02
    0.726666705941128306E-03   -0.484813001964743819E+03    0.636352152796678361E+01    0.187768461353801754E+02
    0.725079340683855694E-03   -0.484813628291005102E+03    0.187823203411995436E+02    0.636811864103090741E+01
    0.723361078868330434E-03   -0.484813883152445442E+03    0.124942949553253602E+02    0.252135928393442903E+02
    0.722690842222314142E-03   -0.484817029175602045E+03    0.125170279640001620E+02    0.962553290705630976E-01
    0.721601449277893959E-03   -0.484819012076757360E+03    0.251664005725549806E+02    0.126690658813448653E+02
    0.720398177026963424E-03   -0.484820674288013777E+03    0.189466094544426120E+02    0.623581242260093660E+01
    0.719128435233627977E-03   -0.484822146066689299E+03    0.125632322824117431E+02    0.124584938071773106E+02
    0.717837559441698294E-03   -0.484823552728659195E+03    0.124625366966207523E+02    0.125371712631135495E+02
    0.716104332817711717E-03   -0.484823717867560788E+03    0.635516431020553707E+01    0.313355928978669098E+02
    0.715478414322462701E-03   -0.484826968982178130E+03    0.188438895626441685E+02    0.189571078588194695E+02
    0.714108190468627714E-03   -0.484828135078673881E+03    0.250512102990177006E+02    0.124960613162020859E+02
    0.712724086670997068E-03   -0.484829254863027074E+03    0.250848311642908683E+02    0.126627203237043133E+02
    0.711263981321008350E-03   -0.484830153407700266E+03    0.126384006461939720E+02    0.252126311737362236E+02
    0.710000012255692574E-03   -0.484831596097012721E+03    0.251269651467276844E+02    0.126737035288778248E+02
    0.708896429165292372E-03   -0.484833484993818104E+03    0.188665622479847634E+02    0.617713795507226227E+01
    0.712279517221547183E-03   -0.484848006951898583E+03    0.124851804659113359E+02    0.124970740532328151E+02
    0.711645606322310184E-03   -0.484851226209552976E+03    0.125523235417250998E+02    0.250270898775797299E+02
    0.710359255101786083E-03   -0.484852607792749154E+03    0.251230735521559509E+02    0.126724474298159482E+02
    0.709850595790471038E-03   -0.484856175161275132E+03    0.187649404042914583E+02    0.621874119815942183E+01
    0.708125782142263595E-03   -0.484856309595033736E+03    0.124977313644399928E+02    0.812420143871549760E-01
    0.706619659110486044E-03   -0.484857051235736378E+03    0.313772756789474343E+02    0.618414485990337326E+01
    0.705696682617646559E-03   -0.484859437156731644E+03    0.125906567412076278E+02    0.252361277217622160E+02
    0.704920672966864357E-03   -0.484862236674152882E+03    0.125491301555448516E+02    0.250280828279199099E+02
    0.703372745553546377E-03   -0.484862840067547154E+03    0.125967422373372813E+02    0.101600825127448627E+00
    0.702206721283370411E-03   -0.484864521793297456E+03    0.189554797786806475E+02    0.628598972782261711E+01
    0.700615618301722565E-03   -0.484864984928951799E+03    0.638689461729016905E+01    0.630481710156113007E+01
    0.699474398485644931E-03   -0.484866724509821211E+03    0.638897207964497138E+01    0.627930102440832716E+01
    0.700953366966848329E-03   -0.484875948844892321E+03    0.124818764187694153E+02    0.251958102070524710E+02
    0.699280691135664039E-03   -0.484876170567668908E+03    0.125437841052192276E+02    0.102969430883869992E+00
    0.697613093426977882E-03   -0.484876395405750941E+03    0.124634779862106981E+02    0.125434851010365058E+02
    0.695961580290575506E-03   -0.484876655038576700E+03    0.187897107904288525E+02    0.619641886866057767E+01
    0.694387364384175154E-03   -0.484877126055877397E+03    0.125197033879595647E+02    0.944813993974844973E-01
    0.692683262730818582E-03   -0.484877211807165281E+03    0.627466037862719261E+01    0.617816393796876628E+01
    0.691219274555949885E-03   -0.484877980327905618E+03    0.188018199857545234E+02    0.313220252962496168E+02
    0.690874874534878176E-03   -0.484881983579519328E+03    0.104974096507739437E+00    0.125723144837143330E+02
    0.689479495661058533E-03   -0.484882940040036260E+03    0.630453318379143468E+01    0.189524639396877568E+02
    0.687805258362444061E-03   -0.484883077608739029E+03    0.634153441171656951E+01    0.619576918512097574E+01
    0.686721351910990637E-03   -0.484884923339718625E+03    0.313279757008037940E+02    0.622580473603103624E+01
    0.686121847051833337E-03   -0.484888176585543874E+03    0.124718904662027157E+02    0.125208888312267312E+02
    0.684757702950367759E-03   -0.484889196237155943E+03    0.626862669043902265E+01    0.187457691439919607E+02
    0.683111011657688079E-03   -0.484889380885885600E+03    0.188114214301468117E+02    0.187519416507412338E+02
    0.682255631199800753E-03   -0.484891874949258920E+03    0.189206901929362914E+02    0.187727487294492263E+02
    0.681236369886417713E-03   -0.484893884798961210E+03    0.125689366120730455E+02    0.124618217395009090E+02
    0.679949225292516960E-03   -0.484895102375808619E+03    0.617893815220497622E+01    0.627559745220278131E+01
    0.679238286345549571E-03   -0.484898010128769215E+03    0.189441587700250587E+02    0.623904957404201355E+01
    0.678426658540723674E-03   -0.484900618882226183E+03    0.618940485372292493E+01    0.623760972150207760E+01
    0.676835684443695168E-03   -0.484900923186706848E+03    0.787612147745528068E-01    0.126346820800819639E+02
    0.675192630583749086E-03   -0.484901062180023700E+03    0.125120728816916102E+02    0.126553633052367740E+02
    0.673641412027015042E-03   -0.484901462001820562E+03    0.126513546165098116E+02    0.251930898043911036E+02
    0.674501606548644629E-03   -0.484909014237381655E+03    0.189113170881663741E+02    0.619966850437180561E+01
    0.672900674445097249E-03   -0.484909261587398817E+03    0.124632308532911029E+02    0.121306303615352357E-01
    0.671512510554205986E-03   -0.484910131415515025E+03    0.637677112043003902E+01    0.623824766687177057E+01
    0.670130198963413354E-03   -0.484911010163053049E+03    0.250341684582011119E+02    0.125339393940993489E+02
    0.668992012819195664E-03   -0.484912610364563307E+03    0.103555943131717940E+00    0.125716502891757855E+02
    0.668195696782153035E-03   -0.484915228302193327E+03    0.124947344684658912E+02    0.124915613526697022E+02
    0.667619546703010274E-03   -0.484918503063264666E+03    0.126224626062577254E+02    0.868851072062433727E-01
    0.667048641536022494E-03   -0.484921792060614450E+03    0.620738176223069615E+01    0.635330645214599876E+01
    0.665457678587294261E-03   -0.484922016207229944E+03    0.618503435510344790E+01    0.625115730317857210E+01
    0.664676982369449463E-03   -0.484924668486114456E+03    0.999055836522738938E-01    0.125408413798307627E+02
    0.663361562784733211E-03   -0.484925706492632571E+03    0.189497321902916340E+02    0.188253225353706242E+02
    0.662271922671457658E-03   -0.484927418584260806E+03    0.619317614388357462E+01    0.623313387570503430E+01
    0.661667681115593186E-03   -0.484930592997667304E+03    0.187493771901542949E+02    0.625998284462239329E+01
    0.660052829432115386E-03   -0.484930705875241301E+03    0.252349276338719299E+02    0.125777994008208331E+02
    0.659989824730373661E-03   -0.484935514958071792E+03    0.126146925292835235E+02    0.252232484109043433E+02
    0.658943683205797759E-03   -0.484937342268204873E+03    0.188048177287212006E+02    0.189417881794138125E+02
    0.658078064277945688E-03   -0.484939713248436135E+03    0.250572838383881482E+02    0.124971473224922374E+02
    0.656788402194951552E-03   -0.484940789922290264E+03    0.187488900615049126E+02    0.626476189602759082E+01
    0.657042970978239261E-03   -0.484946564964785523E+03    0.187503042053939133E+02    0.188733288038413285E+02
    0.655759565611941080E-03   -0.484947654534269475E+03    0.124656845311566702E+02    0.163506290701701494E-01
    0.654691261114693124E-03   -0.484949393657288510E+03    0.187854138941843303E+02    0.620396698208053721E+01
    0.654825053427028039E-03   -0.484954802334328519E+03    0.313296416546256076E+02    0.622941943164709588E+01
    0.654107101975728768E-03   -0.484957608327495223E+03    0.997733088346272334E-01    0.125476126315295975E+02
    0.654232089020495653E-03   -0.484962990451782275E+03    0.188013642397521892E+02    0.637224769884811870E+01
    0.652789547974452571E-03   -0.484963575707325333E+03    0.124659291720340093E+02    0.126043634860723286E-01
    0.652454162274133378E-03   -0.484967547897100815E+03    0.126624895709376180E+02    0.125975121863714463E+02
    0.651080268298415664E-03   -0.484968331991629555E+03    0.252335161976887932E+02    0.125596932430083665E+02
    0.649742378877687173E-03   -0.484969218010694931E+03    0.100855979775663615E+00    0.125707822295860332E+02
    0.648326089098644762E-03   -0.484969853709809456E+03    0.187518463744394666E+02    0.188748231945028735E+02
    0.648253043390147922E-03   -0.484974628360791428E+03    0.189322904737412081E+02    0.187921564510460044E+02
    0.649200057134257779E-03   -0.484982547969714176E+03    0.620397998447335386E+01    0.189111021647845305E+02
    0.647618453815319937E-03   -0.484982669556613928E+03    0.313695981868131533E+02    0.619422835758903467E+01
    0.646840647723569855E-03   -0.484985266062569394E+03    0.251874491751036906E+02    0.126502832955539439E+02
    0.645487941274112617E-03   -0.484986079180208378E+03    0.187499194422050728E+02    0.629304156128012959E+01
    0.644780526076341957E-03   -0.484988886100902619E+03    0.187546324005115075E+02    0.188181396964027350E+02
    0.643736134718573215E-03   -0.484990643949308378E+03    0.187499687151489773E+02    0.629104371454784328E+01
    0.643292016298617681E-03   -0.484994263658015711E+03    0.125268417485273158E+02    0.250411876864708063E+02
    0.641803313121898779E-03   -0.484994629904212161E+03    0.187502128741323126E+02    0.627476609061465851E+01
    0.640886225116806614E-03   -0.484996770012916500E+03    0.126630895188944343E+02    0.251089803571504504E+02
    0.639812791960801754E-03   -0.484998417364423574E+03    0.251684689544455864E+02    0.126592513388468770E+02
    0.638408594683256879E-03   -0.484999023140208294E+03    0.623413564151778044E+01    0.636974175610056825E+01
    0.638762074156506315E-03   -0.485005130210675588E+03    0.632679015694399993E+01    0.189386391415338089E+02
    0.638211320799060458E-03   -0.485008405027069500E+03    0.189480222647148437E+02    0.627279291490978608E+01
    0.638013002917760643E-03   -0.485012783450190852E+03    0.632747174163717663E+01    0.187612372362231596E+02
    0.637403408721322340E-03   -0.485015871622062264E+03    0.189458939620054387E+02    0.626199639061032798E+01
    0.635980782732789140E-03   -0.485016402816528284E+03    0.187803358247495780E+02    0.621293622970486936E+01
    0.634533954045248677E-03   -0.485016847720011640E+03    0.125848161776399561E+02    0.252295916706115904E+02
    0.634145633614526211E-03   -0.485020623390569824E+03    0.189454837871646795E+02    0.630511310372591893E+01
    0.633844731030388511E-03   -0.485024674163830582E+03    0.626266608256421708E+01    0.618715504287494422E+01
    0.632376708028191663E-03   -0.485025036669583073E+03    0.631824237601852179E+01    0.637489573512252505E+01
    0.631312875675572502E-03   -0.485026669283738840E+03    0.124865366434432374E+02    0.126233885608513923E+02
    0.630001730346400044E-03   -0.485027511254345711E+03    0.125073802837658778E+02    0.252110762168958011E+02
    0.628726142122898435E-03   -0.485028457673939442E+03    0.126052991508847079E+02    0.252226894058801356E+02
    0.628372812367664437E-03   -0.485032333403608050E+03    0.252145195197815362E+02    0.126200422555320593E+02
    0.626941572442308941E-03   -0.485032772823205789E+03    0.625684858207034189E+01    0.618900850884593989E+01
    0.627481198185677225E-03   -0.485039493537431667E+03    0.313993344201140232E+02    0.618716039569688281E+01
    0.625965591826545807E-03   -0.485039656931331308E+03    0.124791443915930085E+02    0.251761812574249539E+02
    0.624943995827532072E-03   -0.485041390200510023E+03    0.189424485645353684E+02    0.625405339916183145E+01
    0.625104161689340652E-03   -0.485046902711525604E+03    0.313202528315051723E+02    0.626677504468125690E+01
    0.624888150196820568E-03   -0.485051211470491126E+03    0.313291590402808353E+02    0.624014493078858568E+01
    0.623886066570905834E-03   -0.485053001654569130E+03    0.637802984733732803E+01    0.626402851036738184E+01
    0.622493155586479360E-03   -0.485053531388892225E+03    0.636017842329405170E+01    0.313573542945924757E+02
    0.621940792081680056E-03   -0.485056755919677073E+03    0.125200326418272958E+02    0.250480115397137908E+02
    0.620557423782225879E-03   -0.485057302411886383E+03    0.126513631030153846E+02    0.126121655341750660E+02
    0.619380865987884479E-03   -0.485058506874133684E+03    0.634288675183516659E+01    0.620738847121213322E+01
    0.618096830373795385E-03   -0.485059356379692701E+03    0.126333858060551378E+02    0.252020959273534970E+02
    0.616926401700471452E-03   -0.485060565587768053E+03    0.125670393094975594E+02    0.124700020669545637E+02
    0.615781821333935466E-03   -0.485061851551716131E+03    0.618693665974639817E+01    0.628647536806054941E+01
    0.615051805778661382E-03   -0.485064479125013463E+03    0.124734398038856220E+02    0.125416133436760457E+02
    0.614836132706871432E-03   -0.485068777685257032E+03    0.189452495930258529E+02    0.188565443916711004E+02
    0.614634893266292502E-03   -0.485073122966477570E+03    0.126375480679409335E+02    0.126303907859913647E+02
    0.615046274885015743E-03   -0.485079461139801595E+03    0.625691870751280099E+01    0.187578448938818028E+02
    0.614074826572230952E-03   -0.485081299698625742E+03    0.631437600717597114E+01    0.619312994649792614E+01
    0.613631391768460670E-03   -0.485084854939883201E+03    0.313601580915834326E+02    0.620612422591348700E+01
    0.612249267487948823E-03   -0.485085345121229295E+03    0.125370809742048337E+02    0.126568407313805675E+02
    0.611009466756252061E-03   -0.485086291028267624E+03    0.124976239148495036E+02    0.126320087766693447E+02
    0.612805903855024149E-03   -0.485097162627635271E+03    0.124733903348446429E+02    0.251494766561998908E+02
    0.611649999446687979E-03   -0.485098386567595583E+03    0.126603693235947983E+02    0.125751679992599232E+02
    0.610246523614600190E-03   -0.485098792147617132E+03    0.124743391964246495E+02    0.125454037453898728E+02
    0.608842883702207611E-03   -0.485099186609994604E+03    0.187725433664498595E+02    0.189041060388533957E+02
    0.607352961481092898E-03   -0.485099286336827674E+03    0.187889960495885120E+02    0.621080924548972479E+01
    0.606310151914737612E-03   -0.485100849436384806E+03    0.630683553116914819E+01    0.187582882943743314E+02
    0.606014042676882090E-03   -0.485104872439488872E+03    0.125605990407788397E+02    0.938915923377334344E-01
    0.604526408202811375E-03   -0.485104956832672542E+03    0.636025344915496760E+01    0.189035005662481197E+02
    0.605294416626327657E-03   -0.485112496079843424E+03    0.633357408030616664E+01    0.313369596106976331E+02
    0.603962920204384793E-03   -0.485113091733739509E+03    0.619006917309600979E+01    0.627333411017406739E+01
    0.602847807090702210E-03   -0.485114395666391601E+03    0.126486947267893672E+02    0.251772220853389967E+02
    0.601634603217975875E-03   -0.485115366701675725E+03    0.632479058191184595E+01    0.636694146349730872E+01
    0.601388201248119307E-03   -0.485119547425524388E+03    0.126355484536935556E+02    0.125037630728432507E+02
    0.601529068828028732E-03   -0.485125015845370228E+03    0.126129106292145323E+02    0.252132695168459620E+02
    0.600645552444884563E-03   -0.485127076117558374E+03    0.619030513058483489E+01    0.628160509335364470E+01
    0.599239313511685579E-03   -0.485127388202519398E+03    0.633431718702454027E+01    0.636072868685967929E+01
    0.598889072186984382E-03   -0.485131218907679681E+03    0.125034462815207679E+02    0.126344168408239863E+02
    0.597513992073961538E-03   -0.485131621524875925E+03    0.187729887624828180E+02    0.187973730730365070E+02
    0.596503623372414199E-03   -0.485133236754233906E+03    0.126518132476359746E+02    0.250971238748499132E+02
    0.595796728758788232E-03   -0.485135865221942822E+03    0.126370937361990006E+02    0.250732267120381316E+02
    0.596776931741519259E-03   -0.485144152912207687E+03    0.188575489288100933E+02    0.189411878963950855E+02
    0.595729741264418148E-03   -0.485145640342358035E+03    0.188188706991753563E+02    0.636981412321861740E+01
    0.594611170681118967E-03   -0.485146881516961685E+03    0.189303065617592772E+02    0.623944013917034201E+01
    0.593582000953482786E-03   -0.485148416861518115E+03    0.252243969305727767E+02    0.125705322881920232E+02
    0.592556851993522224E-03   -0.485149959764694529E+03    0.636885372953472917E+01    0.631581017926439525E+01
    0.591186472938900120E-03   -0.485150329099792998E+03    0.252210969742953814E+02    0.125907181727462625E+02
    0.590013968594507677E-03   -0.485151358546825747E+03    0.251369872078269019E+02    0.126578635361172189E+02
    0.589124182657653006E-03   -0.485153340118137692E+03    0.188218880243468440E+02    0.637038816181751155E+01
    0.588052256919001631E-03   -0.485154697754940855E+03    0.630532914916345444E+01    0.619449537082761381E+01
    0.586627094254618263E-03   -0.485154844810646864E+03    0.187724156324672542E+02    0.633222658312010189E+01
    0.585520571554651336E-03   -0.485156068757301568E+03    0.252231896360171319E+02    0.125536598109656801E+02
    0.587014873891675997E-03   -0.485166166439087874E+03    0.125571463679269719E+02    0.126566891464396374E+02
    0.586180797951234766E-03   -0.485168322664256493E+03    0.252172122050309433E+02    0.125993317090313024E+02
    0.584920099360408414E-03   -0.485169016633646436E+03    0.188997098398117274E+02    0.189250545786167734E+02
    0.583470392114482047E-03   -0.485169053539542404E+03    0.125236771169890719E+02    0.252126920821361900E+02
    0.687194785565958550E-03   -0.485496303771149542E+03    0.188287320143534949E+02    0.621577695140997388E+01
    0.821605922535535802E-03   -0.485853589940006373E+03    0.188408677987985520E+02    0.624616141914299927E+01
    0.782660678156937633E-03   -0.485756466687417344E+03    0.188114577204308731E+02    0.625229011895578157E+01
    0.882187688409364766E-03   -0.485995877869788785E+03    0.188435959302154039E+02    0.628546370323721426E+01
    0.710897413920479537E-03   -0.485564124476100972E+03    0.188121099431288883E+02    0.622928713226323616E+01
    0.671633622691826418E-03   -0.485450494180787075E+03    0.188152725883322347E+02    0.621795219906968644E+01
    0.791779345210297789E-03   -0.485779633702680940E+03    0.188166855419466685E+02    0.625007054119811389E+01
    0.666036641176240957E-03   -0.485433757577368226E+03    0.188023689137007608E+02    0.622513541597690345E+01
    0.819166783229488614E-03   -0.485847643617047083E+03    0.188246165855371785E+02    0.625346888741967177E+01
    0.613675348197842137E-03   -0.485270000284645334E+03    0.187694112043716110E+02    0.631133744041580513E+01
    0.818333364488846304E-03   -0.485845607785016739E+03    0.188234895940811029E+02    0.631226619611540229E+01
    0.689782338251098358E-03   -0.485503820397783727E+03    0.187825138062737373E+02    0.630339793710149632E+01
    0.763619435535155895E-03   -0.485707207293823387E+03    0.187959562697747593E+02    0.628762752561326987E+01
    0.600024986525037659E-03   -0.485225010802866791E+03    0.187654721298723075E+02    0.630748731603739188E+01
    0.701285180895960597E-03   -0.485536897454580071E+03    0.187837259894994766E+02    0.626761159471330309E+01
    0.608795635680237264E-03   -0.485254033481345516E+03    0.187735016439669344E+02    0.632305690009603438E+01
    0.758081541451160459E-03   -0.485692650114412857E+03    0.188393204168225594E+02    0.633733117246135080E+01
    0.789458139690077474E-03   -0.485773761827748217E+03    0.188027952196603394E+02    0.627622708114949379E+01
    0.652099917258006263E-03   -0.485391463800779320E+03    0.187896308387343147E+02    0.633241649506820359E+01
    0.767116711503671930E-03   -0.485716346117807916E+03    0.187985015003114881E+02    0.626919151178635392E+01
    0.812636566608810154E-03   -0.485831636169871445E+03    0.188096783337845572E+02    0.629172511975972437E+01
    0.697000840436649339E-03   -0.485524641438854417E+03    0.188501489103726456E+02    0.621465177209264841E+01
    0.656008292900698404E-03   -0.485403415066714103E+03    0.188958732191819294E+02    0.622193830776759604E+01
    0.680182788431226001E-03   -0.485475791342881223E+03    0.188969274314020588E+02    0.622899441355707850E+01
    0.658651797945957688E-03   -0.485411458236584338E+03    0.188974491711299457E+02    0.622382883508266005E+01
    0.735080133940273521E-03   -0.485631027243829976E+03    0.188643430586889060E+02    0.622464504382138362E+01
    0.675111775491869987E-03   -0.485460824746721414E+03    0.189168743341877565E+02    0.625495985735696092E+01
    0.833503999096498870E-03   -0.485882345206022990E+03    0.188707951976699526E+02    0.625651916354195947E+01
    0.863344245756114291E-03   -0.485952695217386974E+03    0.188637227932475078E+02    0.626685941753649711E+01
    0.810156578521067016E-03   -0.485825523277354421E+03    0.188778850512820107E+02    0.625283636489825234E+01
    0.733031783187249194E-03   -0.485625446328483463E+03    0.189065634318396718E+02    0.630442177751832489E+01
    0.813101786444338031E-03   -0.485832780806331186E+03    0.188782102232915427E+02    0.631200924901272931E+01
    0.651250056064321507E-03   -0.485388855564061544E+03    0.189153804211471197E+02    0.632450775419262889E+01
    0.731893505137599996E-03   -0.485622338242937246E+03    0.189086192549039858E+02    0.629877491854798777E+01
    0.666392581789967248E-03   -0.485434826123797734E+03    0.189187333053122337E+02    0.631146995059645999E+01
    0.840434950205117752E-03   -0.485898907317130977E+03    0.313869299576730647E+02    0.629574554656579011E+01
    0.723562845685864621E-03   -0.485599443017194289E+03    0.313804702972556839E+02    0.633515537223647307E+01
    0.665007905090313038E-03   -0.485430666061630006E+03    0.313743626267933386E+02    0.634563008541607410E+01
    0.702355722399233091E-03   -0.485539948211246781E+03    0.313580318574127581E+02    0.631774559001357083E+01
    0.742893654748585756E-03   -0.485652174015610797E+03    0.313971927845270429E+02    0.633873425027235982E+01
    0.786464051921636651E-03   -0.485766162235872741E+03    0.313680149463167304E+02    0.627937126270787616E+01
    0.659648481682192163E-03   -0.485414482385001918E+03    0.313733319983389869E+02    0.622015608829736344E+01
    0.721355621885509690E-03   -0.485593332705597504E+03    0.313870554218136704E+02    0.622675102257894153E+01
    0.767821733759556499E-03   -0.485718183383159214E+03    0.314020782588107181E+02    0.623226921974938985E+01
    0.780621714871208242E-03   -0.485751249550830835E+03    0.313684260002918869E+02    0.626900220275179976E+01
    0.819316508519833502E-03   -0.485848009138725615E+03    0.314063346481796835E+02    0.624564352263187672E+01
    0.650468284211716194E-03   -0.485386453287248173E+03    0.313392972033420669E+02    0.626934377392026754E+01
    0.605462666874292195E-03   -0.485243054014556776E+03    0.313747937218323649E+02    0.635928225812679937E+01
    0.840366091744910873E-03   -0.485898743446551350E+03    0.313886422696973924E+02    0.629917760545830419E+01
    0.754046251747096555E-03   -0.485681975621684444E+03    0.313625760839361725E+02    0.630038440867012284E+01
    0.863332344297068686E-03   -0.485952667646597831E+03    0.313994967621353318E+02    0.629724125886772867E+01
    0.813667560310297848E-03   -0.485834171965784492E+03    0.314012071344436592E+02    0.632088745716481881E+01
    0.676909344918264150E-03   -0.485466142919517495E+03    0.313917340908117595E+02    0.621469797267256396E+01
    0.759392226415113664E-03   -0.485696105028277316E+03    0.313840573698783203E+02    0.632775990801352961E+01
    0.600018474320320014E-03   -0.485224989096303887E+03    0.313968415720832041E+02    0.619776561368671164E+01
    0.740638524225203021E-03   -0.485646093575179918E+03    0.313599242818126598E+02    0.626419880810125296E+01
    0.710067841346531930E-03   -0.485561789239077768E+03    0.314006153962137127E+02    0.634718225187721696E+01
    0.822829235071586076E-03   -0.485856565582447615E+03    0.314054144046453523E+02    0.631932880505418382E+01
    0.596900957635537093E-03   -0.485214570604795256E+03    0.313278210836092263E+02    0.628216920305815663E+01
    0.812368111447501671E-03   -0.485830975359063018E+03    0.314051142339351124E+02    0.624377999299267739E+01
    0.790114444390586684E-03   -0.485775423808324206E+03    0.313840526584078212E+02    0.631786537131641612E+01
    0.742125068968925677E-03   -0.485650103776802325E+03    0.313620137096643141E+02    0.625972149913816978E+01
    0.707841583089605748E-03   -0.485555508837670004E+03    0.313573440975839084E+02    0.625219470276085509E+01
    0.830293778065896936E-03   -0.485874627381036476E+03    0.313885460259430040E+02    0.630529290858646529E+01
    0.755286856951455196E-03   -0.485685263445893952E+03    0.125285902946426653E+02    0.410166273885584215E-01
    0.674943746896759398E-03   -0.485460326904689907E+03    0.124933439244733702E+02    0.410939436012680364E-03
    0.757522489582336208E-03   -0.485691174658072725E+03    0.125111947944788469E+02    0.259363569339346239E-02
    0.760049777755169675E-03   -0.485697836062115528E+03    0.125173518545048577E+02    0.241358891699146871E-01
    0.656768944550924086E-03   -0.485405732753869700E+03    0.125017033017704016E+02    0.411293781884308415E-01
    0.689778321933343422E-03   -0.485503808752575594E+03    0.125074932662865645E+02    0.379081886679840038E-01
    0.630107017119274182E-03   -0.485322847552557619E+03    0.124879555526768353E+02    0.233226463432542226E-01
    0.743170104351307788E-03   -0.485652918127979376E+03    0.125089864173910037E+02    0.116741206301093654E-01
    0.881123700961238638E-03   -0.485993464257346488E+03    0.125648594108665268E+02    0.789096031061428151E-02
    0.843548150170984326E-03   -0.485906302174031566E+03    0.125924318260978918E+02    0.156948090119976291E-01
    0.872396961423195288E-03   -0.485973557308377281E+03    0.125771288718032146E+02    0.120594689303024482E-01
    0.807655885352037348E-03   -0.485819340372434397E+03    0.126077015288144807E+02    0.874017856473452252E-02
    0.634873054651365130E-03   -0.485337918335696656E+03    0.126471292919688292E+02    0.464586803323590713E-02
    0.710123167072831377E-03   -0.485561945065233544E+03    0.125027022703197268E+02    0.165787309659357306E-01
    0.691155774408060944E-03   -0.485507798669068222E+03    0.125444224325140983E+02    0.661979174265390491E-01
    0.603835488683040589E-03   -0.485237671787962654E+03    0.125770327672507829E+02    0.861479402393866417E-01
    0.632390253800165490E-03   -0.485330081593288639E+03    0.125571750100959747E+02    0.808488060070835790E-01
    0.740986744145828409E-03   -0.485647033677740183E+03    0.126059591082578262E+02    0.438218625838342757E-01
    0.705646971343065104E-03   -0.485549298349433286E+03    0.125903793503302062E+02    0.622672185088431890E-01
    0.635771578120892448E-03   -0.485340746895613790E+03    0.126034915520090038E+02    0.716811552346113545E-01
    0.629517166011457738E-03   -0.485320974450536141E+03    0.125437528070147071E+02    0.787388958456853860E-01
    0.612607087098942789E-03   -0.485266515732185383E+03    0.126189010728374633E+02    0.670174985612932428E-01
    0.643258884189440157E-03   -0.485364162730704720E+03    0.125983402204904600E+02    0.725422526290166597E-01
    0.657516089616750786E-03   -0.485408006675056924E+03    0.763271079561705368E-01    0.125713300606460159E+02
    0.606701058073384498E-03   -0.485247140563607729E+03    0.853091575766747462E-01    0.125791714361009213E+02
    0.866098940138542253E-03   -0.485959066508990020E+03    0.630237860912804049E+01    0.628917835998499175E+01
    0.720978936728471857E-03   -0.485592288051530659E+03    0.626687415270717274E+01    0.634452456341430882E+01
    0.761006326087604237E-03   -0.485700351547129173E+03    0.632195350886840579E+01    0.632136400193306702E+01
    0.763591399776600809E-03   -0.485707133863860975E+03    0.629555179194604619E+01    0.633553491942303282E+01
    0.670381556963307564E-03   -0.485446762282338284E+03    0.626342702118969097E+01    0.621193249015146876E+01
    0.646568712126312489E-03   -0.485374427157396440E+03    0.621967383882502922E+01    0.623682268115912919E+01
    0.850558363652292046E-03   -0.485922854270222899E+03    0.625642801209622323E+01    0.628997084475055779E+01
    0.840621495152481571E-03   -0.485899351192644247E+03    0.631452526071307219E+01    0.628664558680398411E+01
    0.727880420981495625E-03   -0.485611341761374888E+03    0.624451849553080152E+01    0.623475695289589638E+01
    0.702008573801026826E-03   -0.485538959440437907E+03    0.630449275764593775E+01    0.621914004227645467E+01
    0.778226306637919618E-03   -0.485745102934648457E+03    0.628393243580757943E+01    0.623300957382314635E+01
    0.793330857000359752E-03   -0.485783548918880740E+03    0.623697365297832018E+01    0.628484306448506747E+01
    0.722107830798416543E-03   -0.485595417161506930E+03    0.624545668016068145E+01    0.633392385419616399E+01
    0.772398987747426806E-03   -0.485730070685800968E+03    0.630186620243980045E+01    0.623504176426194245E+01
    0.873991117626784901E-03   -0.485977208631162853E+03    0.629036486017263297E+01    0.627001109062715223E+01
    0.793779536802005073E-03   -0.485784679728219146E+03    0.629737889503238257E+01    0.623930290071689519E+01
    0.692207463465307387E-03   -0.485510839632514603E+03    0.634952151091309691E+01    0.626236912469731344E+01
    0.751179810301196406E-03   -0.485674358307625937E+03    0.624834455880877560E+01    0.632794708973260622E+01
    0.584458743904957214E-03   -0.485172440595459420E+03    0.628055210068187808E+01    0.619277809518240385E+01
    0.614182857062364556E-03   -0.485271653598981629E+03    0.619844408235684075E+01    0.628741330573232116E+01
    0.746609381098969622E-03   -0.485662152468742420E+03    0.625343002643020363E+01    0.633271035456576747E+01
    0.882542304255213520E-03   -0.485996681654735141E+03    0.628783056363184656E+01    0.628653127563569303E+01
    0.717172376643251713E-03   -0.485581700656618409E+03    0.634693780502457550E+01    0.629147824426099866E+01
    0.839660293842148416E-03   -0.485897063001648007E+03    0.631190753475067634E+01    0.629703508062994821E+01
    0.648939123228596342E-03   -0.485381746028600048E+03    0.635501038784399430E+01    0.631403439599525296E+01
    0.852403442027072880E-03   -0.485927188082268685E+03    0.625982236886890142E+01    0.629635211870952460E+01
    0.701464491378301930E-03   -0.485537408766004660E+03    0.631079113204531872E+01    0.622146708919473301E+01
    0.814947571727076816E-03   -0.485837315769756742E+03    0.631083164654288087E+01    0.631221564327097706E+01
    0.608259740367659099E-03   -0.485252272196336605E+03    0.635283072090138123E+01    0.633359558885570539E+01
    0.705418013256459597E-03   -0.485548649313163196E+03    0.634741733954920662E+01    0.630146690371836815E+01
    0.655650774136973084E-03   -0.485402324787138980E+03    0.634746970233837526E+01    0.632531279847397609E+01
    0.766733937989217567E-03   -0.485715347914958045E+03    0.623192079517531017E+01    0.629675705759495852E+01
    0.820768831306936415E-03   -0.485851551206035026E+03    0.632115160575994928E+01    0.627819050362660747E+01
    0.714162348915635056E-03   -0.485573288837604821E+03    0.631741217422679657E+01    0.633836774406376513E+01
    0.740240616757281830E-03   -0.485645018788003881E+03    0.630054445211755976E+01    0.622656367775359953E+01
    0.870856372785219724E-03   -0.485970022333835573E+03    0.629403449103725521E+01    0.626982934198608088E+01
    0.722384389748958978E-03   -0.485596182991741216E+03    0.628450663505303364E+01    0.634633773131346768E+01
    0.739082627468054250E-03   -0.485641887654817765E+03    0.634066588186781477E+01    0.629849098696532916E+01
    0.755996140357630239E-03   -0.485687140747390799E+03    0.628638425162333547E+01    0.633868965216539770E+01
    0.631735418382541741E-03   -0.485328009535136175E+03    0.636289009852047105E+01    0.626619016863928735E+01
    0.816208109208571564E-03   -0.485840406922237548E+03    0.624848187878937011E+01    0.626389292008120080E+01
    0.668335866549326263E-03   -0.485440649888578889E+03    0.630346890052448749E+01    0.621165644311574727E+01
    0.768699713451081058E-03   -0.485720469012920319E+03    0.623071670538265376E+01    0.628024558822436774E+01
    0.773377804342034064E-03   -0.485732603565659019E+03    0.626680288786123540E+01    0.623446828088603500E+01
    0.588618973342416277E-03   -0.485186626345704781E+03    0.620599244114086712E+01    0.623755258304324389E+01
    0.823543426440726087E-03   -0.485858300770186418E+03    0.632057674410754533E+01    0.628444358195721264E+01
    0.873316358002918501E-03   -0.485975663946745669E+03    0.626839562949604279E+01    0.627853472358241760E+01
    0.701234745471120829E-03   -0.485536753612274765E+03    0.634499223079733099E+01    0.625566076752294098E+01
    0.664173921690912827E-03   -0.485428156296624081E+03    0.622206248911194759E+01    0.623941588862487162E+01
    0.786104146439872958E-03   -0.485765246776718925E+03    0.628201305987448055E+01    0.633132818415142395E+01
    0.764367765450997246E-03   -0.485709166289226459E+03    0.632830828968116776E+01    0.631212230867089019E+01
    0.584699028685653401E-03   -0.485173262673675765E+03    0.621704540059366906E+01    0.622154799872515252E+01
    0.843819158703573279E-03   -0.485906944615149143E+03    0.630778106292773977E+01    0.626545910712600485E+01
    0.772262929099524218E-03   -0.485729718353302133E+03    0.125343737098988974E+02    0.125257931635423692E+02
    0.711438233054422658E-03   -0.485565645408691410E+03    0.125121005959209466E+02    0.125296699907302944E+02
    0.603696606560927057E-03   -0.485237211735187998E+03    0.124886597786036369E+02    0.126051186639986721E+02
    0.670935619438673314E-03   -0.485448414576118239E+03    0.125008830623942462E+02    0.126004682269628354E+02
    0.666218880843918635E-03   -0.485434304738677156E+03    0.124990397975926957E+02    0.125338540265465799E+02
    0.777921945747328211E-03   -0.485744320590436701E+03    0.125564009200368556E+02    0.125171109095908353E+02
    0.584232264621678586E-03   -0.485171665440060906E+03    0.124873923010438439E+02    0.126105464279448896E+02
    0.655203734503912155E-03   -0.485400960670381721E+03    0.126230418612052375E+02    0.126184204178916488E+02
    0.865998198596046819E-03   -0.485958833862586175E+03    0.125779602236126156E+02    0.125828715343469710E+02
    0.813703905882472481E-03   -0.485834261301435106E+03    0.125934571658264272E+02    0.125964301981068658E+02
    0.827159363573028617E-03   -0.485867062960298085E+03    0.125796840636926035E+02    0.126000738317702901E+02
    0.813712048435406366E-03   -0.485834281314887505E+03    0.126047395709219217E+02    0.125792100171809942E+02
    0.641046264999915391E-03   -0.485357271466957911E+03    0.125183370014639284E+02    0.126299763324065086E+02
    0.807219986552355838E-03   -0.485818260663912270E+03    0.125447423584492537E+02    0.126028063440769440E+02
    0.636146695761032532E-03   -0.485341926586663817E+03    0.125804222031457336E+02    0.126457844134958499E+02
    0.800382398661145418E-03   -0.485801247429330999E+03    0.125568910341451048E+02    0.126096550392713436E+02
    0.672027530089574295E-03   -0.485451666819910315E+03    0.126122938018642685E+02    0.126239061378035871E+02
    0.683447877276148214E-03   -0.485485368995149827E+03    0.125513566388430071E+02    0.124966559084341160E+02
    0.630867397379488706E-03   -0.485325259593099076E+03    0.126327674224824928E+02    0.126139208802825280E+02
    0.676399973883729357E-03   -0.485464637362579367E+03    0.125040117695744577E+02    0.125289236438808214E+02
    0.838806421496811078E-03   -0.485895028114900015E+03    0.125406844633071390E+02    0.125469511983106212E+02
    0.835078936184007001E-03   -0.485886120715221637E+03    0.125624093325754540E+02    0.125330663328301082E+02
    0.751692950052024666E-03   -0.485675724064686165E+03    0.125688810479854780E+02    0.125098242293901372E+02
    0.857425037517158635E-03   -0.485938935716579294E+03    0.125859804805574367E+02    0.125811558123280189E+02
    0.612178776133661144E-03   -0.485265116921191236E+03    0.126514623313533274E+02    0.125615736196627346E+02
    0.830243022986492198E-03   -0.485874505119176604E+03    0.125541993579923279E+02    0.125994083149455172E+02
    0.694821245688087151E-03   -0.485518377429820475E+03    0.125088691180098017E+02    0.126044902023314496E+02
    0.868393723026251248E-03   -0.485964358625296711E+03    0.125763887813743160E+02    0.125822345646905998E+02
    0.677516739699681250E-03   -0.485467936726736752E+03    0.125248482723983603E+02    0.125069212453398162E+02
    0.800200115288148646E-03   -0.485800791886746481E+03    0.125259841390549536E+02    0.125480166153024513E+02
    0.732360590193008440E-03   -0.485623614210196592E+03    0.126273525066894621E+02    0.125661717058120228E+02
    0.810987131524646635E-03   -0.485827572578896536E+03    0.126055909570704472E+02    0.125535224656155027E+02
    0.633903846682458091E-03   -0.485334862768854578E+03    0.124853645954815029E+02    0.125698038957103471E+02
    0.867968411989689429E-03   -0.485963378850314314E+03    0.125851012644795937E+02    0.125696671365891266E+02
    0.820838645916161002E-03   -0.485851721318830528E+03    0.125340628034372976E+02    0.125868875883954860E+02
    0.808812526181985035E-03   -0.485822202515657466E+03    0.125908854100298555E+02    0.125323790200071734E+02
    0.596072954215010834E-03   -0.485211794337702543E+03    0.126533585680332283E+02    0.125513938228561717E+02
    0.793326990925271864E-03   -0.485783539172418784E+03    0.125843843866793748E+02    0.126089606838315547E+02
    0.793256686361375933E-03   -0.485783361924751489E+03    0.126121046341804508E+02    0.125733362601619376E+02
    0.706648767370344718E-03   -0.485552135704720399E+03    0.126314403098469423E+02    0.125525361385464809E+02
    0.790339402312715406E-03   -0.485775993158512108E+03    0.126107681701759624E+02    0.125819211783410303E+02
    0.777328821022830324E-03   -0.485742795113604473E+03    0.125725080986755042E+02    0.125163375577272369E+02
    0.600716361101774512E-03   -0.485227313962175856E+03    0.125474601934917072E+02    0.124810468012500202E+02
    0.677871286603359997E-03   -0.485468983060052039E+03    0.125086932580996653E+02    0.126102036421036718E+02
    0.641012463422841491E-03   -0.485357166006649948E+03    0.125602109068163319E+02    0.126458392140013398E+02
    0.603398871642373295E-03   -0.485236225119199560E+03    0.126178952527651518E+02    0.124964014482320458E+02
    0.751827181509533583E-03   -0.485676081177185154E+03    0.125737319210374618E+02    0.125102805953570044E+02
    0.618402486520073244E-03   -0.485285347242067644E+03    0.124890874862638466E+02    0.125333349535338190E+02
    0.619561802246491487E-03   -0.485289093120929692E+03    0.124847890322138522E+02    0.125856344182791240E+02
    0.880216731731431811E-03   -0.485991404532166428E+03    0.125620427634949099E+02    0.125582364843893153E+02
    0.696079633436840687E-03   -0.485521996345045807E+03    0.126060903309033439E+02    0.126224607626430441E+02
    0.814655524326394760E-03   -0.485836598914457397E+03    0.125779950238928606E+02    0.126048283704075317E+02
    0.662240577708047445E-03   -0.485422326006460992E+03    0.125021739388180251E+02    0.126062221891366146E+02
    0.649860212267861425E-03   -0.485384582769175779E+03    0.126439656355961958E+02    0.125585546137917898E+02
    0.732332845911481413E-03   -0.485623538442036931E+03    0.125495751448616684E+02    0.126250014310818468E+02
    0.758146442577671141E-03   -0.485692821331742266E+03    0.125194959022127783E+02    0.125953143069891205E+02
    0.730833717582400578E-03   -0.485619440128444865E+03    0.126247980108874351E+02    0.125849831441546343E+02
    0.773393773046592058E-03   -0.485732644861231790E+03    0.125628141391913655E+02    0.125151004924188971E+02
    0.793184440042800322E-03   -0.485783179765281659E+03    0.125218340702902982E+02    0.125537835307836545E+02
    0.767173176397579061E-03   -0.485716493325697058E+03    0.126127176377178625E+02    0.125919235644211636E+02
    0.838215792185771744E-03   -0.485893619357566592E+03    0.125952930894419985E+02    0.125517318509832876E+02
    0.835468239328407804E-03   -0.485887052872438517E+03    0.125363069667275582E+02    0.125809256780397494E+02
    0.631409512473032853E-03   -0.485326977489141200E+03    0.187777672101135273E+02    0.188882698388933754E+02
    0.761091009102763554E-03   -0.485700574090098769E+03    0.187953333630593598E+02    0.188538130220929112E+02
    0.613051515609499848E-03   -0.485267966147591608E+03    0.187868190418217829E+02    0.189070066060699453E+02
    0.709959995886264321E-03   -0.485561485455003549E+03    0.187847744398634653E+02    0.188378781527503989E+02
    0.797342979358091298E-03   -0.485793638054124642E+03    0.188085743108147625E+02    0.188685067357026064E+02
    0.617332022780192613E-03   -0.485281882212970913E+03    0.187849520636039706E+02    0.189036403516533937E+02
    0.748934491575019116E-03   -0.485668371242773333E+03    0.187949951728604638E+02    0.188322451503962149E+02
    0.624407311920691425E-03   -0.485304674003527339E+03    0.188284158500168779E+02    0.189297162067983713E+02
    0.661557230907308582E-03   -0.485420261199110541E+03    0.187751052917451950E+02    0.188632096023408522E+02
    0.712649741953835163E-03   -0.485569048314166196E+03    0.189065369408428730E+02    0.188813621843356572E+02
    0.695170097519771609E-03   -0.485519381326256848E+03    0.188151779971785622E+02    0.189092862280995888E+02
    0.769595576951462063E-03   -0.485722798510012979E+03    0.188919361806543016E+02    0.188802581739920967E+02
    0.678188923632064961E-03   -0.485469920000851914E+03    0.187940140929265915E+02    0.188959657722291325E+02
    0.647821705204510052E-03   -0.485378299230158404E+03    0.188504270510088290E+02    0.189279359367566791E+02
    0.760384985112342302E-03   -0.485698717934513581E+03    0.187952786345508081E+02    0.188440303750992655E+02
    0.675478020232626094E-03   -0.485461909442462172E+03    0.188017849229682916E+02    0.189046551772087739E+02
    0.806245374133675134E-03   -0.485815844466921703E+03    0.188634046521148022E+02    0.188898970101930850E+02
    0.784610624891335655E-03   -0.485761443356706820E+03    0.188668510907099716E+02    0.188949169385017086E+02
    0.655195569573985108E-03   -0.485400935746894959E+03    0.187742065398181808E+02    0.188651417869353999E+02
    0.784173811735649606E-03   -0.485760329594594509E+03    0.188088032643139371E+02    0.188229661159391881E+02
    0.620442818900174579E-03   -0.485291935100022044E+03    0.188449002344824876E+02    0.187660294583176643E+02
    0.692265048705584989E-03   -0.485511006007042965E+03    0.188604969594086214E+02    0.187809094190171777E+02
    0.637254418524745210E-03   -0.485345406159692914E+03    0.188289318372791605E+02    0.187718105444782992E+02
    0.783955470841670040E-03   -0.485759772648434989E+03    0.188380031138332811E+02    0.188022298193842303E+02
    0.688872195631341734E-03   -0.485501179728262514E+03    0.188209748063722770E+02    0.187854267562793851E+02
    0.667233570802725764E-03   -0.485437348537212017E+03    0.188995384054361253E+02    0.187942146195031228E+02
    0.627788554198855969E-03   -0.485315475031026722E+03    0.189043353792649533E+02    0.187881909564946774E+02
    0.639412197882504771E-03   -0.485352166832791795E+03    0.189027423866170352E+02    0.187897674339157170E+02
    0.603070856177899558E-03   -0.485235137597598339E+03    0.187632332153468049E+02    0.188391345459758419E+02
    0.715453016446233815E-03   -0.485576900068744408E+03    0.188780174707720754E+02    0.189076141040611851E+02
    0.597222130016783481E-03   -0.485215646448290158E+03    0.188352778514201695E+02    0.187626696470154180E+02
    0.686155704094389379E-03   -0.485493277357491365E+03    0.188713115433702541E+02    0.187822198189939016E+02
    0.858110025855688178E-03   -0.485940532858811025E+03    0.188717266785659170E+02    0.188593450575355064E+02
    0.724763449523019624E-03   -0.485602758855941772E+03    0.188552380312119467E+02    0.187871644339100285E+02
    0.645671814168709128E-03   -0.485371650899932376E+03    0.187868285020688504E+02    0.188972628343938283E+02
    0.707422210575968098E-03   -0.485554323553264965E+03    0.188321110822889786E+02    0.189135836010944764E+02
    0.676852551925186791E-03   -0.485465975111594275E+03    0.188820481729196636E+02    0.187845801964699355E+02
    0.816069494140807261E-03   -0.485840067237204039E+03    0.188250856823010011E+02    0.188182334191886937E+02
    0.757699472365152876E-03   -0.485691641870898479E+03    0.188999639352576452E+02    0.188720418767327374E+02
    0.883769997030216378E-03   -0.485999461894609624E+03    0.188472800191921017E+02    0.188491886441951983E+02
    0.760208866060266318E-03   -0.485698254644325402E+03    0.188056350801627268E+02    0.188171174343484182E+02
    0.856812399268607199E-03   -0.485937506187013582E+03    0.188253991477550429E+02    0.188437495068639329E+02
    0.633507482074227167E-03   -0.485333611826521462E+03    0.188162656525928753E+02    0.189235720819419342E+02
    0.817065238592656982E-03   -0.485842506091893199E+03    0.188823504263130957E+02    0.188714719199531160E+02
    0.607825577259361502E-03   -0.485250844128353378E+03    0.189355804508398791E+02    0.188516918422415642E+02
    0.760278860389957279E-03   -0.485698438780845606E+03    0.188935746736728127E+02    0.188172786148387772E+02
    0.787842136380432416E-03   -0.485769663676243169E+03    0.188631216224342317E+02    0.188952885111608744E+02
    0.836549729969733222E-03   -0.485889640143178440E+03    0.188765476421410234E+02    0.188305410158344735E+02
    0.782637532852404000E-03   -0.485756407541359749E+03    0.188055413557971569E+02    0.188712180621751422E+02
    0.641837262025799524E-03   -0.485359737776983593E+03    0.187825162832465509E+02    0.188067292887382038E+02
    0.671578346443206953E-03   -0.485450329571626582E+03    0.187777781921580740E+02    0.188662889396697899E+02
    0.780357976118816604E-03   -0.485750573722038382E+03    0.188455777806437190E+02    0.188990360125688213E+02
    0.645257632905848382E-03   -0.485370367541564462E+03    0.188174164314471177E+02    0.189215984360231353E+02
    0.795483007633795655E-03   -0.485788967179628912E+03    0.188385558433113083E+02    0.188052417533392635E+02
    0.704921632383217578E-03   -0.485547241479538798E+03    0.187983196881305226E+02    0.188065556165742791E+02
    0.802519407711797285E-03   -0.485806580283304470E+03    0.188354883519741527E+02    0.188909422739111754E+02
    0.746095920862950676E-03   -0.485660776550118442E+03    0.189064258073872153E+02    0.188387220585811690E+02
    0.791346072681504325E-03   -0.485778538975668880E+03    0.188962251361459614E+02    0.188526790699228179E+02
    0.785343023858542074E-03   -0.485763309396563272E+03    0.188318308087686752E+02    0.188945462291604542E+02
    0.660926511299677884E-03   -0.485418353516965738E+03    0.188626418073290232E+02    0.187748770343883749E+02
    0.716853524138937590E-03   -0.485580811265403383E+03    0.251752743370706753E+02    0.126146739127971976E+02
    0.753951279322159253E-03   -0.485681723705025149E+03    0.251726094888477228E+02    0.126058069832442552E+02
    0.762982979483279580E-03   -0.485705539653100459E+03    0.251477837918277736E+02    0.126181673673447410E+02
    0.641578175969350164E-03   -0.485358930287678731E+03    0.252117289503690110E+02    0.125565358579794690E+02
    0.654206465296936672E-03   -0.485397914201368565E+03    0.251483626395094468E+02    0.126419106733316298E+02
    0.703400898063542336E-03   -0.485542922199323186E+03    0.251982088972975014E+02    0.125815541435250733E+02
    0.590249521997423306E-03   -0.485192158938021066E+03    0.251958847212596915E+02    0.126296125636999079E+02
    0.682465444765405433E-03   -0.485482491996545889E+03    0.252027476113456252E+02    0.125809687929213663E+02
    0.762589296691031158E-03   -0.485704507429830187E+03    0.251283679915320413E+02    0.126202242320667324E+02
    0.651073303020461972E-03   -0.485388312678782825E+03    0.251162032183230828E+02    0.126423428930398014E+02
    0.722587351044564957E-03   -0.485596744833308662E+03    0.251330736656058669E+02    0.126294920042327963E+02
    0.783229781423352110E-03   -0.485757920437360042E+03    0.251811822960186582E+02    0.125596641460343843E+02
    0.586433042515955411E-03   -0.485179185199888082E+03    0.251360443418476933E+02    0.126563859647645334E+02
    0.873086592838476358E-03   -0.485975137687520885E+03    0.251370084838292378E+02    0.125814487728483719E+02
    0.662491843039769365E-03   -0.485423084696535454E+03    0.250589083003556858E+02    0.125505552463422241E+02
    0.679006559596773336E-03   -0.485472329782121392E+03    0.251424730321285921E+02    0.124948183859714419E+02
    0.687587106613517631E-03   -0.485497445249839188E+03    0.251431751087975961E+02    0.124966766404856493E+02
    0.771140876306130110E-03   -0.485726810357385204E+03    0.250885079785855787E+02    0.125391223375627732E+02
    0.760174892650334688E-03   -0.485698165263181352E+03    0.251321369487307962E+02    0.125117661744476170E+02
    0.733070855921026383E-03   -0.485625552931480399E+03    0.251598712818834223E+02    0.125119297281234960E+02
    0.812548239039892223E-03   -0.485831418772886934E+03    0.251359862855164913E+02    0.125256918769996162E+02
    0.840906792904240192E-03   -0.485900029855635580E+03    0.251499185518486215E+02    0.125400567851016564E+02
    0.836062081917299921E-03   -0.485888473947740181E+03    0.251633536403667861E+02    0.125535444154681421E+02
    0.648217824765132252E-03   -0.485379521784143208E+03    0.251122454222054721E+02    0.124907914035527678E+02
    0.881296489518658410E-03   -0.485993856419349413E+03    0.251399202259408554E+02    0.125693938181914486E+02
    0.594406711055062717E-03   -0.485206195773370496E+03    0.250838349086022596E+02    0.124925078298356826E+02
    0.622595615071988009E-03   -0.485298862635857972E+03    0.251848001535378891E+02    0.125014041992466680E+02
    0.827229081815518733E-03   -0.485867231525891555E+03    0.251218891110632470E+02    0.125318204193410665E+02
    0.763034976532738028E-03   -0.485705675947825625E+03    0.250974797735423003E+02    0.125255712631709333E+02
    0.637003152517232811E-03   -0.485344617414885022E+03    0.251961905456540336E+02    0.125168500146604025E+02
    0.680883963662115674E-03   -0.485477852006818068E+03    0.251982243370941426E+02    0.125368398900678812E+02
    0.711892800768230039E-03   -0.485566922884467488E+03    0.250680930739287469E+02    0.125763637428044870E+02
    0.745565846218909298E-03   -0.485659355116176641E+03    0.250928299180012147E+02    0.125242648406834807E+02
    0.723652102165266782E-03   -0.485599689715805710E+03    0.250806411618332952E+02    0.126016009254178503E+02
    0.877170645860703168E-03   -0.485984471310817355E+03    0.251447535400352038E+02    0.125633578571556868E+02
    0.806007531670540679E-03   -0.485815254379686621E+03    0.250967811194420989E+02    0.125894340672622551E+02
    0.621780225834363308E-03   -0.485296241597012568E+03    0.252060035552763040E+02    0.125265073473340127E+02
    0.631570568817708998E-03   -0.485327487572706048E+03    0.250520547651677781E+02    0.125780525037235122E+02
    0.647455102939856523E-03   -0.485377167109913103E+03    0.251703042732526932E+02    0.124974869682846563E+02
    0.668564238579071285E-03   -0.485441333176824855E+03    0.251446608547521286E+02    0.124930299228660839E+02
    0.614011066786454649E-03   -0.485271094109885667E+03    0.250513914268367195E+02    0.125905988637837503E+02
    0.691502386801341805E-03   -0.485508801411207287E+03    0.251365258473676363E+02    0.124968042445349106E+02
    0.593441589615963474E-03   -0.485202945790520232E+03    0.251656619855313579E+02    0.124839361536439366E+02
    0.852524153769649911E-03   -0.485927471288999755E+03    0.251061691264083535E+02    0.125631596347038155E+02
    0.663385360478332574E-03   -0.485425780323465176E+03    0.251886414655232223E+02    0.125158682754220134E+02
    0.790041978611519410E-03   -0.485775240368816412E+03    0.251100072613144611E+02    0.126076453254492371E+02
    0.763364977377771047E-03   -0.485706540729953872E+03    0.251842694152976954E+02    0.125507456798488342E+02
    0.771494241518805128E-03   -0.485727726621289150E+03    0.251580680484685359E+02    0.126116313594841269E+02
    0.751815249218556136E-03   -0.485676049434822119E+03    0.251844777368994563E+02    0.125434789305200169E+02
    0.639048632090687975E-03   -0.485351029321831447E+03    0.250539413146281191E+02    0.125806726996296536E+02
    0.842828991011870766E-03   -0.485904596365324494E+03    0.251054473835970562E+02    0.125523203869375291E+02
    0.622008680383118184E-03   -0.485296976302235237E+03    0.252126221065416267E+02    0.125425416788757236E+02
    0.653358069138085923E-03   -0.485395318853282674E+03    0.251660887682462615E+02    0.124966262934804337E+02
    0.627993851533416997E-03   -0.485316128957488672E+03    0.251658707650923894E+02    0.124911244166995878E+02
    0.680084274810631244E-03   -0.485475501653824040E+03    0.252009090494894110E+02    0.125895305762805130E+02
    0.605699546968837535E-03   -0.485243836337832249E+03    0.252186189315280593E+02    0.125564116882582102E+02
    0.705426771056862664E-03   -0.485548674143110475E+03    0.189156918435297712E+02    0.314066701094225174E+02
    0.623063578001569656E-03   -0.485300365335646802E+03    0.188973490833404050E+02    0.313478703389305515E+02
    0.621170853289218787E-03   -0.485294280546077573E+03    0.189136399761646672E+02    0.313623602193309239E+02
    0.731639543910674386E-03   -0.485621644138408101E+03    0.189056282785089600E+02    0.313915472438139105E+02
    0.627029528598641289E-03   -0.485313055474907173E+03    0.189185365346122225E+02    0.313708497392819723E+02
    0.700131063662254175E-03   -0.485533603308393026E+03    0.125065753259736443E+02    0.251005942191595217E+02
    0.772120463573720698E-03   -0.485729349363252425E+03    0.125443111199385591E+02    0.250859725991543350E+02
    0.601004988915077682E-03   -0.485228274676800254E+03    0.125158235686698500E+02    0.250615084191671933E+02
    0.619816397577825293E-03   -0.485289914808240155E+03    0.125899687701630807E+02    0.250523562644968116E+02
    0.685127308022468753E-03   -0.485490277549995369E+03    0.125854656231583082E+02    0.250643858316966153E+02
    0.819620195196649822E-03   -0.485848750318490772E+03    0.125690815109059884E+02    0.250941833700780741E+02
    0.749388027665725751E-03   -0.485669582026429680E+03    0.125895291426163727E+02    0.250805080806631580E+02
    0.706931538245568394E-03   -0.485552935859838215E+03    0.126289541772698772E+02    0.251103595045817656E+02
    0.744491943445221805E-03   -0.485656472267022536E+03    0.126150308183873090E+02    0.251007029191411846E+02
    0.792401973921891896E-03   -0.485781205817529496E+03    0.126079718113304011E+02    0.251119850414627628E+02
    0.629091741596142810E-03   -0.485319622404069776E+03    0.126464745864581989E+02    0.251502913060506081E+02
    0.853458300119000045E-03   -0.485929661572822624E+03    0.125924094535453914E+02    0.251286509241911702E+02
    0.867493172750833708E-03   -0.485962283489276274E+03    0.125841426957937124E+02    0.251402696957856833E+02
    0.847943892733627781E-03   -0.485916697144499381E+03    0.125946239134865081E+02    0.251376977894143714E+02
    0.728358631076313190E-03   -0.485612655309755098E+03    0.126009187666394453E+02    0.250814202868475640E+02
    0.774999804636710191E-03   -0.485736793760295200E+03    0.126140190644934265E+02    0.251145764380891805E+02
    0.870607285482072899E-03   -0.485969450200610368E+03    0.125835179166852544E+02    0.251299652407693905E+02
    0.697566084989069434E-03   -0.485526262715174880E+03    0.126306817394333883E+02    0.251560957972141566E+02
    0.872400395604334511E-03   -0.485973565181340007E+03    0.125691563334206080E+02    0.251168248326853956E+02
    0.589193512571728559E-03   -0.485188577553666164E+03    0.126556393832708327E+02    0.251255392973099632E+02
    0.791372561756945904E-03   -0.485778605921428834E+03    0.126131265445674252E+02    0.251337359920117613E+02
    0.826881071943947016E-03   -0.485866389961922152E+03    0.126000092559926955E+02    0.251464615158783893E+02
    0.644903576506455803E-03   -0.485369269829415941E+03    0.126229933058408417E+02    0.250777125131487537E+02
    0.652944850809788861E-03   -0.485394053546941336E+03    0.126301485840166361E+02    0.250889073120431689E+02
    0.754159964162803430E-03   -0.485682277204888976E+03    0.126131901726811702E+02    0.251635167235746771E+02
    0.625228997956707856E-03   -0.485307304164472384E+03    0.126245391826056910E+02    0.250738878940197729E+02
    0.729526887001511501E-03   -0.485615860653825735E+03    0.126257686633389330E+02    0.251163882641449909E+02
    0.747979193656106195E-03   -0.485665818528991565E+03    0.126228870364854835E+02    0.251431150273346944E+02
    0.584309467923014550E-03   -0.485171929712356189E+03    0.126014374407188683E+02    0.250493357250407414E+02
    0.679562321253096373E-03   -0.485473966097203117E+03    0.126321959142918434E+02    0.251621615065857895E+02
    0.744786691856226275E-03   -0.485657263921204276E+03    0.126090485605976976E+02    0.250931802336905037E+02
    0.584201139809311168E-03   -0.485171558887775575E+03    0.126501580939779288E+02    0.251669385771405665E+02
    0.755527386434416020E-03   -0.485685900266697161E+03    0.126110930139633854E+02    0.251659573900965938E+02
    0.587635403995126937E-03   -0.485183281594448658E+03    0.126361654294728272E+02    0.251893373791791859E+02
    0.764996922290681752E-03   -0.485710811827089913E+03    0.126100420133809941E+02    0.251635631282579872E+02
    0.605001068013945906E-03   -0.485241528652435079E+03    0.124997474515126896E+02    0.251880531855136702E+02
    0.804695585193017870E-03   -0.485811996307472270E+03    0.125857194658306160E+02    0.251712490726350353E+02
    0.800353492343002372E-03   -0.485801175196757697E+03    0.125831112182566720E+02    0.251737765191233436E+02
    0.664430398232275206E-03   -0.485428928464953515E+03    0.125577647672157937E+02    0.252073703304968859E+02
    0.814987050874626433E-03   -0.485837412654986395E+03    0.125264147657063738E+02    0.251358397829632914E+02
    0.631739219588546108E-03   -0.485328021569270902E+03    0.126250037282648915E+02    0.251893494670716294E+02
    0.732420155469941945E-03   -0.485623776870109054E+03    0.126057575415971979E+02    0.251792833923931205E+02
    0.831646303174808296E-03   -0.485877882673866281E+03    0.125646436834629753E+02    0.251674293622900294E+02
    0.634894974048783901E-03   -0.485337987385781162E+03    0.126271050358560633E+02    0.251861740015873465E+02
    0.792499279583723363E-03   -0.485781451399168702E+03    0.125466626183271170E+02    0.251748202303537632E+02
    0.712965460951067655E-03   -0.485569934160506079E+03    0.125096326437113454E+02    0.251648429962774252E+02
    0.775660589254408570E-03   -0.485738498284794048E+03    0.125155453775309766E+02    0.251332139181000329E+02
    0.660897089830278007E-03   -0.485418264483998314E+03    0.126123370631613234E+02    0.251930463145464820E+02
    0.792432457246991821E-03   -0.485781282755093457E+03    0.125370723768037351E+02    0.251688294952905700E+02
    0.706773327059229150E-03   -0.485552488210004412E+03    0.125025736434561523E+02    0.251515021349705243E+02
    0.792691041749280997E-03   -0.485781935283441555E+03    0.125212711445623892E+02    0.251437078659275315E+02
    0.730644866375862456E-03   -0.485618923251332433E+03    0.125244296603390950E+02    0.251775346194004079E+02
    0.653802986823587783E-03   -0.485396680331122468E+03    0.125574860676307587E+02    0.252094453222893478E+02
    0.755296066270481101E-03   -0.485685287832026972E+03    0.125484030079672841E+02    0.251855286821741657E+02
    0.591601706669737351E-03   -0.485196735437091434E+03    0.126478080409124480E+02    0.251689173209629438E+02
    0.872038092928471885E-03   -0.485972734420763572E+03    0.628219319710391044E+01    0.188331756600875977E+02
    0.775312472387081715E-03   -0.485737600482293715E+03    0.625337361362922106E+01    0.188082801518465317E+02
    0.782324362124559654E-03   -0.485755607085494262E+03    0.627244851746732657E+01    0.188016069098926231E+02
    0.631783299441988151E-03   -0.485328161115192074E+03    0.636178151686878834E+01    0.188280405652589415E+02
    0.668433516371113798E-03   -0.485440942085043616E+03    0.632772297011858864E+01    0.187900435699972448E+02
    0.837575339830917221E-03   -0.485892090641072514E+03    0.629762832499412450E+01    0.188202761687555267E+02
    0.696561496337959937E-03   -0.485523380371152882E+03    0.628885371947690519E+01    0.187811633359957995E+02
    0.707531857888677265E-03   -0.485554633520394987E+03    0.629830298162353941E+01    0.187849630940195951E+02
    0.766598561605309303E-03   -0.485714994758980993E+03    0.629754084669674974E+01    0.187984711334965517E+02
    0.836932775999567531E-03   -0.485890555709454532E+03    0.630558769158166665E+01    0.188736227117299116E+02
    0.664084390166959403E-03   -0.485427886675803222E+03    0.631573143769642087E+01    0.189173422437729926E+02
    0.801027431404164724E-03   -0.485802858591610118E+03    0.630232648400636197E+01    0.188893194007533367E+02
    0.785642064401377918E-03   -0.485764070805563733E+03    0.624872368647773690E+01    0.188833677612457151E+02
    0.632784911347473566E-03   -0.485331329349555062E+03    0.620458978717137910E+01    0.188703325541158549E+02
    0.740087297966893947E-03   -0.485644604504683514E+03    0.623632410704633333E+01    0.188858275591129257E+02
    0.693012367408497409E-03   -0.485513163896189837E+03    0.623100561910336825E+01    0.188952551747263655E+02
    0.611840233015053213E-03   -0.485264010588283952E+03    0.620641225951913267E+01    0.188867193240189408E+02
    0.687880819756530107E-03   -0.485498299397411358E+03    0.621688744548956151E+01    0.188732714562808006E+02
    0.725826691057319170E-03   -0.485605690743302546E+03    0.633084171129498152E+01    0.188898692922713494E+02
    0.589454670925206015E-03   -0.485189463851584094E+03    0.628345614865115110E+01    0.189390651667199883E+02
