    0.311997779319838351E+02    0.250964762151406795E+02    0.103035077497793104E+01   -0.599146350544150419E+01    1
    0.203406002276447340E+00    0.619682735701861542E+01    0.103084642927165171E+01   -0.599396350544151169E+01    1
    0.249944324126067094E+02    0.311916698548213063E+02    0.104403061170068034E+01   -0.599646350544151474E+01    1
    0.122686498855986539E+02    0.187317049263546238E+02    0.106553151060326701E+01   -0.599896350544151957E+01    1
    0.121914752222784397E+02    0.187671819771447623E+02    0.109518037076618491E+01   -0.600146350544151552E+01    1
    0.671573680527998906E+01    0.250088303353094121E+00    0.116447490949923993E+01   -0.600396350544151858E+01    1
    0.671022593435866632E+01    0.379201473892038010E+00    0.121795476250316814E+01   -0.600646350544151630E+01    1
    0.186031516438229758E+02    0.132278859723748088E+02    0.134691107043227887E+01   -0.600896350544152469E+01    1
    0.644638947799695883E+00    0.191638598215120659E+02    0.135845263369184832E+01   -0.601146350544151886E+01    1
    0.256992565123881356E+02    0.308691163140287728E+02    0.143905622369184116E+01   -0.601396350544150859E+01    1
    0.256075790643972994E+02    0.307587846709586934E+02    0.146964531586262837E+01   -0.601646350544151520E+01    1
    0.249528808578176680E+02    0.306278532687973915E+02    0.147180905912361681E+01   -0.601896350544151559E+01    1
    0.306516269749533912E+02    0.267287538627422272E+00    0.147211048942367939E+01   -0.602146350544152753E+01    1
    0.194445902899200433E+02    0.131320196632725210E+02    0.148240993840264501E+01   -0.602396350544153325E+01    1
    0.665234212806579439E+01    0.133523927064657553E+02    0.155230221629307996E+01   -0.602646350544152298E+01    1
    0.179669934076789630E+02    0.252829170490354826E+02    0.159841396120545887E+01   -0.602896350544150561E+01    1
    0.250529285378908391E+02    0.178087810410416978E+02    0.186755118142334209E+01   -0.603146350544150955E+01    1
    0.257142349209846870E+02    0.534530698171991858E+01    0.197137310593452364E+01   -0.603396350544152682E+01    1
    0.199078142881446212E+02    0.331360073562826263E+00    0.199891733866799881E+01   -0.603646350544153165E+01    1
    0.707133122864361585E+01    0.242927897500306287E+02    0.207231479419527487E+01   -0.603896350544152227E+01    1
    0.307980948011834030E+02    0.135580232804902607E+02    0.211905725553842084E+01   -0.604146350544151556E+01    1
    0.309264065266818022E+02    0.106653609545220807E+01    0.214154352742920961E+01   -0.604396350544152039E+01    1
    0.109522520635454690E+01    0.577593388820192644E+01    0.222584529297346911E+01   -0.604646350544152966E+01    1
    0.378802623906906610E+00    0.200319090645044469E+02    0.233232833671330031E+01   -0.604896350544152206E+01    1
    0.671893696783674699E+01    0.113924888203734600E+02    0.235687971529751827E+01   -0.605146350544152156E+01    1
    0.305085372021185748E+02    0.116695772079312938E+02    0.238657250357322637E+01   -0.605396350544152995E+01    1
    0.707100540752900120E+01    0.135687510343156958E+02    0.238790022742717412E+01   -0.605646350544151790E+01    1
    0.307072506313305205E+02    0.136272677574863827E+02    0.239646129119136564E+01   -0.605896350544151829E+01    1
    0.500945469635272467E+01    0.182551578405985432E+00    0.248192802879838048E+01   -0.606146350544153112E+01    1
    0.188315166669999705E+02    0.131397101650985060E+01    0.257445776362243484E+01   -0.606396350544153950E+01    1
    0.113087827544798269E+01    0.195725218907847243E+02    0.259604024300115555E+01   -0.606646350544153368E+01    1
    0.508947561308796015E+01    0.245087511004305796E+02    0.262413851451395574E+01   -0.606896350544153407E+01    1
    0.537447733415361295E+01    0.115355036918026173E+02    0.268277341046527384E+01   -0.607146350544153712E+01    1
    0.176706197806992122E+02    0.258375451051202418E+02    0.270100258925596304E+01   -0.607396350544151886E+01    1
    0.243269672614325927E+02    0.744311559084032304E+01    0.282095117444570187E+01   -0.607646350544150149E+01    1
    0.260691608493028149E+02    0.735094566610728251E+01    0.283604104742438512E+01   -0.607896350544150277E+01    1
    0.260914533801619193E+02    0.735061235485210229E+01    0.288591830802119453E+01   -0.608146350544151737E+01    1
    0.104958777988683583E+01    0.178640807488393527E+02    0.290246076458561264E+01   -0.608396350544153197E+01    1
    0.202617889686108832E+02    0.249931441084293837E+02    0.294305225253778868E+01   -0.608646350544153236E+01    1
    0.488011494906166376E+01    0.268135797046504532E+00    0.296728706863356972E+01   -0.608896350544152032E+01    1
    0.264118347801903539E+02    0.195928782203075578E+02    0.308135108915683364E+01   -0.609146350544151804E+01    1
    0.636799766683479440E+01    0.111012103615136262E+02    0.314087978648510013E+01   -0.609396350544151844E+01    1
    0.127685868078067344E+02    0.173884774207945725E+02    0.316307809231458759E+01   -0.609646350544151083E+01    1
    0.259282844130052048E+02    0.202166571266313646E+02    0.350630799519033864E+01   -0.609896350544150234E+01    1
    0.469923554453700465E+01    0.251604176726161803E+02    0.367915417935725397E+01   -0.610146350544149918E+01    1
    0.255564326395434058E+02    0.297675844093177844E+02    0.425657880481500328E+01   -0.610396350544150579E+01    1
    0.172817316825203910E+02    0.258626763992538038E+02    0.429604391555873555E+01   -0.610646350544152394E+01    1
    0.117116174943922555E+02    0.476257030062667219E+01    0.432929472826313688E+01   -0.610896350544153233E+01    1
    0.954294466537836450E+00    0.173707875813131807E+02    0.437945289759505574E+01   -0.611146350544151318E+01    1
    0.115629288414844691E+02    0.299501284975832043E+02    0.445688716093804693E+01   -0.611396350544150202E+01    1
    0.177555841902079052E+02    0.110989427214573162E+02    0.475037134727329935E+01   -0.611646350544151840E+01    1
    0.237458297253501556E+02    0.176002330572667987E+02    0.493607007606665871E+01   -0.611896350544151613E+01    1
    0.786697515532108760E+01    0.136442329258680282E+02    0.532230377739239824E+01   -0.612146350544151030E+01    1
    0.509994308452873302E+01    0.152513680441251642E+01    0.537496553924747200E+01   -0.612396350544150803E+01    1
    0.185197620363682525E+02    0.186757854094251452E+01    0.563812879706629744E+01   -0.612646350544151108E+01    1
    0.435879929314351156E+01    0.126301165791659056E+02    0.594983589258600976E+01   -0.612896350544151858E+01    1
    0.106670855593873668E+02    0.192342409273390551E+02    0.595379380748286735E+01   -0.613146350544150476E+01    1
    0.189831246021932962E+02    0.231828145843667848E+02    0.619286816212385993E+01   -0.613396350544150160E+01    1
    0.702532116768275428E+00    0.295482393879172136E+02    0.622552359158781954E+01   -0.613646350544149932E+01    1
    0.177268389032513234E+02    0.108565636452816214E+02    0.628751988501363890E+01   -0.613896350544150327E+01    1
    0.138571476615928191E+02    0.204875923637143558E+02    0.650810082641313326E+01   -0.614146350544151343E+01    1
    0.108575598339768788E+02    0.176489133533393847E+02    0.659187070890433535E+01   -0.614396350544152714E+01    1
    0.131315178238546100E+02    0.208027362829521216E+02    0.668743504979169412E+01   -0.614646350544152309E+01    1
    0.180926292804602120E+02    0.270490098029161814E+02    0.676311060258521124E+01   -0.614896350544151282E+01    1
    0.108787850198053491E+02    0.497372298078334740E+01    0.692988280254888345E+01   -0.615146350544152742E+01    1
    0.266512196726748520E+02    0.780543990550236444E+01    0.697687188922532719E+01   -0.615396350544151360E+01    1
    0.168124050922697883E+02    0.151147291548526824E+00    0.702719362171692907E+01   -0.615646350544150067E+01    1
    0.242528579381389520E+02    0.294891047281498437E+02    0.718817804994292153E+01   -0.615896350544150195E+01    1
    0.133484828530903830E+02    0.825255261136980423E+01    0.731028909544612304E+01   -0.616146350544151922E+01    1
    0.295456833774491159E+02    0.116837391912061705E+01    0.771453210441737003E+01   -0.616396350544152849E+01    1
    0.209223163770858847E+02    0.119797401836927708E+02    0.791324720544571836E+01   -0.616646350544150668E+01    1
    0.293041712850439175E+02    0.122179023107298939E+02    0.798089722289498305E+01   -0.616896350544149996E+01    1
    0.146224939696814360E+02    0.181427701539431396E+02    0.799262039387792900E+01   -0.617146350544152167E+01    1
    0.177746859211859594E+02    0.145181544390640340E+02    0.807577762731010118E+01   -0.617396350544153449E+01    1
    0.167234540554449218E+02    0.255793094013666469E+02    0.827133607901296131E+01   -0.617646350544151179E+01    1
    0.181473709727857120E+02    0.146723633255688508E+02    0.852824533643663152E+01   -0.617896350544150152E+01    1
    0.476794447648266839E+01    0.108051700457890547E+02    0.859059453979420695E+01   -0.618146350544150103E+01    1
    0.190414952676229490E+02    0.217828080682473235E+01    0.863037912387153838E+01   -0.618396350544151829E+01    1
    0.246593684645340723E+02    0.292445123154369391E+02    0.885213869717225954E+01   -0.618646350544152934E+01    1
    0.229357672780834250E+02    0.647386893119791296E+01    0.886386263450211231E+01   -0.618896350544151730E+01    1
    0.229489667782955920E+02    0.183895890109392397E+02    0.898482212664811364E+01   -0.619146350544153012E+01    1
    0.407267779606326474E+01    0.254349425595653535E+02    0.912718898523702116E+01   -0.619396350544153673E+01    1
    0.263907519070326337E+02    0.294165140308559288E+02    0.932529058552312229E+01   -0.619646350544151137E+01    1
    0.103622724165250482E+02    0.687043255092158578E+01    0.946518893909714265E+01   -0.619896350544150465E+01    1
    0.197737894579296203E+02    0.213841827873328993E+01    0.952720301348084675E+01   -0.620146350544151748E+01    1
    0.147985871743845188E+02    0.184304084044879701E+02    0.955188917212672095E+01   -0.620396350544150987E+01    1
    0.208172989887472717E+02    0.139406739641128716E+02    0.959612466985396217E+01   -0.620646350544149783E+01    1
    0.107647738451822974E+02    0.297871355487297862E+02    0.965530760647903286E+01   -0.620896350544150710E+01    1
    0.109155728451945109E+02    0.806861535695913545E+01    0.967716008804862682E+01   -0.621146350544150838E+01    1
    0.271877253336605413E+02    0.503166670820074646E+01    0.987741730058003675E+01   -0.621396350544150700E+01    1
    0.257055014170849105E+02    0.853071208902855460E+01    0.100132869848010628E+02   -0.621646350544150472E+01    1
    0.210353613235759411E+02    0.116681447185480742E+02    0.100254239034877717E+02   -0.621896350544153709E+01    1
    0.109935171204578666E+02    0.207503052989911865E+02    0.101406475255870205E+02   -0.622146350544152416E+01    1
    0.293500371607988875E+02    0.238469166624268389E+02    0.101616829489115243E+02   -0.622396350544153076E+01    1
    0.267327873034369325E+02    0.169562963101451487E+02    0.102532162165237271E+02   -0.622646350544153204E+01    1
    0.171201880758664657E+02    0.233454442614027577E+02    0.102722058187863308E+02   -0.622896350544151112E+01    1
    0.733149938866319961E+00    0.165940543870293347E+02    0.104788549922527494E+02   -0.623146350544149907E+01    1
    0.232115149304799750E+01    0.185544956907072276E+02    0.106679120432338106E+02   -0.623396350544151101E+01    1
    0.171091457361372647E+02    0.269822801406150425E+02    0.108814329438057928E+02   -0.623646350544152739E+01    1
    0.262231937175043335E+02    0.292119826349594618E+02    0.109415591271636501E+02   -0.623896350544154199E+01    1
    0.611028440038566778E+01    0.234609927873769530E+01    0.109561608167972224E+02   -0.624146350544154416E+01    1
    0.304004357484019749E+02    0.273660150220845608E+02    0.110424416819807565E+02   -0.624396350544154188E+01    1
    0.108310409913034942E+02    0.207363848727495572E+02    0.111722692109884623E+02   -0.624646350544154139E+01    1
    0.200992847514293871E+02    0.147505678832168687E+02    0.113803710141020247E+02   -0.624896350544154089E+01    1
    0.294189651793561033E+02    0.163052869977941994E+01    0.114588440701118355E+02   -0.625146350544151908E+01    1
    0.130161846394216845E+02    0.864512773124216238E+01    0.114902890472461969E+02   -0.625396350544150437E+01    1
    0.296288145750543208E+02    0.106725121662273246E+02    0.116456652196293717E+02   -0.625646350544151275E+01    1
    0.837361575333560282E+01    0.151033628665440101E+01    0.116722286706122400E+02   -0.625896350544152913E+01    1
    0.212266707488385435E+02    0.120254674918472713E+02    0.118839306598158672E+02   -0.626146350544153396E+01    1
    0.227174015925618384E+02    0.610755986175484011E+01    0.120885280032748383E+02   -0.626396350544151304E+01    1
    0.249719020697846403E+02    0.870193295729355221E+01    0.121388267516823021E+02   -0.626646350544151076E+01    1
    0.208709602282961484E+02    0.233988264932155552E+02    0.124610027810001238E+02   -0.626896350544153069E+01    1
    0.293936597394543853E+02    0.143034701576305601E+02    0.124941963738647832E+02   -0.627146350544152575E+01    1
    0.233252414797615231E+02    0.825373979864949092E+01    0.125331131427586424E+02   -0.627396350544150305E+01    1
    0.290743924978351203E+02    0.261784270198774038E+02    0.127033171501317650E+02   -0.627646350544151854E+01    1
    0.195408554490074593E+02    0.149774180254644200E+02    0.127545675262718667E+02   -0.627896350544151893E+01    1
    0.191905059965750695E+02    0.244881719392259134E+01    0.128120197280225394E+02   -0.628146350544150600E+01    1
    0.100965858954435745E+02    0.637739030310436750E+01    0.130181131400061911E+02   -0.628396350544150373E+01    1
    0.382469234967403304E+01    0.130404189892224860E+02    0.131618850854853466E+02   -0.628646350544151566E+01    1
    0.150914348176928970E+01    0.210652994154176341E+02    0.131709317031336646E+02   -0.628896350544151872E+01    1
    0.204160221980725396E+02    0.147541800035047483E+02    0.131738777979835771E+02   -0.629146350544151289E+01    1
    0.791704674500378047E+01    0.216292414612960293E+01    0.133142785644417057E+02   -0.629396350544151328E+01    1
    0.226629014572695873E+02    0.581602673811576842E+01    0.133570605067750758E+02   -0.629646350544151456E+01    1
    0.291382646715103881E+02    0.237356862024888535E+02    0.133587851283087247E+02   -0.629896350544151140E+01    1
    0.175934844406169688E+02    0.233272750529251516E+01    0.134461795750749822E+02   -0.630146350544151979E+01    1
    0.253754390103751177E+02    0.289198914958482334E+02    0.135883419409842698E+02   -0.630396350544154327E+01    1
    0.102886836580007337E+02    0.174002650295100736E+02    0.136455467293869130E+02   -0.630646350544153300E+01    1
    0.209144947977999962E+02    0.107371015208617724E+02    0.136725008164238950E+02   -0.630896350544153339E+01    1
    0.522277577220321376E+01    0.227112952554655330E+02    0.140336592247672289E+02   -0.631146350544152401E+01    1
    0.299997375710859551E+02    0.274654297852799161E+02    0.142439351707127297E+02   -0.631396350544150398E+01    1
    0.249299591551510336E+01    0.179833069338313791E+02    0.146544999832744107E+02   -0.631646350544151769E+01    1
    0.254426592768833171E+01    0.587532430844044473E+01    0.147005619466423703E+02   -0.631896350544152607E+01    1
    0.276338249980164505E+02    0.721695641405997090E+01    0.150049098154988183E+02   -0.632146350544152202E+01    1
    0.171160516457389775E+02    0.103031452468982447E+02    0.152633515061183491E+02   -0.632396350544152774E+01    1
    0.263915421168623290E+02    0.163992657914738942E+02    0.153230809656234452E+02   -0.632646350544152636E+01    1
    0.151063888833326114E+02    0.305574890157866754E+02    0.155233859533152696E+02   -0.632896350544151876E+01    1
    0.369253256445993028E+01    0.128603410297383718E+02    0.155382537531678100E+02   -0.633146350544152003E+01    1
    0.101044262000808764E+02    0.499974560164424453E+01    0.156306389320657146E+02   -0.633396350544152309E+01    1
    0.295329389032763245E+02    0.273353653668891106E+02    0.156632823090551003E+02   -0.633646350544152615E+01    1
    0.210941139861744524E+02    0.269521135994860899E+02    0.156652533433659809E+02   -0.633896350544152920E+01    1
    0.113130221740400962E+02    0.163620397928616299E+02    0.159403744155001448E+02   -0.634146350544152781E+01    1
    0.211741779712179401E+02    0.172985170875284555E+01    0.160563110855642925E+02   -0.634396350544151222E+01    1
    0.833758443214359168E+01    0.230014988791541661E+02    0.163984122629821414E+02   -0.634646350544149573E+01    1
    0.166360328798306263E+02    0.270920200625804206E+02    0.164396005025708014E+02   -0.634896350544151034E+01    1
    0.152017159023141577E+02    0.602675060772504967E+01    0.164894947049604141E+02   -0.635146350544150984E+01    1
    0.241938281403395061E+01    0.204442544104003616E+02    0.165626074233578784E+02   -0.635396350544149158E+01    1
    0.179119146590279996E+02    0.998125083847550876E+01    0.166477174299821833E+02   -0.635646350544149996E+01    1
    0.187424345527151992E+02    0.264782086608146150E+01    0.166947246857382261E+02   -0.635896350544152256E+01    1
    0.235260821088941690E+02    0.385620149849941329E+01    0.167517729450195887E+02   -0.636146350544152384E+01    1
    0.298988472501991254E+02    0.276358267380826739E+02    0.174803496042809350E+02   -0.636396350544150557E+01    1
    0.134095200085614774E+02    0.162117894456458629E+02    0.174989735767323538E+02   -0.636646350544150952E+01    1
    0.152511395948379054E+02    0.312348748581402553E+02    0.175944399049847426E+02   -0.636896350544151346E+01    1
    0.151990100890347453E+02    0.198661297833605346E+02    0.178733105963148446E+02   -0.637146350544153250E+01    1
    0.101378752953128117E+02    0.206363128497195483E+02    0.179306293177470337E+02   -0.637396350544155155E+01    1
    0.290581126773152505E+02    0.270704222422588003E+02    0.180568486557120167E+02   -0.637646350544152529E+01    1
    0.798232144750000305E+01    0.226555929526124622E+02    0.181033251941574918E+02   -0.637896350544150614E+01    1
    0.721527862257322106E+01    0.224744513931679997E+02    0.181831425667976880E+02   -0.638146350544151897E+01    1
    0.374247307668272100E+01    0.110382950532956450E+02    0.181882960568349930E+02   -0.638396350544152380E+01    1
    0.187357776902873034E+02    0.985454949319876761E+01    0.182286866119437079E+02   -0.638646350544151620E+01    1
    0.189955076770837863E+02    0.224168746826383263E+02    0.183408538321457542E+02   -0.638896350544153080E+01    1
    0.292298616004901426E+02    0.273252518045900743E+02    0.183717724787379169E+02   -0.639146350544153830E+01    1
    0.895954510684504157E+01    0.116559039563283378E+02    0.185286652963984828E+02   -0.639396350544151737E+01    1
    0.312328094518792234E+02    0.983864792477747230E+01    0.186554319636782147E+02   -0.639646350544152220E+01    1
    0.253376793392475363E+02    0.161125188676563980E+02    0.189036905279894505E+02   -0.639896350544151460E+01    1
    0.130663966692399871E+02    0.215838549545372729E+02    0.191089901068442707E+02   -0.640146350544150433E+01    1
    0.355411663933820332E+01    0.259207830372285102E+02    0.194742790430062911E+02   -0.640396350544151272E+01    1
    0.224227450803068074E+02    0.303750610247000239E+02    0.196540724332292100E+02   -0.640646350544151311E+01    1
    0.293021414569505723E+02    0.149407743852811503E+02    0.197518014674131628E+02   -0.640896350544153304E+01    1
    0.772459694584002676E+01    0.991233218259400140E+01    0.198950338139705991E+02   -0.641146350544155297E+01    1
    0.174063226806927034E+02    0.277878597387531130E+02    0.199245122303110698E+02   -0.641396350544154892E+01    1
    0.289791497429349398E+02    0.105132886306136726E+02    0.200395296923719499E+02   -0.641646350544152533E+01    1
    0.279179971860144356E+02    0.188462647537741255E+02    0.201216209901155523E+02   -0.641896350544152039E+01    1
    0.356477323682826341E+01    0.138168132546457283E+02    0.205075895908233754E+02   -0.642146350544151190E+01    1
    0.216463002564347455E+02    0.254789602431356990E+02    0.205794477035846448E+02   -0.642396350544151495E+01    1
    0.235677272904402813E+02    0.215105433312138956E+02    0.205924840287878368E+02   -0.642646350544152956E+01    1
    0.166904581137172201E+02    0.241733238805404982E+01    0.206858652321449554E+02   -0.642896350544153616E+01    1
    0.904360133681012712E+01    0.241187806769399913E+02    0.207711454346400828E+02   -0.643146350544153833E+01    1
    0.144828402988312028E+02    0.288534895271968530E+02    0.208521367831674702E+02   -0.643396350544153695E+01    1
    0.398426043175371403E+01    0.228158426374836374E+02    0.208679063585841646E+02   -0.643646350544153023E+01    1
    0.161869764824863509E+02    0.235029843879242364E+02    0.209348979402557589E+02   -0.643896350544152440E+01    1
    0.545843993736162547E+00    0.347944555550212442E+01    0.209818580881210366E+02   -0.644146350544153545E+01    1
    0.273715408732870138E+02    0.866570127484140507E+01    0.209981074240914936E+02   -0.644396350544153229E+01    1
    0.204485537510851572E+02    0.267507748760058162E+01    0.210261833129352205E+02   -0.644646350544153979E+01    1
    0.270766802547015644E+02    0.370744730686167490E+01    0.212423705743111775E+02   -0.644896350544154906E+01    1
    0.899703138784196810E+01    0.236275341903234377E+02    0.213832918919480903E+02   -0.645146350544151925E+01    1
    0.697491813928002191E+01    0.281949301531555285E+01    0.216197432102915421E+02   -0.645396350544149033E+01    1
    0.148828755987071464E+02    0.164793971877824745E+02    0.216206329084397808E+02   -0.645646350544149072E+01    1
    0.102457932405855470E+02    0.865285568377097647E+01    0.216564243670568004E+02   -0.645896350544150355E+01    1
    0.234528865827495636E+02    0.215411836237336374E+02    0.217335556205904510E+02   -0.646146350544151460E+01    1
    0.278102028280610369E+02    0.296521238924952399E+02    0.218934634084386595E+02   -0.646396350544151854E+01    1
    0.235385794084282871E+02    0.215808832412677738E+02    0.221221632988207020E+02   -0.646646350544152693E+01    1
    0.285881400624408428E+02    0.259990063202279416E+02    0.221527091165497545E+02   -0.646896350544151133E+01    1
    0.141047642185591826E+02    0.161038995884002496E+02    0.221839297279013294E+02   -0.647146350544151172E+01    1
    0.773052351956275441E+01    0.223686138344374257E+02    0.222264694573501771E+02   -0.647396350544154586E+01    1
    0.910412729018760203E+01    0.136041831442624392E+02    0.223444480074686176E+02   -0.647646350544154359E+01    1
    0.216856328570811563E+02    0.928880419597914675E+00    0.224996571416219489E+02   -0.647896350544153865E+01    1
    0.279935165282695948E+02    0.309030316705109342E+02    0.225404230577505942E+02   -0.648146350544153194E+01    1
    0.224892088426178596E+02    0.429430169273099605E+01    0.226042794367248554E+02   -0.648396350544150657E+01    1
    0.279496149418780213E+02    0.302166183362403622E+02    0.226571011747802196E+02   -0.648646350544150696E+01    1
    0.227128213716058234E+02    0.164654037326703317E+02    0.228341662254706712E+02   -0.648896350544150824E+01    1
    0.245011280098696851E+02    0.339806517825418775E+01    0.233876105269865526E+02   -0.649146350544149886E+01    1
    0.996013800475552458E+01    0.847622318894715221E+01    0.234353999764907783E+02   -0.649396350544152856E+01    1
    0.297417771299981553E+02    0.978600159927527002E+01    0.234669389294449076E+02   -0.649646350544153872E+01    1
    0.280233946989867633E+02    0.701763441092705254E+01    0.236856584312323086E+02   -0.649896350544152046E+01    1
    0.242765567428892970E+01    0.874585514157168475E+01    0.237134945977435159E+02   -0.650146350544152618E+01    1
    0.248115287975941285E+02    0.159375398213624848E+02    0.239214645086638811E+02   -0.650396350544153723E+01    1
    0.152945599396981251E+02    0.208931928380307248E+02    0.243021983003763857E+02   -0.650646350544155183E+01    1
    0.269905436381943140E+02    0.160639790117194217E+02    0.243715920365558887E+02   -0.650896350544155666E+01    1
    0.280717510464798785E+02    0.186295806048095720E+02    0.247279525625256404E+02   -0.651146350544154462E+01    1
    0.313482961841937495E+02    0.280814451609072258E+02    0.250069738096022967E+02   -0.651396350544152725E+01    1
    0.223552420609922464E+02    0.293795183540660645E+02    0.250866302849597815E+02   -0.651646350544151254E+01    1
    0.165784786397226540E+02    0.987884938172951976E+01    0.250945711247501606E+02   -0.651896350544152003E+01    1
    0.229453190798400222E+02    0.901745325609475223E+01    0.252287588065322872E+02   -0.652146350544151776E+01    1
    0.228555235296663568E+02    0.358847016904346461E+01    0.252328979810782030E+02   -0.652396350544151549E+01    1
    0.155208352136572465E+02    0.583020182913663554E+01    0.253502641828918875E+02   -0.652646350544154163E+01    1
    0.285603347881252745E+02    0.269407267132908608E+02    0.255434064287742437E+02   -0.652896350544154469E+01    1
    0.265804996379872556E+02    0.217579557818498408E+02    0.256089594890190000E+02   -0.653146350544152288E+01    1
    0.166276645202834352E+02    0.980694590483252071E+01    0.258016868436050970E+02   -0.653396350544150284E+01    1
    0.103846098882275477E+02    0.906745181690692803E+01    0.259528347560494623E+02   -0.653646350544152011E+01    1
    0.353561973721084222E+01    0.228210164520794967E+01    0.259865305967377971E+02   -0.653896350544151694E+01    1
    0.278756572939308391E+02    0.398362564234075833E+01    0.260288781343690552E+02   -0.654146350544151645E+01    1
    0.227065727218387643E+02    0.161740822055022448E+02    0.260332131936538076E+02   -0.654396350544152305E+01    1
    0.284569090546569043E+02    0.262522554628998215E+02    0.262794378871938541E+02   -0.654646350544150213E+01    1
    0.275851802801115511E+02    0.161621485390457060E+02    0.263611610087486596E+02   -0.654896350544151318E+01    1
    0.874775576474026906E+01    0.268802045049836691E+01    0.264562478274009365E+02   -0.655146350544153577E+01    1
    0.737457705959253218E+01    0.959222604523136013E+01    0.266759384600302631E+02   -0.655396350544152639E+01    1
    0.152880584976869685E+02    0.163824317005521500E+02    0.268507829962149600E+02   -0.655646350544151346E+01    1
    0.330462005708981144E+01    0.262590658732093196E+02    0.268584409646831830E+02   -0.655896350544154050E+01    1
    0.164711580331600445E+02    0.277943761610453999E+01    0.269826843340725127E+02   -0.656146350544153023E+01    1
    0.955491578253773177E+01    0.314125803156001382E+02    0.271255862696926648E+02   -0.656396350544149687E+01    1
    0.375604333885289554E+01    0.984515685692919362E+01    0.272608164373915045E+02   -0.656646350544152924E+01    1
    0.462342034172949212E+01    0.280931840837090512E+02    0.274051267349819554E+02   -0.656896350544153496E+01    1
    0.218598816146699004E+01    0.916304473587856094E+01    0.274791628194231699E+02   -0.657146350544153623E+01    1
    0.974205319950515758E+01    0.212170384280708646E+02    0.275057750960463778E+02   -0.657396350544153485E+01    1
    0.603819179743938150E+01    0.953264759463546518E+01    0.279425978359138760E+02   -0.657646350544153258E+01    1
    0.218395234126119249E+02    0.235200282027818233E+02    0.280203892248237736E+02   -0.657896350544154984E+01    1
    0.155683826259692495E+02    0.299607364091595834E+02    0.280453371981236330E+02   -0.658146350544153069E+01    1
    0.221007476824512921E+02    0.305820922550103411E+02    0.281892471607266053E+02   -0.658396350544152664E+01    1
    0.346066215549811984E+01    0.251029065008164576E+01    0.282445889015199043E+02   -0.658646350544151371E+01    1
    0.276039037589910308E+02    0.160086811764569070E+02    0.282473153651034465E+02   -0.658896350544149989E+01    1
    0.199978476502812512E+02    0.155964069868963691E+02    0.284264247779609391E+02   -0.659146350544150383E+01    1
    0.100475179845967055E+02    0.344832402145102668E+01    0.284270500303935236E+02   -0.659396350544150245E+01    1
    0.266231578610449020E+02    0.326402911282834030E+01    0.285610227312144431E+02   -0.659646350544153037E+01    1
    0.168448598713416082E+02    0.297522427289037861E+01    0.285782311138309275E+02   -0.659896350544154586E+01    1
    0.161535348773949821E+02    0.223970314277442526E+02    0.285925775414053867E+02   -0.660146350544153382E+01    1
    0.953352019601138601E+01    0.500201511423569656E+01    0.286629684834844838E+02   -0.660396350544152799E+01    1
    0.219070376671373346E+02    0.942034978966685005E-01    0.287784499024697489E+02   -0.660646350544152128E+01    1
    0.284444529508959008E+02    0.230020419143451882E+02    0.288417351082232543E+02   -0.660896350544152167E+01    1
    0.287738618428413240E+01    0.288729844905546145E+02    0.290111022117295718E+02   -0.661146350544150341E+01    1
    0.253609437158450604E+02    0.219140034978635718E+02    0.290502205969384590E+02   -0.661396350544151090E+01    1
    0.214477928060883656E+02    0.971050098237152248E+01    0.290580603027629643E+02   -0.661646350544152284E+01    1
    0.171531615471724699E+02    0.303563787415936570E+01    0.292948467478526489E+02   -0.661896350544151524E+01    1
    0.273369944724621838E+02    0.329607942430960321E+01    0.293070257141007140E+02   -0.662146350544153428E+01    1
    0.214869100651935057E+02    0.286886802192562174E+01    0.293775563251421516E+02   -0.662396350544155332E+01    1
    0.985638457763739950E+01    0.912212609796733531E+01    0.294996087608123325E+02   -0.662646350544154661E+01    1
    0.160162349832175650E+02    0.153526553424619827E+02    0.298875906675984808E+02   -0.662896350544150970E+01    1
    0.306642609695528368E+01    0.791197404730556020E+01    0.299895051459162083E+02   -0.663146350544149499E+01    1
    0.308898265526933447E+01    0.192800955678831762E+02    0.299965531763416422E+02   -0.663396350544150870E+01    1
    0.933164780001579608E+01    0.105788872816893669E+02    0.300193591915635096E+02   -0.663646350544150021E+01    1
    0.222194570477442745E+02    0.215555497133389338E+02    0.300788244799014564E+02   -0.663896350544151659E+01    1
    0.144140077795662016E+02    0.157667365284340324E+02    0.306079888506410853E+02   -0.664146350544151787E+01    1
    0.938421547904205866E+01    0.261838105584091068E+02    0.306209498518247223E+02   -0.664396350544149605E+01    1
    0.226023867391029611E+02    0.283896419747701678E+02    0.306368357045988944E+02   -0.664646350544150177E+01    1
    0.240655145423059658E+02    0.283143286113805672E+02    0.306462219198932715E+02   -0.664896350544150394E+01    1
    0.220255991021541391E+02    0.190770153867213423E+02    0.306541781396977484E+02   -0.665146350544150700E+01    1
    0.209651019325331482E+02    0.156384884691304435E+02    0.306593556970070651E+02   -0.665396350544153758E+01    1
    0.286113838411518095E+02    0.960318224834405498E+01    0.308223759192274045E+02   -0.665646350544154952E+01    1
    0.345245857904337461E+01    0.155615216572109318E+02    0.311042001545640296E+02   -0.665896350544153570E+01    1
    0.944083532411444382E+00    0.940297640862436523E+01    0.312308243604391720E+02   -0.666146350544152188E+01    1
    0.315947424066966986E+01    0.252284318940243608E+02    0.312919163604623058E+02   -0.666396350544151161E+01    1
    0.152613655092454277E+02    0.322217420734638260E+01    0.312927456295530426E+02   -0.666646350544151556E+01    1
    0.696055766728015080E+01    0.282595906641253514E+02    0.314476314943203654E+02   -0.666896350544149996E+01    1
    0.315481350070257127E+01    0.133051898406197822E+02    0.315098751573617832E+02   -0.667146350544150746E+01    1
    0.154832702861843785E+02    0.283747515753252628E+02    0.315524003916655040E+02   -0.667396350544151140E+01    1
    0.305801466909983644E+01    0.334604615202437428E+01    0.316603889380432193E+02   -0.667646350544149936E+01    1
    0.300887241860785117E+02    0.219987694186472744E+02    0.317605786746992926E+02   -0.667896350544150152E+01    1
    0.220005464544965221E+02    0.430080313474215181E+01    0.317946435672103931E+02   -0.668146350544149747E+01    1
    0.283288257784457649E+02    0.220952592819516660E+02    0.318867620976074200E+02   -0.668396350544151296E+01    1
    0.282143558327130535E+02    0.941226980053144224E+01    0.319850008585618681E+02   -0.668646350544152668E+01    1
    0.219971721461716072E+02    0.933404089992658470E+01    0.319890740359666452E+02   -0.668896350544152263E+01    1
    0.157080456594951894E+02    0.152255851077623738E+02    0.319992128143385308E+02   -0.669146350544153190E+01    1
    0.220343120081673618E+02    0.947646030518075833E+01    0.320446321995443171E+02   -0.669396350544152785E+01    1
    0.282919181108075506E+02    0.218577225816517924E+02    0.320469159496969311E+02   -0.669646350544153623E+01    1
    0.157108825502345049E+02    0.422698592693057940E+01    0.320603516449125223E+02   -0.669896350544153307E+01    1
    0.219890959021064809E+02    0.189295888224989000E+02    0.320821253532588457E+02   -0.670146350544152813E+01    1
    0.156013879303726579E+02    0.310051559920559860E+01    0.320876042089910527E+02   -0.670396350544153474E+01    1
    0.941207131180644652E+01    0.213919051222562899E+02    0.321502997467166409E+02   -0.670646350544153957E+01    1
    0.155127645871975464E+02    0.956419793923395822E+01    0.325466861656459940E+02   -0.670896350544154174E+01    1
    0.361298330036061133E+01    0.935570147125274687E+01    0.326503219520940604E+02   -0.671146350544151993E+01    1
    0.938626403248681740E+01    0.210651552302117437E+02    0.326939611039911711E+02   -0.671396350544151943E+01    1
    0.158472368141654822E+02    0.285311625631564389E+02    0.327192280914081977E+02   -0.671646350544153314E+01    1
    0.282933768156827483E+02    0.614539443428807886E+01    0.327671512313266007E+02   -0.671896350544153709E+01    1
    0.161689889099174664E+02    0.218936752563678638E+02    0.329004299782051035E+02   -0.672146350544153126E+01    1
    0.217905191679598644E+02    0.285074375429141149E+02    0.329425817724612671E+02   -0.672396350544153432E+01    1
    0.319800539627553304E+01    0.854532160820224007E+01    0.329720545132884695E+02   -0.672646350544153382E+01    1
    0.226062329262835249E+02    0.951141679120157058E+01    0.330625929342617013E+02   -0.672896350544152355E+01    1
    0.320222421794924683E+01    0.851574491564284841E+01    0.330788566366644687E+02   -0.673146350544152305E+01    1
    0.149746672713416125E+02    0.220744160932920543E+02    0.332116161738476521E+02   -0.673396350544152700E+01    1
    0.261870200836415705E+02    0.946034526775333617E+01    0.332485380313332826E+02   -0.673646350544152295E+01    1
    0.229753245829468113E+02    0.156379529240799862E+02    0.333448885749493442E+02   -0.673896350544150913E+01    1
    0.771764609539491975E+01    0.283201016372216934E+02    0.334035517174850085E+02   -0.674146350544151751E+01    1
    0.182320133062500744E+01    0.220496312181596643E+02    0.334584608458667248E+02   -0.674396350544153478E+01    1
    0.657466000772224479E+01    0.283105760509570779E+02    0.334601848483536841E+02   -0.674646350544154760E+01    1
    0.923825510983538223E+01    0.355488250621106117E+01    0.335580803904800433E+02   -0.674896350544153822E+01    1
    0.161226708199699900E+02    0.217991413928271562E+02    0.336101847993090459E+02   -0.675146350544153151E+01    1
    0.102672787087986812E+02    0.281770905108628185E+02    0.336218056575603654E+02   -0.675396350544154078E+01    1
    0.219496041359730469E+02    0.188508899155735357E+02    0.336965318261171873E+02   -0.675646350544154206E+01    1
    0.189019448185815087E+01    0.306605139951592465E+01    0.338088143560621290E+02   -0.675896350544154600E+01    1
    0.461779899123482362E+01    0.219223007010753932E+02    0.338961108703054848E+02   -0.676146350544154284E+01    1
    0.319496627174093994E+01    0.190267059850756830E+02    0.341835945789212872E+02   -0.676396350544152813E+01    1
    0.298321999794442094E+01    0.149814758091159668E+02    0.343125832073600279E+02   -0.676646350544152320E+01    1
    0.219107621395337020E+02    0.487700092312141287E+01    0.345285694583662632E+02   -0.676896350544152448E+01    1
    0.197677542771686880E+02    0.935573609207556345E+01    0.345529950201748406E+02   -0.677146350544153020E+01    1
    0.283898423360303056E+02    0.171303802846414435E+02    0.351299793363709512E+02   -0.677396350544153325E+01    1
    0.103818535164993158E+02    0.296654881757998545E+01    0.353523096615956476E+02   -0.677646350544152742E+01    1
    0.214840525765676347E+02    0.286209094274164286E+02    0.356129425870658665E+02   -0.677896350544152249E+01    1
    0.306901712383052434E+02    0.323902140601411581E+01    0.358115359352856899E+02   -0.678146350544152821E+01    1
    0.961145136352875085E+01    0.230364797081318180E+02    0.358992655921466906E+02   -0.678396350544152327E+01    1
    0.237628398345751961E+02    0.221115896609203588E+02    0.359066647359951858E+02   -0.678646350544153254E+01    1
    0.223265211169925024E+02    0.225588147188962829E+02    0.359179857465482044E+02   -0.678896350544155069E+01    1
    0.260199375180392032E+02    0.953208770662816818E+01    0.360673880565631890E+02   -0.679146350544154576E+01    1
    0.283731599204550200E+02    0.186567567073176086E+02    0.361312638201288152E+02   -0.679396350544153282E+01    1
    0.203977256572053136E+02    0.328475245923889991E+01    0.363058695206667110E+02   -0.679646350544152344E+01    1
    0.280822166453855075E+02    0.145355652708093466E+02    0.364758895037416195E+02   -0.679896350544153183E+01    1
    0.122646276801147938E+02    0.221002645683847945E+02    0.365517875792632623E+02   -0.680146350544152245E+01    1
    0.980387869227080699E+01    0.255854775321226224E+01    0.365732977407045894E+02   -0.680396350544151129E+01    1
    0.140600424617756459E+01    0.299821151428696542E+01    0.366172128990952430E+02   -0.680646350544152234E+01    1
    0.295056139770669512E+01    0.144531099139831909E+02    0.367369774221607770E+02   -0.680896350544153428E+01    1
    0.129495167707802139E+01    0.299744939248439080E+01    0.368664098690966711E+02   -0.681146350544153911E+01    1
    0.102564595472650648E+02    0.971870902151678706E+01    0.370207121083924307E+02   -0.681396350544153862E+01    1
    0.278465524802270963E+02    0.150845963193562778E+02    0.375576245136432831E+02   -0.681646350544152657E+01    1
    0.214433080844245616E+02    0.214984617344811824E+02    0.376370575294367598E+02   -0.681896350544151630E+01    1
    0.153373099169777021E+02    0.274653436486634099E+02    0.382378095842438839E+02   -0.682146350544151847E+01    1
    0.284950488504182040E+02    0.297150597985997749E+02    0.382499034160997269E+02   -0.682396350544152064E+01    1
    0.378791107735150323E+01    0.215218377519310735E+02    0.383594288958451912E+02   -0.682646350544153968E+01    1
    0.270888985464996033E+02    0.222693395113776802E+02    0.386949013187666395E+02   -0.682896350544155251E+01    1
    0.289592091162135112E+02    0.215202861315549221E+02    0.387764587181746450E+02   -0.683146350544154934E+01    1
    0.284327308809103485E+02    0.189982940093742805E+02    0.388297783787141739E+02   -0.683396350544154174E+01    1
    0.222142776155429900E+02    0.140484233812228752E+02    0.391334908049609851E+02   -0.683646350544153680E+01    1
    0.664166493268917790E+01    0.331638706791875837E+01    0.394870361227520590E+02   -0.683896350544154874E+01    1
    0.398370580118943396E+01    0.899950523753159715E+01    0.395219487710548236E+02   -0.684146350544154913E+01    1
    0.408666376103484463E+01    0.286562085873681269E+02    0.395333959480449266E+02   -0.684396350544154775E+01    1
    0.276714086508407355E+02    0.100168290061632863E+02    0.395561174305897154E+02   -0.684646350544155524E+01    1
    0.284529636231138454E+02    0.192447945353963341E+02    0.396361024530222608E+02   -0.684896350544155474E+01    1
    0.231063327590489145E+02    0.280775783758401065E+01    0.396791991225013092E+02   -0.685146350544153826E+01    1
    0.266854233995687951E+01    0.236657357797444012E+01    0.397394892779493532E+02   -0.685396350544151556E+01    1
    0.992665477383647321E+01    0.149753832575083727E+02    0.397762590918842776E+02   -0.685646350544151773E+01    1
    0.968415923411146728E+01    0.235489019013493319E+02    0.399589744360175274E+02   -0.685896350544152789E+01    1
    0.285397069410069300E+02    0.204625060104241889E+02    0.400265012758708778E+02   -0.686146350544154071E+01    1
    0.184892313071729326E+02    0.923835792683172485E+01    0.400276983647203153E+02   -0.686396350544154465E+01    1
    0.141512461583756934E+02    0.969239731262386783E+01    0.402291012077888865E+02   -0.686646350544152817E+01    1
    0.285908383855796906E+02    0.813394623550960283E+01    0.403375445492249227E+02   -0.686896350544151790E+01    1
    0.289640889427921628E+02    0.163006655810650720E+02    0.407177336939478138E+02   -0.687146350544153250E+01    1
    0.225211112238229472E+01    0.224574450290132397E+02    0.407826661142218541E+02   -0.687396350544153822E+01    1
    0.107828887501407991E+02    0.279562306085328061E+02    0.407897947038609345E+02   -0.687646350544153773E+01    1
    0.334678954847553456E+01    0.192457457832481964E+02    0.408814364025998884E+02   -0.687896350544152835E+01    1
    0.313568012388062698E+02    0.922047726120234223E+01    0.410288571694686368E+02   -0.688146350544150920E+01    1
    0.133620886934282463E+02    0.222140660190720034E+02    0.410886336245652046E+02   -0.688396350544151847E+01    1
    0.204878975869424131E+02    0.345145864527783397E+01    0.413658423087785181E+02   -0.688646350544154107E+01    1
    0.214970891662224908E+02    0.210973665797151710E+02    0.413958259361661263E+02   -0.688896350544153702E+01    1
    0.892112068574224182E+01    0.210907078447521315E+02    0.416675649715002479E+02   -0.689146350544151343E+01    1
    0.392208477491661123E+01    0.162883592801153831E+02    0.417091667355387941E+02   -0.689396350544150760E+01    1
    0.226059763889691432E+02    0.101742062221274558E+02    0.418972678232154294E+02   -0.689646350544151510E+01    1
    0.998919413254558997E+01    0.231138996735555624E+01    0.420516565780050584E+02   -0.689896350544152792E+01    1
    0.240209519510094545E+02    0.154423553933434352E+02    0.420687000516077703E+02   -0.690146350544152209E+01    1
    0.285064338640782928E+02    0.634666012889783548E+01    0.423938273651588489E+02   -0.690396350544152249E+01    1
    0.899748266881106140E+01    0.208293862030854093E+02    0.424559995527460572E+02   -0.690646350544153442E+01    1
    0.227026650065790534E+02    0.101073501346480583E+02    0.424785323264721484E+02   -0.690896350544152682E+01    1
    0.278275425034709727E+02    0.271588433516386338E+02    0.425468605311348682E+02   -0.691146350544153076E+01    1
    0.267161629364510347E+02    0.279263037519019619E+02    0.429903164575632601E+02   -0.691396350544153826E+01    1
    0.288713666201923900E+02    0.165720352463008815E+02    0.431419819691028437E+02   -0.691646350544152089E+01    1
    0.840493577611169584E+01    0.214801914091059380E+02    0.431625448638974376E+02   -0.691896350544152217E+01    1
    0.222421446835182266E+02    0.249791132026144105E+02    0.433101889858272884E+02   -0.692146350544153677E+01    1
    0.189666619374090573E+02    0.339230831987368475E+01    0.433117894485055146E+02   -0.692396350544152206E+01    1
    0.588133701877967852E+01    0.916535544424312576E+01    0.435088697265247362E+02   -0.692646350544152334E+01    1
    0.188823110552472677E+02    0.217305643378005335E+02    0.438331376021727337E+02   -0.692896350544152639E+01    1
    0.914868051880840660E+01    0.181914972633942611E+02    0.438663192066019860E+02   -0.693146350544152234E+01    1
    0.123383381534233028E+02    0.287848161734188768E+01    0.438761980005772898E+02   -0.693396350544152806E+01    1
    0.151509213744239570E+02    0.272836844211442795E+02    0.439128901334560240E+02   -0.693646350544154089E+01    1
    0.755971648156401788E+01    0.286014949830697489E+02    0.439242801693884459E+02   -0.693896350544153240E+01    1
    0.352683142562578889E+01    0.172148209594860937E+02    0.439422759429674130E+02   -0.694146350544151414E+01    1
    0.864570447206573256E+01    0.386928864660309113E+01    0.443749795539290375E+02   -0.694396350544153496E+01    1
    0.285729650376544342E+02    0.714339948863306251E+01    0.443818450815296686E+02   -0.694646350544154600E+01    1
    0.348053349841931414E+01    0.756011907661943194E+01    0.444050985646282115E+02   -0.694896350544153751E+01    1
    0.286794673463602257E+01    0.127164142336953212E+02    0.444650981702862396E+02   -0.695146350544152813E+01    1
    0.971580961949756805E+01    0.699026730983458577E+00    0.444883218850093982E+02   -0.695396350544152142E+01    1
    0.630616655646372060E+01    0.342011427954490221E+01    0.447561648693103251E+02   -0.695646350544152892E+01    1
    0.162473769760093489E+02    0.423898325958192679E+01    0.447740585861416420E+02   -0.695896350544152753E+01    1
    0.274226723178597744E+02    0.245531676339860550E+01    0.447745191007733538E+02   -0.696146350544153414E+01    1
    0.360273139668083875E+01    0.170154309699125186E+02    0.447750803407245002E+02   -0.696396350544154430E+01    1
    0.972495815228462845E+01    0.133000074816594562E+02    0.448375919965692731E+02   -0.696646350544154380E+01    1
    0.297995975987340245E+02    0.286817166868656095E+02    0.448548616286694184E+02   -0.696896350544153265E+01    1
    0.204640265661789034E+01    0.997736726464726686E+01    0.450944637673348794E+02   -0.697146350544151527E+01    1
    0.369375720244244654E+01    0.208843338742764679E+02    0.452255530074125716E+02   -0.697396350544152011E+01    1
    0.223866014070063102E+02    0.266335148529123273E+02    0.452690481801515006E+02   -0.697646350544153115E+01    1
    0.152163788496647374E+02    0.106898916430145245E+02    0.452874452534465419E+02   -0.697896350544153865E+01    1
    0.237588681875401555E+02    0.276337126459079618E+01    0.454453797923921030E+02   -0.698146350544153194E+01    1
    0.223206975327025567E+02    0.241802915838018784E+02    0.454908995188856906E+02   -0.698396350544151723E+01    1
    0.122920809178237675E+02    0.279782422591206910E+02    0.455271639375530199E+02   -0.698646350544151318E+01    1
    0.183717194080842674E+02    0.345418131137351958E+01    0.460724724138634372E+02   -0.698896350544151179E+01    1
    0.233763354736314577E+01    0.232631219989786642E+01    0.464881513877000145E+02   -0.699146350544153172E+01    1
    0.129412848219070113E+02    0.153870905707207211E+02    0.466875157584764295E+02   -0.699396350544154721E+01    1
    0.845705749415168206E+01    0.873298116676372871E+01    0.467711122541592772E+02   -0.699646350544154494E+01    1
    0.238832700596631788E+02    0.278758726354721063E+02    0.470764912117201462E+02   -0.699896350544154533E+01    1
    0.100931145918722027E+02    0.272501291600776447E+02    0.470964322139300862E+02   -0.700146350544153595E+01    1
    0.160879512066004189E+02    0.303114547510148462E+02    0.471035285169282361E+02   -0.700396350544152480E+01    1
    0.281855485733892985E+01    0.125710748651085442E+02    0.471074954918415116E+02   -0.700646350544153584E+01    1
    0.270042974088083509E+01    0.110797042954139364E+02    0.471363892478421533E+02   -0.700896350544153979E+01    1
    0.262107694468407324E+02    0.153146035558523330E+02    0.478633834695117812E+02   -0.701146350544154107E+01    1
    0.161225949792526038E+02    0.200696818433780173E+02    0.479734982276205457E+02   -0.701396350544154057E+01    1
    0.278845276077311865E+02    0.115406638554077592E+02    0.479791719067108531E+02   -0.701646350544153208E+01    1
    0.219600622447381122E+01    0.149462253350779459E+02    0.480367178180366778E+02   -0.701896350544152625E+01    1
    0.260355039026701762E+01    0.268639003415069588E+02    0.483707082958345467E+02   -0.702146350544151598E+01    1
    0.277923671391996727E+02    0.236058553810290910E+02    0.483859818019783461E+02   -0.702396350544153236E+01    1
    0.212594831821223842E+02    0.292818787541848131E+02    0.484156059126079725E+02   -0.702646350544154696E+01    1
    0.224825348066433612E+02    0.235790558676991893E+02    0.485011516140516008E+02   -0.702896350544153314E+01    1
    0.350507119891303143E+01    0.309114487159718045E+02    0.486762831703254264E+02   -0.703146350544151755E+01    1
    0.171120425480011065E+02    0.288291802759903923E+02    0.488828595913085451E+02   -0.703396350544152327E+01    1
    0.149940304789345440E+02    0.104983808040137419E+02    0.490889715982781638E+02   -0.703646350544152632E+01    1
    0.277715125069681479E+01    0.252981969357898109E+02    0.493031043150005530E+02   -0.703896350544151961E+01    1
    0.904615860466136645E+01    0.684588943965913543E+01    0.493243211766977296E+02   -0.704146350544150845E+01    1
    0.894583627707439888E+01    0.174606673955682119E+02    0.494914797494717078E+02   -0.704396350544150884E+01    1
    0.194371207472407512E+02    0.352687499810021476E+01    0.496039831765208277E+02   -0.704646350544151279E+01    1
    0.161179679449180533E+02    0.197274067624756100E+02    0.497203817591153623E+02   -0.704896350544151762E+01    1
    0.213426930262035270E+02    0.818514883641773849E+01    0.498096107760574114E+02   -0.705146350544152156E+01    1
    0.141655822874187258E+02    0.151652520255044685E+02    0.500108951383479194E+02   -0.705396350544152728E+01    1
    0.278646096088740940E+02    0.753419555103946537E+00    0.502799666032548700E+02   -0.705646350544153478E+01    1
    0.152754844242120509E+02    0.115935822417502017E+02    0.503382230238875721E+02   -0.705896350544154227E+01    1
    0.275922509728057115E+02    0.232086611869243846E+02    0.505213175221067843E+02   -0.706146350544154533E+01    1
    0.192239150518137336E+02    0.903238733738547239E+01    0.505523228118178736E+02   -0.706396350544153684E+01    1
    0.365352765746327757E+01    0.769883647989893483E+01    0.506478401365591608E+02   -0.706646350544153545E+01    1
    0.277655672078940086E+02    0.139149584390151748E+01    0.507400249344844241E+02   -0.706896350544155450E+01    1
    0.118068040732381920E+02    0.224123955785799502E+02    0.508573520456398498E+02   -0.707146350544153979E+01    1
    0.278009213031403668E+02    0.137028486076505640E+02    0.512616604685648980E+02   -0.707396350544152686E+01    1
    0.412627911448761431E+01    0.400487517112606906E+01    0.512740735426937206E+02   -0.707646350544154679E+01    1
    0.139176174389160501E+01    0.277480440240402046E+02    0.514939534956683929E+02   -0.707896350544152941E+01    1
    0.217486343019156436E+01    0.224048642422409872E+01    0.518164458009638977E+02   -0.708146350544153069E+01    1
    0.990499484211102654E+01    0.136393927219783961E+02    0.520531921642483297E+02   -0.708396350544153908E+01    1
    0.812957816400444244E+01    0.871731798022607940E+01    0.525959968603476256E+02   -0.708646350544154124E+01    1
    0.269027760435788501E+02    0.275940654593577896E+02    0.528698874363313465E+02   -0.708896350544155673E+01    1
    0.252102433242531276E+02    0.270994857345490736E+01    0.531958780388421886E+02   -0.709146350544154203E+01    1
    0.149761848351490237E+02    0.107158970961338067E+02    0.533482521678856827E+02   -0.709396350544152199E+01    1
    0.117230961348094169E+02    0.277919474829669220E+02    0.536723885961580436E+02   -0.709646350544153037E+01    1
    0.218253333413099243E+00    0.269140786656927133E+01    0.541491964096764207E+02   -0.709896350544154053E+01    1
    0.141047717086997491E+02    0.276433000258322465E+02    0.542805897224582665E+02   -0.710146350544153915E+01    1
    0.161732732703211326E+02    0.183396297733650329E+02    0.543004139822850362E+02   -0.710396350544152710E+01    1
    0.125683865856924708E+02    0.224421876126806090E+02    0.543620308483771595E+02   -0.710646350544152217E+01    1
    0.421666638576598274E+01    0.405444304885570883E+01    0.546139275223775442E+02   -0.710896350544153144E+01    1
    0.161887961097774244E+02    0.182639100167569524E+02    0.548969479657782955E+02   -0.711146350544151939E+01    1
    0.272483842370330613E+02    0.103990864574061899E+02    0.551147324994667969E+02   -0.711396350544151357E+01    1
    0.834706827765826809E+01    0.292113483724100647E+02    0.553599329112456786E+02   -0.711646350544154149E+01    1
    0.361271388151997241E+01    0.187120807580721014E+02    0.554989937563941993E+02   -0.711896350544153389E+01    1
    0.252085069801338548E+02    0.989877379995706264E+01    0.557205716213901496E+02   -0.712146350544156537E+01    1
    0.161685919324674776E+01    0.226923751603961996E+02    0.560452327494705074E+02   -0.712396350544155688E+01    1
    0.246631177695849431E+02    0.224894809505105862E+02    0.563734032408449792E+02   -0.712646350544154750E+01    1
    0.246514551310262533E+02    0.152087116936026590E+02    0.563852222374811305E+02   -0.712896350544153723E+01    1
    0.870967963517378152E+01    0.790105529489569491E+01    0.565941209959985088E+02   -0.713146350544152074E+01    1
    0.577552380300594592E+01    0.287794401250277403E+02    0.566307558416567574E+02   -0.713396350544153002E+01    1
    0.243914423914234106E+02    0.225173830063562974E+02    0.567014290030730663E+02   -0.713646350544153840E+01    1
    0.107118747274359971E+01    0.999662622452205341E+01    0.567164540482084121E+02   -0.713896350544153169E+01    1
    0.290322787755684857E+02    0.799288724013881602E+01    0.567508341772834370E+02   -0.714146350544152320E+01    1
    0.163199863986546778E+01    0.240901084188539283E+01    0.570762658057725858E+02   -0.714396350544151826E+01    1
    0.110304060627446656E+02    0.244450474549180408E+01    0.571119249997492062E+02   -0.714646350544152398E+01    1
    0.288376890756731967E+02    0.179382443756520971E+02    0.576147255570543706E+02   -0.714896350544152526E+01    1
    0.207520879524458586E+02    0.211019973591200056E+02    0.576296974318224073E+02   -0.715146350544152209E+01    1
    0.225042022314955474E+02    0.254055119247469960E+02    0.578403592189195379E+02   -0.715396350544154291E+01    1
    0.228445406993151110E+02    0.107420530512553700E+02    0.580894341096273905E+02   -0.715646350544154330E+01    1
    0.312974212769353706E+02    0.890950347772461093E+01    0.582245423571428304E+02   -0.715896350544152416E+01    1
    0.994280394695101144E+01    0.248987571020888510E+02    0.582279554305500753E+02   -0.716146350544153698E+01    1
    0.147950199949400343E+02    0.232216640709466979E+02    0.582319534409107575E+02   -0.716396350544155514E+01    1
    0.404268352816732701E+01    0.817467949244182535E+01    0.582830031210458159E+02   -0.716646350544155020E+01    1
    0.574963600467523417E+01    0.214560076177539578E+02    0.583133602806449787E+02   -0.716896350544153993E+01    1
    0.208936302658982669E+02    0.293035236977004274E+02    0.585334729438316543E+02   -0.717146350544152789E+01    1
    0.935861230605284922E+00    0.276894430367881554E+02    0.586071073019547626E+02   -0.717396350544151140E+01    1
    0.256070678623036807E+01    0.260386048208644389E+02    0.586326435799615737E+02   -0.717646350544152867E+01    1
    0.213421976724117499E+02    0.200984735092679507E+02    0.587814474485997422E+02   -0.717896350544152639E+01    1
    0.162709919362946636E+02    0.306760966531241763E+02    0.588300833935847720E+02   -0.718146350544151257E+01    1
    0.246552571226451498E+02    0.277340804230151754E+02    0.588646692443854036E+02   -0.718396350544153606E+01    1
    0.118960890049383714E+02    0.151511986493360258E+02    0.588942726037418467E+02   -0.718646350544155155E+01    1
    0.423023795249701617E+01    0.293285817585487187E+02    0.590229989996719908E+02   -0.718896350544153506E+01    1
    0.208952863323188787E+02    0.837734584333739463E+01    0.590250116680219463E+02   -0.719146350544154345E+01    1
    0.374071289364974646E+01    0.304666055226958186E+02    0.592816031138127357E+02   -0.719396350544153229E+01    1
    0.367941358325884771E+01    0.312737861383798368E+02    0.596143923398069688E+02   -0.719646350544152558E+01    1
    0.558826226355303124E+01    0.288504259075367706E+02    0.598902340378773843E+02   -0.719896350544154728E+01    1
    0.271164940968793289E+02    0.146867219250335808E+02    0.599279120391638003E+02   -0.720146350544152902E+01    1
    0.373100021221082967E+01    0.702044262558289933E+01    0.603993622029031698E+02   -0.720396350544150454E+01    1
    0.213243072865409999E+02    0.302389980781106651E+02    0.605701748432600340E+02   -0.720646350544151826E+01    1
    0.151004173687664895E+02    0.835131947740621494E+00    0.607295211673266877E+02   -0.720896350544152131E+01    1
    0.205364674034416561E+01    0.105382233085573791E+02    0.607361711851180743E+02   -0.721146350544153858E+01    1
    0.144014646757630072E+02    0.229307278844403335E+02    0.609589470176929282E+02   -0.721396350544157183E+01    1
    0.256070865876550924E+01    0.131165337976526306E+02    0.610222335770151716E+02   -0.721646350544157311E+01    1
    0.212345578668543844E+02    0.773689950171943241E+01    0.610737705492025995E+02   -0.721896350544154153E+01    1
    0.138034230368212256E+02    0.226826792364539429E+02    0.610917360219906129E+02   -0.722146350544153215E+01    1
    0.206784654882889996E+02    0.408289060272479887E+01    0.611706135670897666E+02   -0.722396350544156540E+01    1
    0.148529019286977650E+02    0.234708554299670311E+02    0.615500230440902527E+02   -0.722646350544155958E+01    1
    0.233269960451890732E+02    0.273313300536592614E+02    0.617928342207854087E+02   -0.722896350544154398E+01    1
    0.769630855745796083E+01    0.390102249964544701E+01    0.618731594817629755E+02   -0.723146350544155947E+01    1
    0.136900950565527140E+02    0.101063811267685626E+02    0.620003591857219192E+02   -0.723396350544155720E+01    1
    0.211642984758115880E+02    0.172801943311692519E+02    0.621940917114755649E+02   -0.723646350544153627E+01    1
    0.102524842861621934E+02    0.110066100126483501E+02    0.624174246588040376E+02   -0.723896350544151890E+01    1
    0.256983389701688196E+02    0.150989511737507254E+02    0.626898262925977363E+02   -0.724146350544153172E+01    1
    0.241904238714523281E+02    0.150409568878845068E+02    0.632087230461728851E+02   -0.724396350544154721E+01    1
    0.251161514823952103E+01    0.119132480745597409E+02    0.634497855943346138E+02   -0.724646350544153783E+01    1
    0.626568983684587938E-01    0.225923742937015639E+02    0.638001808104958883E+02   -0.724896350544153822E+01    1
    0.107996966255705629E+01    0.227023370473487773E+02    0.641694318956284064E+02   -0.725146350544154306E+01    1
    0.272719600487146074E+02    0.269316185075574168E+02    0.642060604647654571E+02   -0.725396350544152924E+01    1
    0.644100406693011340E+01    0.213818477360114976E+02    0.642273070904518590E+02   -0.725646350544151186E+01    1
    0.145924860829879393E+02    0.231941062767034758E+02    0.642925697982571762E+02   -0.725896350544152913E+01    1
    0.226136238224868755E+02    0.121547585532246547E+02    0.643318681597245501E+02   -0.726146350544154107E+01    1
    0.581918757743455650E+01    0.376825226797522772E+01    0.643592623886088973E+02   -0.726396350544153080E+01    1
    0.163183457479519980E+02    0.629730114629627735E+01    0.644289533760257171E+02   -0.726646350544152231E+01    1
    0.421234644719462992E+01    0.815778922546583729E+01    0.646437315591590504E+02   -0.726896350544152803E+01    1
    0.164684877980483186E+02    0.505879786986538882E+01    0.648907850708730791E+02   -0.727146350544152398E+01    1
    0.611097163689193490E+01    0.163279921381038662E+02    0.649169073872885320E+02   -0.727396350544151549E+01    1
    0.166616028433395549E+02    0.796623615404944996E+01    0.651811067621961513E+02   -0.727646350544151943E+01    1
    0.250069578001679504E+01    0.256078880326956408E+02    0.652278023159128679E+02   -0.727896350544154469E+01    1
    0.175823503466658373E+02    0.392659196700211011E+01    0.655269333584489431E+02   -0.728146350544153353E+01    1
    0.235200122638116831E+02    0.147843357328240810E+02    0.655463627725162326E+02   -0.728396350544150817E+01    1
    0.420523306356469728E+01    0.811222686339506360E+01    0.656922070864362837E+02   -0.728646350544151122E+01    1
    0.126376269893464297E+02    0.276416762467153987E+02    0.659005519372858686E+02   -0.728896350544151073E+01    1
    0.877139701690897056E+01    0.585180102823756787E+01    0.662709849979083998E+02   -0.729146350544154043E+01    1
    0.166284336139262194E+02    0.785667835688253824E+01    0.662952832367554521E+02   -0.729396350544156746E+01    1
    0.150547518542716574E+02    0.129900721368739980E+02    0.662972046963819110E+02   -0.729646350544155187E+01    1
    0.690070769908874304E+01    0.213200110080349994E+02    0.663081328266546137E+02   -0.729896350544155670E+01    1
    0.294064206181958703E+02    0.169628176303647500E+02    0.664668841866466380E+02   -0.730146350544156686E+01    1
    0.276330249402950301E+02    0.126106729061211933E+02    0.665056503809917388E+02   -0.730396350544155748E+01    1
    0.213370294642383911E+02    0.310965035442659925E+02    0.668021817068887742E+02   -0.730646350544155698E+01    1
    0.230965018379531095E+02    0.232907630798050960E+02    0.668672521284194517E+02   -0.730896350544155382E+01    1
    0.929479240111657279E+00    0.241349834230361759E+01    0.669642996538140665E+02   -0.731146350544155865E+01    1
    0.861085584927297809E+01    0.754236458880765248E+01    0.672007142323970186E+02   -0.731396350544155460E+01    1
    0.264815361557609918E+02    0.148612028769798652E+02    0.673419544677346238E+02   -0.731646350544156032E+01    1
    0.293901780952745462E+02    0.295785552133865330E+02    0.673979116179940405E+02   -0.731896350544157581E+01    1
    0.411043561686066017E+01    0.467587110467019951E+01    0.676801020546053707E+02   -0.732146350544156910E+01    1
    0.239552593315795086E+02    0.102238493919293418E+02    0.677195016042255844E+02   -0.732396350544154373E+01    1
    0.226816170464128959E+02    0.119873533398659262E+02    0.678410131659854869E+02   -0.732646350544152813E+01    1
    0.234134622278812223E+02    0.272320557305995123E+02    0.679330501869560948E+02   -0.732896350544155784E+01    1
    0.203424486313535002E+01    0.180766222658146125E+01    0.679780603034385535E+02   -0.733146350544154046E+01    1
    0.303457015462170432E+02    0.290519052233213024E+02    0.680956673080880392E+02   -0.733396350544153375E+01    1
    0.752441544907717663E+01    0.859765334780067825E+01    0.682211756911303695E+02   -0.733646350544156611E+01    1
    0.488861747038611849E+01    0.291582620661653031E+02    0.683604583720441212E+02   -0.733896350544153719E+01    1
    0.166747237682280094E+02    0.785152122737475633E+01    0.685320240812290962E+02   -0.734146350544150650E+01    1
    0.142304739487212295E+02    0.146858320821400117E+02    0.685755504501054816E+02   -0.734396350544150422E+01    1
    0.240729037638432537E+02    0.102154872635275460E+02    0.690135858031002556E+02   -0.734646350544152593E+01    1
    0.113204598836219841E+02    0.274244137755413355E+02    0.693881937540196390E+02   -0.734896350544156096E+01    1
    0.171360952618931854E+02    0.834159165734631891E+01    0.698005194292691868E+02   -0.735146350544157823E+01    1
    0.175864605613013438E+02    0.855936374922806387E+01    0.699258897362039846E+02   -0.735396350544155997E+01    1
    0.490334187495635820E+01    0.291832073874406177E+02    0.699435040354691040E+02   -0.735646350544153549E+01    1
    0.383945763167141019E+01    0.186799746179101085E+02    0.702583156106671822E+02   -0.735896350544152344E+01    1
    0.110588461264731901E+02    0.147301310346829517E+02    0.705256184734242169E+02   -0.736146350544152295E+01    1
    0.165386835228963029E+02    0.303178400958472309E+02    0.707920210390522158E+02   -0.736396350544154643E+01    1
    0.126045808174417893E+02    0.243728612252146837E+01    0.708894508669496872E+02   -0.736646350544156725E+01    1
    0.229467481187776770E+02    0.111230905576113752E+02    0.709417167548209733E+02   -0.736896350544154632E+01    1
    0.101396394139458401E+02    0.128852562894308225E+02    0.709762508582949607E+02   -0.737146350544152007E+01    1
    0.254384045595213131E+02    0.242539059381704636E+01    0.711246907102986938E+02   -0.737396350544153822E+01    1
    0.861567789345745361E+01    0.529395979615927548E+01    0.711279708186740294E+02   -0.737646350544155016E+01    1
    0.190111658159366890E+02    0.385437577673648768E+01    0.713288402352239927E+02   -0.737896350544154433E+01    1
    0.113218249617401092E+02    0.103128711944229980E+02    0.715288610125892745E+02   -0.738146350544154561E+01    1
    0.537443625545425352E+00    0.275314845283592788E+02    0.716577613377078535E+02   -0.738396350544153446E+01    1
    0.101449178999798502E+02    0.127546495287488337E+02    0.717892763937016696E+02   -0.738646350544153130E+01    1
    0.233456544273334785E+02    0.231807659478187560E+02    0.718452541689892143E+02   -0.738896350544154057E+01    1
    0.289956935909097560E+02    0.646111134927913255E+01    0.719016054296823057E+02   -0.739146350544154362E+01    1
    0.123457648623878935E+02    0.241337636622486196E+01    0.722749643064893235E+02   -0.739396350544153691E+01    1
    0.201404337111630163E+02    0.166265971752528010E+02    0.723057938445249277E+02   -0.739646350544154352E+01    1
    0.147419875999656078E+02    0.237257919028788358E+02    0.723087445604135439E+02   -0.739896350544154302E+01    1
    0.194413209216873248E+02    0.164672894652291255E+02    0.723595983038570552E+02   -0.740146350544152654E+01    1
    0.102034177703342639E+02    0.132881347905513465E+02    0.724529753676839192E+02   -0.740396350544153936E+01    1
    0.265244055440171378E+00    0.227271750295850552E+02    0.726829072131973533E+02   -0.740646350544155663E+01    1
    0.203205652193446618E+02    0.167176516100999244E+02    0.729972951819785010E+02   -0.740896350544154902E+01    1
    0.249845523698144696E+02    0.227287286308153185E+02    0.731304193690874058E+02   -0.741146350544154320E+01    1
    0.132238169535124115E+02    0.227721582651684713E+02    0.732506375617848278E+02   -0.741396350544154359E+01    1
    0.143268319060554408E+02    0.192896773302020352E+01    0.736706226312985990E+02   -0.741646350544153510E+01    1
    0.196293889638522998E+02    0.861335558364982390E+01    0.739946430272074167E+02   -0.741896350544153549E+01    1
    0.266625316574644238E+02    0.272128023242749997E+02    0.740177298972367481E+02   -0.742146350544155275E+01    1
    0.121744690401001865E+02    0.275105041517178925E+02    0.740755869036646573E+02   -0.742396350544155403E+01    1
    0.144988186411932976E+02    0.143055336913564517E+02    0.742545722282625036E+02   -0.742646350544154910E+01    1
    0.166829202133487655E+02    0.494447128264932623E+01    0.743520243357009321E+02   -0.742896350544154505E+01    1
    0.212386568462790422E+02    0.313811385780398524E+02    0.743594477517838186E+02   -0.743146350544154011E+01    1
    0.211528591586323955E+02    0.197335748932315838E+02    0.744364668335240225E+02   -0.743396350544154139E+01    1
    0.148823026029538585E+02    0.243116798845376962E+02    0.744366232847667817E+02   -0.743646350544153645E+01    1
    0.146112146894278254E+02    0.141392831974785675E+02    0.744928757445701422E+02   -0.743896350544153950E+01    1
    0.210389507534820659E+02    0.500912241148408555E+01    0.745241495690364673E+02   -0.744146350544154078E+01    1
    0.263979750103615913E+02    0.229404060957419773E+02    0.745470705939973044E+02   -0.744396350544154561E+01    1
    0.699075846699808867E+01    0.394978689080571099E+01    0.745892880935489586E+02   -0.744646350544155311E+01    1
    0.272066490574850626E+02    0.148760660882174856E+01    0.754784043136528453E+02   -0.744896350544155084E+01    1
    0.169762186558420858E+02    0.296432610858006669E+02    0.755004223023661467E+02   -0.745146350544153524E+01    1
    0.709810099102595604E+01    0.858333781664420137E+01    0.755615465238000183E+02   -0.745396350544153474E+01    1
    0.565449393500918607E+01    0.211801166695951864E+02    0.755903724026412789E+02   -0.745646350544153602E+01    1
    0.173034323931483924E+01    0.144726014206235494E+02    0.756571406977597576E+02   -0.745896350544152664E+01    1
    0.258091538323966816E+02    0.274533842157681178E+02    0.757938076297739087E+02   -0.746146350544154657E+01    1
    0.227941043629532203E+02    0.130978897427428755E+02    0.758928531099099928E+02   -0.746396350544156384E+01    1
    0.237104200858251097E+02    0.272289304694484144E+02    0.760771773967740046E+02   -0.746646350544154203E+01    1
    0.298661883647968871E+02    0.208720874944513071E+02    0.762438748307737342E+02   -0.746896350544154330E+01    1
    0.292069122879333634E+02    0.199709319082796064E+02    0.764821251528038459E+02   -0.747146350544152860E+01    1
    0.196339597687760907E+02    0.291290929943875057E+02    0.768482819451122765E+02   -0.747396350544152899E+01    1
    0.211960670698291409E+02    0.186222880258215788E+02    0.771130574164636045E+02   -0.747646350544152227E+01    1
    0.146769341838491592E+02    0.112432402794583748E+02    0.778146788145028836E+02   -0.747896350544153421E+01    1
    0.108819402415187128E+02    0.270253971347823452E+02    0.778633262362240970E+02   -0.748146350544153549E+01    1
    0.211715152262467825E+02    0.192170323293890171E+02    0.782644975141445798E+02   -0.748396350544154654E+01    1
    0.293588514265803333E+02    0.486895957633558396E+01    0.783634506903981247E+02   -0.748646350544155847E+01    1
    0.295845253738884608E+02    0.454430573200272381E+01    0.784901133451301973E+02   -0.748896350544153755E+01    1
    0.144307763317579933E+02    0.268302227969877656E+02    0.786289034557367330E+02   -0.749146350544152462E+01    1
    0.274420249685467859E+02    0.130178343428813132E+02    0.786343368499951794E+02   -0.749396350544153744E+01    1
    0.790110851772083400E+01    0.436297656538064871E+01    0.789341260812246048E+02   -0.749646350544154938E+01    1
    0.118559063925936954E+02    0.274016051250804793E+02    0.790076948844268969E+02   -0.749896350544153645E+01    1
    0.167952018463846677E+02    0.488764867945986392E+01    0.790221348646781081E+02   -0.750146350544153506E+01    1
    0.396307082409293043E+01    0.312162244081312963E+02    0.791790534205894971E+02   -0.750396350544153812E+01    1
    0.171328287999900546E+02    0.170230842350616953E+02    0.795465261137090209E+02   -0.750646350544153140E+01    1
    0.180012701634434222E+02    0.851648831209400825E+01    0.795967330997705460E+02   -0.750896350544153712E+01    1
    0.572428217583712939E+01    0.856190870329241172E+01    0.799505974994298185E+02   -0.751146350544155084E+01    1
    0.856845951087689528E+01    0.586427565433223474E+01    0.806470886466151171E+02   -0.751396350544156100E+01    1
    0.148700177175169550E+02    0.126319541573175247E+02    0.807277398997483147E+02   -0.751646350544156139E+01    1
    0.167043904270150527E+02    0.518340533977053664E+01    0.808634742664396526E+02   -0.751896350544154934E+01    1
    0.209553846824228742E+02    0.200557914304393954E+02    0.809120444344687400E+02   -0.752146350544153108E+01    1
    0.269982023069228951E+02    0.141800288960351057E+02    0.816471821755856695E+02   -0.752396350544152792E+01    1
    0.115667113624702225E+02    0.147282304115143692E+02    0.817974706784629433E+02   -0.752646350544152831E+01    1
    0.292892687303881836E+02    0.199597849881192033E+02    0.818050646005605842E+02   -0.752896350544152071E+01    1
    0.619564983129666902E+00    0.273743475214788496E+02    0.820192798996549044E+02   -0.753146350544151932E+01    1
    0.466791739429605279E+01    0.207048869591350275E+02    0.820644809624175053E+02   -0.753396350544152504E+01    1
    0.250648322437851121E+02    0.228511661403921735E+02    0.824249035763773605E+02   -0.753646350544152721E+01    1
    0.249955151147264516E+02    0.228551047776582656E+02    0.826031671692637843E+02   -0.753896350544153382E+01    1
    0.412227376182002647E+01    0.198040309004642339E+02    0.827100810367452794E+02   -0.754146350544155730E+01    1
    0.230566150785079564E+02    0.113629402158411903E+02    0.827748367353920713E+02   -0.754396350544156391E+01    1
    0.147602093316281273E+02    0.243285493397807997E+02    0.829899990148084754E+02   -0.754646350544156075E+01    1
    0.208580884217337363E+02    0.494313511924756632E+01    0.831155054855140065E+02   -0.754896350544155137E+01    1
    0.301004676796829713E+02    0.426464338052945635E+01    0.832390248242799800E+02   -0.755146350544154288E+01    1
    0.171723456696967491E+01    0.108352129995986708E+02    0.836169608674535283E+02   -0.755396350544155126E+01    1
    0.146078488723400621E+02    0.263787283588893047E+02    0.837799283762775957E+02   -0.755646350544156054E+01    1
    0.108490192011966702E+01    0.210257233852028369E+01    0.838930619556415991E+02   -0.755896350544155382E+01    1
    0.229218112736741091E+02    0.257799927375474098E+02    0.839343143617929854E+02   -0.756146350544154888E+01    1
    0.122237034245981420E+02    0.103199006913440456E+02    0.841086259089858714E+02   -0.756396350544155549E+01    1
    0.111008414720907584E+02    0.106491916135755567E+02    0.842369590306099809E+02   -0.756646350544155588E+01    1
    0.111032064839744251E+02    0.191721944754267115E+01    0.843136797595978891E+02   -0.756896350544154206E+01    1
    0.402936800645788651E+01    0.637628157696921694E+01    0.845526545762474342E+02   -0.757146350544152291E+01    1
    0.229019007409841500E+02    0.130098164384088371E+02    0.845605485516040432E+02   -0.757396350544153663E+01    1
    0.176258101905111420E+01    0.142222976313562022E+02    0.847779245569355595E+02   -0.757646350544155300E+01    1
    0.653574685494752305E+01    0.291742941201672572E+02    0.849879349130764297E+02   -0.757896350544153474E+01    1
    0.232261544102159228E+02    0.236771245384747751E+02    0.851309416685895997E+02   -0.758146350544153247E+01    1
    0.244017619325880091E+02    0.217874145046953194E+01    0.851583735792867600E+02   -0.758396350544155684E+01    1
    0.125562769009326356E+02    0.273739601886897823E+02    0.856266942229758286E+02   -0.758646350544156611E+01    1
    0.145795043079037523E+02    0.263698413071079258E+02    0.857243970522325469E+02   -0.758896350544155673E+01    1
    0.147722574577604213E+02    0.120495726367233118E+02    0.857798762725237083E+02   -0.759146350544154735E+01    1
    0.265954065112211815E+02    0.232436582294238185E+02    0.858216705703981688E+02   -0.759396350544153709E+01    1
    0.207168125064728272E+02    0.299233480271555052E+02    0.859208902080076768E+02   -0.759646350544154547E+01    1
    0.234118571705978944E+02    0.167137561010552149E+01    0.860169704307422620E+02   -0.759896350544154231E+01    1
    0.109025835951935779E+02    0.234063502094370079E+02    0.860919217509662076E+02   -0.760146350544154181E+01    1
    0.119850169877214103E+02    0.147586609800982664E+02    0.861073377158266737E+02   -0.760396350544156086E+01    1
    0.544780634318648627E+01    0.167152679428952808E+02    0.866880742801550497E+02   -0.760646350544154970E+01    1
    0.229533353658842998E+02    0.131790864664724019E+02    0.866999628511606062E+02   -0.760896350544154476E+01    1
    0.231073993397457578E+02    0.239704040568337469E+02    0.869570904598300558E+02   -0.761146350544154160E+01    1
    0.268438923035204375E+02    0.267903115829826461E+02    0.870482142965037013E+02   -0.761396350544153933E+01    1
    0.135734885482235939E+02    0.146451329195417106E+02    0.871712977913170022E+02   -0.761646350544155126E+01    1
    0.207611660028116667E+02    0.765906570602942427E+01    0.875064131244376995E+02   -0.761896350544154100E+01    1
    0.229318368502169569E+02    0.122371144365085183E+02    0.877461526331708797E+02   -0.762146350544154316E+01    1
    0.142762247713222887E+02    0.267748013744059143E+02    0.877754874244060375E+02   -0.762396350544154444E+01    1
    0.145835396211336015E+02    0.239974815955463683E+02    0.881768752384031558E+02   -0.762646350544154927E+01    1
    0.292099116110930055E+02    0.187238796019984548E+02    0.882778115298534942E+02   -0.762896350544157276E+01    1
    0.273273038932493719E+02    0.122769738073637527E+02    0.884992399846905045E+02   -0.763146350544156782E+01    1
    0.418992658394590567E+01    0.197298429306946517E+02    0.887773450538868616E+02   -0.763396350544155755E+01    1
    0.203540423760398816E+02    0.808530672209466594E+01    0.888635531660722791E+02   -0.763646350544153574E+01    1
    0.272136000242452631E+02    0.116481554059129682E+02    0.889000991204343762E+02   -0.763896350544154323E+01    1
    0.110427611474000127E+02    0.269173226689491294E+02    0.890233075211938711E+02   -0.764146350544156938E+01    1
    0.219124353679596506E+01    0.123342972645864126E+02    0.890721420790415834E+02   -0.764396350544156888E+01    1
    0.293123186854444207E+02    0.180510234221520669E+02    0.895404978813668890E+02   -0.764646350544156750E+01    1
    0.302984414666100292E+02    0.168507384155274273E+02    0.898257184445260322E+02   -0.764896350544156256E+01    1
    0.208184550339546419E+02    0.509814580816908514E+01    0.899068861269049364E+02   -0.765146350544154341E+01    1
    0.446888164494244400E+01    0.203053377609540995E+02    0.900690473101118840E+02   -0.765396350544153847E+01    1
    0.232167272688572304E+02    0.238562824735736960E+02    0.904444787043676257E+02   -0.765646350544154597E+01    1
    0.464626269965667404E+01    0.297656036457169222E+02    0.907523340860350345E+02   -0.765896350544155435E+01    1
    0.844991968781503644E+01    0.601001576116580338E+01    0.908235141133210533E+02   -0.766146350544156007E+01    1
    0.243199059314141408E+02    0.207184590938403446E+01    0.916033256338684367E+02   -0.766396350544156224E+01    1
    0.190374306924614487E+02    0.844542506919251856E+01    0.916137012693729247E+02   -0.766646350544154576E+01    1
    0.110289922088093277E+02    0.268488679218703261E+02    0.919434310645403485E+02   -0.766896350544153993E+01    1
    0.714925056062023767E+01    0.832506085857163924E+01    0.927449283072635211E+02   -0.767146350544154476E+01    1
    0.138773833969253406E+02    0.232866775522453793E+02    0.934990354830107719E+02   -0.767396350544155315E+01    1
    0.170172264223616025E+02    0.760711730991976065E+01    0.938622039307995095E+02   -0.767646350544154465E+01    1
    0.183303794497662125E+02    0.838162458613563466E+01    0.941063620057359884E+02   -0.767896350544153261E+01    1
    0.117478872288392591E+02    0.271659825013388172E+02    0.943402978309916449E+02   -0.768146350544156054E+01    1
    0.106784948864720892E+02    0.113722379968694334E+02    0.947833035230341494E+02   -0.768396350544157336E+01    1
    0.171571660093580327E+02    0.173553555611533170E+02    0.950093692519087227E+02   -0.768646350544155865E+01    1
    0.203283931710575416E+02    0.297117809895670746E+02    0.950447616170105789E+02   -0.768896350544153862E+01    1
    0.176626689964885628E+02    0.169633913457961505E+02    0.951205402230140038E+02   -0.769146350544153723E+01    1
    0.186943772302540401E+01    0.120267236075143269E+01    0.956874673801853959E+02   -0.769396350544153851E+01    1
    0.253323988037159928E+02    0.210954779238393808E+01    0.959048427718182666E+02   -0.769646350544154245E+01    1
    0.262470935981991467E+02    0.270389726999500866E+02    0.960171814375966619E+02   -0.769896350544156061E+01    1
    0.422646161709097079E+01    0.688538848909644230E+01    0.962962878057893050E+02   -0.770146350544154501E+01    1
    0.202372669887034284E+02    0.205955184727732750E+02    0.964860540580544495E+02   -0.770396350544153563E+01    1
    0.298180824326879623E+02    0.204106636416516594E+02    0.967952240503667127E+02   -0.770646350544153691E+01    1
    0.134255264389506941E+02    0.271189508629849279E+02    0.969696199088282498E+02   -0.770896350544153819E+01    1
    0.569702794396678680E+01    0.168030147120019109E+02    0.973399313662513777E+02   -0.771146350544153947E+01    1
    0.126876801819495877E+01    0.180609759464289388E+01    0.974107463888320808E+02   -0.771396350544154874E+01    1
    0.189934270455634149E+02    0.419636882460091254E+01    0.980428842341081577E+02   -0.771646350544154558E+01    1
    0.785326400091072774E+01    0.298562801791082428E+02    0.982357615699280444E+02   -0.771896350544153709E+01    1
    0.141605245700016376E+02    0.140975512131942722E+02    0.984039685556378743E+02   -0.772146350544155613E+01    1
    0.420865942090930822E+01    0.186367413315311055E+02    0.987750782911588630E+02   -0.772396350544156185E+01    1
    0.258188857266164824E+02    0.105601089761489497E+02    0.988994638729335378E+02   -0.772646350544155958E+01    1
    0.197422433970364750E+02    0.294689669634824263E+02    0.990954502075879020E+02   -0.772896350544153776E+01    1
    0.488541384030859938E+01    0.797445102282712437E+01    0.991819718524550069E+02   -0.773146350544152750E+01    1
    0.270210847181425429E+02    0.240906926770352996E+02    0.993480440842785271E+02   -0.773396350544153144E+01    1
    0.239740761678843697E+02    0.107319000951683474E+02    0.993883702504019482E+02   -0.773646350544152828E+01    1
    0.231488366160835000E+02    0.133131825741547640E+02    0.994979409535438037E+02   -0.773896350544152600E+01    1
    0.467452761037605224E+01    0.299334297361353734E+02    0.999457329063175166E+02   -0.774146350544153350E+01    1
    0.312147081601568566E+02    0.834433436343599411E+01    0.999679410517894667E+02   -0.774396350544155521E+01    1
    0.208701157149473495E+02    0.574942440820424938E+01    0.100182636591604691E+03   -0.774646350544155915E+01    1
    0.299442861107725129E+02    0.467107790330589800E+01    0.100267032428006317E+03   -0.774896350544153556E+01    1
    0.554894517835390744E+01    0.430972201962093493E+01    0.100556403475792649E+03   -0.775146350544153329E+01    1
    0.202481738223433094E+01    0.472745551378962847E+00    0.100638740365456982E+03   -0.775396350544155766E+01    1
    0.177018329749148933E+02    0.810082647980526893E+01    0.100863994554302494E+03   -0.775646350544157048E+01    1
    0.596582048401192111E+01    0.168096380443754825E+02    0.100986934764405333E+03   -0.775896350544155400E+01    1
    0.710942046595609334E+01    0.434301382190098728E+01    0.101158196497860573E+03   -0.776146350544154462E+01    1
    0.490312840595023136E+01    0.795180661483473905E+01    0.101227878824723277E+03   -0.776396350544153169E+01    1
    0.685210392650184374E+01    0.208461991396628967E+02    0.101614270145826481E+03   -0.776646350544152586E+01    1
    0.447036124201754426E+01    0.199743289508112589E+02    0.101951118862567895E+03   -0.776896350544152536E+01    1
    0.303039121794650370E+02    0.295969065762438071E+02    0.101953651683886648E+03   -0.777146350544154885E+01    1
    0.271608817870222197E+02    0.128774564982575903E+02    0.102035546499591320E+03   -0.777396350544157233E+01    1
    0.141005514957156564E+02    0.140815242983987616E+02    0.102238688761727431E+03   -0.777646350544155851E+01    1
    0.238678879351844451E+02    0.234024526809332585E+02    0.102252446267579458E+03   -0.777896350544156334E+01    1
    0.197219370965879328E+02    0.818629091526853614E+01    0.102856027072166981E+03   -0.778146350544156551E+01    1
    0.644101717467610424E+01    0.831208799365744433E+01    0.102931191303486244E+03   -0.778396350544154192E+01    1
    0.132093552642854206E+02    0.106020183873263498E+02    0.102997444325349761E+03   -0.778646350544152810E+01    1
    0.106737097074842548E+02    0.260111815902845720E+02    0.103487985320625299E+03   -0.778896350544152760E+01    1
    0.683607527614604216E+01    0.430853295980610707E+01    0.103659120645124034E+03   -0.779146350544154132E+01    1
    0.121658003074211081E+02    0.231339857085126361E+02    0.103660944566843014E+03   -0.779396350544154437E+01    1
    0.124757285047600970E+02    0.201988844082697927E+01    0.103937219324831787E+03   -0.779646350544154743E+01    1
    0.521687607899407979E+01    0.206605830725525728E+02    0.103987751251151394E+03   -0.779896350544157446E+01    1
    0.169109956411636730E+02    0.559398572198642707E+01    0.104196761831858154E+03   -0.780146350544155798E+01    1
    0.120535613422858479E+02    0.145415852098695186E+02    0.104209272495557073E+03   -0.780396350544155126E+01    1
    0.264354371356742419E+02    0.234622559398377319E+02    0.104402195173475619E+03   -0.780646350544155965E+01    1
    0.195982671104454487E+01    0.131486126943576753E+02    0.104408554603587930E+03   -0.780896350544154672E+01    1
    0.413293945348756020E+00    0.231485451143949490E+02    0.104747890919890438E+03   -0.781146350544153734E+01    1
    0.208442054461949375E+02    0.659005411912020289E+01    0.104929675086259309E+03   -0.781396350544152618E+01    1
    0.235271408275229774E+02    0.139428776806965100E+02    0.105007228341754256E+03   -0.781646350544154433E+01    1
    0.464598941257486242E+01    0.761679397994978835E+01    0.105078342023199369E+03   -0.781896350544156693E+01    1
    0.723350167507985198E+00    0.144844874151208440E+02    0.105128405159995140E+03   -0.782146350544154956E+01    1
    0.138886742592816628E+02    0.267767625895199934E+02    0.105163284442339105E+03   -0.782396350544154018E+01    1
    0.233077257177415333E+02    0.135539050156760918E+02    0.105450634227366621E+03   -0.782646350544154412E+01    1
    0.257717846995317217E+02    0.231991279605033043E+02    0.105553363404488422E+03   -0.782896350544153297E+01    1
    0.687079401076349239E+01    0.434553975019334615E+01    0.106140716182541098E+03   -0.783146350544151915E+01    1
    0.189176233229449586E+01    0.133312162065509625E+02    0.106300084864608465E+03   -0.783396350544152842E+01    1
    0.260003807610217734E+02    0.144234659545657262E+02    0.106455392602512632E+03   -0.783646350544153591E+01    1
    0.113836081561157165E+02    0.108592949837913224E+02    0.106912113874893549E+03   -0.783896350544154696E+01    1
    0.855831687954386050E-01    0.105823899281134803E+02    0.107087529864227676E+03   -0.784146350544156334E+01    1
    0.302151580459406368E+02    0.459121219359259403E+01    0.107197720706733222E+03   -0.784396350544156284E+01    1
    0.398419302048862167E+00    0.270815844242370538E+02    0.107934428601053170E+03   -0.784646350544153925E+01    1
    0.194450590956691407E+02    0.207625979109203946E+02    0.108033135252017843E+03   -0.784896350544154320E+01    1
    0.115190909212877024E+02    0.175816631262689183E+01    0.108326131106052472E+03   -0.785146350544155780E+01    1
    0.666644793528642676E+01    0.169034777114099306E+02    0.108347423157432857E+03   -0.785396350544153155E+01    1
    0.141294984459406603E+02    0.264864111810028824E+02    0.108528558970110041E+03   -0.785646350544154082E+01    1
    0.142685228018961450E+02    0.137150377808865471E+02    0.108543830764566906E+03   -0.785896350544154210E+01    1
    0.738576351401858666E+01    0.205765811614962928E+02    0.108564028576997487E+03   -0.786146350544152739E+01    1
    0.239311251365955329E+02    0.142332298858869137E+02    0.108796403169096124E+03   -0.786396350544153577E+01    1
    0.300911587223720467E+02    0.785799101338938133E+01    0.109191959441057818E+03   -0.786646350544155126E+01    1
    0.246897150379547909E+02    0.270587799817087848E+02    0.109327902434025674E+03   -0.786896350544155521E+01    1
    0.231796347902916473E+02    0.127621665709053111E+02    0.109351386374723333E+03   -0.787146350544153250E+01    1
    0.261096346327972846E+02    0.176357542608289020E+01    0.110257917890988892E+03   -0.787396350544151957E+01    1
    0.144793975365364673E+02    0.121421726312557610E+02    0.110695517050611258E+03   -0.787646350544154750E+01    1
    0.446395162386330124E+01    0.306049285254784280E+02    0.110867392901613982E+03   -0.787896350544157364E+01    1
    0.296964636521099159E+02    0.731625882514684100E+01    0.111569942536385270E+03   -0.788146350544157315E+01    1
    0.110882289263792302E+02    0.237438390828781714E+02    0.111663437152563759E+03   -0.788396350544154512E+01    1
    0.233652069972857461E+02    0.260527368435770512E+02    0.111748605042082332E+03   -0.788646350544152952E+01    1
    0.139667961801804310E+02    0.146395307295259536E+01    0.111860428927249373E+03   -0.788896350544154679E+01    1
    0.753151797205420515E+01    0.469570683898819041E+01    0.111892389183947600E+03   -0.789146350544153208E+01    1
    0.108621449245948671E+02    0.240799801985683715E+02    0.111955973550010256E+03   -0.789396350544153957E+01    1
    0.144790333169972687E+02    0.248218572697778050E+02    0.112021824129350009E+03   -0.789646350544156483E+01    1
    0.169473689234171339E+02    0.310334867507137915E+02    0.112160696523734813E+03   -0.789896350544156256E+01    1
    0.205730117367947898E+02    0.178430298855684235E+02    0.112201907161314608E+03   -0.790146350544157272E+01    1
    0.260549268733276556E+02    0.175483099180117996E+01    0.112638531828057339E+03   -0.790396350544158199E+01    1
    0.189006793934443387E+02    0.819812030811198511E+01    0.113299352628408457E+03   -0.790646350544157883E+01    1
    0.130099348937929378E+02    0.144437719994757536E+02    0.113510831642877804E+03   -0.790896350544156768E+01    1
    0.266367910701893180E+02    0.131924665250761830E+01    0.113673973012749386E+03   -0.791146350544154675E+01    1
    0.234594310930689716E+02    0.240730346434340774E+02    0.113890626708697454E+03   -0.791396350544156046E+01    1
    0.270401867597904442E+02    0.251289400337468614E+02    0.114014971624567082E+03   -0.791646350544156441E+01    1
    0.437611269559567884E+01    0.313837281125206466E+02    0.114032238675334909E+03   -0.791896350544155680E+01    1
    0.269796839639826764E+02    0.120083009323835963E+02    0.114253866555759345E+03   -0.792146350544155364E+01    1
    0.202390374000663265E+02    0.202766915572321125E+02    0.114490715581994124E+03   -0.792396350544153183E+01    1
    0.115786057516787260E+02    0.234339459799730285E+02    0.114649322522893016E+03   -0.792646350544151979E+01    1
    0.188888050071178570E+01    0.127641432819160450E+02    0.115054003513372550E+03   -0.792896350544154149E+01    1
    0.619614433947059329E+01    0.817726118478876174E+01    0.115099467674438955E+03   -0.793146350544155609E+01    1
    0.120560965491561642E+02    0.184681399875884278E+01    0.115109681944219403E+03   -0.793396350544155116E+01    1
    0.181769264850350987E+01    0.257696735244282173E+02    0.115146794881906615E+03   -0.793646350544155954E+01    1
    0.684567177183040720E+00    0.180346720491015722E+01    0.115263027118094058E+03   -0.793896350544156792E+01    1
    0.439372207353177746E+01    0.313257808216528097E+02    0.115507333064052403E+03   -0.794146350544156743E+01    1
    0.240439816658266921E+02    0.163352727055619584E+01    0.115565669220539434E+03   -0.794396350544153673E+01    1
    0.129034427360059247E+02    0.232665713487940096E+02    0.115855680982601825E+03   -0.794646350544154068E+01    1
    0.205076123156661652E+02    0.731224796326744553E+01    0.116123831311319790E+03   -0.794896350544154995E+01    1
    0.144236070788084749E+02    0.367069288554314477E+00    0.116294994735639264E+03   -0.795146350544154590E+01    1
    0.310664253418846208E+02    0.207063475365453691E+02    0.116545159889432938E+03   -0.795396350544157293E+01    1
    0.191094985082023499E+02    0.441701241173852033E+01    0.116621895605126454E+03   -0.795646350544156711E+01    1
    0.235255353286328628E+02    0.136727141853696637E+02    0.116681120806904033E+03   -0.795896350544153108E+01    1
    0.178072879166675180E+01    0.118632254699394810E+02    0.116691912973624298E+03   -0.796146350544151815E+01    1
    0.295389505521170435E+02    0.188634121453431938E+02    0.116770248623240391E+03   -0.796396350544153631E+01    1
    0.265732340273325072E+02    0.238021644638653278E+02    0.116849746723354997E+03   -0.796646350544156423E+01    1
    0.268940930981278932E+02    0.133232429519186173E+02    0.116903293293151691E+03   -0.796896350544157794E+01    1
    0.108907430292187257E+02    0.260990371474848395E+02    0.117110665314973829E+03   -0.797146350544157034E+01    1
    0.509682565332867377E+01    0.783159339237853303E+01    0.117185914524945844E+03   -0.797396350544157606E+01    1
    0.107113316922449719E+02    0.248436015794970899E+02    0.117350302755304938E+03   -0.797646350544157112E+01    1
    0.729361613021628230E+01    0.204997544794581508E+02    0.117386038888263315E+03   -0.797896350544153865E+01    1
    0.540668224128566699E+01    0.457897078159206750E+01    0.117942723759601861E+03   -0.798146350544153194E+01    1
    0.140186444548682054E+02    0.129282260462217913E+01    0.118104365469695153E+03   -0.798396350544153499E+01    1
    0.124832168151797029E+01    0.266173150319826739E+02    0.118352995438414624E+03   -0.798646350544152916E+01    1
    0.100129950493117148E+01    0.109287674746987395E+02    0.118645014700056720E+03   -0.798896350544155798E+01    1
    0.137222727004235967E+02    0.266750308295336822E+02    0.118960620391313725E+03   -0.799146350544158590E+01    1
    0.648296395869240816E+00    0.143353220844269149E+02    0.118972371807603636E+03   -0.799396350544156853E+01    1
    0.142507445196434244E+02    0.260242101702530597E+02    0.118991413701799829E+03   -0.799646350544155382E+01    1
    0.112301814994106621E+02    0.237343440643127046E+02    0.118998695566304818E+03   -0.799896350544155155E+01    1
    0.205353861123624810E+02    0.716745768251139559E+01    0.119114497955988114E+03   -0.800146350544155105E+01    1
    0.128035489114329710E+02    0.107258606924075757E+02    0.119125690564345987E+03   -0.800396350544155233E+01    1
    0.565282384429220119E+01    0.206134880287636690E+02    0.119804912887136936E+03   -0.800646350544154828E+01    1
    0.247312303098199422E+02    0.107550930478692290E+02    0.119911733719226405E+03   -0.800896350544155666E+01    1
    0.616146427472037228E+01    0.206888867083468426E+02    0.119952362028609954E+03   -0.801146350544155617E+01    1
    0.300064187764706922E+02    0.201488769721158683E+02    0.120327156766368518E+03   -0.801396350544156277E+01    1
    0.233228867707834375E+02    0.121998992189077189E+02    0.120514531598955628E+03   -0.801646350544156761E+01    1
    0.193145840936353181E+02    0.807461618425111460E+01    0.120686001119437890E+03   -0.801896350544157066E+01    1
    0.313935385057466121E+02    0.295822614789024350E+02    0.120722136236099360E+03   -0.802146350544156306E+01    1
    0.265287386415483368E+02    0.130634703547352982E+01    0.120752246848350310E+03   -0.802396350544155901E+01    1
    0.120062864785094137E+01    0.266154828294146917E+02    0.120789490894431097E+03   -0.802646350544157983E+01    1
    0.257834245412016152E+02    0.108198486315222855E+02    0.120799902724058526E+03   -0.802896350544155801E+01    1
    0.198161668007160472E+02    0.204733966748069349E+02    0.120952357715371903E+03   -0.803146350544153265E+01    1
    0.119565325367157538E+02    0.175538123529475731E+01    0.120990200924197481E+03   -0.803396350544155879E+01    1
    0.938025881228814917E+00    0.267696856083994419E+02    0.121011256300688260E+03   -0.803646350544156363E+01    1
    0.193857600018482401E+02    0.170780497313450397E+02    0.121140255450966976E+03   -0.803896350544154359E+01    1
    0.144796338916272993E+01    0.138039571203326314E+02    0.121177011480374063E+03   -0.804146350544156086E+01    1
    0.121613774993801975E+02    0.143608359107137460E+02    0.121355470309606090E+03   -0.804396350544155503E+01    1
    0.783251168878439774E+01    0.177647423315385531E+02    0.121599923270297609E+03   -0.804646350544154387E+01    1
    0.855707792030564907E+00    0.109020991760943886E+02    0.121722137672593220E+03   -0.804896350544157535E+01    1
    0.143230399319756829E+01    0.113244533600670234E+02    0.121934879354636962E+03   -0.805146350544158196E+01    1
    0.308309559203809194E+02    0.170994310238233602E+02    0.121983736420409585E+03   -0.805396350544154949E+01    1
    0.247754834980213445E+02    0.107717412098699263E+02    0.121997475089746317E+03   -0.805646350544153833E+01    1
    0.140679809386838084E+02    0.262757290372542300E+02    0.122270850784152898E+03   -0.805896350544155560E+01    1
    0.134069941852333425E+02    0.267962156081966150E+02    0.122272551133909886E+03   -0.806146350544153556E+01    1
    0.234085870798620661E+02    0.119008280611464468E+02    0.122317364326639819E+03   -0.806396350544155283E+01    1
    0.808302383525093937E+01    0.185752576293115084E+02    0.122476340582726678E+03   -0.806646350544159318E+01    1
    0.175885850635061445E+02    0.300150782635451243E+02    0.122883849263812095E+03   -0.806896350544156249E+01    1
    0.679713720774442542E+01    0.170933113957331848E+02    0.122896449251523549E+03   -0.807146350544154600E+01    1
    0.250876022711052897E+02    0.107569803539235327E+02    0.122929387848870974E+03   -0.807396350544155439E+01    1
    0.124737839905963064E+02    0.233247158971225304E+02    0.122936719020921288E+03   -0.807646350544155922E+01    1
    0.298563603845350229E+02    0.198766759376138253E+02    0.123298787643537750E+03   -0.807896350544154984E+01    1
    0.111647548415391373E+02    0.125201070121401559E+01    0.123309923606618597E+03   -0.808146350544155112E+01    1
    0.265243590386680843E+02    0.238692815869369852E+02    0.123314628605952251E+03   -0.808396350544156483E+01    1
    0.264668723330682027E+02    0.238101775229513528E+02    0.123461896418036531E+03   -0.808646350544156611E+01    1
    0.254584405110424363E+02    0.143479680685750601E+02    0.123565561860872236E+03   -0.808896350544156206E+01    1
    0.187373263395059588E+02    0.448344819490848323E+01    0.123627473579006235E+03   -0.809146350544155979E+01    1
    0.109865934097668134E+02    0.115843903351034161E+02    0.123635258814100737E+03   -0.809396350544156107E+01    1
    0.613482584594966784E+01    0.170530876516073207E+02    0.123755990039233509E+03   -0.809646350544155524E+01    1
    0.300790431793971536E+02    0.759420296126432337E+01    0.123957363873611442E+03   -0.809896350544155830E+01    1
    0.700747360516481432E+01    0.171653882814154493E+02    0.124096137351942801E+03   -0.810146350544155602E+01    1
    0.750755514266345347E+01    0.769480491173936709E+01    0.124131771757505788E+03   -0.810396350544154842E+01    1
    0.108877638258086602E+02    0.244140045673428858E+02    0.124710524905705057E+03   -0.810646350544154259E+01    1
    0.128773885896662410E+02    0.269010270957567243E+02    0.124946408152086931E+03   -0.810896350544154565E+01    1
    0.113273226191844589E+01    0.146711951163930854E+01    0.125067868790720610E+03   -0.811146350544155936E+01    1
    0.137292028102415253E+01    0.138157958828055154E+02    0.125208989228225960E+03   -0.811396350544154998E+01    1
    0.625639218346653525E+01    0.450017161090493012E+01    0.125394602549656270E+03   -0.811646350544154060E+01    1
    0.108276465359931180E+02    0.130270747213606803E+02    0.125414819567410092E+03   -0.811896350544155077E+01    1
    0.175216547218763772E+02    0.175559939631140338E+02    0.125469492806830004E+03   -0.812146350544155737E+01    1
    0.178017833390372004E+01    0.251598929929976016E+02    0.125657410179145344E+03   -0.812396350544154444E+01    1
    0.299951661695504157E+02    0.510666578931925486E+01    0.125991368075734769E+03   -0.812646350544154039E+01    1
    0.241228832703771552E+02    0.266609894731001589E+02    0.126281395307276867E+03   -0.812896350544155055E+01    1
    0.260112222748930115E+02    0.141574908876700700E+02    0.126655444938772249E+03   -0.813146350544156249E+01    1
    0.172349988270154048E+00    0.108053463477899339E+02    0.126882935653227250E+03   -0.813396350544156377E+01    1
    0.175508187701689766E+01    0.248930548856245686E+02    0.126899170963996539E+03   -0.813646350544156149E+01    1
    0.198225722823283377E+02    0.203873120545072481E+02    0.127101894096623795E+03   -0.813896350544155744E+01    1
    0.509271563249263881E+01    0.300239111690758911E+02    0.127131963805976326E+03   -0.814146350544154274E+01    1
    0.302100710431629267E+02    0.174702145463001166E+02    0.127133163662223453E+03   -0.814396350544154046E+01    1
    0.196629320204758571E+02    0.204593494677513412E+02    0.127426465232400915E+03   -0.814646350544154174E+01    1
    0.202806997010045080E+02    0.177179368711888152E+02    0.127535827272553732E+03   -0.814896350544153947E+01    1
    0.712370899504470945E+01    0.172561879072537145E+02    0.127814151082613023E+03   -0.815146350544155496E+01    1
    0.129985378682485475E+02    0.234154826932988591E+02    0.127821370275795957E+03   -0.815396350544156689E+01    1
    0.130108788904205408E+02    0.234187369003012904E+02    0.127899828785939604E+03   -0.815646350544155219E+01    1
    0.173531973854527131E+02    0.178285021271471358E+02    0.128110405496621411E+03   -0.815896350544154103E+01    1
    0.770198380444262143E+00    0.267503572521739805E+02    0.128190296637305806E+03   -0.816146350544153343E+01    1
    0.201240624738205227E+02    0.201314904982189518E+02    0.129263726568753299E+03   -0.816396350544153115E+01    1
    0.648228079983625194E+00    0.109216739026838088E+02    0.129475172716217969E+03   -0.816646350544153243E+01    1
    0.268715175256465351E+02    0.125864568452679073E+02    0.129521864526831365E+03   -0.816896350544153371E+01    1
    0.268492613482945792E+02    0.248332364820202436E+02    0.129810211044028705E+03   -0.817146350544155275E+01    1
    0.234017792069987252E+02    0.125303543936088815E+02    0.130235190598552066E+03   -0.817396350544155581E+01    1
    0.194025633685663621E+02    0.462326287192135243E+01    0.130505859222098024E+03   -0.817646350544155887E+01    1
    0.301766919539357161E+02    0.301278488138061746E+02    0.130937262559310000E+03   -0.817896350544157080E+01    1
    0.538042495543602950E+01    0.475944772188626519E+01    0.130952878676401099E+03   -0.818146350544155609E+01    1
    0.112751380038207358E+02    0.123491038600875913E+01    0.130993940914940310E+03   -0.818396350544155382E+01    1
    0.297240651399348614E+02    0.590783556497825657E+01    0.131029795240301723E+03   -0.818646350544155332E+01    1
    0.108701266330956852E+02    0.253958680395069329E+02    0.132091958184029039E+03   -0.818896350544154927E+01    1
    0.131209826487422099E+02    0.267728612714175647E+02    0.132201068270913311E+03   -0.819146350544154167E+01    1
    0.133427337581568661E+02    0.266972169033099149E+02    0.132312264685391654E+03   -0.819396350544153940E+01    1
    0.267004379972782289E+02    0.133324058489864985E+02    0.132392940637263479E+03   -0.819646350544156022E+01    1
    0.171537350866077922E+02    0.311917847830041737E+02    0.132521335553392845E+03   -0.819896350544156505E+01    1
    0.267228815925385987E+02    0.244392444685146515E+02    0.132810125647226869E+03   -0.820146350544154679E+01    1
    0.109883846601210511E+02    0.722414220878542457E+00    0.132944326870149439E+03   -0.820396350544154984E+01    1
    0.202613150797517676E+02    0.198928421861994487E+02    0.133126487871941180E+03   -0.820646350544156711E+01    1
    0.199567511215315854E+02    0.491987636025546760E+01    0.133307658409195568E+03   -0.820896350544155951E+01    1
    0.515286369707768088E+01    0.762778337106014526E+01    0.133353865795974059E+03   -0.821146350544155013E+01    1
    0.311903303928053042E+02    0.796480148597522142E+01    0.133828432800974326E+03   -0.821396350544154608E+01    1
    0.175686798131674848E+02    0.747608615795819720E+01    0.134020070743699875E+03   -0.821646350544153847E+01    1
    0.205258093513723452E+02    0.190878926662153603E+02    0.134203291779493838E+03   -0.821896350544153975E+01    1
    0.310866604551323178E+02    0.297531880811892648E+02    0.134364608366372863E+03   -0.822146350544153570E+01    1
    0.114116930473673879E+02    0.238248577937427868E+02    0.134439225705072914E+03   -0.822396350544153876E+01    1
    0.267260667748142282E+02    0.245205930126651843E+02    0.134832267160336585E+03   -0.822646350544154537E+01    1
    0.256355772098324373E+02    0.162341493877700604E+01    0.134836506049944632E+03   -0.822896350544153954E+01    1
    0.113796376753511517E+02    0.238616160546885752E+02    0.134977168068398299E+03   -0.823146350544155148E+01    1
    0.266402086796591178E+02    0.133794943708402361E+02    0.135617347304984122E+03   -0.823396350544156164E+01    1
    0.297830843310755071E+02    0.184347301858404080E+02    0.135732152627960176E+03   -0.823646350544155403E+01    1
    0.127183260920747543E+02    0.142334242355938922E+02    0.135776413976108103E+03   -0.823896350544155531E+01    1
    0.204196963614250038E+02    0.182028187081651858E+02    0.135864900044547227E+03   -0.824146350544156370E+01    1
    0.177565774140896586E+02    0.300875421350156458E+02    0.136388123996956864E+03   -0.824396350544157208E+01    1
    0.502940571049330920E+01    0.510959203919241123E+01    0.136809836983155492E+03   -0.824646350544156448E+01    1
    0.141864498340509879E+02    0.121491037286969767E+02    0.136844716976021942E+03   -0.824896350544156221E+01    1
    0.356262369282656033E+00    0.267640912734790248E+02    0.136848163245215630E+03   -0.825146350544156348E+01    1
    0.173185343619189780E+02    0.181283425864242567E+02    0.136879407994452009E+03   -0.825396350544154522E+01    1
    0.701985936736247940E+01    0.475922329504287589E+01    0.136953820656386256E+03   -0.825646350544155361E+01    1
    0.261971552257429288E+02    0.237951393396883475E+02    0.137237439822180448E+03   -0.825896350544155666E+01    1
    0.142045399172509619E+02    0.265020965780861872E+00    0.137455960369449144E+03   -0.826146350544155261E+01    1
    0.163368785721716336E+01    0.128633579647063190E+02    0.137478733598219975E+03   -0.826396350544155922E+01    1
    0.492600704030861358E+01    0.303861876285105907E+02    0.137618769224854532E+03   -0.826646350544156405E+01    1
    0.172062848736711658E+02    0.190375710311862179E+02    0.137742200397548004E+03   -0.826896350544156711E+01    1
    0.164878001860072643E+01    0.124618826488550276E+02    0.137757892056605698E+03   -0.827146350544156306E+01    1
    0.100683960388899885E+01    0.265022096862604819E+02    0.137863833116471227E+03   -0.827396350544156967E+01    1
    0.204979300929013597E+02    0.619571085805568789E+01    0.137867468843832626E+03   -0.827646350544157450E+01    1
    0.120652508433758454E+01    0.137666661196641797E+02    0.138146094501149634E+03   -0.827896350544155801E+01    1
    0.202111294028937714E+02    0.304047762848598850E+02    0.138217298158274417E+03   -0.828146350544156284E+01    1
    0.124739986193785555E+02    0.142088573674611442E+02    0.138403781627318068E+03   -0.828396350544157301E+01    1
    0.718829946729834379E+01    0.770618521644930521E+01    0.138546842271807606E+03   -0.828646350544155297E+01    1
    0.266320620626990774E+02    0.118182636604192943E+02    0.138591257284060760E+03   -0.828896350544153648E+01    1
    0.176640659363087735E+02    0.507009849023084502E+01    0.138630542878230472E+03   -0.829146350544153066E+01    1
    0.256677384414542651E+02    0.267023738091818288E+02    0.138861388242423033E+03   -0.829396350544153727E+01    1
    0.255789309235816020E+02    0.159045421114514185E+01    0.138969223208080365E+03   -0.829646350544155098E+01    1
    0.174149513226245602E+02    0.715365723613799087E+01    0.139112785339613737E+03   -0.829896350544155581E+01    1
    0.125775999445131159E+02    0.267681970709263943E+02    0.139253874481142020E+03   -0.830146350544156597E+01    1
    0.241328599065238905E+02    0.139196579170524615E+02    0.139353730130363800E+03   -0.830396350544157613E+01    1
    0.151424070211129802E+01    0.132380350837582696E+02    0.139863123897890972E+03   -0.830646350544155432E+01    1
    0.261404350950755138E+02    0.139047027149521725E+02    0.140034136659558897E+03   -0.830896350544153961E+01    1
    0.117941523204328114E+02    0.110990956173527575E+02    0.140345327831629135E+03   -0.831146350544154267E+01    1
    0.328149675987613909E+00    0.159501162483710157E+01    0.140619384496690856E+03   -0.831396350544155993E+01    1
    0.785945438440407607E+01    0.184348989139434707E+02    0.140869161365499224E+03   -0.831646350544156299E+01    1
    0.579411627590080514E+01    0.298575631741912488E+02    0.140935824258871122E+03   -0.831896350544154295E+01    1
    0.305384348239935512E+02    0.174427701199393219E+02    0.140960824491617956E+03   -0.832146350544154956E+01    1
    0.187326906586708084E+02    0.204618846133068786E+02    0.141137066726326566E+03   -0.832396350544156860E+01    1
    0.128275025449748412E+02    0.141644849873814884E+02    0.141230680823272564E+03   -0.832646350544157166E+01    1
    0.156105382664379411E+01    0.255967839294439194E+02    0.141245374941976849E+03   -0.832896350544154984E+01    1
    0.549436145216750482E+01    0.772283460260491861E+01    0.141952088178350664E+03   -0.833146350544153869E+01    1
    0.143208502784218705E+01    0.797519986012912296E+00    0.142223619318825996E+03   -0.833396350544154885E+01    1
    0.261178224200239875E+02    0.264537533518671211E+02    0.142380683564200240E+03   -0.833646350544155190E+01    1
    0.758934502106809905E+01    0.728391731552699273E+01    0.142654219174377459E+03   -0.833896350544156029E+01    1
    0.300571712394297634E+02    0.197708739863944309E+02    0.142658954818170969E+03   -0.834146350544155091E+01    1
    0.493065279999458106E+01    0.179188729996136722E+02    0.142689823139205629E+03   -0.834396350544155041E+01    1
    0.176664079129815512E+02    0.302688794181347909E+02    0.142759560281318016E+03   -0.834646350544155702E+01    1
    0.141615184834364012E+02    0.124754181467379581E+02    0.142885020709527709E+03   -0.834896350544154231E+01    1
    0.600460191409595723E+01    0.204266523495190562E+02    0.142971355718097840E+03   -0.835146350544154359E+01    1
    0.199161954100335876E+02    0.503290046355149467E+01    0.143029459564451827E+03   -0.835396350544155375E+01    1
    0.112909514107596785E+02    0.135996156695347459E+02    0.143118417658433742E+03   -0.835646350544155148E+01    1
    0.203665978568120920E+02    0.308719320384875111E+02    0.143268400295201360E+03   -0.835896350544154032E+01    1
    0.201258488746191269E+02    0.178235807195558671E+02    0.143439902542655773E+03   -0.836146350544155048E+01    1
    0.308969117505683322E+02    0.173289642847918337E+02    0.143587137608348087E+03   -0.836396350544156064E+01    1
    0.248935742601918157E+02    0.267047760631870226E+02    0.143920594706241133E+03   -0.836646350544156014E+01    1
    0.300156653549992321E+02    0.306022650760893136E+02    0.144111435856068084E+03   -0.836896350544155077E+01    1
    0.111091316351304457E+02    0.118782524967060521E+02    0.144119442526953776E+03   -0.837146350544153961E+01    1
    0.115693793543159220E+02    0.128682630938946851E+01    0.144204907432608110E+03   -0.837396350544155155E+01    1
    0.146764272447628175E+01    0.119123878623265860E+02    0.144360448206049682E+03   -0.837646350544154394E+01    1
    0.115364659135065821E+02    0.263828002011116958E+02    0.145031341433097396E+03   -0.837896350544153812E+01    1
    0.235749037025617092E+02    0.253867246152550941E+02    0.145075134106576712E+03   -0.838146350544155716E+01    1
    0.110722508041940078E+02    0.120260790766735681E+02    0.145380351693246666E+03   -0.838396350544156199E+01    1
    0.262099639544529950E+02    0.113608065343390354E+02    0.145395002334893150E+03   -0.838646350544155617E+01    1
    0.486584950565737451E+01    0.554755776081327578E+01    0.145748228876239807E+03   -0.838896350544155567E+01    1
    0.756252193191340716E+01    0.725456395722926750E+01    0.146034265454231871E+03   -0.839146350544155339E+01    1
    0.141130507868789969E+02    0.253652622304011039E+02    0.146368640451749229E+03   -0.839396350544156533E+01    1
    0.954693316522967850E+00    0.138516386632066375E+02    0.146445490100031435E+03   -0.839646350544157194E+01    1
    0.266723085353297371E+02    0.128371925859552327E+02    0.146567775512031261E+03   -0.839896350544157322E+01    1
    0.129737779266588742E+02    0.140811956151657700E+02    0.146596051343832556E+03   -0.840146350544157805E+01    1
    0.310113228430605403E+02    0.778619212030057550E+01    0.147726709085663146E+03   -0.840396350544156867E+01    1
    0.561486530424264796E+01    0.299975486598790049E+02    0.148039899593722595E+03   -0.840646350544156462E+01    1
    0.708893238881922461E+01    0.202028823609460311E+02    0.148130333482265058E+03   -0.840896350544154636E+01    1
    0.241189195298873109E+02    0.137809883111133615E+02    0.148314729386723428E+03   -0.841146350544155119E+01    1
    0.149826431997219056E+01    0.393990626218180207E+00    0.148368218051212580E+03   -0.841396350544157201E+01    1
    0.140266821027788584E+02    0.131037152007517523E+02    0.148429182543010228E+03   -0.841646350544155197E+01    1
    0.118295465851791519E+02    0.237521427199583286E+02    0.148696236338759377E+03   -0.841896350544154082E+01    1
    0.119923086395622622E+02    0.236884290331237786E+02    0.148796096085364780E+03   -0.842146350544156341E+01    1
    0.116775724542842472E+02    0.138613414884490247E+02    0.148918711897784533E+03   -0.842396350544158601E+01    1
    0.191906118128358614E+02    0.478193511142392769E+01    0.149062391048532589E+03   -0.842646350544157130E+01    1
    0.187018054268189324E+02    0.780875916149696980E+01    0.149140634199899836E+03   -0.842896350544154593E+01    1
    0.207010358526207500E+00    0.110480573445712213E+02    0.149303214350944700E+03   -0.843146350544153300E+01    1
    0.250200553174314386E+02    0.152616517918170169E+01    0.149310801686191326E+03   -0.843396350544154316E+01    1
    0.762986482225107676E+00    0.264930816430433360E+02    0.149313923500404087E+03   -0.843646350544154799E+01    1
    0.310605372787676970E+02    0.777648723309505474E+01    0.149543649697936075E+03   -0.843896350544153862E+01    1
    0.134035342462741216E+02    0.264466509774352545E+02    0.149840885218978372E+03   -0.844146350544155588E+01    1
    0.522962176205305340E+01    0.302588867803552297E+02    0.149915622337542231E+03   -0.844396350544156249E+01    1
    0.133951033605073615E+02    0.112557656670196131E+02    0.150467236409730020E+03   -0.844646350544156377E+01    1
    0.173847868108547239E+02    0.192689577827952867E+02    0.150889380046241399E+03   -0.844896350544155261E+01    1
    0.112359572803000614E+02    0.117938297300754691E+02    0.151312111521590168E+03   -0.845146350544153258E+01    1
    0.304138084450692574E+02    0.745799093790233236E+01    0.151656929398540257E+03   -0.845396350544155517E+01    1
    0.112963430238005245E+02    0.134331454938821153E+02    0.151816004557017806E+03   -0.845646350544154934E+01    1
    0.101340204522654284E+00    0.110662149821746656E+02    0.151833432061892523E+03   -0.845896350544152931E+01    1
    0.755411731263856190E+01    0.714685671264840661E+01    0.151893869109224937E+03   -0.846146350544154835E+01    1
    0.112034507802374499E+02    0.244441898338232519E+02    0.151939989936166569E+03   -0.846396350544154608E+01    1
    0.133736191503768804E+02    0.264353053680955874E+02    0.152028812868638028E+03   -0.846646350544154203E+01    1
    0.113361404928965861E+02    0.134797812721394141E+02    0.152475664475449520E+03   -0.846896350544156640E+01    1
    0.505221659037624704E+01    0.197617305924717570E+02    0.152484330858739639E+03   -0.847146350544157123E+01    1
    0.203357911325573291E+02    0.645070760349022354E+01    0.152692867375627884E+03   -0.847396350544155652E+01    1
    0.625950849570105272E+00    0.237538566240960343E+02    0.152786900830536069E+03   -0.847646350544154359E+01    1
    0.236547737928080473E+02    0.123355071615281062E+02    0.152819504318769305E+03   -0.847896350544154132E+01    1
    0.125200107055053000E+01    0.871713547921867171E+00    0.152925601050503957E+03   -0.848146350544154792E+01    1
    0.311324895589266397E+02    0.173835378254395714E+02    0.153233399923500116E+03   -0.848396350544155275E+01    1
    0.111325683562176962E+02    0.255718850619779481E+02    0.153242433971533217E+03   -0.848646350544154515E+01    1
    0.106289698941413846E+01    0.136611035673640675E+02    0.153348057311521330E+03   -0.848896350544154288E+01    1
    0.739574606936675982E+00    0.132007735360615808E+01    0.153473290180624190E+03   -0.849146350544156370E+01    1
    0.132485579814971786E+02    0.139112900290608934E+02    0.153656636256840017E+03   -0.849396350544156498E+01    1
    0.306430387492425140E+02    0.201461207449283606E+02    0.153969834545489135E+03   -0.849646350544154494E+01    1
    0.183514287732287826E+02    0.174410008666894463E+02    0.154033406805794073E+03   -0.849896350544154799E+01    1
    0.262952646732622597E+02    0.241611513720485718E+02    0.154177089063974989E+03   -0.850146350544156881E+01    1
    0.249741255435040195E+02    0.140345887722032057E+02    0.154464091719264815E+03   -0.850396350544155410E+01    1
    0.506099234856225433E+01    0.540168924723605581E+01    0.154648433241739326E+03   -0.850646350544153940E+01    1
    0.173805657374466946E+02    0.187337483621136265E+02    0.154698491257541207E+03   -0.850896350544156732E+01    1
    0.111007129091039172E+02    0.249893745012859476E+02    0.154825714792097870E+03   -0.851146350544156682E+01    1
    0.128069077441225510E+02    0.265850338321433668E+02    0.155097383496399544E+03   -0.851396350544155389E+01    1
    0.258555613842627814E+02    0.112594292800370326E+02    0.155196233988576040E+03   -0.851646350544154984E+01    1
    0.612098052256615333E+01    0.482435247574573545E+01    0.155316759820995827E+03   -0.851896350544156356E+01    1
    0.598148541647389287E+01    0.299758337201995886E+02    0.155352140543953112E+03   -0.852146350544155773E+01    1
    0.613097314512815039E+01    0.203086546359546709E+02    0.155374566020712791E+03   -0.852396350544156256E+01    1
    0.124542128795154596E+02    0.146168535649235731E+01    0.155409883383730545E+03   -0.852646350544157627E+01    1
    0.139859713260348979E+02    0.121746876213082178E+02    0.155566073364218767E+03   -0.852896350544157578E+01    1
    0.127570948991136879E+01    0.117946195200814099E+02    0.155653802809062739E+03   -0.853146350544158594E+01    1
    0.304028075023383835E+02    0.303120840532151057E+02    0.155733736311580543E+03   -0.853396350544155702E+01    1
    0.986888270433428916E-01    0.145803961545776817E+01    0.155829031768313428E+03   -0.853646350544153698E+01    1
    0.114911545695122310E+02    0.240945519447446159E+02    0.156075386942393266E+03   -0.853896350544155069E+01    1
    0.305788340438641981E+02    0.200812559830873916E+02    0.156085210655036150E+03   -0.854146350544156263E+01    1
    0.200356569525088979E+02    0.197509783358973365E+02    0.156258063831361454E+03   -0.854396350544156391E+01    1
    0.772487595357610513E+01    0.650355797586579243E+01    0.156332756295597932E+03   -0.854646350544157585E+01    1
    0.306635698884386194E+02    0.500959035480208392E+01    0.156643847783156815E+03   -0.854896350544158778E+01    1
    0.188987097349597342E+02    0.773234718395383336E+01    0.156862486792937034E+03   -0.855146350544157485E+01    1
    0.122157084208503974E+02    0.237187317324383180E+02    0.156891967924149100E+03   -0.855396350544156370E+01    1
    0.766635357652641236E+01    0.309415417026929696E+02    0.156896762292978622E+03   -0.855646350544155254E+01    1
    0.132376190172223418E+01    0.132001806464810247E+02    0.157149725944963819E+03   -0.855896350544154494E+01    1
    0.199087936240236046E+00    0.111313900103885679E+02    0.157198684678851748E+03   -0.856146350544156221E+01    1
    0.711527498701397665E+01    0.750314048186587890E+01    0.157201838211046891E+03   -0.856396350544155283E+01    1
    0.174870113623665269E+02    0.575814409706938513E+01    0.157321848455108011E+03   -0.856646350544153634E+01    1
    0.299801905096731751E+02    0.638545928036152155E+01    0.157913713649049299E+03   -0.856896350544155361E+01    1
    0.771831219091617982E+01    0.188491069564374669E+02    0.158253932404539057E+03   -0.857146350544156199E+01    1
    0.254146141276701343E+02    0.111548650745652598E+02    0.158301868271507772E+03   -0.857396350544156327E+01    1
    0.116125266797763715E+01    0.134606102573611253E+02    0.158402099263016254E+03   -0.857646350544156988E+01    1
    0.258844539004803877E+02    0.113205022830979338E+02    0.158848359308315452E+03   -0.857896350544158537E+01    1
    0.705679673852744571E+01    0.176160233069637471E+02    0.158850893172886117E+03   -0.858146350544158310E+01    1
    0.264835419898968460E+02    0.256228463972722018E+02    0.159328791299701891E+03   -0.858396350544155240E+01    1
    0.201437855490662336E+02    0.182117412408086068E+02    0.159461396633496776E+03   -0.858646350544155190E+01    1
    0.135262493081113089E+02    0.262267044950863344E+02    0.159463066561792317E+03   -0.858896350544156739E+01    1
    0.622075226211148369E+01    0.770425735676305568E+01    0.159474138650238672E+03   -0.859146350544157400E+01    1
    0.135828264964427015E+01    0.130227471557888368E+02    0.159560593681248776E+03   -0.859396350544157706E+01    1
    0.770190027458636894E+01    0.635225886133778062E+01    0.159672298111748916E+03   -0.859646350544155702E+01    1
    0.264714243843083779E+02    0.246209722826561119E+02    0.159778733205021382E+03   -0.859896350544156007E+01    1
    0.249415201871144205E+02    0.140800598624378748E+01    0.159801960511020326E+03   -0.860146350544155780E+01    1
    0.767214907187835848E+01    0.656796031429563776E+01    0.160333682988193260E+03   -0.860396350544154487E+01    1
    0.749694718622814538E+01    0.705567853190669680E+01    0.160422651032547407E+03   -0.860646350544154437E+01    1
    0.137146933988380280E+02    0.242597988932587612E+02    0.160426910182384773E+03   -0.860896350544155808E+01    1
    0.129816037014287051E+02    0.237737151506448967E+02    0.160497685529002950E+03   -0.861146350544157890E+01    1
    0.755055630922847687E+01    0.181810442212449246E+02    0.160520011184819140E+03   -0.861396350544156597E+01    1
    0.131664179121437641E+02    0.138622267452636478E+02    0.160656064072482422E+03   -0.861646350544154060E+01    1
    0.175837678557679240E+02    0.307517851345999098E+02    0.160816324081994480E+03   -0.861896350544156142E+01    1
    0.182533190173573168E+02    0.498864234755699520E+01    0.160896518571986178E+03   -0.862146350544156093E+01    1
    0.261429473604811449E+02    0.135875447128532887E+02    0.161177577693726960E+03   -0.862396350544153734E+01    1
    0.264270030557538540E+02    0.245484079220921387E+02    0.161322785054867637E+03   -0.862646350544154927E+01    1
    0.177607517733180700E+02    0.179190947269871295E+02    0.161472443174233831E+03   -0.862896350544157364E+01    1
    0.240005624648219751E+02    0.116975954773378383E+02    0.161794155762198614E+03   -0.863146350544159802E+01    1
    0.258782524019982567E+02    0.239222524569101331E+02    0.161872810769018571E+03   -0.863396350544156732E+01    1
    0.264764273301543120E+02    0.121723622829279137E+02    0.162355508921488081E+03   -0.863646350544155261E+01    1
    0.199168077287125058E+02    0.304764777355955943E+02    0.162409116136038705E+03   -0.863896350544158409E+01    1
    0.181041201067617372E+02    0.200507803046057376E+02    0.162593256522099836E+03   -0.864146350544158359E+01    1
    0.201729211648357918E+02    0.671111698896004683E+01    0.163364578130622846E+03   -0.864396350544158132E+01    1
    0.186078405353620830E+02    0.492180449207662907E+01    0.163512377415043886E+03   -0.864646350544158437E+01    1
    0.301230247707757499E+02    0.193653392396565565E+02    0.163618463476317601E+03   -0.864896350544155545E+01    1
    0.113294379275130943E+02    0.119154833963342135E+02    0.163669057359850228E+03   -0.865146350544154608E+01    1
    0.251763961970183630E+02    0.137550924934191432E+01    0.163813381310798292E+03   -0.865396350544156867E+01    1
    0.242372336945261715E+02    0.114860500161908572E+02    0.163988875173355723E+03   -0.865646350544157173E+01    1
    0.197952228041852614E+02    0.524539055322829650E+01    0.163991116551372102E+03   -0.865896350544154458E+01    1
    0.754922605300855043E+01    0.308408161933660132E+02    0.164005738401265091E+03   -0.866146350544153165E+01    1
    0.116119594005230518E+02    0.102515210108322163E+01    0.164296731917560095E+03   -0.866396350544154892E+01    1
    0.301575377605741330E+02    0.686832576826171426E+01    0.164303165881848315E+03   -0.866646350544155020E+01    1
    0.264911116875777033E+02    0.249365758986530963E+02    0.164362379298681191E+03   -0.866896350544154437E+01    1
    0.254158820243604140E+02    0.134494836535505580E+01    0.164395404739544716E+03   -0.867146350544156519E+01    1
    0.311392117726327733E+02    0.201954440373596142E+02    0.164413378522747109E+03   -0.867396350544158778E+01    1
    0.309542249087433632E+02    0.301149958541132214E+02    0.164464897643824173E+03   -0.867646350544157663E+01    1
    0.202659083499019704E+00    0.112121230850838280E+02    0.164669243194483329E+03   -0.867896350544156370E+01    1
    0.254163741059280817E+02    0.134032726503933697E+01    0.164809288782169233E+03   -0.868146350544154544E+01    1
    0.744967504416419679E+01    0.553879033989142222E+01    0.165307916792226649E+03   -0.868396350544154672E+01    1
    0.132616659241771622E+02    0.239423458652867147E+02    0.165597348271676452E+03   -0.868646350544156398E+01    1
    0.136863859086939463E+02    0.259400269865415645E+02    0.165794432776068589E+03   -0.868896350544155460E+01    1
    0.115835290420119872E+02    0.972998707161145115E+00    0.165855729725284647E+03   -0.869146350544153812E+01    1
    0.506684824656892907E+01    0.307787245362152788E+02    0.165863393473852369E+03   -0.869396350544154295E+01    1
    0.301369704347482283E+02    0.193095174197214057E+02    0.166427094257142898E+03   -0.869646350544155133E+01    1
    0.181662830601722369E+02    0.176655867772333615E+02    0.166605554336262770E+03   -0.869896350544156149E+01    1
    0.720768939192208080E+01    0.729407126403178196E+01    0.166982174341256325E+03   -0.870146350544157876E+01    1
    0.253175590797619741E+02    0.264632971707982563E+02    0.167058702411420853E+03   -0.870396350544155695E+01    1
    0.302918440860375817E+02    0.180744664704414575E+02    0.167067257131330507E+03   -0.870646350544155112E+01    1
    0.601391127840928785E+01    0.496594710637155234E+01    0.167146557249105200E+03   -0.870896350544157904E+01    1
    0.114272749056963985E+02    0.133154569508004190E+02    0.167171153217375348E+03   -0.871146350544156256E+01    1
    0.253927966957307270E+02    0.138826364559531008E+02    0.167379638303343711E+03   -0.871396350544156739E+01    1
    0.182152919728832536E+02    0.302188044549611980E+02    0.167527953867757134E+03   -0.871646350544158111E+01    1
    0.304784695359626383E+02    0.529280992292567820E+01    0.167536490416458548E+03   -0.871896350544158238E+01    1
    0.133218420370749548E+02    0.240036320698131682E+02    0.167623665267978794E+03   -0.872146350544156768E+01    1
    0.129804868337895307E+01    0.247971500434224517E+02    0.167688777629395531E+03   -0.872396350544154586E+01    1
    0.255190564663299568E+02    0.138515267519436396E+02    0.167743189127746490E+03   -0.872646350544155780E+01    1
    0.114992505053191252E+02    0.242956324486204629E+02    0.168048231338049874E+03   -0.872896350544154487E+01    1
    0.264310439135056647E+02    0.128737193643590206E+02    0.168208538275980260E+03   -0.873146350544154615E+01    1
    0.190952639797734527E+02    0.497372794655915929E+01    0.168216146489112162E+03   -0.873396350544156164E+01    1
    0.136969667900968410E+02    0.133060399878689672E+02    0.168246327401026150E+03   -0.873646350544157535E+01    1
    0.239855571173140483E+02    0.132780243518852821E+02    0.168248294275147884E+03   -0.873896350544159617E+01    1
    0.118054887432578486E+02    0.111142538788570766E+01    0.168684346713938879E+03   -0.874146350544159745E+01    1
    0.178700370462730902E+02    0.179204323989911813E+02    0.168726129820129785E+03   -0.874396350544159340E+01    1
    0.113669976480454560E+01    0.244201261557150247E+02    0.169008542422599533E+03   -0.874646350544158580E+01    1
    0.176123214478295758E+02    0.677341817151554970E+01    0.169152135711655774E+03   -0.874896350544155332E+01    1
    0.244660115774763121E+02    0.262902609293545488E+02    0.169371890581072194E+03   -0.875146350544152973E+01    1
    0.262964960873619589E+02    0.244819604300526557E+02    0.169535691907196878E+03   -0.875396350544154345E+01    1
    0.114780764699933062E+02    0.259096045431175348E+02    0.169608281120477699E+03   -0.875646350544157492E+01    1
    0.260303019175244152E+02    0.135566317037496500E+02    0.169894858545080297E+03   -0.875896350544157620E+01    1
    0.502436147051026971E+01    0.184697726491139136E+02    0.170219785474486116E+03   -0.876146350544156327E+01    1
    0.597093577967223510E+01    0.301426829244616599E+02    0.170367703569579703E+03   -0.876396350544157698E+01    1
    0.311248830470044737E+02    0.301387480620539314E+02    0.170404977295445150E+03   -0.876646350544156228E+01    1
    0.707371861744340702E+01    0.521779230468367583E+01    0.170578146270147386E+03   -0.876896350544154046E+01    1
    0.130050482428568892E+01    0.126473806949466123E+02    0.170657418780535949E+03   -0.877146350544155773E+01    1
    0.797360696428021098E+00    0.240755961760423460E+02    0.170818256595466977E+03   -0.877396350544155901E+01    1
    0.534481385119454178E+01    0.534667775058124484E+01    0.170855478183052497E+03   -0.877646350544156029E+01    1
    0.508249541686700734E+01    0.574956067084185474E+01    0.170860831661749017E+03   -0.877896350544157933E+01    1
    0.312325096015535735E+02    0.301268206597439452E+02    0.170880715321047660E+03   -0.878146350544157350E+01    1
    0.240021792947760666E+02    0.132435821893647390E+02    0.171027610544540721E+03   -0.878396350544157656E+01    1
    0.631597936848306230E+00    0.137201925076516655E+02    0.171093022073948788E+03   -0.878646350544156718E+01    1
    0.118824394986048132E+01    0.120103134575286585E+02    0.171128347367118266E+03   -0.878896350544156668E+01    1
    0.178169709375554142E+02    0.709590701803705315E+01    0.171746035731868972E+03   -0.879146350544157329E+01    1
    0.115268563093253267E+02    0.133654211897654918E+02    0.171976444584745877E+03   -0.879396350544156391E+01    1
    0.177948917531967190E+02    0.306395000270203148E+02    0.172057100696810664E+03   -0.879646350544155275E+01    1
    0.196603432975423331E+02    0.178225929596159602E+02    0.172238776158547779E+03   -0.879896350544156114E+01    1
    0.260113067041300496E+02    0.241617968541867505E+02    0.172251825173678071E+03   -0.880146350544156952E+01    1
    0.100073994831718260E+01    0.134073860890955068E+02    0.172401120883303406E+03   -0.880396350544155304E+01    1
    0.551564982621122635E+01    0.522832903091119583E+01    0.172488143216493910E+03   -0.880646350544155077E+01    1
    0.304647498453105392E+02    0.179558822501594371E+02    0.172638418391230886E+03   -0.880896350544156093E+01    1
    0.262807415278323617E+02    0.119626247049969638E+02    0.172646458518645403E+03   -0.881146350544156221E+01    1
    0.245871544176040864E+02    0.113955674037957468E+02    0.172925654842861320E+03   -0.881396350544155993E+01    1
    0.748991211656059885E+01    0.183998336506981772E+02    0.172935683859982078E+03   -0.881646350544157542E+01    1
    0.529190250390506822E+01    0.180108248852519779E+02    0.173163102551819094E+03   -0.881896350544156959E+01    1
    0.301747616036764796E+02    0.185351849356841818E+02    0.173185227315591675E+03   -0.882146350544156377E+01    1
    0.260394474616780940E+02    0.116405585308440571E+02    0.173451907396398951E+03   -0.882396350544155972E+01    1
    0.260880471389579931E+02    0.260078292226010745E+02    0.173464851330956293E+03   -0.882646350544155922E+01    1
    0.245711265197600852E+02    0.115541331377640533E+01    0.173616585812975387E+03   -0.882896350544156583E+01    1
    0.247578257782281455E+02    0.239134110809256661E+02    0.173793582694245060E+03   -0.883146350544155112E+01    1
    0.261977786188381856E+02    0.244090060866122478E+02    0.173873741288331786E+03   -0.883396350544155062E+01    1
    0.137833360713866711E+02    0.247525795188057636E+02    0.173874345590583914E+03   -0.883646350544156434E+01    1
    0.258339816707460415E+02    0.114875012534512386E+02    0.173893087806764385E+03   -0.883896350544155851E+01    1
    0.200835455796144551E+02    0.597311365389240301E+01    0.173905460902509617E+03   -0.884146350544154913E+01    1
    0.126183658240932095E+01    0.250090264459422826E+02    0.173937527117064406E+03   -0.884396350544156462E+01    1
    0.176170723506136966E+02    0.191612680536603790E+02    0.174006702428979594E+03   -0.884646350544156057E+01    1
    0.180612417876386075E+02    0.198677807051068989E+02    0.174024625415459298E+03   -0.884896350544154764E+01    1
    0.238728544795803721E+02    0.127001829895166853E+02    0.174033981154750791E+03   -0.885146350544155602E+01    1
    0.191378877590999856E+02    0.752004307952186313E+01    0.174060286916970256E+03   -0.885396350544157507E+01    1
    0.257386639229415195E+02    0.240049111217431559E+02    0.174165707521510569E+03   -0.885646350544156391E+01    1
    0.259370240698734129E+02    0.261346301147766340E+02    0.174314301467455380E+03   -0.885896350544155453E+01    1
    0.176229846239385957E+02    0.191414473571137798E+02    0.174908509829966221E+03   -0.886146350544155581E+01    1
    0.307514347301846165E+02    0.736880234841757265E+01    0.175022703102969103E+03   -0.886396350544154821E+01    1
    0.263794929058800527E+02    0.127110179407816304E+02    0.175133480717177378E+03   -0.886646350544155659E+01    1
    0.184246723158507848E+02    0.200375797617353193E+02    0.175221393067025275E+03   -0.886896350544156320E+01    1
    0.132506205553125049E+02    0.240622923206184431E+02    0.175293462379539278E+03   -0.887146350544156626E+01    1
    0.135727170637453121E+02    0.133431985589211770E+02    0.175448565001262466E+03   -0.887396350544157109E+01    1
    0.303561079768741600E+02    0.181533654764399124E+02    0.175542985027024031E+03   -0.887646350544157769E+01    1
    0.137863693040801998E+02    0.128522098590596006E+02    0.175601993000509964E+03   -0.887896350544156832E+01    1
    0.114677475502599808E+02    0.119464695110386323E+02    0.175899374374536023E+03   -0.888146350544155538E+01    1
    0.104466863007021526E+01    0.705460761729521879E+00    0.176229985420813563E+03   -0.888396350544155489E+01    1
    0.518414012121824630E+01    0.182458300064667149E+02    0.176516987140559280E+03   -0.888646350544156682E+01    1
    0.104353180717427074E+01    0.700058487879198998E+00    0.176566000768609001E+03   -0.888896350544157698E+01    1
    0.245848987531082415E+02    0.240096348850427148E+02    0.176723115721520941E+03   -0.889146350544156050E+01    1
    0.121781707654928955E+02    0.263141365109075167E+02    0.176749429480183039E+03   -0.889396350544155823E+01    1
    0.193588282864818026E+02    0.514701950302350753E+01    0.176999974255194246E+03   -0.889646350544155240E+01    1
    0.121666098281349666E+01    0.253497291028828435E+02    0.177007779209640290E+03   -0.889896350544155190E+01    1
    0.137494180762535247E+02    0.247711095765170235E+02    0.177253348414570837E+03   -0.890146350544156562E+01    1
    0.178629327630522461E+02    0.306547888846767052E+02    0.177629466854385669E+03   -0.890396350544155624E+01    1
    0.514502224852215484E+01    0.183782841471212564E+02    0.178059817712474825E+03   -0.890646350544154686E+01    1
    0.736307637478900112E+01    0.568214685761445359E+01    0.178116000940979916E+03   -0.890896350544154636E+01    1
    0.305724025053822324E+02    0.305064281250205411E+02    0.178226796587006646E+03   -0.891146350544155830E+01    1
    0.255602076703885928E+02    0.114172006666353330E+02    0.178439162492045085E+03   -0.891396350544155958E+01    1
    0.247231656388591396E+02    0.115158277969318079E+01    0.178729538792926320E+03   -0.891646350544155375E+01    1
    0.303129654158194768E+02    0.183126332169206201E+02    0.178731171692011515E+03   -0.891896350544157634E+01    1
    0.183530371249779023E+02    0.516738992778905182E+01    0.179086255675018833E+03   -0.892146350544157585E+01    1
    0.243854683098854359E+02    0.261058623787381165E+02    0.179276444117798292E+03   -0.892396350544157180E+01    1
    0.114322931152565186E+02    0.246913976749718884E+02    0.179302339377302189E+03   -0.892646350544158196E+01    1
    0.729127937199546161E+00    0.115835780314603447E+02    0.179521427674173708E+03   -0.892896350544158146E+01    1
    0.186885748244413286E+02    0.176565158460137184E+02    0.179803402875526388E+03   -0.893146350544157919E+01    1
    0.176713916263562112E+02    0.311595471806270901E+02    0.179807160226727859E+03   -0.893396350544158580E+01    1
    0.817903713950433736E-01    0.137622339651526566E+02    0.180183621735380257E+03   -0.893646350544157997E+01    1
    0.176841315401477637E+02    0.311197667978329768E+02    0.180191517317983028E+03   -0.893896350544157769E+01    1
    0.306726019694814624E+02    0.532228886888167274E+01    0.180321293901004367E+03   -0.894146350544158430E+01    1
    0.251588188846956697E+02    0.239370566016870185E+02    0.180397672984875726E+03   -0.894396350544157848E+01    1
    0.302229613204462950E+02    0.621031978885332858E+01    0.180488900465590547E+03   -0.894646350544156910E+01    1
    0.180835343854790871E+02    0.304766513265391339E+02    0.180601666805754462E+03   -0.894896350544155617E+01    1
    0.740550946759434225E+01    0.309978549775394256E+02    0.180948971740833173E+03   -0.895146350544156100E+01    1
    0.303804707787237085E+02    0.194614206357715034E+02    0.181073946076465546E+03   -0.895396350544155872E+01    1
    0.302425444625249042E+02    0.312205208869068755E+02    0.181140444128421365E+03   -0.895646350544156356E+01    1
    0.302405648083911203E+02    0.644109639556549674E+01    0.181406513279906733E+03   -0.895896350544156839E+01    1
    0.988889950654934458E+00    0.244514299324131628E+02    0.181411122467022238E+03   -0.896146350544156434E+01    1
    0.262846948081725955E+02    0.122824799159525959E+02    0.181595707593820833E+03   -0.896396350544157094E+01    1
    0.305478961626417949E+02    0.196781557251129655E+02    0.181692247952666179E+03   -0.896646350544157400E+01    1
    0.116819666071324431E+02    0.259417285147438008E+02    0.181804199053557909E+03   -0.896896350544157706E+01    1
    0.560907789935167500E+01    0.304314112247120399E+02    0.182063262842093081E+03   -0.897146350544157656E+01    1
    0.177895577741455355E+02    0.183201854906732642E+02    0.182410168011441982E+03   -0.897396350544157784E+01    1
    0.312117283508720114E+02    0.302583995193619693E+02    0.182416601686472575E+03   -0.897646350544157912E+01    1
    0.258882893973637564E+02    0.242149434280542621E+02    0.182591731538636111E+03   -0.897896350544158217E+01    1
    0.101356302265917875E+01    0.245214901865875312E+02    0.182743478346755325E+03   -0.898146350544157102E+01    1
    0.101497982681182486E+01    0.119688507212311350E+02    0.183213963457188868E+03   -0.898396350544156519E+01    1
    0.180759191621441282E+02    0.539066387822189785E+01    0.183267215782738305E+03   -0.898646350544156469E+01    1
    0.243207141253109711E+02    0.259901526028295251E+02    0.183314743479320043E+03   -0.898896350544156952E+01    1
    0.190664705579798728E+02    0.302711253666324325E+02    0.183347003883058932E+03   -0.899146350544156370E+01    1
    0.261988420509783317E+02    0.120785164736721189E+02    0.183379695959956706E+03   -0.899396350544155609E+01    1
    0.177366416247168779E+02    0.663609788571361126E+01    0.183438311548293171E+03   -0.899646350544156270E+01    1
    0.198400276047077888E+02    0.194834080605139661E+02    0.183467936812467457E+03   -0.899896350544157286E+01    1
    0.125255505387443691E+02    0.116001140563065386E+01    0.183547966439397698E+03   -0.900146350544155993E+01    1
    0.197476029280427028E+02    0.552509401183163451E+01    0.183755350466396521E+03   -0.900396350544154345E+01    1
    0.199944969138483408E+02    0.186739361493564218E+02    0.183885180917388510E+03   -0.900646350544156249E+01    1
    0.262012825297583873E+02    0.246717353120568568E+02    0.184063797830601686E+03   -0.900896350544157087E+01    1
    0.137097739441534774E+02    0.124229373994661927E+02    0.184369492928383551E+03   -0.901146350544155972E+01    1
    0.177898387458233529E+02    0.193067619512057789E+02    0.184892941149717672E+03   -0.901396350544155567E+01    1
    0.258840865147242383E+02    0.242470965501106548E+02    0.184926702841134414E+03   -0.901646350544154451E+01    1
    0.101480524438764164E+01    0.550703268228041387E+00    0.185106370537935760E+03   -0.901896350544154757E+01    1
    0.114454744985700838E+02    0.249039043245632357E+02    0.185234554034327772E+03   -0.902146350544154885E+01    1
    0.196895029061421347E+02    0.306192695677089297E+02    0.185278583154322263E+03   -0.902396350544154657E+01    1
    0.114742595438742772E+02    0.122216989673522569E+02    0.185378653955114913E+03   -0.902646350544156384E+01    1
    0.242927897500306287E+02    0.117749410152710752E+02    0.185579349672560227E+03   -0.902896350544158466E+01    1
    0.313442721061747491E+02    0.741638702423109475E+01    0.185792685766514211E+03   -0.903146350544156640E+01    1
    0.976910125865252700E-02    0.114330653983773800E+02    0.185957286875235098E+03   -0.903396350544155347E+01    1
    0.104858784612129519E+01    0.448346706525662497E+00    0.186063333193179687E+03   -0.903646350544156718E+01    1
    0.305975709897735335E+02    0.306111009493719912E+02    0.186110610469670178E+03   -0.903896350544157734E+01    1
    0.686025482999954050E+01    0.529630121956620403E+01    0.186156273909441865E+03   -0.904146350544157329E+01    1
    0.574934289721915892E+01    0.304088336058412807E+02    0.186339258741179947E+03   -0.904396350544155325E+01    1
    0.184740570990397224E+02    0.199202125988451932E+02    0.186380729658284679E+03   -0.904646350544154920E+01    1
    0.190630636884418045E+02    0.199560895476951501E+02    0.186702784958597107E+03   -0.904896350544155403E+01    1
    0.135561460234538593E+02    0.131233632927068218E+02    0.186750596669917087E+03   -0.905146350544157308E+01    1
    0.189123863853396550E+02    0.177268734289206513E+02    0.186753710456446953E+03   -0.905396350544158146E+01    1
    0.256304959220238473E+02    0.261508792495738014E+02    0.186809749009344102E+03   -0.905646350544157919E+01    1
    0.108229664314393914E+01    0.254497317150811533E+02    0.186835852654733884E+03   -0.905896350544158224E+01    1
    0.516765839717817865E+01    0.187177034179237687E+02    0.186909177223705029E+03   -0.906146350544157819E+01    1
    0.177416899794582577E+02    0.312267574183020180E+02    0.186929839201685610E+03   -0.906396350544158480E+01    1
    0.188833514857685003E+02    0.740278115096149492E+01    0.187120554793755730E+03   -0.906646350544158075E+01    1
    0.196995019986000948E+02    0.196016381313976744E+02    0.187169685163962470E+03   -0.906896350544158203E+01    1
    0.130459248667761383E+02    0.261532084591305107E+02    0.187259866576106958E+03   -0.907146350544158153E+01    1
    0.246121969258848701E+02    0.135669478793183220E+02    0.187334356313167405E+03   -0.907396350544156682E+01    1
    0.182531879545366671E+02    0.198090033757927415E+02    0.187361770759831444E+03   -0.907646350544157521E+01    1
    0.131975252225064832E+02    0.135026256725228784E+02    0.187483440938351180E+03   -0.907896350544156583E+01    1
    0.136064359550939820E+02    0.121443790028425163E+02    0.187553419299648880E+03   -0.908146350544156533E+01    1
    0.178773085310566167E+02    0.308506344417190483E+02    0.187721575132840883E+03   -0.908396350544156839E+01    1
    0.647119419298932730E+01    0.518645075106191289E+01    0.187899818451971129E+03   -0.908646350544156078E+01    1
    0.131661223669397440E+02    0.135158363073854293E+02    0.187937442139301879E+03   -0.908896350544157805E+01    1
    0.177534001519540574E+02    0.187312369498531766E+02    0.188700837640983082E+03   -0.909146350544157755E+01    1
    0.133451781373732086E+02    0.243325867036718293E+02    0.188715399955538771E+03   -0.909396350544158061E+01    1
    0.310536128357679893E+02    0.198941191098629702E+02    0.188855159269733633E+03   -0.909646350544158011E+01    1
    0.303262809805249276E+02    0.190057811325153736E+02    0.188891778682433454E+03   -0.909896350544156363E+01    1
    0.303659625570240017E+02    0.191909463442357477E+02    0.188939997130503542E+03   -0.910146350544157379E+01    1
    0.115186554258457345E+02    0.247855701823620791E+02    0.188981766588238855E+03   -0.910396350544157329E+01    1
    0.521296930566737693E+01    0.191094158622740586E+02    0.189008153989168250E+03   -0.910646350544157457E+01    1
    0.701081741444401096E+01    0.180098185071318575E+02    0.189144199479774755E+03   -0.910896350544159006E+01    1
    0.250409143804915715E+02    0.262258510752082614E+02    0.189159599436801955E+03   -0.911146350544158423E+01    1
    0.632787586528928347E+01    0.177539207377074995E+02    0.189169626717448466E+03   -0.911396350544157485E+01    1
    0.245664902461131867E+02    0.135180329732540550E+02    0.189193468714547606E+03   -0.911646350544158679E+01    1
    0.132667166089490554E+02    0.134264221837708000E+02    0.189283515102951696E+03   -0.911896350544156853E+01    1
    0.521215853107317795E+01    0.311801258627265554E+02    0.189364063203232490E+03   -0.912146350544155915E+01    1
    0.529518172702321177E+01    0.193342475774745601E+02    0.189588915937117775E+03   -0.912396350544158175E+01    1
    0.681763508865420054E+01    0.178883945329519207E+02    0.189768459970941194E+03   -0.912646350544158658E+01    1
    0.244331036347245814E+02    0.259858206614809291E+02    0.189771688791937379E+03   -0.912896350544156654E+01    1
    0.196884591773709268E+02    0.306993114596154157E+02    0.189786771842799595E+03   -0.913146350544156249E+01    1
    0.194331911276276834E+02    0.197818196795284145E+02    0.189865526678935055E+03   -0.913396350544156022E+01    1
    0.569901763473123513E+01    0.721330684306926173E+01    0.189995903577700801E+03   -0.913646350544155794E+01    1
    0.128140425504792841E+02    0.106058216629419877E+01    0.190034245894249409E+03   -0.913896350544156100E+01    1
    0.537263396100086688E+01    0.182440499232540603E+02    0.190446497211643191E+03   -0.914146350544154807E+01    1
    0.308440587129259391E+02    0.197794343515645217E+02    0.190535008488758820E+03   -0.914396350544157244E+01    1
    0.729928300314326517E+01    0.310344681706221692E+02    0.190633255158688058E+03   -0.914646350544159326E+01    1
    0.178220682199209186E+02    0.310753537193986560E+02    0.190787435617909750E+03   -0.914896350544157855E+01    1
    0.257455774696122894E+02    0.242326145410389557E+02    0.190842181135488914E+03   -0.915146350544156206E+01    1
    0.614546885479085780E+01    0.177825227489305853E+02    0.191010954832142090E+03   -0.915396350544155446E+01    1
    0.196771076250440871E+02    0.698771061015467243E+01    0.191145339925998456E+03   -0.915646350544156995E+01    1
    0.716655338565723987E+01    0.691262825779929013E+01    0.191226790051286372E+03   -0.915896350544156768E+01    1
    0.304281743373782092E+02    0.584692791097759823E+01    0.191229601526155250E+03   -0.916146350544157251E+01    1
    0.645276171508335317E+01    0.522765372624672153E+01    0.191628841853744547E+03   -0.916396350544159333E+01    1
    0.192371109508266755E+02    0.304161502486058666E+02    0.191755932156285553E+03   -0.916646350544157862E+01    1
    0.102034393717267435E+01    0.248148369946076421E+02    0.191906548820992441E+03   -0.916896350544158523E+01    1
    0.178289594797260946E+02    0.311024416827955008E+02    0.191987777950612752E+03   -0.917146350544158828E+01    1
    0.197850374225958312E+02    0.680029333034258521E+01    0.192329623822765143E+03   -0.917396350544157535E+01    1
    0.255230284851548674E+02    0.261241590789426930E+02    0.192335001093152499E+03   -0.917646350544158729E+01    1
    0.305842978426500913E+02    0.560721048128723520E+01    0.192367391347106803E+03   -0.917896350544158324E+01    1
    0.303681454152621235E+02    0.612892268751241165E+01    0.192458956149341589E+03   -0.918146350544158274E+01    1
    0.100947507525816205E+01    0.122474347428178181E+02    0.192758397894423922E+03   -0.918396350544159290E+01    1
    0.313273120357733106E+02    0.177987956634923741E+02    0.192788275082689552E+03   -0.918646350544158530E+01    1
    0.261068662169112926E+02    0.121522287582485387E+02    0.192973023392747535E+03   -0.918896350544156881E+01    1
    0.124650417993904075E+02    0.261789001981663532E+02    0.193087656150700212E+03   -0.919146350544155233E+01    1
    0.578195041227623641E+01    0.197818531623753948E+02    0.193163557766207816E+03   -0.919396350544155005E+01    1
    0.607818001257076013E+01    0.198805675274622189E+02    0.193189929935227156E+03   -0.919646350544156199E+01    1
    0.178273759281887827E+02    0.604302555065406732E+01    0.193343135656214884E+03   -0.919896350544156327E+01    1
    0.303801946467544539E+02    0.612906315399487500E+01    0.193467242087188680E+03   -0.920146350544155389E+01    1
    0.822601742533659475E+00    0.664091066327592405E+00    0.193546729815626605E+03   -0.920396350544156228E+01    1
    0.303768696197820951E+02    0.187348573115204928E+02    0.193577730491528484E+03   -0.920646350544157599E+01    1
    0.310224053809546305E+02    0.531148320790829676E+01    0.193776832097608889E+03   -0.920896350544158970E+01    1
    0.193059491283489244E+02    0.179075862325880699E+02    0.194048878379243178E+03   -0.921146350544157499E+01    1
    0.245933088132668622E+02    0.134652925573739957E+02    0.194082152407781109E+03   -0.921396350544154608E+01    1
    0.304170958948880070E+02    0.311274843151557405E+02    0.194295467039669120E+03   -0.921646350544154558E+01    1
    0.243391763452494487E+02    0.118815127906314864E+02    0.194299793102969033E+03   -0.921896350544154153E+01    1
    0.180633329236382920E+02    0.195402538953667637E+02    0.194442411097469858E+03   -0.922146350544156768E+01    1
    0.556667263507341303E+01    0.180905471064401802E+02    0.194677265496517748E+03   -0.922396350544160093E+01    1
    0.306437585822889673E+02    0.195516974274765261E+02    0.194680711564748805E+03   -0.922646350544159510E+01    1
    0.251892546001090487E+02    0.135963595907225336E+02    0.194701884584292827E+03   -0.922896350544156263E+01    1
    0.116976336607303644E+02    0.257064350115157154E+02    0.194743635845438376E+03   -0.923146350544154970E+01    1
    0.128585355528254546E+02    0.241413490371016763E+02    0.194810697465019899E+03   -0.923396350544157052E+01    1
    0.260792821537400172E+02    0.121503208904248918E+02    0.195022593165027246E+03   -0.923646350544158246E+01    1
    0.261485846826646799E+02    0.249745786666371892E+02    0.195067967602982066E+03   -0.923896350544156419E+01    1
    0.307878430419974123E+02    0.180232989151997849E+02    0.195085045168344493E+03   -0.924146350544156014E+01    1
    0.130667047320124929E+02    0.242267552290325376E+02    0.195110600257297818E+03   -0.924396350544158452E+01    1
    0.117094200480887167E+02    0.119901363587969225E+02    0.195435368915778014E+03   -0.924646350544159468E+01    1
    0.587798812721824149E+01    0.179099238044953779E+02    0.195880632604521594E+03   -0.924896350544156931E+01    1
    0.306361990032531750E+02    0.195193198497647380E+02    0.195936473926330962E+03   -0.925146350544156171E+01    1
    0.936439412812517524E+00    0.255406557782687109E+02    0.196038168993275917E+03   -0.925396350544155943E+01    1
    0.134183916556097138E+02    0.245627173813509287E+02    0.196041208287786105E+03   -0.925646350544156959E+01    1
    0.187746567916742002E+02    0.304034619512681523E+02    0.196068093027382872E+03   -0.925896350544159397E+01    1
    0.252704693928773452E+02    0.115611092895853993E+02    0.196162554731520800E+03   -0.926146350544156682E+01    1
    0.259703491721443029E+02    0.119783593671535069E+02    0.196208239883872125E+03   -0.926396350544155034E+01    1
    0.185526877848590672E+02    0.725555805589266622E+01    0.196216492739620321E+03   -0.926646350544155872E+01    1
    0.190524886865279619E+02    0.528968340316474794E+01    0.196289758962670049E+03   -0.926896350544157777E+01    1
    0.311887947276827937E+02    0.178625784456010948E+02    0.196425873002308720E+03   -0.927146350544157194E+01    1
    0.573626606465179933E+00    0.134074758764601825E+02    0.196617490983927240E+03   -0.927396350544156967E+01    1
    0.813068257786319082E+00    0.119562665068817466E+02    0.196794590231173856E+03   -0.927646350544157094E+01    1
    0.127693177162890859E+02    0.115802915430737539E+02    0.196888994520774361E+03   -0.927896350544155446E+01    1
    0.253035320575356266E+02    0.135567421341942005E+02    0.196994175474167264E+03   -0.928146350544157173E+01    1
    0.179296981157939577E+02    0.192626718860764647E+02    0.197117979553570450E+03   -0.928396350544156412E+01    1
    0.304359920142003588E+02    0.606633484090964270E+01    0.197162932019295397E+03   -0.928646350544154231E+01    1
    0.260014987837380787E+02    0.120526945715699121E+02    0.197234574270132640E+03   -0.928896350544154714E+01    1
    0.253269740558437988E+02    0.115833844153697996E+02    0.197268477830475689E+03   -0.929146350544155908E+01    1
    0.184671949890941960E+02    0.304858945506254635E+02    0.197287254562325785E+03   -0.929396350544155325E+01    1
    0.183225790702568183E+02    0.714059437631654070E+01    0.197488189507385272E+03   -0.929646350544154565E+01    1
    0.116648711768960212E+02    0.246903068639813590E+02    0.197512291690041991E+03   -0.929896350544157535E+01    1
    0.184351588016113688E+02    0.536929956386529295E+01    0.197520927907237649E+03   -0.930146350544156952E+01    1
    0.252189280430588703E+02    0.261265987421517636E+02    0.197529093526358508E+03   -0.930396350544154238E+01    1
    0.691661675765060391E+01    0.706626227601567791E+01    0.197568771425056269E+03   -0.930646350544154366E+01    1
    0.195804480621426791E+02    0.181580762801329811E+02    0.197687788415568463E+03   -0.930896350544155737E+01    1
    0.129836419930634843E+02    0.260413067145004931E+02    0.197822685876390096E+03   -0.931146350544155688E+01    1
    0.127301159965639847E+02    0.135459211061142089E+02    0.197957689049697763E+03   -0.931396350544155460E+01    1
    0.919587857390319563E+00    0.129514913876648752E+02    0.197991460855336129E+03   -0.931646350544155588E+01    1
    0.180330684860844741E+02    0.685321717059186675E+01    0.198408167735180513E+03   -0.931896350544156427E+01    1
    0.179425831700614111E+02    0.588383119284305245E+01    0.198501889079325423E+03   -0.932146350544156732E+01    1
    0.261174754296630454E+02    0.251081756734430641E+02    0.198531429139088715E+03   -0.932396350544155084E+01    1
    0.197957284627576620E+02    0.191305852287801059E+02    0.198615159111298027E+03   -0.932646350544156100E+01    1
    0.951468016839476016E+00    0.255647302311830138E+00    0.198722546032108340E+03   -0.932896350544156405E+01    1
    0.605074159246268906E+01    0.178930257838342932E+02    0.198757422692595185E+03   -0.933146350544158310E+01    1
    0.641294773607109847E+00    0.133235287375737368E+02    0.198766328874090846E+03   -0.933396350544159858E+01    1
    0.261102786459012997E+02    0.252212615174533710E+02    0.198840710004723547E+03   -0.933646350544157499E+01    1
    0.184380820012909759E+02    0.538699691983648687E+01    0.198916670342148933E+03   -0.933896350544154963E+01    1
    0.602271455904989406E+01    0.533549493624022553E+01    0.198922715557656204E+03   -0.934146350544154380E+01    1
    0.660732546920346930E+01    0.179210908595051137E+02    0.198978985580599101E+03   -0.934396350544157350E+01    1
    0.193583242988645488E+02    0.180038989505804068E+02    0.199026213207456323E+03   -0.934646350544160143E+01    1
    0.564161694250485990E+01    0.703521564337023886E+01    0.199061811469815922E+03   -0.934896350544159382E+01    1
    0.252570602935092765E+02    0.135369473873089614E+02    0.199111707555408231E+03   -0.935146350544157734E+01    1
    0.307565112650305252E+02    0.181165455826755100E+02    0.199273238920652688E+03   -0.935396350544158750E+01    1
    0.125786078070819443E+02    0.241571393122322498E+02    0.199290294568388731E+03   -0.935646350544160832E+01    1
    0.119272731805553729E+02    0.118174778409953731E+02    0.199375342127889496E+03   -0.935896350544159361E+01    1
    0.715631570062101385E+01    0.309734384663353524E+02    0.199557080458397849E+03   -0.936146350544157002E+01    1
    0.194046079195795471E+02    0.547475908111946730E+01    0.199595581694920156E+03   -0.936396350544158551E+01    1
    0.304485789161374960E+02    0.313286326915543043E+02    0.199670803002195811E+03   -0.936646350544160100E+01    1
    0.313963240893722606E+02    0.531253701639445541E+01    0.199681871133927444E+03   -0.936896350544160228E+01    1
    0.182419378299891655E+02    0.180825074625826687E+02    0.199820807184318625E+03   -0.937146350544158402E+01    1
    0.563188307679494216E+01    0.555545843247542770E+01    0.200004384853325348E+03   -0.937396350544156576E+01    1
    0.251626839028334039E+02    0.116008094586450952E+02    0.200072239913430224E+03   -0.937646350544158835E+01    1
    0.135291747237016775E+02    0.250559971138205100E+02    0.200102032622484472E+03   -0.937896350544160207E+01    1
    0.727602458482241143E+00    0.119169263128551144E+02    0.200107804440704882E+03   -0.938146350544158913E+01    1
    0.259362845565114917E+02    0.256817992509966899E+02    0.200174984836841219E+03   -0.938396350544157087E+01    1
    0.343890164072840954E+00    0.116604932907143191E+02    0.200175408805299440E+03   -0.938646350544157038E+01    1
    0.710198026913311864E+01    0.308910189956915175E+02    0.200189696284173777E+03   -0.938896350544158054E+01    1
    0.705008852318707824E+01    0.688050868933093795E+01    0.200320788592862186E+03   -0.939146350544156228E+01    1
    0.182578415730146553E+02    0.306457558056064627E+02    0.200381848989428732E+03   -0.939396350544154224E+01    1
    0.615716918718714190E+01    0.178958878616642991E+02    0.200447353562398405E+03   -0.939646350544157016E+01    1
    0.874490291994828306E+00    0.129774516876130068E+02    0.200504041603200278E+03   -0.939896350544156256E+01    1
    0.194957664375239617E+02    0.700684828262655657E+01    0.200504715167918988E+03   -0.940146350544155851E+01    1
    0.196771308240883549E+02    0.183471251389791448E+02    0.200508183631113212E+03   -0.940396350544156334E+01    1
    0.304888480627124245E+02    0.191090006654165343E+02    0.200541348005164537E+03   -0.940646350544154153E+01    1
    0.308268706468479365E+02    0.704937485181886636E+01    0.200754278267638995E+03   -0.940896350544153570E+01    1
    0.132300336317222627E+02    0.244300124330769535E+02    0.200792965168210543E+03   -0.941146350544155297E+01    1
    0.255445566346869555E+02    0.116965778563289504E+02    0.200817882971957715E+03   -0.941396350544157201E+01    1
    0.126362178739772144E+02    0.116158309419203114E+02    0.201120992460166377E+03   -0.941646350544155553E+01    1
    0.782749892655192236E+00    0.131236476024539765E+02    0.201157740094417562E+03   -0.941896350544157102E+01    1
    0.242073138567875965E+02    0.123330370156527476E+02    0.201167765744999798E+03   -0.942146350544156874E+01    1
    0.260703941126800416E+02    0.249804724759973418E+02    0.201430253330464296E+03   -0.942396350544153627E+01    1
    0.306446442914108808E+02    0.194158599832445908E+02    0.201481373683166424E+03   -0.942646350544157485E+01    1
    0.182811636086431690E+02    0.180821018878949111E+02    0.201627389927602479E+03   -0.942896350544158146E+01    1
    0.557068535269218845E+01    0.194863780197803713E+02    0.201634781098914800E+03   -0.943146350544154544E+01    1
    0.246533930676848065E+02    0.259552357835444418E+02    0.201746491985488376E+03   -0.943396350544157514E+01    1
    0.186086492752546526E+02    0.179343367574089427E+02    0.201812564684015143E+03   -0.943646350544158707E+01    1
    0.310480109072138823E+02    0.540977720468982870E+01    0.201900058768725501E+03   -0.943896350544155460E+01    1
    0.310707277921897962E+02    0.305341128030987647E+02    0.201923156842864643E+03   -0.944146350544158075E+01    1
    0.194329965186810689E+02    0.553470231946961810E+01    0.202109134480747827E+03   -0.944396350544158736E+01    1
    0.936077066188516160E+00    0.124749115204305916E+02    0.202130773017631526E+03   -0.944646350544156377E+01    1
    0.179141700252056317E+02    0.634376390098582732E+01    0.202368353949070041E+03   -0.944896350544155794E+01    1
    0.663614991214533156E+00    0.674356090619300685E+00    0.202374330895868496E+03   -0.945146350544157876E+01    1
    0.189804038461263893E+02    0.197778742742524720E+02    0.202397722729417012E+03   -0.945396350544158537E+01    1
    0.596210017618646493E+01    0.197289357454446233E+02    0.202734635981213160E+03   -0.945646350544156711E+01    1
    0.306576734783772622E+02    0.308635246407200796E+02    0.202920601928050445E+03   -0.945896350544157727E+01    1
    0.308607151975605092E+02    0.306599152416621301E+02    0.202935206942991158E+03   -0.946146350544157144E+01    1
    0.133299117131871654E+02    0.131090012230901696E+02    0.203019192414835913E+03   -0.946396350544157272E+01    1
    0.249634651814785542E+02    0.260452482899634710E+02    0.203172409080270256E+03   -0.946646350544157578E+01    1
    0.258543923274799710E+02    0.257263632233104609E+02    0.203242430229831484E+03   -0.946896350544156284E+01    1
    0.197708292050113563E+02    0.620009136749951040E+01    0.203348206318639143E+03   -0.947146350544156057E+01    1
    0.243852217236693605E+02    0.120114982732074083E+02    0.203476533220613703E+03   -0.947396350544156363E+01    1
    0.116465225365940039E+02    0.251835210277228008E+02    0.203629583012445835E+03   -0.947646350544157734E+01    1
    0.560091213180967529E+01    0.194797687012549297E+02    0.203692274975689088E+03   -0.947896350544157862E+01    1
    0.814582747098217874E+00    0.440691782867365989E+00    0.203699729437452277E+03   -0.948146350544156213E+01    1
    0.305036439163040214E+02    0.189530603329918215E+02    0.203896765036207483E+03   -0.948396350544155275E+01    1
    0.713309021966642209E+01    0.184925932220460894E+02    0.203906882603797243E+03   -0.948646350544155759E+01    1
    0.603266010246878004E+01    0.197327538057992058E+02    0.204047821485628077E+03   -0.948896350544156952E+01    1
    0.184616124016532694E+02    0.305846885131413160E+02    0.204302760151527906E+03   -0.949146350544157968E+01    1
    0.179998891445026530E+02    0.191926827523185395E+02    0.204310512227627811E+03   -0.949396350544157563E+01    1
    0.587104249321369132E+01    0.196692398748551547E+02    0.204327016500712432E+03   -0.949646350544157336E+01    1
    0.308853562459983095E+02    0.181001285977318673E+02    0.204425488114891266E+03   -0.949896350544157819E+01    1
    0.123449071481533874E+02    0.884860649178229708E+00    0.204468329105423976E+03   -0.950146350544158658E+01    1
    0.255468391791733396E+02    0.117501538681202646E+02    0.204500105923569606E+03   -0.950396350544157542E+01    1
    0.305379965537585498E+02    0.186058314948370516E+02    0.204574206215461061E+03   -0.950646350544157315E+01    1
    0.713853384613901554E+01    0.191657543275473223E+02    0.204611378770251520E+03   -0.950896350544157620E+01    1
    0.197250909164643389E+02    0.186022083116708679E+02    0.204681366201518642E+03   -0.951146350544157571E+01    1
    0.688318211746800479E+01    0.697387499821909351E+01    0.204734324469031407E+03   -0.951396350544157521E+01    1
    0.181874742204760054E+02    0.182181859926866068E+02    0.204748049985033902E+03   -0.951646350544155872E+01    1
    0.179478558530610321E+02    0.618804189519992054E+01    0.204778847579067815E+03   -0.951896350544156356E+01    1
    0.307504242743528096E+02    0.565693220736714064E+01    0.204825067475027197E+03   -0.952146350544157727E+01    1
    0.179951038141864643E+02    0.597432785134316813E+01    0.204859757452333838E+03   -0.952396350544158743E+01    1
    0.307402083941907343E+02    0.689330206610625940E+01    0.205078279005266950E+03   -0.952646350544159404E+01    1
    0.196903949982308397E+02    0.191842385543048835E+02    0.205169959861805665E+03   -0.952896350544159176E+01    1
    0.562373654068829776E+01    0.690391592792903630E+01    0.205439667629555714E+03   -0.953146350544158416E+01    1
    0.849672274463054489E+00    0.122732207607175621E+02    0.205584600287179597E+03   -0.953396350544158544E+01    1
    0.327279875283113086E+00    0.134006819411576359E+02    0.205830919298654806E+03   -0.953646350544159382E+01    1
    0.188082096848354823E+02    0.717283416427543141E+01    0.205994753663454077E+03   -0.953896350544158977E+01    1
    0.179591973490909851E+02    0.314056261518308020E+02    0.206004748689754308E+03   -0.954146350544158039E+01    1
    0.179599619978725578E+02    0.313794097243642263E+02    0.206014003305511096E+03   -0.954396350544157279E+01    1
    0.872302522941081793E+00    0.127482196334532336E+02    0.206046876170344888E+03   -0.954646350544158118E+01    1
    0.665446949142230082E+01    0.709387595179686414E+01    0.206237307821951504E+03   -0.954896350544159311E+01    1
    0.256359486805383661E+02    0.243946311450394511E+02    0.206282234160448382E+03   -0.955146350544159262E+01    1
    0.686298280203237265E+01    0.181706942764207575E+02    0.206387022121645401E+03   -0.955396350544159212E+01    1
    0.305428089380698466E+02    0.642557152879910287E+01    0.206500257443607865E+03   -0.955646350544157919E+01    1
    0.182149151878733839E+02    0.565956331930063161E+01    0.206623103567087071E+03   -0.955896350544155915E+01    1
    0.186951429374940119E+02    0.179801732426027989E+02    0.206636010121639060E+03   -0.956146350544157109E+01    1
    0.197003692523047462E+02    0.311876515433247228E+02    0.206865964766183851E+03   -0.956396350544156881E+01    1
    0.812237359270583159E+00    0.129115552080851064E+02    0.206890211719979675E+03   -0.956646350544156654E+01    1
    0.180049647412955984E+02    0.190966252528253193E+02    0.206956760797764787E+03   -0.956896350544157492E+01    1
    0.275578791759352071E+00    0.134024147010361645E+02    0.206968371374991619E+03   -0.957146350544156022E+01    1
    0.197019168504988080E+02    0.312021846602791406E+02    0.207012751426477479E+03   -0.957396350544156682E+01    1
    0.197190811355820905E+02    0.189672818217839527E+02    0.207028008019022593E+03   -0.957646350544157343E+01    1
    0.717353431948871356E+00    0.120515091389810731E+02    0.207066219524410542E+03   -0.957896350544156228E+01    1
    0.180827178763177230E+02    0.309812823046609722E+02    0.207091432914645537E+03   -0.958146350544155823E+01    1
    0.242997931803311253E+02    0.254092469558892482E+02    0.207169013647644135E+03   -0.958396350544156839E+01    1
    0.117436239247271015E+02    0.122594089328471618E+02    0.207170164629261308E+03   -0.958646350544157144E+01    1
    0.250674872601304770E+02    0.242609687404307088E+02    0.207247039466823708E+03   -0.958896350544156206E+01    1
    0.182236738914511669E+02    0.566469830917648931E+01    0.207349197619778494E+03   -0.959146350544155979E+01    1
    0.119726833909692907E+02    0.647557668203394554E+00    0.207447940495993663E+03   -0.959396350544155752E+01    1
    0.278612956590649330E+00    0.133945810921635147E+02    0.207459042995458134E+03   -0.959646350544158011E+01    1
    0.126489093467577955E+02    0.242652275143423566E+02    0.207463519218436574E+03   -0.959896350544158317E+01    1
    0.243577610835927381E+02    0.121590873784090068E+02    0.207502195123506823E+03   -0.960146350544156491E+01    1
    0.579356712713048783E+01    0.306886183747398995E+02    0.207505006201837119E+03   -0.960396350544156263E+01    1
    0.249087350503642030E+00    0.134008215532673560E+02    0.207647398012926857E+03   -0.960646350544156391E+01    1
    0.306692035098565867E+02    0.309622067407070425E+02    0.207687948562344104E+03   -0.960896350544157762E+01    1
    0.179931184999381024E+02    0.312697218132444767E+02    0.207697965418396450E+03   -0.961146350544157713E+01    1
    0.308426884122218858E+02    0.181886287809705571E+02    0.207707714851693908E+03   -0.961396350544156775E+01    1
    0.251340087402632086E+02    0.260002841022826772E+02    0.207737140861672714E+03   -0.961646350544157791E+01    1
    0.245481649868954079E+02    0.132165118040494178E+02    0.207754859298107107E+03   -0.961896350544157919E+01    1
    0.134210136515199565E+02    0.127180426365122745E+02    0.207764450858391086E+03   -0.962146350544157869E+01    1
    0.307957470719455131E+02    0.566714565441701357E+01    0.207772773091476409E+03   -0.962396350544156931E+01    1
    0.256615316227842669E+02    0.118727189179462513E+02    0.207876261547570323E+03   -0.962646350544156171E+01    1
    0.665446675033592872E+01    0.180644736312939465E+02    0.207979508511998148E+03   -0.962896350544156654E+01    1
    0.586093530398761509E+01    0.704260533510977993E+01    0.208009724925978361E+03   -0.963146350544157492E+01    1
    0.196160199234606836E+02    0.669094845227940205E+01    0.208046187731766366E+03   -0.963396350544157087E+01    1
    0.306240073692346400E+02    0.192023495599643184E+02    0.208067101228920393E+03   -0.963646350544155617E+01    1
    0.193674521899490379E+02    0.697904568596281294E+01    0.208220285058789017E+03   -0.963896350544156810E+01    1
    0.180722621526023488E+02    0.590420336272187551E+01    0.208263164916117006E+03   -0.964146350544157649E+01    1
    0.308533421742486702E+02    0.694272370258740779E+01    0.208289858306799118E+03   -0.964396350544157244E+01    1
    0.691866063917766905E+01    0.687276202865124120E+01    0.208302434973986379E+03   -0.964646350544158082E+01    1
    0.127594337409293352E+02    0.259714193229061934E+02    0.208352049435540323E+03   -0.964896350544158388E+01    1
    0.195698120510016551E+02    0.580398628896791724E+01    0.208356079185004631E+03   -0.965146350544159048E+01    1
    0.126978817309214715E+02    0.117171827719510269E+02    0.208398895914569977E+03   -0.965396350544158643E+01    1
    0.605619681779246299E+01    0.180207251037647396E+02    0.208479863000667336E+03   -0.965646350544157350E+01    1
    0.786188179630796125E+00    0.247810791022448313E+02    0.208488068952593949E+03   -0.965896350544158544E+01    1
    0.117966046823019663E+02    0.121793694321060340E+02    0.208509215492665135E+03   -0.966146350544157961E+01    1
    0.243943078802876983E+02    0.255773311717405640E+02    0.208551408767504427E+03   -0.966396350544156313E+01    1
    0.255098074234624406E+02    0.259063179633590259E+02    0.208570050243332702E+03   -0.966646350544158039E+01    1
    0.201548447416117077E+00    0.133997116694905003E+02    0.208601440910770577E+03   -0.966896350544157812E+01    1
    0.810368626063105002E+00    0.128438567131614256E+02    0.208743529455816372E+03   -0.967146350544155986E+01    1
    0.259095230899830895E+02    0.247688451164772410E+02    0.208759193675469902E+03   -0.967396350544157357E+01    1
    0.117367314935659923E+02    0.127733310126065760E+02    0.208777599193520729E+03   -0.967646350544157841E+01    1
    0.689815317408119899E+01    0.568362379321080535E+01    0.208884398474728187E+03   -0.967896350544157613E+01    1
    0.577702785322012335E+01    0.559159588874939928E+01    0.208973027474330792E+03   -0.968146350544158629E+01    1
    0.712720784701863508E+01    0.639270726632034236E+01    0.208995071329919455E+03   -0.968396350544158580E+01    1
    0.195760232588608787E+02    0.184013999659419518E+02    0.209168854748750817E+03   -0.968646350544157464E+01    1
    0.259419736938485386E+02    0.253937495945818341E+02    0.209187955155261221E+03   -0.968896350544155638E+01    1
    0.305874364904300933E+02    0.646116272741395914E+01    0.209317915601470588E+03   -0.969146350544159141E+01    1
    0.309627093654693262E+02    0.181285931903871287E+02    0.209320093121550542E+03   -0.969396350544157315E+01    1
    0.552541862653091176E+01    0.310307823521653248E+02    0.209356089476834740E+03   -0.969646350544156377E+01    1
    0.258421674094399236E+02    0.130364450098585447E+02    0.209377313232356130E+03   -0.969896350544157571E+01    1
    0.242969354846995529E+02    0.252625294455167406E+02    0.209397026968878265E+03   -0.970146350544158942E+01    1
    0.308663152386127670E+02    0.693294478955318194E+01    0.209437143704606029E+03   -0.970396350544157116E+01    1
    0.312935488658048051E+02    0.180146893329043039E+02    0.209542127215169131E+03   -0.970646350544157066E+01    1
    0.196670478415550214E+02    0.186366627121894837E+02    0.209543704005620640E+03   -0.970896350544159326E+01    1
    0.132567851312093179E+02    0.246390518144165327E+02    0.209563720855856133E+03   -0.971146350544159276E+01    1
    0.165233142663872595E+00    0.827061148382608358E+00    0.209600666704568681E+03   -0.971396350544156739E+01    1
    0.623944028556864971E+01    0.196899492727398453E+02    0.209674747264701267E+03   -0.971646350544155624E+01    1
    0.550990922936268834E+01    0.310780072778425094E+02    0.209747844751977567E+03   -0.971896350544155929E+01    1
    0.121109787619942750E+02    0.244203008357851381E+02    0.209761421735083815E+03   -0.972146350544156768E+01    1
    0.194464382016953543E+02    0.308155318445424058E+02    0.209768594723478571E+03   -0.972396350544156718E+01    1
    0.253837035607652304E+02    0.243296542552759725E+02    0.209830079471035276E+03   -0.972646350544156846E+01    1
    0.309898379353691240E+02    0.555582299844422600E+01    0.209917395432482579E+03   -0.972896350544158750E+01    1
    0.584543677996159872E+01    0.306953312093252215E+02    0.209918140429228259E+03   -0.973146350544158523E+01    1
    0.307432066364070877E+02    0.193529319685140031E+02    0.210190285836352331E+03   -0.973396350544156164E+01    1
    0.181051340701348948E+02    0.184681287523775772E+02    0.210339980605667762E+03   -0.973646350544155936E+01    1
    0.195230746413500249E+02    0.580147890340479133E+01    0.211044660206574065E+03   -0.973896350544158551E+01    1
    0.672889171883000170E+01    0.181529614326533704E+02    0.211089643253342246E+03   -0.974146350544160633E+01    1
    0.306825992909618606E+02    0.310370329782259340E+02    0.211131466941145646E+03   -0.974396350544159695E+01    1
    0.133641415731839928E+02    0.127648894661468386E+02    0.211179319837249523E+03   -0.974646350544158580E+01    1
    0.181558080660501027E+02    0.309684093692758360E+02    0.211192531781805769E+03   -0.974896350544159240E+01    1
    0.309981377303457855E+02    0.557173393102549941E+01    0.211199994832082410E+03   -0.975146350544158835E+01    1
    0.127981136296169957E+02    0.259214092832747127E+02    0.211216603930589457E+03   -0.975396350544157364E+01    1
    0.259494031022701783E+02    0.250838905978663611E+02    0.211379359375920870E+03   -0.975646350544157137E+01    1
    0.589187262028822634E+01    0.700310358862857463E+01    0.211576213590313472E+03   -0.975896350544156022E+01    1
    0.132834978726041992E+02    0.121709581011755645E+02    0.211614705447911319E+03   -0.976146350544155617E+01    1
    0.306083986080577333E+02    0.187482762619864687E+02    0.211705153923132144E+03   -0.976396350544157343E+01    1
    0.124740232164207256E+02    0.259400889832215640E+02    0.211790070196610372E+03   -0.976646350544158715E+01    1
    0.251516405327595827E+02    0.117554850821389909E+02    0.211878201747003601E+03   -0.976896350544158665E+01    1
    0.619129057717498910E+01    0.708808173610113812E+01    0.211967849614324365E+03   -0.977146350544156839E+01    1
    0.564300041413885989E+01    0.309115634479566772E+02    0.211985832752101942E+03   -0.977396350544156434E+01    1
    0.188211068219455058E+02    0.180412029418398348E+02    0.212040388094989652E+03   -0.977646350544156384E+01    1
    0.703194143001853078E+01    0.597753178358577131E+01    0.212241547919680130E+03   -0.977896350544157755E+01    1
    0.700866865766598490E+01    0.310621270628144757E+02    0.212405061669678389E+03   -0.978146350544159837E+01    1
    0.191214867696651005E+02    0.704176861754304717E+01    0.212411244463330263E+03   -0.978396350544159255E+01    1
    0.601305433078946727E+01    0.196083931886430847E+02    0.212435374049888310E+03   -0.978646350544159205E+01    1
    0.129669012426861201E+02    0.258308101561276331E+02    0.212617992170678463E+03   -0.978896350544158800E+01    1
    0.118931976635477561E+02    0.121243517006533654E+02    0.212620449237443353E+03   -0.979146350544156618E+01    1
    0.243489270020498800E+02    0.249659554547710272E+02    0.212635584884067697E+03   -0.979396350544155858E+01    1
    0.310327551507248458E+02    0.195559331652821839E+02    0.212685393307353763E+03   -0.979646350544157585E+01    1
    0.180621240484602303E+02    0.189874758141596374E+02    0.212753669062006793E+03   -0.979896350544157357E+01    1
    0.191923793333330792E+02    0.555919225826817787E+01    0.212823367307049381E+03   -0.980146350544157485E+01    1
    0.117744988565725244E+02    0.252195491211758274E+02    0.212925639831454788E+03   -0.980396350544159745E+01    1
    0.307932227260583815E+02    0.193498417520442594E+02    0.213117605564569516E+03   -0.980646350544159340E+01    1
    0.550866396378029766E+01    0.610977474706130863E+01    0.213181410242665606E+03   -0.980896350544156981E+01    1
    0.560278024492621096E+01    0.184364481910365221E+02    0.213247134913659352E+03   -0.981146350544158352E+01    1
    0.555248679512867138E+01    0.185387077608602056E+02    0.213280599443305164E+03   -0.981396350544157947E+01    1
    0.196394624309420820E+02    0.188950891307404625E+02    0.213293284865995446E+03   -0.981646350544155055E+01    1
    0.462458784608784534E+00    0.119186379301318688E+02    0.213295391544308956E+03   -0.981896350544156427E+01    1
    0.567635571538772510E+01    0.576871409479757347E+01    0.213346685119434710E+03   -0.982146350544156910E+01    1
    0.253079770679296914E+02    0.133380574443968527E+02    0.213348759578189686E+03   -0.982396350544158103E+01    1
    0.182377365830762557E+02    0.679091940584562881E+01    0.213378876866218690E+03   -0.982646350544159297E+01    1
    0.121059873728280341E+02    0.244851102002102756E+02    0.213383239757407580E+03   -0.982896350544156405E+01    1
    0.632254222201991656E+01    0.549580173713021480E+01    0.213492230119599128E+03   -0.983146350544155823E+01    1
    0.247216765826597005E+02    0.132417462088042974E+02    0.213617883226461089E+03   -0.983396350544156661E+01    1
    0.594683449448286794E+01    0.307025763925788269E+02    0.213683016032344568E+03   -0.983646350544158743E+01    1
    0.194250672511443092E+02    0.183086613840707706E+02    0.213751206940497383E+03   -0.983896350544158338E+01    1
    0.186986016999976172E+02    0.705249849270178242E+01    0.213845918561524201E+03   -0.984146350544157755E+01    1
    0.533785603658905594E+00    0.131438534629359971E+02    0.213983197499282682E+03   -0.984396350544159304E+01    1
    0.251631667895406363E+00    0.118252798341468015E+02    0.214019190019896996E+03   -0.984646350544158722E+01    1
    0.308253117542720894E+02    0.183320471802168861E+02    0.214056204399944477E+03   -0.984896350544157961E+01    1
    0.306494009460244357E+02    0.312691954483426571E+02    0.214089629367991421E+03   -0.985146350544158977E+01    1
    0.253663141973426569E+02    0.258778736154459779E+02    0.214125220661821999E+03   -0.985396350544160171E+01    1
    0.765613728068889610E+00    0.127085668565017649E+02    0.214207400349877361E+03   -0.985646350544160654E+01    1
    0.121796704104305356E+02    0.244559365696385171E+02    0.214365903869552426E+03   -0.985896350544159006E+01    1
    0.132182897754177624E+02    0.247050326582406612E+02    0.214385861978324471E+03   -0.986146350544157890E+01    1
    0.182307793986055877E+02    0.193234570490938538E+02    0.214437680952344181E+03   -0.986396350544156952E+01    1
    0.690451706797408260E+01    0.581289625359206852E+01    0.214446202370825119E+03   -0.986646350544157080E+01    1
    0.657608750541097198E+01    0.556402968515914242E+01    0.214481762163413322E+03   -0.986896350544159517E+01    1
    0.123942474016626907E+02    0.133220021924408485E+02    0.214484444079336015E+03   -0.987146350544160534E+01    1
    0.126996910726458179E+02    0.762096162838274527E+00    0.214550828174068982E+03   -0.987396350544160839E+01    1
    0.753896728107830372E+00    0.123945640124290364E+02    0.214605820668532516E+03   -0.987646350544159901E+01    1
    0.698338156141298061E+01    0.185176223870030618E+02    0.214630758712474744E+03   -0.987896350544159318E+01    1
    0.307396749416289943E+02    0.310370063948587216E+02    0.214654811257254124E+03   -0.988146350544159802E+01    1
    0.231826529899032102E+00    0.118291764474538237E+02    0.214682960280463391E+03   -0.988396350544157976E+01    1
    0.561393748643033774E+01    0.310263615153127930E+02    0.214719097989999568E+03   -0.988646350544157215E+01    1
    0.258717614159012790E+02    0.127881657696687352E+02    0.214757109928363064E+03   -0.988896350544158409E+01    1
    0.195902623732509191E+02    0.312027462074729272E+02    0.214805844904812261E+03   -0.989146350544158892E+01    1
    0.131174209138147368E+02    0.542410968794993509E+00    0.214879521116591661E+03   -0.989396350544157777E+01    1
    0.121005738884916010E+02    0.119505750725281548E+02    0.214928795239548009E+03   -0.989646350544156306E+01    1
    0.196150921386668067E+02    0.313589208094509289E+02    0.214933776956320600E+03   -0.989896350544157144E+01    1
    0.692622033614516019E+00    0.128993158310320801E+02    0.215069600640668938E+03   -0.990146350544156384E+01    1
    0.256662177558427729E+02    0.256875661704247733E+02    0.215116519986414886E+03   -0.990396350544156512E+01    1
    0.306776444837107185E+02    0.648694511962465459E+01    0.215133602571005383E+03   -0.990646350544157528E+01    1
    0.636491967954584048E+01    0.180894459709143440E+02    0.215158304613688955E+03   -0.990896350544156945E+01    1
    0.250484920956925308E+02    0.133248074331800836E+02    0.215254332727244986E+03   -0.991146350544157606E+01    1
    0.309864065008346685E+02    0.564853893331834023E+01    0.215297841595435870E+03   -0.991396350544158622E+01    1
    0.127929965597823809E+02    0.118376578470375904E+02    0.215339281123447392E+03   -0.991646350544158039E+01    1
    0.122204656311507787E+02    0.132457368671662703E+02    0.215498338307861786E+03   -0.991896350544158878E+01    1
    0.251841119952140815E+02    0.133227224695182862E+02    0.215586430273375697E+03   -0.992146350544157940E+01    1
    0.123995335880194659E+02    0.243926894061706641E+02    0.215602214000745391E+03   -0.992396350544157890E+01    1
    0.428068765916500449E+00    0.131961580530853340E+02    0.215623270844372087E+03   -0.992646350544160683E+01    1
    0.132155879584498503E+02    0.121702462152313711E+02    0.215664901575893509E+03   -0.992896350544158146E+01    1
    0.313459711680128947E+02    0.552986379621627311E+01    0.215695436402135272E+03   -0.993146350544157386E+01    1
    0.750069266563921588E+00    0.903118669152845888E-01    0.215775398732482188E+03   -0.993396350544160534E+01    1
    0.454698856468336132E+00    0.131725210657377474E+02    0.215892098181924155E+03   -0.993646350544158175E+01    1
    0.126260348069005648E+02    0.258838757285941661E+02    0.215900398771514489E+03   -0.993896350544155815E+01    1
    0.662852204415557633E+01    0.561087563029561220E+01    0.215939579722529913E+03   -0.994146350544156654E+01    1
    0.188898910315350896E+02    0.703413515292875413E+01    0.215995696184641133E+03   -0.994396350544155716E+01    1
    0.132491238150357500E+02    0.128828575369802252E+02    0.216134655530195687E+03   -0.994646350544158331E+01    1
    0.458363644805126980E+00    0.119680200634500071E+02    0.216161450355270063E+03   -0.994896350544156149E+01    1
    0.310718866569870791E+02    0.561506937895513847E+01    0.216228783736190167E+03   -0.995146350544157698E+01    1
    0.250083134304165604E+02    0.118282479168978050E+02    0.216260314603553041E+03   -0.995396350544156050E+01    1
    0.649830077683483953E+01    0.556570222286814342E+01    0.216284869251826620E+03   -0.995646350544155823E+01    1
    0.259991640422555348E+00    0.118642782676136225E+02    0.216344632949606648E+03   -0.995896350544156483E+01    1
    0.669549941204635068E+01    0.565792439150361215E+01    0.216451143764708860E+03   -0.996146350544156256E+01    1
    0.245152808428684388E+02    0.247097262122795627E+02    0.216491865348509748E+03   -0.996396350544157627E+01    1
    0.698884444702281016E+01    0.311730844240813312E+02    0.216492025372160811E+03   -0.996646350544158111E+01    1
    0.194079391985341729E+02    0.309170311543625473E+02    0.216505375687920150E+03   -0.996896350544157528E+01    1
    0.251534799257368782E+02    0.243896954214028874E+02    0.216579076336560377E+03   -0.997146350544156590E+01    1
    0.187051832647596612E+02    0.701268642595897251E+01    0.216599145730714810E+03   -0.997396350544158317E+01    1
    0.641332946173450580E+01    0.701446577991556186E+01    0.216650388642018839E+03   -0.997646350544157734E+01    1
    0.129863198349107378E+02    0.257491236839556024E+02    0.216663817949565640E+03   -0.997896350544158217E+01    1
    0.425776057485024034E-01    0.740786620708594024E+00    0.216670824996027790E+03   -0.998146350544154615E+01    1
    0.195453430775888357E+02    0.311544603715618784E+02    0.216706634120246804E+03   -0.998396350544157229E+01    1
    0.632322001405255119E+01    0.306773444367072230E+02    0.216827104017420083E+03   -0.998646350544158423E+01    1
    0.655940232025274739E+01    0.181619575959831181E+02    0.216871335003902232E+03   -0.998896350544158551E+01    1
    0.243940470061753594E+02    0.125477278900535829E+02    0.216873722212788692E+03   -0.999146350544158146E+01    1
    0.195548534201489872E+02    0.605891000794323720E+01    0.216890035584574804E+03   -0.999396350544156498E+01    1
    0.310878867175807621E+02    0.694687558424241924E+01    0.216959221556524653E+03   -0.999646350544157514E+01    1
    0.118678116612774396E+02    0.128068894906267943E+02    0.216988541539681790E+03   -0.999896350544158885E+01    1
    0.128464868471479630E+02    0.244486379091044697E+02    0.216992411788615840E+03   -0.100014635054415830E+02    1
    0.191669592734184562E+02    0.561675141983674475E+01    0.217094501438954211E+03   -0.100039635054415896E+02    1
    0.256031425089072115E+02    0.257036121631975654E+02    0.217094932436049703E+03   -0.100064635054415891E+02    1
    0.310236421142008574E+02    0.307904132172392551E+02    0.217140886821580580E+03   -0.100089635054415762E+02    1
    0.183032378123145989E+02    0.678060008558328153E+01    0.217159686871751092E+03   -0.100114635054415775E+02    1
    0.129366375681377477E+02    0.119290036667102530E+02    0.217206022870605040E+03   -0.100139635054415805E+02    1
    0.250399180327297195E+02    0.118386827409851705E+02    0.217246241174387507E+03   -0.100164635054415676E+02    1
    0.307282900293301857E+02    0.654269961053319093E+01    0.217257478215495894E+03   -0.100189635054415582E+02    1
    0.181780854149858229E+02    0.191477181417538276E+02    0.217307762310743925E+03   -0.100214635054415613E+02    1
    0.129114954235276862E+02    0.244841085811454597E+02    0.217343130329610801E+03   -0.100239635054415519E+02    1
    0.677175637141132380E+01    0.683316240442199963E+01    0.217366502295307498E+03   -0.100264635054415674E+02    1
    0.122417006599085614E+02    0.657036680343619839E+00    0.217449104425667457E+03   -0.100289635054415669E+02    1
    0.181308148030595575E+02    0.189794323583124829E+02    0.217474361188710503E+03   -0.100314635054415788E+02    1
    0.181809573849241666E+02    0.598613611557311565E+01    0.217509624187241343E+03   -0.100339635054415943E+02    1
    0.191744526474704564E+02    0.693574746764416883E+01    0.217705888245135100E+03   -0.100364635054415903E+02    1
    0.246412796914224614E+02    0.131038768955586526E+02    0.217843581952844659E+03   -0.100389635054415933E+02    1
    0.132791191274919811E+02    0.252607912723417556E+02    0.217883240977235403E+03   -0.100414635054415768E+02    1
    0.306958142827856193E+02    0.621009330486905409E+01    0.217884865153602902E+03   -0.100439635054415621E+02    1
    0.255717172297045181E+02    0.245558481738329064E+02    0.218046362569223362E+03   -0.100464635054415652E+02    1
    0.125770024046287112E+02    0.720725457604474373E+00    0.218071850279664091E+03   -0.100489635054415736E+02    1
    0.621732925877111597E+01    0.181326507680394506E+02    0.218137759023236526E+03   -0.100514635054415749E+02    1
    0.184133621731160559E+02    0.685966388331710331E+01    0.218175261486610793E+03   -0.100539635054415708E+02    1
    0.192725958229252718E+02    0.308304847646429785E+02    0.218208377479694917E+03   -0.100564635054415668E+02    1
    0.581372086624753681E+01    0.573395810967034869E+01    0.218212463894017048E+03   -0.100589635054415929E+02    1
    0.256983856010634710E+02    0.246847363626967855E+02    0.218266787763806548E+03   -0.100614635054416066E+02    1
    0.184182608494316717E+02    0.194275587040522488E+02    0.218284296583463998E+03   -0.100639635054415955E+02    1
    0.650348555776395809E+01    0.307316733918662344E+02    0.218286769977487069E+03   -0.100664635054416021E+02    1
    0.656880074657949509E+00    0.293356515877383039E+00    0.218304793739164239E+03   -0.100689635054415891E+02    1
    0.603016206326077064E+01    0.307433698120007008E+02    0.218327943311573961E+03   -0.100714635054415815E+02    1
    0.698780711341706429E+01    0.189721277836739546E+02    0.218465810924828503E+03   -0.100739635054415739E+02    1
    0.130940856135265555E+02    0.130540300738332071E+02    0.218473105674114635E+03   -0.100764635054415503E+02    1
    0.557014951400920300E+01    0.188745531774408128E+02    0.218550957135019587E+03   -0.100789635054415552E+02    1
    0.123511554020869578E+02    0.258125504886930983E+02    0.218658382229110970E+03   -0.100814635054415920E+02    1
    0.132190855979631756E+02    0.248436987877612729E+02    0.218661492278086598E+03   -0.100839635054416146E+02    1
    0.124030842887940711E+02    0.258255334730131700E+02    0.218709002622394365E+03   -0.100864635054415839E+02    1
    0.120819825371899885E+02    0.246090182026599820E+02    0.218801915085517834E+03   -0.100889635054415923E+02    1
    0.666485542912551132E+01    0.182510106591037875E+02    0.218982768050269499E+03   -0.100914635054415474E+02    1
    0.562832557625448970E+01    0.185790144923012832E+02    0.218989458886041064E+03   -0.100939635054415753E+02    1
    0.682421362137143284E+01    0.309583739906031745E+02    0.219102610002836997E+03   -0.100964635054415943E+02    1
    0.308020869529271692E+02    0.191997895445383335E+02    0.219163673744799326E+03   -0.100989635054415920E+02    1
    0.122405851945156812E+02    0.626730057458551926E+00    0.219170761398534921E+03   -0.101014635054416093E+02    1
    0.307513779327481984E+02    0.604802986792755970E+01    0.219195998693550706E+03   -0.101039635054415999E+02    1
    0.120712487524868273E+02    0.130700476731684532E+02    0.219253554202001197E+03   -0.101064635054415923E+02    1
    0.128020800345323504E+02    0.257945120692714340E+02    0.219352022178010770E+03   -0.101089635054415865E+02    1
    0.194206906830198669E+02    0.184382937511631191E+02    0.219386720093106192E+03   -0.101114635054415878E+02    1
    0.130832385727811271E+02    0.130430432575194075E+02    0.219451932872805202E+03   -0.101139635054415891E+02    1
    0.585326220954355669E+01    0.182951009133913089E+02    0.219533730263254739E+03   -0.101164635054415619E+02    1
    0.246307415327751684E+02    0.130559516623107914E+02    0.219573142078490008E+03   -0.101189635054415721E+02    1
    0.563781006965118525E+01    0.311472886316093458E+02    0.219594564557809861E+03   -0.101214635054415982E+02    1
    0.575426861352427821E+01    0.582433876155328978E+01    0.219631416763266145E+03   -0.101239635054416031E+02    1
    0.312821476801572267E+02    0.181656131242893863E+02    0.219648504104821711E+03   -0.101264635054416079E+02    1
    0.181539708545751282E+02    0.626950222158334380E+01    0.219692113463769516E+03   -0.101289635054415985E+02    1
    0.311419353214640751E+02    0.307756019090641644E+02    0.219761562939915478E+03   -0.101314635054415945E+02    1
    0.579007503065291917E+01    0.677490424021128312E+01    0.219875797324821889E+03   -0.101339635054416046E+02    1
    0.308218093015243007E+02    0.310563968252968934E+02    0.219949196176664287E+03   -0.101364635054416059E+02    1
    0.697380971001879146E+01    0.188697169150137398E+02    0.219997395951419975E+03   -0.101389635054415859E+02    1
    0.251173231534000188E+02    0.244430964815181433E+02    0.220066799002093290E+03   -0.101414635054415658E+02    1
    0.309085392357567699E+02    0.183796460719560031E+02    0.220174831840569141E+03   -0.101439635054416009E+02    1
    0.250397794066549793E+02    0.118843988310590500E+02    0.220179066142849194E+03   -0.101464635054415933E+02    1
    0.258155561014319304E+02    0.252068598489230595E+02    0.220265093891298420E+03   -0.101489635054415803E+02    1
    0.183992654316935536E+02    0.576080616051407102E+01    0.220288975376601087E+03   -0.101514635054415869E+02    1
    0.568659255390360396E+01    0.310729370734636525E+02    0.220332408156985593E+03   -0.101539635054415811E+02    1
    0.119319032097013640E+02    0.262763887267299101E+00    0.220368602708918900E+03   -0.101564635054415824E+02    1
    0.194410350603517088E+02    0.663382658176606199E+01    0.220372054034122158E+03   -0.101589635054415854E+02    1
    0.207974603200435343E+00    0.132189152010783655E+02    0.220448417650016637E+03   -0.101614635054415956E+02    1
    0.123010408112130758E+02    0.245010962144143889E+02    0.220471595928898097E+03   -0.101639635054415987E+02    1
    0.185335947289784464E+02    0.308083554590302029E+02    0.220523834794366735E+03   -0.101664635054415982E+02    1
    0.696321735701324140E+01    0.188112296928675029E+02    0.220616814395102125E+03   -0.101689635054415835E+02    1
    0.255166404089029193E+02    0.131320838419726140E+02    0.220635499413864721E+03   -0.101714635054415705E+02    1
    0.492549334003753392E+00    0.130409572643254172E+02    0.220644719605716830E+03   -0.101739635054415700E+02    1
    0.257930827601249995E+02    0.127309095088241460E+02    0.220696009429226194E+03   -0.101764635054415802E+02    1
    0.194413318759989764E+02    0.191858353682749154E+02    0.220796055875346639E+03   -0.101789635054415779E+02    1
    0.664213214991369583E+01    0.194278507572856647E+02    0.220810207255275031E+03   -0.101814635054415845E+02    1
    0.118884988749609057E+02    0.125625938681656901E+02    0.220815979002208707E+03   -0.101839635054415911E+02    1
    0.562659123502561620E+01    0.186784550018758821E+02    0.220824829937389921E+03   -0.101864635054415729E+02    1
    0.257984494754307647E+02    0.124371923666398914E+02    0.220829335441192683E+03   -0.101889635054415688E+02    1
    0.195057562297094655E+02    0.645140847175579779E+01    0.220891856215597926E+03   -0.101914635054415790E+02    1
    0.565177813801842444E+01    0.190946444944223899E+02    0.220944419788880253E+03   -0.101939635054415820E+02    1
    0.693338113684377877E+01    0.190365737983152705E+02    0.220955640172875661E+03   -0.101964635054415744E+02    1
    0.530222333943768942E+00    0.423698030116536672E+00    0.220958908333929770E+03   -0.101989635054415739E+02    1
    0.641432642364995864E+01    0.562006744726075791E+01    0.220964864880841134E+03   -0.102014635054415752E+02    1
    0.182381462722146779E+02    0.599297322079534478E+01    0.221005709534957987E+03   -0.102039635054415658E+02    1
    0.692323450163129994E+01    0.190662098919996268E+02    0.221024761062314298E+03   -0.102064635054415707E+02    1
    0.126575262478063557E+02    0.132336891569039246E+02    0.221101875741074736E+03   -0.102089635054415755E+02    1
    0.132274434447854219E+02    0.250038077869035540E+02    0.221114845808871650E+03   -0.102114635054415732E+02    1
    0.246458394572980346E+02    0.246638038951913892E+02    0.221134793054608849E+03   -0.102139635054415798E+02    1
    0.308572622918562267E+02    0.590402323699587850E+01    0.221157644279860619E+03   -0.102164635054415864E+02    1
    0.126275558498745113E+02    0.118969781431228512E+02    0.221176671417947659E+03   -0.102189635054415806E+02    1
    0.250669313873285766E+02    0.244638419867146482E+02    0.221181031975691752E+03   -0.102214635054415890E+02    1
    0.256239888344954920E+02    0.246694990344326435E+02    0.221182193874822588E+03   -0.102239635054416027E+02    1
    0.258009132905202740E+02    0.126353810542833571E+02    0.221206679730728467E+03   -0.102264635054415987E+02    1
    0.628206729619071069E+01    0.695452630356167578E+01    0.221222250197480662E+03   -0.102289635054415928E+02    1
    0.183045189834163438E+02    0.667579188944666146E+01    0.221376192906725322E+03   -0.102314635054415994E+02    1
    0.297902078621140987E+00    0.600355199863289002E+00    0.221416512248308806E+03   -0.102339635054415954E+02    1
    0.188135033274167682E+02    0.195167181798245082E+02    0.221422497809888370E+03   -0.102364635054415842E+02    1
    0.193615491074143513E+02    0.184164523838675116E+02    0.221457986876576342E+03   -0.102389635054415962E+02    1
    0.119658198760655985E+02    0.128583163053801375E+02    0.221562951172199092E+03   -0.102414635054415886E+02    1
    0.589870785125391617E+01    0.193960838809650049E+02    0.221586208237071986E+03   -0.102439635054415703E+02    1
    0.193982356711401103E+02    0.590499064505284554E+01    0.221694391364789936E+03   -0.102464635054415751E+02    1
    0.248238963416489291E+02    0.245431877054941729E+02    0.221707808576749500E+03   -0.102489635054415871E+02    1
    0.183009122048907784E+02    0.665951685874811172E+01    0.221759483289580402E+03   -0.102514635054415901E+02    1
    0.132269548055365007E+02    0.251800496021911471E+02    0.221783922698650429E+03   -0.102539635054415914E+02    1
    0.310580888234984656E+02    0.572649523968514806E+01    0.221964505270689557E+03   -0.102564635054415803E+02    1
    0.184050832925829049E+02    0.193403496595389406E+02    0.221972863287619504E+03   -0.102589635054415886E+02    1
    0.123241544818580167E+02    0.614164911803657176E+00    0.221992760637818378E+03   -0.102614635054415828E+02    1
    0.254431953482901498E+02    0.245503905159336355E+02    0.222050072936199598E+03   -0.102639635054415805E+02    1
    0.308007809903557366E+02    0.186169684546472851E+02    0.222142037897947432E+03   -0.102664635054415818E+02    1
    0.181974500526089678E+02    0.189227933924705347E+02    0.222159086332656500E+03   -0.102689635054415902E+02    1
    0.131705320137919379E+02    0.253909965960799688E+02    0.222193840965657103E+03   -0.102714635054415933E+02    1
    0.635341865982412735E+01    0.563160993444398539E+01    0.222210320996114433E+03   -0.102739635054415963E+02    1
    0.123095281991579188E+02    0.257370499177336320E+02    0.222218304399698724E+03   -0.102764635054415852E+02    1
    0.132122146895407298E+02    0.124749440310518196E+02    0.222401429330043754E+03   -0.102789635054415900E+02    1
    0.130327055015461859E+02    0.459179500168574728E+00    0.222434558987967563E+03   -0.102814635054415895E+02    1
    0.690305202090355241E+01    0.648687602230662996E+01    0.222438223009881682E+03   -0.102839635054415783E+02    1
    0.253264870785969869E+02    0.245115248447518113E+02    0.222538112684025947E+03   -0.102864635054415814E+02    1
    0.194873901429904102E+02    0.616032675392075824E+01    0.222576137266675914E+03   -0.102889635054416004E+02    1
    0.121589725341848585E+02    0.508722753285157925E+00    0.222587457659351060E+03   -0.102914635054415999E+02    1
    0.257048847254216177E+02    0.254399200160143444E+02    0.222682646111840427E+03   -0.102939635054415781E+02    1
    0.691618193254950597E+01    0.187156285486812486E+02    0.222733526202497529E+03   -0.102964635054415776E+02    1
    0.679131593972407011E+01    0.588320549358716693E+01    0.222886876835246625E+03   -0.102989635054415878E+02    1
    0.128214683120539572E+02    0.131573994820791675E+02    0.222990527842354311E+03   -0.103014635054415979E+02    1
    0.564747548042608738E+01    0.189418484724219702E+02    0.222996402637480685E+03   -0.103039635054416063E+02    1
    0.635012238867167955E+00    0.124700342040500978E+02    0.223003316479167296E+03   -0.103064635054415970E+02    1
    0.691995517128148308E+01    0.189324440162093808E+02    0.223007715219314520E+03   -0.103089635054415965E+02    1
    0.248325302070907306E+02    0.257003374112084266E+02    0.223112583090376461E+03   -0.103114635054416048E+02    1
    0.307802441980718129E+02    0.621815132065841247E+01    0.223190575206065574E+03   -0.103139635054416061E+02    1
    0.190323919532898529E+02    0.194624802291786203E+02    0.223196459567043860E+03   -0.103164635054415861E+02    1
    0.539801501906386538E+00    0.129116117800899737E+02    0.223214521115422656E+03   -0.103189635054415838E+02    1
    0.125514110743388638E+02    0.119290148457857725E+02    0.223271469255122412E+03   -0.103214635054415798E+02    1
    0.480668457781739888E+00    0.121444683126856514E+02    0.223310791272350883E+03   -0.103239635054415633E+02    1
    0.119886178959968461E+02    0.128366153244431302E+02    0.223348388556851887E+03   -0.103264635054415628E+02    1
    0.452729807906336434E+00    0.130145239004713353E+02    0.223461623776405531E+03   -0.103289635054415765E+02    1
    0.126854256496392672E+02    0.131893323463472480E+02    0.223487604736511827E+03   -0.103314635054415813E+02    1
    0.331854574887108719E-01    0.119334036710294988E+02    0.223491446735640523E+03   -0.103339635054415915E+02    1
    0.565000269056899906E+01    0.188321064242941851E+02    0.223514584480128235E+03   -0.103364635054415874E+02    1
    0.128522779577160993E+02    0.119995910461695097E+02    0.223534858051195982E+03   -0.103389635054415834E+02    1
    0.189201377615054334E+02    0.691182999438890544E+01    0.223570639261707214E+03   -0.103414635054416006E+02    1
    0.128306024898656847E+02    0.576303328913992718E+00    0.223571204289100649E+03   -0.103439635054415824E+02    1
    0.190281133130935700E+02    0.194566460718644230E+02    0.223596507267692488E+03   -0.103464635054415783E+02    1
    0.248229115270099356E+02    0.245798015625309958E+02    0.223604933189301846E+03   -0.103489635054416009E+02    1
    0.308595367066039756E+02    0.658461164465936477E+01    0.223661146441470805E+03   -0.103514635054416058E+02    1
    0.148430064257076416E+00    0.131800920345936579E+02    0.223664807547063589E+03   -0.103539635054415875E+02    1
    0.680079858661603964E+01    0.184862811080389129E+02    0.223714358249065327E+03   -0.103564635054415835E+02    1
    0.194696883633626143E+02    0.638570814719924318E+01    0.223816440225677979E+03   -0.103589635054415830E+02    1
    0.311691080668451157E+02    0.570435070187559568E+01    0.223838795311821002E+03   -0.103614635054415896E+02    1
    0.131938009602675415E+02    0.125788967002683787E+02    0.223859132005777894E+03   -0.103639635054416033E+02    1
    0.645175726417633388E+01    0.567920519829863846E+01    0.223928238016149180E+03   -0.103664635054415868E+02    1
    0.119940559294076650E+02    0.123100184153947314E+02    0.223969477074089127E+03   -0.103689635054415756E+02    1
    0.580314658630577807E+01    0.192545282993378848E+02    0.223978120861508188E+03   -0.103714635054415858E+02    1
    0.121002799671750765E+02    0.255474904913862275E+02    0.224218387309151979E+03   -0.103739635054416031E+02    1
    0.129927746030752527E+02    0.130217189787268683E+02    0.224224114801700324E+03   -0.103764635054415884E+02    1
    0.123320439543928337E+02    0.119898821455599407E+02    0.224237341697411352E+03   -0.103789635054415808E+02    1
    0.131694304892000247E+02    0.150470818639626747E+00    0.224241328152974546E+03   -0.103814635054415945E+02    1
    0.129273086797389638E+02    0.505885830442107332E+00    0.224345597843372531E+03   -0.103839635054415815E+02    1
    0.124088895480623886E+02    0.257318729113212044E+02    0.224363735630261573E+03   -0.103864635054415828E+02    1
    0.186196908111785859E+02    0.570865901538899756E+01    0.224436508317039397E+03   -0.103889635054416019E+02    1
    0.583552519879417808E+01    0.671179552906757859E+01    0.224456938930891027E+03   -0.103914635054415943E+02    1
    0.309413838857676389E+02    0.588552125372733848E+01    0.224488638203379281E+03   -0.103939635054415920E+02    1
    0.182954099053137931E+02    0.191216789058179231E+02    0.224540984359491972E+03   -0.103964635054415826E+02    1
    0.679231616507241043E+01    0.191980140189053650E+02    0.224598244979476334E+03   -0.103989635054415750E+02    1
    0.568910734810285135E+01    0.612324559123218570E+01    0.224609733251963320E+03   -0.104014635054415887E+02    1
    0.184338897207470218E+02    0.309604291260641276E+02    0.224633231596315426E+03   -0.104039635054415900E+02    1
    0.119972564569870475E+02    0.123330428716292655E+02    0.224651764788897708E+03   -0.104064635054415859E+02    1
    0.187330050025037558E+02    0.308128848974698180E+02    0.224652932777482278E+03   -0.104089635054415872E+02    1
    0.308707049432325853E+02    0.656391306639741234E+01    0.224780215489440820E+03   -0.104114635054416009E+02    1
    0.131181397557270980E+02    0.128329164086796847E+02    0.224800263817652052E+03   -0.104139635054416111E+02    1
    0.189507111589375263E+02    0.308134047557599118E+02    0.224834389383984302E+03   -0.104164635054415999E+02    1
    0.308059280089627379E+02    0.188209388540977223E+02    0.224837283661470337E+03   -0.104189635054415959E+02    1
    0.313812566093046357E+02    0.182400061775728481E+02    0.224845534126174300E+03   -0.104214635054416043E+02    1
    0.644217747420586218E+01    0.182596857446640470E+02    0.224856198264748912E+03   -0.104239635054415931E+02    1
    0.189247840126170530E+02    0.194542728096350963E+02    0.224918017381233483E+03   -0.104264635054415766E+02    1
    0.188868157618149759E+02    0.567506622137334027E+01    0.224918681735646715E+03   -0.104289635054415690E+02    1
    0.182409843383724599E+02    0.625894246927284836E+01    0.224929235429353241E+03   -0.104314635054415774E+02    1
    0.130673473364591075E+02    0.247830470308553785E+02    0.224940418004937612E+03   -0.104339635054415965E+02    1
    0.121291875314824313E+02    0.247066804298663278E+02    0.224984591309403470E+03   -0.104364635054415906E+02    1
    0.183231705542593808E+02    0.598038517317920437E+01    0.225130322046931610E+03   -0.104389635054415759E+02    1
    0.253547320071692504E+02    0.120024663418119655E+02    0.225162465559944451E+03   -0.104414635054415879E+02    1
    0.255372665539106656E+02    0.246810447960326336E+02    0.225213270067598330E+03   -0.104439635054416051E+02    1
    0.402353924899867599E+00    0.451747855058396153E+00    0.225291925611588908E+03   -0.104464635054416011E+02    1
    0.312033712894152124E+02    0.182846837979692367E+02    0.225298650796902706E+03   -0.104489635054416006E+02    1
    0.656322103970635684E+01    0.681621384577545442E+01    0.225410389792640871E+03   -0.104514635054416072E+02    1
    0.131576996313589039E+02    0.124628384061165232E+02    0.225438414888175572E+03   -0.104539635054415960E+02    1
    0.668921573449058116E+01    0.192940681349050500E+02    0.225455034269631511E+03   -0.104564635054415991E+02    1
    0.119685865656605497E+02    0.438398226689632117E-01    0.225479022536802688E+03   -0.104589635054416004E+02    1
    0.184996023169313055E+02    0.579433327399446974E+01    0.225489351695749264E+03   -0.104614635054415963E+02    1
    0.580931228228651886E+01    0.665295253980454326E+01    0.225502541419567422E+03   -0.104639635054415887E+02    1
    0.252260791619086469E+02    0.245416541938316541E+02    0.225543358230854352E+03   -0.104664635054415669E+02    1
    0.246442253056661080E+02    0.129140619305726130E+02    0.225577294058232781E+03   -0.104689635054415788E+02    1
    0.124018785486813155E+02    0.245587425827048023E+02    0.225639979122606888E+03   -0.104714635054415890E+02    1
    0.570548941464152026E+01    0.642694600241379188E+01    0.225732283215272332E+03   -0.104739635054415707E+02    1
    0.194338383524441198E+02    0.189590736603741128E+02    0.225769184268396202E+03   -0.104764635054415880E+02    1
    0.119759217291193014E+02    0.126187688735950161E+02    0.225851113269251215E+03   -0.104789635054416106E+02    1
    0.125510408537066773E+02    0.590806151958237491E+00    0.225945948534820133E+03   -0.104814635054415977E+02    1
    0.122262725649830344E+02    0.256179149569858815E+02    0.225969580135031720E+03   -0.104839635054415812E+02    1
    0.257211637464770710E+02    0.250876561413307577E+02    0.225996097981172511E+03   -0.104864635054415789E+02    1
    0.150738826187078123E+00    0.119962307001845527E+02    0.226045637398270202E+03   -0.104889635054415802E+02    1
    0.129617451695566519E+02    0.130044157309163317E+02    0.226114974371969964E+03   -0.104914635054415726E+02    1
    0.185311187349091639E+02    0.677760940539429946E+01    0.226204992749317171E+03   -0.104939635054415792E+02    1
    0.188755845522577879E+02    0.308310945982094502E+02    0.226256521819812207E+03   -0.104964635054415751E+02    1
    0.682375372110199496E+01    0.605627022101486556E+01    0.226267969380049351E+03   -0.104989635054415622E+02    1
    0.122454354735805477E+02    0.256239084558103656E+02    0.226281241862151177E+03   -0.105014635054415884E+02    1
    0.193392776118775416E+02    0.191726766113095479E+02    0.226282483901753494E+03   -0.105039635054415896E+02    1
    0.308616906507737703E+02    0.186634427115283721E+02    0.226339620193653559E+03   -0.105064635054415731E+02    1
    0.255341058847383842E+02    0.247065064711527711E+02    0.226368242227612086E+03   -0.105089635054415851E+02    1
    0.127001639354026423E+02    0.131344389478218702E+02    0.226377611150772509E+03   -0.105114635054415828E+02    1
    0.125945017814580069E+02    0.257139786141443132E+02    0.226448942515235728E+03   -0.105139635054415876E+02    1
    0.251409473610681147E+02    0.245510230638426989E+02    0.226455754709522722E+03   -0.105164635054415907E+02    1
    0.186214053967151614E+02    0.183136332233549588E+02    0.226476917910383975E+03   -0.105189635054415813E+02    1
    0.194111404225256159E+02    0.613115964492456644E+01    0.226483277154872553E+03   -0.105214635054415719E+02    1
    0.432097937616083394E+00    0.129565147537541154E+02    0.226546447611524798E+03   -0.105239635054415785E+02    1
    0.310131592815741186E+02    0.184293038434331571E+02    0.226551504572047662E+03   -0.105264635054416029E+02    1
    0.313070838006099663E+02    0.182817239961012454E+02    0.226668229248034237E+03   -0.105289635054416095E+02    1
    0.120437278097785025E+02    0.128140177812320974E+02    0.226709737911629446E+03   -0.105314635054415895E+02    1
    0.251311079258827164E+02    0.119897403779742735E+02    0.226736932231520967E+03   -0.105339635054415872E+02    1
    0.194251634751918765E+02    0.629829562940491261E+01    0.226782234416028842E+03   -0.105364635054416063E+02    1
    0.126909545220625617E+02    0.131285943305473971E+02    0.226798321872613286E+03   -0.105389635054416075E+02    1
    0.189096681236763224E+02    0.182777330925265140E+02    0.226831857046797637E+03   -0.105414635054416106E+02    1
    0.312017023541815930E+00    0.130509114081676501E+02    0.226844933380157954E+03   -0.105439635054415923E+02    1
    0.248885008916965091E+02    0.256535433553342216E+02    0.226877387748656560E+03   -0.105464635054415883E+02    1
    0.190090750379130142E+02    0.573179080810194641E+01    0.226910401163983863E+03   -0.105489635054415913E+02    1
    0.500669726680142091E+00    0.281760105684978390E+00    0.226931321540871778E+03   -0.105514635054415944E+02    1
    0.670233520983491982E+01    0.588974385169815662E+01    0.226940180633109350E+03   -0.105539635054416134E+02    1
    0.183042903221898570E+02    0.610652526736803125E+01    0.226961843372647962E+03   -0.105564635054415987E+02    1
    0.130530700276407394E+02    0.254366572497485173E+02    0.226977818671220177E+03   -0.105589635054416018E+02    1
    0.192591866918198490E+00    0.539500931267647865E+00    0.226985370928202542E+03   -0.105614635054416048E+02    1
    0.613831796753108883E+01    0.194032462949574054E+02    0.226996143368711387E+03   -0.105639635054415955E+02    1
    0.184372132637692552E+02    0.668164531768970615E+01    0.227019105696017306E+03   -0.105664635054416021E+02    1
    0.576371794488477818E+01    0.311796407989853108E+02    0.227119388624080415E+03   -0.105689635054415980E+02    1
    0.130626913246821665E+02    0.278069855720057546E+00    0.227230782253120594E+03   -0.105714635054415993E+02    1
    0.123003405244866162E+02    0.502309862469255908E+00    0.227253038693591691E+03   -0.105739635054416077E+02    1
    0.573072299909563210E+01    0.189761978670445153E+02    0.227288474642918800E+03   -0.105764635054416107E+02    1
    0.187667545401819389E+02    0.308556742616062216E+02    0.227301935798226481E+03   -0.105789635054416209E+02    1
    0.660292844816955071E+01    0.581412360401508721E+01    0.227310856414332932E+03   -0.105814635054416080E+02    1
    0.308536926067827721E+02    0.187869564010606034E+02    0.227332076559800242E+03   -0.105839635054415790E+02    1
    0.572295235972894289E+01    0.189270076539478183E+02    0.227342492186984714E+03   -0.105864635054415768E+02    1
    0.120035185876248285E+02    0.251855030068775037E+02    0.227351475088289675E+03   -0.105889635054415869E+02    1
    0.120095137286538769E+02    0.252233919736352448E+02    0.227418677095246579E+03   -0.105914635054415722E+02    1
    0.313268110546740139E+02    0.308589712554179023E+02    0.227426224304592637E+03   -0.105939635054415842E+02    1
    0.121571284619203652E+02    0.121766128874139969E+02    0.227458235207135687E+03   -0.105964635054415979E+02    1
    0.126470309097122673E+02    0.555693874113927677E+00    0.227558966792686959E+03   -0.105989635054415849E+02    1
    0.675077609155287028E+01    0.596989111948319895E+01    0.227565455990274302E+03   -0.106014635054415880E+02    1
    0.121771654856319387E+02    0.405443492438910313E+00    0.227623183751655120E+03   -0.106039635054415911E+02    1
    0.308720986553225032E+02    0.187181986467361057E+02    0.227680238705168023E+03   -0.106064635054415941E+02    1
    0.631252359082919501E+01    0.308580135565503184E+02    0.227702571922840917E+03   -0.106089635054415883E+02    1
    0.311201420145403418E+02    0.183740142136751778E+02    0.227708934898540036E+03   -0.106114635054415949E+02    1
    0.189819206390442226E+02    0.308730897148277776E+02    0.227718958665305649E+03   -0.106139635054415997E+02    1
    0.310502018593303255E+02    0.670737704761418563E+01    0.227722881934315410E+03   -0.106164635054416081E+02    1
    0.255517270865547168E+02    0.255035768971202188E+02    0.227752823045906354E+03   -0.106189635054416005E+02    1
    0.188781539107651994E+02    0.572673212362724549E+01    0.227781728920501507E+03   -0.106214635054415947E+02    1
    0.120606733728779538E+02    0.235599659971101993E+00    0.227800185800746021E+03   -0.106239635054416013E+02    1
    0.676697347172726538E+01    0.185712001993108693E+02    0.227801800901287152E+03   -0.106264635054415777E+02    1
    0.475144616080435345E+00    0.291967722648092232E+00    0.227831147390953106E+03   -0.106289635054415665E+02    1
    0.122262868103241811E+02    0.121244002735886056E+02    0.227845061086921135E+03   -0.106314635054415714E+02    1
    0.188535863661772431E+02    0.683881292252285888E+01    0.227862361261550092E+03   -0.106339635054415975E+02    1
    0.192225119839834946E+02    0.310018490863400054E+02    0.227870870585031128E+03   -0.106364635054415899E+02    1
    0.683678730041458493E+01    0.626303873181837290E+01    0.227951015892087497E+03   -0.106389635054415930E+02    1
    0.128964810178924942E+02    0.121202850189357392E+02    0.227985292607904711E+03   -0.106414635054416085E+02    1
    0.121177797112376435E+02    0.254592108753817570E+02    0.227991427732260746E+03   -0.106439635054415778E+02    1
    0.123374849239582307E+02    0.256361738975533591E+02    0.228053121659785177E+03   -0.106464635054415684E+02    1
    0.125759456375116336E+02    0.550377681586676548E+00    0.228134664413235129E+03   -0.106489635054415697E+02    1
    0.191370397506095777E+02    0.193199536150630280E+02    0.228163928588447334E+03   -0.106514635054415798E+02    1
    0.252374829423883753E+02    0.120273209452519225E+02    0.228216737158091519E+03   -0.106539635054415758E+02    1
    0.191281821372497269E+02    0.580940470467246151E+01    0.228247035937075793E+03   -0.106564635054415682E+02    1
    0.193493445330317186E+02    0.190771237575878239E+02    0.228254110493217183E+03   -0.106589635054415695E+02    1
    0.185471837364642838E+02    0.183915910992831506E+02    0.228298700520149936E+03   -0.106614635054415814E+02    1
    0.183070522179430704E+02    0.634549927612932763E+01    0.228368013540227764E+03   -0.106639635054415916E+02    1
    0.586928730099066698E+01    0.310575931116593864E+02    0.228378738061105480E+03   -0.106664635054416035E+02    1
    0.254203205501151963E+02    0.130306341558049095E+02    0.228432151418246320E+03   -0.106689635054416012E+02    1
    0.183082376815904482E+02    0.188982193860291723E+02    0.228499460337884841E+03   -0.106714635054416060E+02    1
    0.587857339838402471E+01    0.192126715959863397E+02    0.228574653449609514E+03   -0.106739635054416162E+02    1
    0.255649465498326869E+02    0.128924207938931890E+02    0.228684627174790677E+03   -0.106764635054415784E+02    1
    0.309024006688234856E+02    0.190174487301599022E+02    0.228692862278250828E+03   -0.106789635054415992E+02    1
    0.256385231197826506E+02    0.127547158597755921E+02    0.228728358855907601E+03   -0.106814635054415739E+02    1
    0.122797448426382001E+02    0.246775312458974838E+02    0.228851537966270342E+03   -0.106839635054415858E+02    1
    0.308808812266525834E+02    0.631194224003834758E+01    0.228892750357931249E+03   -0.106864635054415782E+02    1
    0.310111371677803227E+02    0.593025575288206941E+01    0.228910675391379840E+03   -0.106889635054415617E+02    1
    0.121412102455657234E+02    0.122388634136867598E+02    0.228925263758762213E+03   -0.106914635054415932E+02    1
    0.121244317674896465E+02    0.303855299800878997E+00    0.228938177268895600E+03   -0.106939635054415962E+02    1
    0.311207346653212156E+02    0.192964339907783256E+02    0.228973801712546503E+03   -0.106964635054415762E+02    1
    0.130392593017164575E+02    0.250764173457129980E+00    0.228976294048829914E+03   -0.106989635054415917E+02    1
    0.308821832530696661E+02    0.628865433179399869E+01    0.228996227070886334E+03   -0.107014635054415841E+02    1
    0.183419151360377377E+02    0.612338529873088167E+01    0.229102486946573066E+03   -0.107039635054415889E+02    1
    0.309705351977422438E+02    0.185569365768815224E+02    0.229107589238561275E+03   -0.107064635054415973E+02    1
    0.585178762311761069E+01    0.311048638560830604E+02    0.229165877496580237E+03   -0.107089635054416092E+02    1
    0.309857488637264602E+02    0.659584932613318831E+01    0.229168708219104161E+03   -0.107114635054416194E+02    1
    0.378293483516789819E+00    0.372830220763591735E+00    0.229209488238907483E+03   -0.107139635054415958E+02    1
    0.121977461041473614E+02    0.129486079257684725E+02    0.229215013032692497E+03   -0.107164635054415704E+02    1
    0.124107341301690042E+02    0.256392483599232044E+02    0.229218607502642811E+03   -0.107189635054415895E+02    1
    0.506668435136007012E+00    0.153075556464982943E+00    0.229247762008679160E+03   -0.107214635054416103E+02    1
    0.185163677424778044E+02    0.192619102790798813E+02    0.229255944609953247E+03   -0.107239635054415992E+02    1
    0.251323339990537349E+02    0.256612939950723273E+02    0.229260810594504903E+03   -0.107264635054415916E+02    1
    0.128346291464573117E+02    0.255884426097200546E+02    0.229308240093593099E+03   -0.107289635054415982E+02    1
    0.191469282351559329E+02    0.192869531878100311E+02    0.229310390020660009E+03   -0.107314635054416208E+02    1
    0.271880545852821731E+00    0.121129956353484918E+02    0.229316810784367789E+03   -0.107339635054415954E+02    1
    0.679621463789659774E+01    0.312962828382355660E+02    0.229364471727079632E+03   -0.107364635054415718E+02    1
    0.311919164689472339E+02    0.676050467019381518E+01    0.229371216830836147E+03   -0.107389635054415802E+02    1
    0.640335016177385530E+01    0.309034637617764503E+02    0.229386360747281088E+03   -0.107414635054415672E+02    1
    0.193273650516508191E+02    0.606155304079832824E+01    0.229398625716074349E+03   -0.107439635054415810E+02    1
    0.581930056522039774E+01    0.190966986328463939E+02    0.229461494869691961E+03   -0.107464635054415965E+02    1
    0.130113963597265077E+02    0.122876162454913391E+02    0.229495180990295609E+03   -0.107489635054415729E+02    1
    0.579981938388225426E+01    0.312119529773185498E+02    0.229496593646514413E+03   -0.107514635054415564E+02    1
    0.193315773703309262E+02    0.312098148788803087E+02    0.229517328296131240E+03   -0.107539635054415914E+02    1
    0.660548333541947219E+01    0.586965827198097312E+01    0.229546344330431907E+03   -0.107564635054416158E+02    1
    0.309016434665014117E+02    0.637547414189173711E+01    0.229573979305930777E+03   -0.107589635054416046E+02    1
    0.427434677240208838E+00    0.122661036026479344E+02    0.229637787962573043E+03   -0.107614635054416006E+02    1
    0.191515636245230532E+02    0.585732951077971276E+01    0.229652360962915481E+03   -0.107639635054416143E+02    1
    0.120865053311272952E+02    0.127704910549520640E+02    0.229654487301302140E+03   -0.107664635054416049E+02    1
    0.187684596831382358E+02    0.576886759713186237E+01    0.229663051975754115E+03   -0.107689635054415938E+02    1
    0.312544737961573205E+02    0.677843978034335315E+01    0.229669985729792671E+03   -0.107714635054415986E+02    1
    0.669315497787776525E+01    0.596108367733090283E+01    0.229691225594726006E+03   -0.107739635054415874E+02    1
    0.625338313257289080E+01    0.576452264535527004E+01    0.229714469865564666E+03   -0.107764635054415816E+02    1
    0.583747223289562278E+01    0.311473306766335369E+02    0.229727629857562675E+03   -0.107789635054415971E+02    1
    0.674129693584940881E+01    0.190932901123270682E+02    0.229793451849028031E+03   -0.107814635054415948E+02    1
    0.185494774743186106E+02    0.670632199091624503E+01    0.229816759161401365E+03   -0.107839635054415872E+02    1
    0.124240380194005144E+02    0.246352137094550514E+02    0.229834461237189430E+03   -0.107864635054415796E+02    1
    0.193537421573855255E+02    0.617158862470487701E+01    0.229881382331521024E+03   -0.107889635054415631E+02    1
    0.254844022574353062E+02    0.247532615708989034E+02    0.229891580896190504E+03   -0.107914635054415768E+02    1
    0.585598625466410994E+01    0.657309902389988387E+01    0.229935386801131273E+03   -0.107939635054415746E+02    1
    0.256432328963470120E+02    0.250650723761615346E+02    0.229944206972675175E+03   -0.107964635054415758E+02    1
    0.191414123777513829E+02    0.670788556088148891E+01    0.229983320798608020E+03   -0.107989635054416127E+02    1
    0.611496406860881425E+01    0.309298826475201665E+02    0.229997072493377743E+03   -0.108014635054416317E+02    1
    0.311710705910217634E+02    0.193010020664553643E+02    0.230056597976869398E+03   -0.108039635054416046E+02    1
    0.578170375248052348E+01    0.313134523342553628E+02    0.230103171235350175E+03   -0.108064635054416058E+02    1
    0.253761224015059774E+02    0.130174324757449327E+02    0.230107063169527009E+03   -0.108089635054416302E+02    1
    0.126802382260045192E+02    0.120691004307078344E+02    0.230188925133047064E+03   -0.108114635054416190E+02    1
    0.246811749442441588E+02    0.253703348183179251E+02    0.230216535385842036E+03   -0.108139635054416186E+02    1
    0.309518896184318635E+02    0.312073470379132445E+02    0.230281184969202627E+03   -0.108164635054416021E+02    1
    0.597684623435702989E+01    0.668593643146644290E+01    0.230438280009361250E+03   -0.108189635054415856E+02    1
    0.406918293042019208E+00    0.300171914257085115E+00    0.230454654719025683E+03   -0.108214635054416171E+02    1
    0.271044125113580003E+00    0.121402459675999221E+02    0.230478965555612319E+03   -0.108239635054416308E+02    1
    0.651044065924308946E+01    0.183995813372271080E+02    0.230511797420294840E+03   -0.108264635054416143E+02    1
    0.676436054504446105E+01    0.312699600299920597E+02    0.230551371429941412E+03   -0.108289635054415960E+02    1
    0.642784472413799435E+01    0.183681142045275010E+02    0.230556964389525035E+03   -0.108314635054415973E+02    1
    0.130339617293365073E+02    0.127514802553603435E+02    0.230558236949197465E+03   -0.108339635054416092E+02    1
    0.183509140446778112E+02    0.189069289490608199E+02    0.230578083318789197E+03   -0.108364635054415981E+02    1
    0.127829320810527616E+02    0.130199113876054007E+02    0.230581739165768994E+03   -0.108389635054415692E+02    1
    0.256318405430758034E+02    0.250872079494918374E+02    0.230613474532947379E+03   -0.108414635054415882E+02    1
    0.130189737230925360E+02    0.215093087578966558E+00    0.230652329078162893E+03   -0.108439635054416161E+02    1
    0.309941543620335054E+02    0.311466173545788934E+02    0.230699519328206435E+03   -0.108464635054416085E+02    1
    0.127602684195614735E+02    0.246722199012803003E+02    0.230715404829581274E+03   -0.108489635054415974E+02    1
    0.256079584967394993E+02    0.127168548580990404E+02    0.230761552058595186E+03   -0.108514635054415898E+02    1
    0.254502583737863795E+02    0.255180140569202329E+02    0.230763906480738086E+03   -0.108539635054415893E+02    1
    0.193473931439111659E+02    0.188426989494712380E+02    0.230769295624546629E+03   -0.108564635054415977E+02    1
    0.626730101586216559E+01    0.309185483215017847E+02    0.230781592188830643E+03   -0.108589635054416007E+02    1
    0.581549248234551719E+01    0.312461386793604348E+02    0.230810216686693963E+03   -0.108614635054415896E+02    1
    0.185470268762244253E+02    0.588840178103923240E+01    0.230851216431299264E+03   -0.108639635054415891E+02    1
    0.130604711483736651E+02    0.251728056224697703E+02    0.230874136476178847E+03   -0.108664635054415921E+02    1
    0.311136715982716581E+02    0.667657368866353540E+01    0.230911571250235141E+03   -0.108689635054415881E+02    1
    0.253162527023766479E+02    0.130256922320452588E+02    0.230953482223165565E+03   -0.108714635054415911E+02    1
    0.477307011389251856E+00    0.126941750070745520E+02    0.230963766127176513E+03   -0.108739635054415942E+02    1
    0.424523588866946265E-02    0.120743236898466542E+02    0.231046384475658357E+03   -0.108764635054415848E+02    1
    0.248208857835486896E+02    0.255128889940699644E+02    0.231120407103185897E+03   -0.108789635054415808E+02    1
    0.676528410685059445E+01    0.187584136407308399E+02    0.231121639503571714E+03   -0.108814635054415785E+02    1
    0.183728283554160114E+02    0.187391527890957725E+02    0.231186090459025877E+03   -0.108839635054415798E+02    1
    0.127349937015615868E+02    0.246748015551453044E+02    0.231262327490712607E+03   -0.108864635054415935E+02    1
    0.312090822606136911E+02    0.309737349335893590E+02    0.231263559422835101E+03   -0.108889635054416019E+02    1
    0.128122596621974267E+02    0.129883273089641129E+02    0.231264032517202907E+03   -0.108914635054416049E+02    1
    0.482160056707572560E+00    0.126375766241000740E+02    0.231271655734357665E+03   -0.108939635054416133E+02    1
    0.598583512745052015E+01    0.192368358004841546E+02    0.231279204062340085E+03   -0.108964635054416021E+02    1
    0.633407424665752306E+01    0.309314817435838876E+02    0.231282467956554967E+03   -0.108989635054415928E+02    1
    0.256116577746926737E+02    0.126492255997822287E+02    0.231336984555660848E+03   -0.109014635054415852E+02    1
    0.184949344683578332E+02    0.594950770617857927E+01    0.231345109595709232E+03   -0.109039635054415935E+02    1
    0.428964485185450439E+00    0.228662846172968420E+00    0.231365998665821422E+03   -0.109064635054416090E+02    1
    0.121060789576674512E+02    0.249807767427711624E+02    0.231411311565748889E+03   -0.109089635054415979E+02    1
    0.128206502329647023E+02    0.129791180165399069E+02    0.231433261268528724E+03   -0.109114635054415956E+02    1
    0.626495393714852877E+01    0.579985924125277919E+01    0.231441315028510189E+03   -0.109139635054416093E+02    1
    0.622798701288344159E+01    0.676359410104395042E+01    0.231448515764373525E+03   -0.109164635054416070E+02    1
    0.321302797167034582E+00    0.362713356883439475E+00    0.231454321619270445E+03   -0.109189635054416012E+02    1
    0.615477811023431354E+01    0.674886743042637072E+01    0.231483790551653271E+03   -0.109214635054415847E+02    1
    0.311422055858648257E+02    0.668199366644612969E+01    0.231487395536673432E+03   -0.109239635054415860E+02    1
    0.832659275999798748E-01    0.120909701789536843E+02    0.231495432871649967E+03   -0.109264635054415891E+02    1
    0.189880214143686743E+02    0.183876128723087113E+02    0.231523690697347746E+03   -0.109289635054415832E+02    1
    0.123537236795060519E+02    0.432980491588882688E+00    0.231535274859294844E+03   -0.109314635054415881E+02    1
    0.127598502003003968E+02    0.121251743341915983E+02    0.231559525067483492E+03   -0.109339635054416000E+02    1
    0.191134557487216625E+02    0.192528593145727172E+02    0.231565787341142425E+03   -0.109364635054415924E+02    1
    0.633314212197571891E+01    0.676032979065817763E+01    0.231625330517172017E+03   -0.109389635054415901E+02    1
    0.611818850838881101E+01    0.309668252363620979E+02    0.231705369979820205E+03   -0.109414635054415914E+02    1
    0.122007739776391322E+02    0.308001911744939738E+00    0.231753220840394675E+03   -0.109439635054416016E+02    1
    0.121658236743139803E+02    0.128214894390586025E+02    0.231889191072056008E+03   -0.109464635054416188E+02    1
    0.309764675891780499E+02    0.190284912826921193E+02    0.231890408656666409E+03   -0.109489635054416006E+02    1
    0.254657693678917241E+02    0.247947842805859366E+02    0.231917547477286945E+03   -0.109514635054416019E+02    1
    0.589355272569188227E+01    0.601272927802152868E+01    0.231919089458156634E+03   -0.109539635054416085E+02    1
    0.126681406183013472E+02    0.121043878740769895E+02    0.231939908041214949E+03   -0.109564635054416080E+02    1
    0.669358458468529438E+01    0.190857019645611103E+02    0.231949252901765078E+03   -0.109589635054415968E+02    1
    0.255055767262502577E+02    0.128563312277074200E+02    0.232012127784525148E+03   -0.109614635054415750E+02    1
    0.311480391511461967E+02    0.192379078574919085E+02    0.232032927725316853E+03   -0.109639635054415798E+02    1
    0.311209014262698709E+02    0.310477586243294645E+02    0.232036552616004911E+03   -0.109664635054415864E+02    1
    0.186313452670612278E+02    0.184317602600273496E+02    0.232042677314812266E+03   -0.109689635054416037E+02    1
    0.127420783882961892E+02    0.436280730452432985E+00    0.232079000294293849E+03   -0.109714635054416121E+02    1
    0.582657277481132585E+01    0.617212891709714029E+01    0.232084277133536716E+03   -0.109739635054416098E+02    1
    0.312765020605874007E+02    0.184016609064813288E+02    0.232127336210970213E+03   -0.109764635054416164E+02    1
    0.581470936604741695E+01    0.188614407457837530E+02    0.232132877964300263E+03   -0.109789635054416053E+02    1
    0.312049755954310406E+02    0.184304541716631185E+02    0.232138465630134419E+03   -0.109814635054416012E+02    1
    0.311831320616958152E+02    0.184432912844344017E+02    0.232186673119852884E+03   -0.109839635054416149E+02    1
    0.439691655380935853E+00    0.127256732295110631E+02    0.232196365735068753E+03   -0.109864635054416180E+02    1
    0.246848861290545223E+02    0.124327976340468478E+02    0.232205029927607654E+03   -0.109889635054415997E+02    1
    0.189667058034779323E+02    0.183973132536457946E+02    0.232210054366380263E+03   -0.109914635054415957E+02    1
    0.660764632135678021E+01    0.310788041341523851E+02    0.232214262768306867E+03   -0.109939635054415934E+02    1
    0.586981069000445199E+01    0.311978905649125871E+02    0.232223306564739971E+03   -0.109964635054415876E+02    1
    0.460755470010973667E+00    0.124967280735635313E+02    0.232256170875376966E+03   -0.109989635054416066E+02    1
    0.129836099503992557E+02    0.249256444339934582E+02    0.232290347743381631E+03   -0.110014635054415972E+02    1
    0.188129121499182510E+02    0.582014992065918779E+01    0.232320974107570663E+03   -0.110039635054415790E+02    1
    0.251201523894961092E+02    0.255969138664487339E+02    0.232326230186059149E+03   -0.110064635054415785E+02    1
    0.250809738111239611E+02    0.255940463258555688E+02    0.232334811639174831E+03   -0.110089635054415780E+02    1
    0.188753526564158136E+02    0.183862677580512219E+02    0.232341835644676138E+03   -0.110114635054415793E+02    1
    0.185059538835317454E+02    0.185364509850307115E+02    0.232349598655378088E+03   -0.110139635054415805E+02    1
    0.313639298835884297E+02    0.183888664924780443E+02    0.232361151284594712E+03   -0.110164635054415871E+02    1
    0.125755559633335476E+02    0.246707347336105229E+02    0.232426876404547727E+03   -0.110189635054415902E+02    1
    0.127777851126248265E+02    0.129765254893070470E+02    0.232486857691013142E+03   -0.110214635054416021E+02    1
    0.191197431345592115E+02    0.310426592107972930E+02    0.232526347491978527E+03   -0.110239635054416123E+02    1
    0.121486804765133449E+02    0.193024659387860315E+00    0.232540835462744468E+03   -0.110264635054415923E+02    1
    0.183903782672086393E+02    0.188605659551372753E+02    0.232551336729445694E+03   -0.110289635054415864E+02    1
    0.151972877754390806E+00    0.121328673057128693E+02    0.232566127856923288E+03   -0.110314635054415895E+02    1
    0.254918969726664066E+02    0.128530237784746095E+02    0.232584608209243214E+03   -0.110339635054415819E+02    1
    0.129893852755395880E+02    0.249543962154958514E+02    0.232584807729109457E+03   -0.110364635054415885E+02    1
    0.588124535510959490E+01    0.606116817639910010E+01    0.232589216864328307E+03   -0.110389635054416093E+02    1
    0.129035585048327661E+02    0.122559582546759653E+02    0.232639907193840827E+03   -0.110414635054416088E+02    1
    0.603509696486300751E+01    0.310318339843167479E+02    0.232679641146727562E+03   -0.110439635054415941E+02    1
    0.190708990271283838E+02    0.310169119417439312E+02    0.232716604444664853E+03   -0.110464635054415883E+02    1
    0.192964679743810414E+02    0.619551221631570481E+01    0.232729431301690681E+03   -0.110489635054415984E+02    1
    0.310160809727972762E+02    0.190682215450551205E+02    0.232740907321825631E+03   -0.110514635054416104E+02    1
    0.184870739632909071E+02    0.191260981398112371E+02    0.232742041053430455E+03   -0.110539635054415903E+02    1
    0.185754180094789270E+02    0.591922044148952331E+01    0.232753628300437299E+03   -0.110564635054415881E+02    1
    0.123761251130524883E+02    0.247218732809081025E+02    0.232864919778946444E+03   -0.110589635054416089E+02    1
    0.606558700880109924E+01    0.192467368606828408E+02    0.232865782654750518E+03   -0.110614635054416173E+02    1
    0.670466729929406036E+01    0.312518308273458736E+02    0.232880465907947894E+03   -0.110639635054416168E+02    1
    0.124836878958694069E+02    0.255770241057946954E+02    0.232883551887238838E+03   -0.110664635054416038E+02    1
    0.311923693884285669E+02    0.667613678756370277E+01    0.232901382098657507E+03   -0.110689635054416016E+02    1
    0.122464504311125157E+02    0.248140546308848968E+02    0.232935468882702622E+03   -0.110714635054415957E+02    1
    0.121726564083070450E+02    0.127863686448607492E+02    0.232947999844420536E+03   -0.110739635054415775E+02    1
    0.254365721495109405E+02    0.248000191679509143E+02    0.232978090052455968E+03   -0.110764635054415823E+02    1
    0.255721437730714065E+02    0.250393114118478834E+02    0.233002354273759948E+03   -0.110789635054415925E+02    1
    0.126567641766472043E+02    0.121264833000617323E+02    0.233008332803803825E+03   -0.110814635054416044E+02    1
    0.253599366521228866E+02    0.129536154178069740E+02    0.233037972822941327E+03   -0.110839635054415950E+02    1
    0.313239223554633028E+02    0.309778346086714933E+02    0.233070775549085255E+03   -0.110864635054415857E+02    1
    0.192210563615062497E+02    0.311653833020098929E+02    0.233080163512994972E+03   -0.110889635054416029E+02    1
    0.627944475260222568E+01    0.192965776722729920E+02    0.233090745691122322E+03   -0.110914635054416113E+02    1
    0.123229177574553042E+02    0.129420053646260076E+02    0.233099034477317588E+03   -0.110939635054416108E+02    1
    0.189581289744148904E+02    0.584959850167209527E+01    0.233102491315389045E+03   -0.110964635054415979E+02    1
    0.184218643300140812E+02    0.187213995469584091E+02    0.233127131637711585E+03   -0.110989635054415849E+02    1
    0.643949943465854258E+01    0.670087790649726234E+01    0.233153756601536600E+03   -0.111014635054415791E+02    1
    0.192300123724627703E+02    0.311850307982445720E+02    0.233208652193898132E+03   -0.111039635054415804E+02    1
    0.124921748657647882E+02    0.121283454094851315E+02    0.233215064206729124E+03   -0.111064635054415923E+02    1
    0.293405684961362101E+00    0.129006892277396581E+02    0.233226307857028559E+03   -0.111089635054415883E+02    1
    0.124886697100739017E+02    0.130032257548083159E+02    0.233239322826312275E+03   -0.111114635054415789E+02    1
    0.403184818741954498E+00    0.123801480705735649E+02    0.233240197546457125E+03   -0.111139635054415784E+02    1
    0.310214131427519035E+02    0.607980806295698883E+01    0.233254805687258653E+03   -0.111164635054415903E+02    1
    0.309790479256075102E+02    0.189217617057127931E+02    0.233277718261231541E+03   -0.111189635054415987E+02    1
    0.619878706498421739E+01    0.192838639157087179E+02    0.233295177227686537E+03   -0.111214635054415893E+02    1
    0.129970179319268446E+02    0.101587185777341354E+00    0.233296008914364620E+03   -0.111239635054415906E+02    1
    0.255675350127725842E+02    0.250530481732807750E+02    0.233311601915941509E+03   -0.111264635054415884E+02    1
    0.192902908003627402E+02    0.188788200599603258E+02    0.233321640381986356E+03   -0.111289635054415879E+02    1
    0.630427535476160106E+01    0.192906766422308316E+02    0.233324783937118070E+03   -0.111314635054415927E+02    1
    0.121961787559881412E+02    0.253738545091480603E+02    0.233349745734741163E+03   -0.111339635054415798E+02    1
    0.192904739788445987E+02    0.314108341115480236E+02    0.233353503700913194E+03   -0.111364635054415917E+02    1
    0.125390369299077999E+02    0.121270591784074924E+02    0.233387761644123515E+03   -0.111389635054416001E+02    1
    0.192390164898412017E+02    0.607695685544846143E+01    0.233390641378518495E+03   -0.111414635054415925E+02    1
    0.121428971790303795E+02    0.119264337789419042E+00    0.233406682796050745E+03   -0.111439635054415920E+02    1
    0.248068135009070296E+02    0.128625528685248636E+02    0.233414791098255591E+03   -0.111464635054415862E+02    1
    0.253256945911204205E+02    0.129611975036142510E+02    0.233441035661567270E+03   -0.111489635054415874E+02    1
    0.125451992212566754E+02    0.438291148766994321E+00    0.233445602156274163E+03   -0.111514635054415834E+02    1
    0.591364898991278665E+01    0.651886397537978013E+01    0.233497779664510432E+03   -0.111539635054416042E+02    1
    0.192862236480777156E+02    0.313985150052662618E+02    0.233521635523353694E+03   -0.111564635054416090E+02    1
    0.247060217406196649E+02    0.126588323854976235E+02    0.233544427649674134E+03   -0.111589635054415837E+02    1
    0.629810076099606331E+01    0.671897066493512263E+01    0.233562953271420525E+03   -0.111614635054415867E+02    1
    0.254562243182356411E+02    0.248395683210250837E+02    0.233576968806911907E+03   -0.111639635054415951E+02    1
    0.253282734561790370E+02    0.255220744799371992E+02    0.233601837461681839E+03   -0.111664635054415839E+02    1
    0.130005660344194514E+02    0.251601271110479523E+02    0.233604997247842789E+03   -0.111689635054415888E+02    1
    0.312698321196388385E+02    0.184403383337433624E+02    0.233641987389269360E+03   -0.111714635054416025E+02    1
    0.192057810751839888E+02    0.603389639857777382E+01    0.233647913163656654E+03   -0.111739635054416020E+02    1
    0.309836128551123338E+02    0.632081922579253241E+01    0.233652429465943129E+03   -0.111764635054416068E+02    1
    0.129999030754020470E+02    0.125555160555210517E+02    0.233663281637911155E+03   -0.111789635054416063E+02    1
    0.121546392843803375E+02    0.249958149136426790E+02    0.233666229533195548E+03   -0.111814635054415952E+02    1
    0.121367276191844802E+02    0.581662955677599014E-01    0.233670201607066275E+03   -0.111839635054415911E+02    1
    0.128777986525090693E+02    0.122649911899523687E+02    0.233711274229875528E+03   -0.111864635054416013E+02    1
    0.125101142697370999E+02    0.427873452758607553E+00    0.233754540463921927E+03   -0.111889635054415901E+02    1
    0.192788233980532340E+02    0.188068194381181044E+02    0.233760539906785198E+03   -0.111914635054416021E+02    1
    0.122413555838735206E+02    0.254173290645759664E+02    0.233768283261370328E+03   -0.111939635054416211E+02    1
    0.319010813371890731E-01    0.121364112577130836E+02    0.233770369584391688E+03   -0.111964635054416171E+02    1
    0.121473317965669256E+02    0.124693003046702611E+02    0.233818546799880153E+03   -0.111989635054416166E+02    1
    0.247324135064025974E+02    0.124120249985554203E+02    0.233872727634915265E+03   -0.112014635054416232E+02    1
    0.188034137183039434E+02    0.670874584466636570E+01    0.233900358935571631E+03   -0.112039635054416014E+02    1
    0.254993877325747818E+02    0.249137536174912064E+02    0.233966262363292003E+03   -0.112064635054415795E+02    1
    0.585755879909792565E+01    0.630702057618484169E+01    0.233972547069377242E+03   -0.112089635054416075E+02    1
    0.191549395144418533E+02    0.598478251757853030E+01    0.233977821017978783E+03   -0.112114635054416318E+02    1
    0.364445141174238707E+00    0.123450274388304457E+02    0.233994399599805888E+03   -0.112139635054416207E+02    1
    0.310068698786556105E+02    0.189669753980190983E+02    0.234011330367991661E+03   -0.112164635054415971E+02    1
    0.190737236268223427E+02    0.184877553582856677E+02    0.234026973101035566E+03   -0.112189635054415966E+02    1
    0.310011882995582901E+02    0.189418992456242030E+02    0.234036163673948550E+03   -0.112214635054416139E+02    1
    0.643396911360137036E+01    0.184531327496182236E+02    0.234076345244855816E+03   -0.112239635054415956E+02    1
    0.253440416497228718E+02    0.247658356452184094E+02    0.234116494430737703E+03   -0.112264635054415969E+02    1
    0.586673699988359854E+01    0.621016022531882506E+01    0.234120427998872373E+03   -0.112289635054415964E+02    1
    0.311329963159565182E+02    0.659776364904220181E+01    0.234136895857204905E+03   -0.112314635054415888E+02    1
    0.125941268642879276E+02    0.129870223614827118E+02    0.234168117146802160E+03   -0.112339635054416149E+02    1
    0.249541818987025898E+02    0.121846748370520324E+02    0.234193488921302389E+03   -0.112364635054416055E+02    1
    0.190745564227020665E+02    0.184930707595233841E+02    0.234194351441967768E+03   -0.112389635054416051E+02    1
    0.313491084392550121E+02    0.310006160266697499E+02    0.234208308951103589E+03   -0.112414635054416081E+02    1
    0.122355334917636576E+02    0.259200291570874986E+00    0.234250261151211760E+03   -0.112439635054416005E+02    1
    0.189809063416759258E+02    0.192482539167060089E+02    0.234252192822573761E+03   -0.112464635054416195E+02    1
    0.254932137702075678E+02    0.249176641982949363E+02    0.234266228582606090E+03   -0.112489635054416279E+02    1
    0.247551095448983709E+02    0.253153212452986587E+02    0.234273665320049048E+03   -0.112514635054416114E+02    1
    0.312972631735618734E+02    0.184480614642957406E+02    0.234295861067912199E+03   -0.112539635054416163E+02    1
    0.191677574779489746E+02    0.191222288800689313E+02    0.234301498642548410E+03   -0.112564635054416158E+02    1
    0.649917381159487473E+01    0.184911383219102170E+02    0.234319083972811228E+03   -0.112589635054415886E+02    1
    0.611860452039572245E+01    0.310321947338684687E+02    0.234348851583263411E+03   -0.112614635054415739E+02    1
    0.354610829495123625E+00    0.123457320386017919E+02    0.234353000706557111E+03   -0.112639635054415876E+02    1
    0.247710822056166222E+02    0.127731073964072035E+02    0.234394428838057195E+03   -0.112664635054416191E+02    1
    0.127313576826411747E+02    0.247510267271981128E+02    0.234417621100114900E+03   -0.112689635054416346E+02    1
    0.310877167153570007E+02    0.602734298170567317E+01    0.234417988078763216E+03   -0.112714635054416146E+02    1
    0.176715008597120249E+00    0.121910256127151158E+02    0.234459176748829549E+03   -0.112739635054415963E+02    1
    0.123003839330280353E+02    0.254513394937888258E+02    0.234463610840072363E+03   -0.112764635054416047E+02    1
    0.187331850906787842E+02    0.588552163232537229E+01    0.234471133602644812E+03   -0.112789635054415953E+02    1
    0.311284586913520194E+02    0.191473422929326240E+02    0.234510094149068692E+03   -0.112814635054415877E+02    1
    0.189926187541115503E+02    0.310285058619293572E+02    0.234529492947754335E+03   -0.112839635054416103E+02    1
    0.250158108987011403E+02    0.129622628570413010E+02    0.234533437961261114E+03   -0.112864635054416294E+02    1
    0.185602035549049127E+02    0.191436389951063468E+02    0.234563721770643184E+03   -0.112889635054416289E+02    1
    0.121581521140856683E+02    0.251866608041635125E+02    0.234568381156483781E+03   -0.112914635054416177E+02    1
    0.305362762721486880E+00    0.122895215767783377E+02    0.234578870017086473E+03   -0.112939635054415959E+02    1
    0.191569823312610517E+02    0.655682419804353511E+01    0.234603145259583300E+03   -0.112964635054415972E+02    1
    0.617489707946340971E+01    0.310196714532920979E+02    0.234613276303677992E+03   -0.112989635054415967E+02    1
    0.128328348285437990E+02    0.248197818641904213E+02    0.234624272808973416E+03   -0.113014635054415802E+02    1
    0.129442569007135120E+02    0.160175997707746903E+00    0.234634897198121507E+03   -0.113039635054415903E+02    1
    0.128751949159255066E+02    0.254026803472769416E+02    0.234658821350890577E+03   -0.113064635054415987E+02    1
    0.255099433481355504E+02    0.249745106798762286E+02    0.234690021394888447E+03   -0.113089635054416053E+02    1
    0.184543069594590499E+02    0.187460806392541137E+02    0.234701343507221537E+03   -0.113114635054416244E+02    1
    0.588154014499386069E+01    0.635250194308805050E+01    0.234737051563258035E+03   -0.113139635054416186E+02    1
    0.310203399564497744E+02    0.189479776477134187E+02    0.234737538500077363E+03   -0.113164635054416092E+02    1
    0.188702070826228265E+02    0.184429029687047716E+02    0.234750336933177806E+03   -0.113189635054416193E+02    1
    0.128221678892871740E+02    0.122487158281937312E+02    0.234750440552156135E+03   -0.113214635054416117E+02    1
    0.588579635442324101E+01    0.637231414840109345E+01    0.234751809104945295E+03   -0.113239635054416024E+02    1
    0.126019231331023942E+02    0.129717091946124050E+02    0.234762133754120981E+03   -0.113264635054415965E+02    1
    0.192401525345784670E+02    0.313016179411713615E+02    0.234766066391583053E+03   -0.113289635054416049E+02    1
    0.629846600469225848E+01    0.587669468174043264E+01    0.234766099671922319E+03   -0.113314635054416168E+02    1
    0.186445331478721954E+02    0.184983082918523039E+02    0.234790018770484579E+03   -0.113339635054416039E+02    1
    0.252210491387318285E+02    0.255287780239653976E+02    0.234811280490368063E+03   -0.113364635054416123E+02    1
    0.192290601263788261E+02    0.613939206448674923E+01    0.234815689342018402E+03   -0.113389635054416189E+02    1
    0.666910993560102838E+01    0.312917617677656139E+02    0.234829791323393721E+03   -0.113414635054415900E+02    1
    0.189716546996787159E+02    0.192360644227158559E+02    0.234832335547679577E+03   -0.113439635054415930E+02    1
    0.652988081068583170E+01    0.310945988447180959E+02    0.234858058350825530E+03   -0.113464635054415925E+02    1
    0.609223051086549194E+01    0.310593027694303743E+02    0.234874124258574199E+03   -0.113489635054415743E+02    1
    0.622804236002057987E+01    0.184498348263570868E+02    0.234897594611902264E+03   -0.113514635054415916E+02    1
    0.249166528016205469E+02    0.254740854503793059E+02    0.234898653328616973E+03   -0.113539635054415946E+02    1
    0.192271464363495745E+02    0.642528469849163919E+01    0.234909869600932723E+03   -0.113564635054415888E+02    1
    0.254285614676466274E+02    0.254068138176070981E+02    0.234931900069681660E+03   -0.113589635054416167E+02    1
    0.129096511442822894E+02    0.123551782165280652E+02    0.234935402935449417E+03   -0.113614635054416162E+02    1
    0.185714485155715252E+02    0.657313639855702814E+01    0.234990840302731442E+03   -0.113639635054415891E+02    1
    0.122075108805367183E+02    0.179888247947371904E+00    0.234994764546073782E+03   -0.113664635054415744E+02    1
    0.122512023212189671E+02    0.248190730262258713E+00    0.235013047957658785E+03   -0.113689635054416254E+02    1
    0.121736622761007673E+02    0.124878782817951297E+02    0.235018773596161168E+03   -0.113714635054416018E+02    1
    0.192374308379785859E+02    0.637982639862582701E+01    0.235049741347686677E+03   -0.113739635054415924E+02    1
    0.613322662161213206E+01    0.192194478292282511E+02    0.235080029903775767E+03   -0.113764635054415990E+02    1
    0.122361152876971335E+02    0.127908180033345893E+02    0.235083185563152142E+03   -0.113789635054416234E+02    1
    0.125913905961669510E+02    0.397841419073707070E+00    0.235087622895368469E+03   -0.113814635054416033E+02    1
    0.188375661503877261E+02    0.192473748597859071E+02    0.235111806318944133E+03   -0.113839635054415904E+02    1
    0.190451757643827051E+02    0.593650041310089449E+01    0.235127897894865015E+03   -0.113864635054416024E+02    1
    0.251262129810176695E+02    0.129636389573205886E+02    0.235138138566722233E+03   -0.113889635054416090E+02    1
    0.126587631743753111E+02    0.121799348557504903E+02    0.235143121646427630E+03   -0.113914635054416298E+02    1
    0.129360988691522714E+02    0.127105677976918603E+02    0.235168015901320274E+03   -0.113939635054416204E+02    1
    0.124542512581469627E+02    0.255126314659384441E+02    0.235193422966651752E+03   -0.113964635054416217E+02    1
    0.121718771136157340E+02    0.251653739858125469E+02    0.235196342934980777E+03   -0.113989635054416159E+02    1
    0.312978487343336873E+02    0.666022003571444188E+01    0.235232811389478542E+03   -0.114014635054415834E+02    1
    0.124038600305581976E+02    0.359976155594648017E+00    0.235243855983655976E+03   -0.114039635054415989E+02    1
    0.312702434144578518E+02    0.310490934636983589E+02    0.235251459116589217E+03   -0.114064635054416179E+02    1
    0.310291634000568095E+02    0.189219801007964215E+02    0.235289985650050340E+03   -0.114089635054416156E+02    1
    0.191281181145434864E+02    0.185711012335892356E+02    0.235296564234353980E+03   -0.114114635054415956E+02    1
    0.188710029941659485E+02    0.310233203339473853E+02    0.235298404600378063E+03   -0.114139635054415827E+02    1
    0.249644327447580068E+02    0.247773953052098150E+02    0.235312819965683758E+03   -0.114164635054415964E+02    1
    0.188696104814793166E+02    0.667541901936573456E+01    0.235315531975659752E+03   -0.114189635054415941E+02    1
    0.192328213694606127E+02    0.313297697079492963E+02    0.235316512342808466E+03   -0.114214635054416078E+02    1
    0.122532276554137027E+02    0.128041513253132067E+02    0.235320891724839527E+03   -0.114239635054416127E+02    1
    0.129257076023534037E+02    0.157913784914889027E+00    0.235337764397365873E+03   -0.114264635054416175E+02    1
    0.191124735669916923E+02    0.311244427066743903E+02    0.235347226578924392E+03   -0.114289635054416152E+02    1
    0.251673360018994394E+02    0.247432808240159972E+02    0.235383354310788576E+03   -0.114314635054416041E+02    1
    0.125269774133453655E+02    0.247443553692271472E+02    0.235407148432662609E+03   -0.114339635054416000E+02    1
    0.187261344557456866E+02    0.192200306124642850E+02    0.235410393134793139E+03   -0.114364635054415924E+02    1
    0.611558910664767463E+01    0.593032661296870600E+01    0.235410595233026868E+03   -0.114389635054415937E+02    1
    0.293037652897304490E+00    0.128248992578456757E+02    0.235414368429244348E+03   -0.114414635054415950E+02    1
    0.667144245337904707E+01    0.188638145030725930E+02    0.235477362890087193E+03   -0.114439635054416158E+02    1
    0.310608860453082087E+02    0.312573391075796287E+02    0.235477632222852719E+03   -0.114464635054416153E+02    1
    0.610647899839949027E+01    0.185035235025937936E+02    0.235491744960138021E+03   -0.114489635054415952E+02    1
    0.664984804315548761E+01    0.615534069843408371E+01    0.235494147285388436E+03   -0.114514635054415805E+02    1
    0.312697452604800041E+02    0.310563478179310302E+02    0.235502352231663338E+03   -0.114539635054416049E+02    1
    0.247831308385621014E+02    0.127350864390603160E+02    0.235503981321006961E+03   -0.114564635054416168E+02    1
    0.641619043555955049E+01    0.664768417839997916E+01    0.235506353694782945E+03   -0.114589635054415790E+02    1
    0.192347606870175092E+02    0.188881203865138829E+02    0.235530982101411581E+03   -0.114614635054415768E+02    1
    0.188313054546756931E+02    0.666915182294521713E+01    0.235558089524394575E+03   -0.114639635054416029E+02    1
    0.592049685346815391E+01    0.614974054494444644E+01    0.235565173873991284E+03   -0.114664635054416202E+02    1
    0.310381944982963738E+02    0.313353066311749373E+02    0.235567683618641638E+03   -0.114689635054416286E+02    1
    0.311900491199339385E+02    0.659694169611683190E+01    0.235570603884432217E+03   -0.114714635054416085E+02    1
    0.657921474015431240E+01    0.603456255965214794E+01    0.235573053875084412E+03   -0.114739635054415938E+02    1
    0.189905352444635795E+02    0.310563265421153361E+02    0.235574111291816024E+03   -0.114764635054416075E+02    1
    0.127499549880377092E+02    0.339595274240191480E+00    0.235587320939918101E+03   -0.114789635054416159E+02    1
    0.249981008756739733E+02    0.122050362724656338E+02    0.235597660449722810E+03   -0.114814635054416296E+02    1
    0.126598747941675676E+02    0.247600371919034998E+02    0.235643946354744571E+03   -0.114839635054416132E+02    1
    0.652159389172152348E+01    0.658215425562613810E+01    0.235730029676876342E+03   -0.114864635054415896E+02    1
    0.235555833517389596E+00    0.128674241036872843E+02    0.235734794986041237E+03   -0.114889635054415979E+02    1
    0.128634948407444565E+02    0.123266303438871532E+02    0.235752736983162777E+03   -0.114914635054416241E+02    1
    0.191832407419137034E+02    0.646802810499878067E+01    0.235759599045636520E+03   -0.114939635054416378E+02    1
    0.190831925222421575E+02    0.598288943200838741E+01    0.235800965498203993E+03   -0.114964635054416160E+02    1
    0.665738637059416938E+01    0.187838073789967162E+02    0.235803605412139461E+03   -0.114989635054416262E+02    1
    0.122489729157335656E+02    0.127758281925672641E+02    0.235806266460506237E+03   -0.115014635054416292E+02    1
    0.126835733529465049E+02    0.129277514239996609E+02    0.235809305260680702E+03   -0.115039635054416056E+02    1
    0.123055219084320271E+02    0.275936224449807532E+00    0.235830560259860960E+03   -0.115064635054415856E+02    1
    0.125833327806538051E+02    0.247547418013437230E+02    0.235859167564198003E+03   -0.115089635054415869E+02    1
    0.636411712802923191E+01    0.665289780411422527E+01    0.235859430191882325E+03   -0.115114635054416148E+02    1
    0.313240283081252890E+02    0.184825527329225920E+02    0.235865370815663141E+03   -0.115139635054415930E+02    1
    0.254122565651166390E+02    0.248771477004971793E+02    0.235865915338434405E+03   -0.115164635054415854E+02    1
    0.128953151963410289E+02    0.123814924144775951E+02    0.235912845773528630E+03   -0.115189635054415955E+02    1
    0.311044407175497852E+02    0.607086560591504565E+01    0.235929449959626112E+03   -0.115214635054416110E+02    1
    0.610803317590983141E+01    0.310823622066041736E+02    0.235933353604010506E+03   -0.115239635054416336E+02    1
    0.254351586327488999E+00    0.128444353688699096E+02    0.235936371807184742E+03   -0.115264635054416207E+02    1
    0.187622412560195500E+02    0.184838927772865205E+02    0.235953510333993563E+03   -0.115289635054416113E+02    1
    0.248169794013524090E+02    0.127704189326922180E+02    0.235965984010307352E+03   -0.115314635054416303E+02    1
    0.605782219119917542E+01    0.598225526313542755E+01    0.235967520093801198E+03   -0.115339635054416245E+02    1
    0.129302234003214185E+02    0.250424815701656378E+02    0.235992970238285068E+03   -0.115364635054416009E+02    1
    0.661074654836329856E+01    0.610032361780109067E+01    0.235993485906201187E+03   -0.115389635054416022E+02    1
    0.129274838970714612E+02    0.124659304674391009E+02    0.235996137699172323E+03   -0.115414635054416017E+02    1
    0.188572951322368603E+02    0.192234401795034415E+02    0.236022320120637460E+03   -0.115439635054415906E+02    1
    0.189701899901214723E+02    0.310623226873747029E+02    0.236042597153531659E+03   -0.115464635054416043E+02    1
    0.126938696788246670E+02    0.129173506822276600E+02    0.236050490920300177E+03   -0.115489635054416180E+02    1
    0.312312364858915821E+02    0.185256255809010817E+02    0.236076725017491441E+03   -0.115514635054416068E+02    1
    0.127238873061679350E+02    0.254702864933502227E+02    0.236088043570366352E+03   -0.115539635054416081E+02    1
    0.189332887490750892E+02    0.310536585301643129E+02    0.236104754675015243E+03   -0.115564635054416200E+02    1
    0.190592047444170340E+02    0.659048852398766094E+01    0.236111209790793311E+03   -0.115589635054416195E+02    1
    0.192204489596189845E+02    0.630398471455934306E+01    0.236113763610160646E+03   -0.115614635054416226E+02    1
    0.129240816843232906E+02    0.126664965153261218E+02    0.236119372857180167E+03   -0.115639635054416257E+02    1
    0.630265539071286884E+01    0.192199893396296595E+02    0.236133127265524735E+03   -0.115664635054416145E+02    1
    0.644559923651847555E+01    0.661662005448487189E+01    0.236147078843314006E+03   -0.115689635054416051E+02    1
    0.311129559418010793E+02    0.312018100089647774E+02    0.236148381890110500E+03   -0.115714635054416117E+02    1
    0.310471627559713603E+02    0.625140289603953470E+01    0.236163151467332597E+03   -0.115739635054416041E+02    1
    0.123867780584259268E+02    0.254545833479093986E+02    0.236233448378010593E+03   -0.115764635054416001E+02    1
    0.189200796557724757E+02    0.664419158833621992E+01    0.236248794252001943E+03   -0.115789635054416102E+02    1
    0.122030156209059353E+02    0.125099609258859061E+02    0.236252297580698581E+03   -0.115814635054416151E+02    1
    0.253786238435092848E+02    0.128396751353762664E+02    0.236271856557834695E+03   -0.115839635054416235E+02    1
    0.124888354012003848E+02    0.247743221327629435E+02    0.236289823087716087E+03   -0.115864635054416230E+02    1
    0.313613113371234320E+02    0.664555252441922750E+01    0.236297273584699809E+03   -0.115889635054416225E+02    1
    0.247916973199654862E+02    0.124340637288338129E+02    0.236327506433890136E+03   -0.115914635054416255E+02    1
    0.186768428976887151E+02    0.596064878052295732E+01    0.236329750936661100E+03   -0.115939635054416250E+02    1
    0.249068425638028046E+02    0.122817193346714877E+02    0.236422783621739569E+03   -0.115964635054416210E+02    1
    0.187902700523828337E+02    0.592525743667602622E+01    0.236428776262350027E+03   -0.115989635054416205E+02    1
    0.254307359941232995E+02    0.127700470878179999E+02    0.236508201325925171E+03   -0.116014635054416075E+02    1
    0.254736558352968494E+02    0.126831062163576682E+02    0.236520994363687777E+03   -0.116039635054415893E+02    1
    0.129214893620142863E+02    0.126257621049668902E+02    0.236526817573134309E+03   -0.116064635054415888E+02    1
    0.124030164145880715E+02    0.128869739920102138E+02    0.236544432767940236E+03   -0.116089635054415989E+02    1
    0.124569748857775942E+02    0.122241000848368575E+02    0.236556388388169779E+03   -0.116114635054416073E+02    1
    0.129253106106553624E+02    0.651378778596852816E-02    0.236562280846355065E+03   -0.116139635054416086E+02    1
    0.310736086865176340E+02    0.639170519892940803E+01    0.236564107511331343E+03   -0.116164635054416046E+02    1
    0.592573630916446437E+01    0.631575580874428422E+01    0.236565266937499388E+03   -0.116189635054416112E+02    1
    0.611867966935943564E+01    0.310973676383294517E+02    0.236590244158488360E+03   -0.116214635054416231E+02    1
    0.127306406337094078E+02    0.317751407885038473E+00    0.236619300191006488E+03   -0.116239635054416119E+02    1
    0.185518166651601391E+02    0.190477499168137143E+02    0.236623458051881130E+03   -0.116264635054416097E+02    1
    0.311990390389387464E+02    0.600072136270554690E+01    0.236678976086833217E+03   -0.116289635054416181E+02    1
    0.123960703612163954E+02    0.128785956731582250E+02    0.236691899132945565E+03   -0.116314635054416264E+02    1
    0.311180183692690804E+02    0.190437923366540609E+02    0.236694518283758867E+03   -0.116339635054416153E+02    1
    0.123069145756126890E+02    0.248898343724393456E+02    0.236704773460553668E+03   -0.116364635054416006E+02    1
    0.593573806314136831E+01    0.313465005770350658E+02    0.236729358406870716E+03   -0.116389635054415947E+02    1
    0.185568547708381892E+02    0.648225661222052185E+01    0.236752595276631865E+03   -0.116414635054415907E+02    1
    0.124257859500624566E+02    0.324642622529308478E+00    0.236754414714331091E+03   -0.116439635054416044E+02    1
    0.651186787459442140E+01    0.185796334798208314E+02    0.236761678724764067E+03   -0.116464635054416146E+02    1
    0.622929580653436687E+01    0.185003823009713066E+02    0.236763599292969872E+03   -0.116489635054415963E+02    1
    0.283783216181268838E+00    0.123552877049369183E+02    0.236763967352108779E+03   -0.116514635054415869E+02    1
    0.187415109730272818E+02    0.594684192695537650E+01    0.236768848961527453E+03   -0.116539635054415989E+02    1
    0.122179761427273004E+02    0.251894626905696164E+02    0.236775107533576005E+03   -0.116564635054416144E+02    1
    0.129035885288792418E+02    0.124642657388128857E+02    0.236800813359781756E+03   -0.116589635054416210E+02    1
    0.632175240313196163E+01    0.593314535713644631E+01    0.236802893239701518E+03   -0.116614635054416205E+02    1
    0.313265334467719150E+02    0.191897727765944524E+02    0.236819606812136300E+03   -0.116639635054416093E+02    1
    0.186950915947886891E+02    0.191647355965487094E+02    0.236852263130495032E+03   -0.116664635054416017E+02    1
    0.128886129535176117E+02    0.249958546430179638E+02    0.236881079473352202E+03   -0.116689635054416101E+02    1
    0.595826059888415038E+01    0.615394159026810161E+01    0.236895038120336750E+03   -0.116714635054416220E+02    1
    0.252927768481339434E+02    0.248217505533283287E+02    0.236895678836973673E+03   -0.116739635054416055E+02    1
    0.125358471294559681E+02    0.129143242635312845E+02    0.236901885300160785E+03   -0.116764635054415873E+02    1
    0.123862499227580489E+02    0.299447857616123470E+00    0.236908027412317551E+03   -0.116789635054416063E+02    1
    0.595084130045422643E+01    0.617700228463356371E+01    0.236920177777472560E+03   -0.116814635054416165E+02    1
    0.185182856141603871E+02    0.189586523343316387E+02    0.236924640069449424E+03   -0.116839635054416195E+02    1
    0.642300896563424395E+01    0.660168003900943834E+01    0.236959639657044278E+03   -0.116864635054416155E+02    1
    0.347574107020261314E+00    0.125628491224656287E+02    0.236959832871206402E+03   -0.116889635054416168E+02    1
    0.626666742068782323E+01    0.191960138866011718E+02    0.236985347195512418E+03   -0.116914635054416145E+02    1
    0.185248123329184473E+02    0.640165902146727461E+01    0.237031386116013238E+03   -0.116939635054415945E+02    1
    0.311778691985392449E+02    0.191001160855518215E+02    0.237042062972418705E+03   -0.116964635054415904E+02    1
    0.252681795263760804E+02    0.128835768917226048E+02    0.237059119416672587E+03   -0.116989635054415899E+02    1
    0.594002060582002489E+01    0.631480503741292765E+01    0.237061946879657654E+03   -0.117014635054415876E+02    1
    0.649943212101430223E+01    0.311471920632029153E+02    0.237064567987366928E+03   -0.117039635054415960E+02    1
    0.128064023207676225E+02    0.123195027321460540E+02    0.237085960508981174E+03   -0.117064635054415973E+02    1
    0.662625396349701656E+01    0.188657940222934961E+02    0.237101203489183149E+03   -0.117089635054416057E+02    1
    0.122817921899091260E+02    0.249398654345924164E+02    0.237102329276816761E+03   -0.117114635054416230E+02    1
    0.191446016008412414E+02    0.312405534411012304E+02    0.237119631961015045E+03   -0.117139635054416136E+02    1
    0.594322782978322017E+01    0.624165084079707100E+01    0.237134678269362496E+03   -0.117164635054415989E+02    1
    0.648154073102274086E+01    0.185705647216602188E+02    0.237152181860752222E+03   -0.117189635054416126E+02    1
    0.648885541972284585E+01    0.311427979642509172E+02    0.237166476818536665E+03   -0.117214635054416192E+02    1
    0.659290915260142629E+01    0.312714933973649067E+02    0.237167130643739313E+03   -0.117239635054416205E+02    1
    0.254426525875140612E+02    0.127095211152122012E+02    0.237179479376878646E+03   -0.117264635054416164E+02    1
    0.313812884467980275E+02    0.310772135857461222E+02    0.237202112062011508E+03   -0.117289635054416106E+02    1
    0.595697377147940887E+01    0.313185186095753352E+02    0.237206895677406919E+03   -0.117314635054416279E+02    1
    0.188193133765046454E+02    0.185107639356879083E+02    0.237213424391042935E+03   -0.117339635054416238E+02    1
    0.330882342279794628E+00    0.126448381829929719E+02    0.237218458099782538E+03   -0.117364635054416055E+02    1
    0.129022881246066614E+02    0.125188371557063221E+02    0.237243430672164436E+03   -0.117389635054416122E+02    1
    0.191874492589221504E+02    0.630138332552382341E+01    0.237272039760196520E+03   -0.117414635054416170E+02    1
    0.128974658289968165E+02    0.124964595316829161E+02    0.237273673609967773E+03   -0.117439635054416183E+02    1
    0.128158135619495734E+02    0.253610124977438147E+02    0.237293843169182679E+03   -0.117464635054416267E+02    1
    0.598632691465811995E+01    0.186879996934273258E+02    0.237295107489673711E+03   -0.117489635054416226E+02    1
    0.633358420994668947E+01    0.310821200408081850E+02    0.237299561010693083E+03   -0.117514635054416168E+02    1
    0.313606556769375615E+02    0.185167923390513636E+02    0.237308705482687259E+03   -0.117539635054416145E+02    1
    0.619046826905840497E+01    0.185251676156470566E+02    0.237309176643510881E+03   -0.117564635054416229E+02    1
    0.187166180339282349E+02    0.311059707493845465E+02    0.237316364248595107E+03   -0.117589635054416117E+02    1
    0.122898266691184936E+02    0.249401626408742132E+02    0.237330062267058736E+03   -0.117614635054416059E+02    1
    0.594819947788492520E+01    0.188169737475449672E+02    0.237332984735099160E+03   -0.117639635054416214E+02    1
    0.187914347912548969E+02    0.595178392362538400E+01    0.237337592495995409E+03   -0.117664635054416138E+02    1
    0.632895439375523061E+01    0.185163291016753391E+02    0.237340483338603576E+03   -0.117689635054416115E+02    1
    0.311023222997676285E+02    0.189704048301992181E+02    0.237354493945891107E+03   -0.117714635054416163E+02    1
    0.661350232511229663E+01    0.189015810789918319E+02    0.237405968810076047E+03   -0.117739635054416123E+02    1
    0.313577559105984989E+02    0.185203724912927115E+02    0.237409745292363255E+03   -0.117764635054416189E+02    1
    0.127074361129082796E+02    0.302938709054422772E+00    0.237419443166935281E+03   -0.117789635054416078E+02    1
    0.636888884713424552E+01    0.660570945444434710E+01    0.237430114147796900E+03   -0.117814635054415895E+02    1
    0.312241954533707613E+02    0.311429858438239719E+02    0.237443684595036473E+03   -0.117839635054416121E+02    1
    0.310968823919434421E+02    0.313224993388617960E+02    0.237472632742453300E+03   -0.117864635054416258E+02    1
    0.128757678558924269E+02    0.126864963102393169E+02    0.237492527698754884E+03   -0.117889635054416235E+02    1
    0.126059015973251061E+02    0.254620822081743725E+02    0.237493887489345639E+03   -0.117914635054416088E+02    1
    0.612791892520516157E+01    0.185562374013761548E+02    0.237496053915339900E+03   -0.117939635054416119E+02    1
    0.310863267843430826E+02    0.631928500977123786E+01    0.237498175421385383E+03   -0.117964635054416220E+02    1
    0.115414426310208665E+00    0.122558350969605474E+02    0.237512119282412613E+03   -0.117989635054415967E+02    1
    0.124179269926176232E+02    0.128625275010218463E+02    0.237515211953200094E+03   -0.118014635054416051E+02    1
    0.312090013063773029E+02    0.602474388278006501E+01    0.237525692323028949E+03   -0.118039635054416081E+02    1
    0.122394342545396562E+02    0.250953119697002833E+02    0.237579905027469863E+03   -0.118064635054415916E+02    1
    0.618598367413466477E+01    0.191637434804998996E+02    0.237589394230329248E+03   -0.118089635054415893E+02    1
    0.651155689543972827E+01    0.651849015564213197E+01    0.237629155644228348E+03   -0.118114635054416084E+02    1
    0.186087990829702399E+02    0.650564226931867484E+01    0.237632591174702299E+03   -0.118139635054416257E+02    1
    0.253852526891070944E+02    0.123577659350715638E+02    0.237640768526280937E+03   -0.118164635054416287E+02    1
    0.189255804082236203E+02    0.310978441001791310E+02    0.237647648991528342E+03   -0.118189635054416140E+02    1
    0.124842873604439273E+02    0.128825512322597664E+02    0.237660310313850886E+03   -0.118214635054415975E+02    1
    0.603048512373973189E+01    0.312088591671958326E+02    0.237667534698333924E+03   -0.118239635054416112E+02    1
    0.637649197672782631E+01    0.311031190127710069E+02    0.237668630947062610E+03   -0.118264635054416107E+02    1
    0.191164135767527839E+02    0.646833137133170766E+01    0.237727821309037637E+03   -0.118289635054415978E+02    1
    0.251991382858875426E+02    0.128838637781631604E+02    0.237733512393835269E+03   -0.118314635054415973E+02    1
    0.311013605869428567E+02    0.620446240561147100E+01    0.237737253815548485E+03   -0.118339635054416146E+02    1
    0.185509201815785190E+02    0.189748183019979066E+02    0.237754128049603167E+03   -0.118364635054416230E+02    1
    0.618442466117841683E+01    0.185413777731901170E+02    0.237759430342376277E+03   -0.118389635054416189E+02    1
    0.123104871452609643E+02    0.123689800718340734E+02    0.237780418245062378E+03   -0.118414635054416149E+02    1
    0.311165783173709187E+00    0.126525968769605583E+02    0.237781775145224458E+03   -0.118439635054416019E+02    1
    0.191721666938287854E+02    0.627370541335944143E+01    0.237783371264120092E+03   -0.118464635054415961E+02    1
    0.606535316927666557E+01    0.652003706250604687E+01    0.237824957818533136E+03   -0.118489635054416116E+02    1
    0.127851924515666688E+02    0.235007638345622299E+00    0.237846588494815165E+03   -0.118514635054416146E+02    1
    0.254134976582629264E+02    0.249803440138370298E+02    0.237895875471218346E+03   -0.118539635054416124E+02    1
    0.128613756548979730E+02    0.121809369503528539E+00    0.237902742818346979E+03   -0.118564635054416119E+02    1
    0.276254211094429047E+00    0.127210639398093583E+02    0.237985216635290726E+03   -0.118589635054416220E+02    1
    0.125866970041876485E+02    0.128820851842380328E+02    0.237985640928348971E+03   -0.118614635054416393E+02    1
    0.128795818548303842E+02    0.250884807678860113E+02    0.237987682961939441E+03   -0.118639635054416104E+02    1
    0.597337230172848521E+01    0.634610743919162079E+01    0.237994260214685227E+03   -0.118664635054415886E+02    1
    0.254448900901228363E+02    0.250851414173592389E+02    0.238005532745023459E+03   -0.118689635054415987E+02    1
    0.128666702624209659E+02    0.250375650813855799E+02    0.238031022207683321E+03   -0.118714635054416053E+02    1
    0.649341473294368399E+01    0.604930026986735392E+01    0.238054497627963514E+03   -0.118739635054415924E+02    1
    0.188991830300836234E+02    0.191597957195009627E+02    0.238054746800888523E+03   -0.118764635054416026E+02    1
    0.189183457511412563E+02    0.597738182084773229E+01    0.238078599018044343E+03   -0.118789635054416269E+02    1
    0.640290947512285058E+01    0.185598584559587181E+02    0.238081217353099845E+03   -0.118814635054416105E+02    1
    0.279968588513255956E+00    0.127062066774329825E+02    0.238098552471568865E+03   -0.118839635054415957E+02    1
    0.251275756202282814E+02    0.122542385706393091E+02    0.238116198265150672E+03   -0.118864635054416006E+02    1
    0.127311143874976498E+02    0.123009239124744365E+02    0.238116696358922525E+03   -0.118889635054416125E+02    1
    0.311583858022398239E+02    0.312409487492642626E+02    0.238149830825774870E+03   -0.118914635054416156E+02    1
    0.191597430045040902E+02    0.188494210779973628E+02    0.238177562301834229E+03   -0.118939635054416222E+02    1
    0.600081306204408715E+01    0.187220138208675273E+02    0.238193601639309207E+03   -0.118964635054416341E+02    1
    0.122582746979571713E+02    0.125949552206779707E+02    0.238201497528686758E+03   -0.118989635054416087E+02    1
    0.214334406269241357E+00    0.123428775059173983E+02    0.238203324586693981E+03   -0.119014635054415905E+02    1
    0.300897453327899522E+00    0.124967341159206136E+02    0.238220446454125096E+03   -0.119039635054416060E+02    1
    0.186507178630345045E+02    0.651870833418931550E+01    0.238246615079102014E+03   -0.119064635054416019E+02    1
    0.188719388843690439E+02    0.597618489277146736E+01    0.238250501921680097E+03   -0.119089635054415997E+02    1
    0.124242948830509423E+02    0.272652528191577592E+00    0.238267708206096245E+03   -0.119114635054416027E+02    1
    0.637769626298500825E+01    0.191411062363067472E+02    0.238293975278633781E+03   -0.119139635054415916E+02    1
    0.312621140341569443E+02    0.191146492775652987E+02    0.238297774476036665E+03   -0.119164635054415911E+02    1
    0.191309861763341011E+02    0.312947398279204059E+02    0.238297868121300780E+03   -0.119189635054416030E+02    1
    0.123318663580432801E+02    0.197178017492238206E+00    0.238302790745604483E+03   -0.119214635054416025E+02    1
    0.249639722325639859E+02    0.128214839988077784E+02    0.238316785165248604E+03   -0.119239635054416091E+02    1
    0.191505370258625618E+02    0.313644673194878507E+02    0.238326389402424468E+03   -0.119264635054416193E+02    1
    0.653115538842897081E+01    0.190276858488546168E+02    0.238334386551186753E+03   -0.119289635054416028E+02    1
    0.248289678407116909E+02    0.125676825223352413E+02    0.238372950641649396E+03   -0.119314635054416076E+02    1
    0.190603152854318409E+02    0.606404504605328398E+01    0.238373747731126144E+03   -0.119339635054416267E+02    1
    0.252629364832681702E+02    0.128409705278242647E+02    0.238374477281709915E+03   -0.119364635054416315E+02    1
    0.311219293242989075E+02    0.189257315943601370E+02    0.238377159250284564E+03   -0.119389635054416079E+02    1
    0.191414161455095417E+02    0.636699730675342135E+01    0.238379062859745005E+03   -0.119414635054415861E+02    1
    0.189715576381522055E+02    0.600515708736447085E+01    0.238382480595860500E+03   -0.119439635054415838E+02    1
    0.599323928676229034E+01    0.187597766944264421E+02    0.238383256981657695E+03   -0.119464635054416046E+02    1
    0.127272587484362454E+02    0.257304812819117379E+00    0.238389451107013116E+03   -0.119489635054416041E+02    1
    0.123187500910955059E+02    0.253079758273430713E+02    0.238393512867613083E+03   -0.119514635054415947E+02    1
    0.314110829217023806E+02    0.658620993794580745E+01    0.238394443423891772E+03   -0.119539635054416209E+02    1
    0.125524976575002611E+02    0.248302349335275672E+02    0.238401702623944118E+03   -0.119564635054416168E+02    1
    0.128468044357538620E+02    0.114352806966156087E+00    0.238405039499234391E+03   -0.119589635054416217E+02    1
    0.312395823816803464E+02    0.186034568766755264E+02    0.238411449285166839E+03   -0.119614635054416389E+02    1
    0.311543015435382884E+02    0.643330045735813894E+01    0.238443803199718303E+03   -0.119639635054416171E+02    1
    0.191047694163500488E+02    0.644391332581923315E+01    0.238445118217529028E+03   -0.119664635054416149E+02    1
    0.185805350076580851E+02    0.187149562629627511E+02    0.238467329388405432E+03   -0.119689635054416375E+02    1
    0.127697091371012625E+02    0.249111529357675821E+02    0.238472367076473716E+03   -0.119714635054416458E+02    1
    0.633683854464288032E+01    0.191450231349132309E+02    0.238478324984544287E+03   -0.119739635054416222E+02    1
    0.229652464918165738E+00    0.123736849398153304E+02    0.238500880469607949E+03   -0.119764635054416146E+02    1
    0.248979006522054931E+02    0.127510580550478387E+02    0.238530796722163615E+03   -0.119789635054416408E+02    1
    0.254055138149326432E+02    0.124448780428055414E+02    0.238532231904487560E+03   -0.119814635054416172E+02    1
    0.251269216264419875E+02    0.254310803411542707E+02    0.238533913042535545E+03   -0.119839635054416167E+02    1
    0.128629227582384456E+02    0.125343080463702528E+02    0.238537700034038096E+03   -0.119864635054416215E+02    1
    0.248496584769430200E+02    0.126582706449741256E+02    0.238559500352601304E+03   -0.119889635054416122E+02    1
    0.187392510073111751E+02    0.185733947902055050E+02    0.238567963072404410E+03   -0.119914635054416276E+02    1
    0.311291745376538707E+02    0.313396068391872724E+02    0.238585024686405234E+03   -0.119939635054416147E+02    1
    0.185873696577857928E+02    0.642202673246905942E+01    0.238590166484041475E+03   -0.119964635054415965E+02    1
    0.313021507176745430E+02    0.311420682402977747E+02    0.238592438499302659E+03   -0.119989635054416173E+02    1
    0.608943179465646445E+01    0.311917587960293012E+02    0.238603777600437326E+03   -0.120014635054416416E+02    1
    0.253148513167153872E+02    0.123336496489139957E+02    0.238626691008457385E+03   -0.120039635054416376E+02    1
    0.254008987439194982E+02    0.124429344958363544E+02    0.238632643964446146E+03   -0.120064635054416105E+02    1
    0.253494369874007752E+02    0.127641863502242998E+02    0.238688267555614061E+03   -0.120089635054415869E+02    1
    0.128533338954195901E+02    0.251927767676006482E+02    0.238688633182239016E+03   -0.120114635054415793E+02    1
    0.312723007278867406E+02    0.311604049773703053E+02    0.238694609427767602E+03   -0.120139635054416054E+02    1
    0.612764602973514183E+01    0.186010873124087865E+02    0.238694746991515615E+03   -0.120164635054416120E+02    1
    0.189095355852051874E+02    0.191360007437108379E+02    0.238703743554116585E+03   -0.120189635054416044E+02    1
    0.186378357265052088E+02    0.608101770096703298E+01    0.238707685822746072E+03   -0.120214635054416146E+02    1
    0.607595021317966122E+01    0.607659677284789890E+01    0.238711268567901982E+03   -0.120239635054416034E+02    1
    0.311968049156890714E+02    0.608982946955966753E+01    0.238722273678161372E+03   -0.120264635054416154E+02    1
    0.252165258016284497E+02    0.122867336977286978E+02    0.238726257900567731E+03   -0.120289635054416131E+02    1
    0.250439412883567911E+02    0.254107729514796645E+02    0.238727981251722923E+03   -0.120314635054415913E+02    1
    0.288904825684114186E+00    0.126064271557712093E+02    0.238731803456458010E+03   -0.120339635054415872E+02    1
    0.251132971774998524E+02    0.128569075032012954E+02    0.238745344724344903E+03   -0.120364635054415885E+02    1
    0.128252404296688187E+02    0.133548447795054065E+00    0.238747237948535798E+03   -0.120389635054416146E+02    1
    0.188195204681135628E+02    0.191390244881038782E+02    0.238750279845916310E+03   -0.120414635054416213E+02    1
    0.250629982762902408E+02    0.122843843922885778E+02    0.238767183870819593E+03   -0.120439635054416190E+02    1
    0.127787772646814339E+02    0.123679486452603733E+02    0.238767601845283878E+03   -0.120464635054416132E+02    1
    0.190713058744538166E+02    0.312283391243074675E+02    0.238773668088299161E+03   -0.120489635054416180E+02    1
    0.123106289888438223E+02    0.249955245616271711E+02    0.238778058172759103E+03   -0.120514635054416370E+02    1
    0.638430576312037878E+01    0.185777299435359282E+02    0.238781926860773609E+03   -0.120539635054416294E+02    1
    0.126769432573112617E+02    0.248646272727242881E+02    0.238782603375077372E+03   -0.120564635054416076E+02    1
    0.623716963731499607E+01    0.191357538414048989E+02    0.238783888893890179E+03   -0.120589635054416071E+02    1
    0.250170964266048159E+02    0.253985484950986518E+02    0.238787065066262869E+03   -0.120614635054416297E+02    1
    0.311667721060736547E+02    0.642908418990935004E+01    0.238821603484474736E+03   -0.120639635054416221E+02    1
    0.253954463678886562E+02    0.126858991103995304E+02    0.238823363419232180E+03   -0.120664635054415985E+02    1
    0.126085305884031680E+02    0.285382222997245805E+00    0.238823879561838424E+03   -0.120689635054415838E+02    1
    0.126685631341954714E+02    0.122965780093108563E+02    0.238825893107614036E+03   -0.120714635054415904E+02    1
    0.653338527144236725E+01    0.189932492014891601E+02    0.238827286677627995E+03   -0.120739635054415935E+02    1
    0.189469378612806523E+02    0.655468936958965998E+01    0.238827314336815050E+03   -0.120764635054415947E+02    1
    0.640982198789559376E+01    0.602563093249408599E+01    0.238869960123055620E+03   -0.120789635054416227E+02    1
    0.253433670187125273E+02    0.127614448221515726E+02    0.238870260697017983E+03   -0.120814635054416115E+02    1
    0.128110406647506458E+02    0.249832885485171943E+02    0.238879633311299330E+03   -0.120839635054416004E+02    1
    0.629882117244050299E+01    0.311300079486046855E+02    0.238884396363172300E+03   -0.120864635054416354E+02    1
    0.128051617111384513E+02    0.158396148562108319E+00    0.238884451362902695E+03   -0.120889635054416420E+02    1
    0.191185706797050976E+02    0.189463840743834062E+02    0.238899538061349745E+03   -0.120914635054416237E+02    1
    0.613652932386881211E+01    0.603812314835380892E+01    0.238911102959308295E+03   -0.120939635054416090E+02    1
    0.254045218445161964E+02    0.126536904246624520E+02    0.238911759874595987E+03   -0.120964635054415961E+02    1
    0.185698656054773004E+02    0.622851126645419662E+01    0.238924006609763069E+03   -0.120989635054416009E+02    1
    0.191343282766546281E+02    0.629260243263212971E+01    0.238924655399524994E+03   -0.121014635054416040E+02    1
    0.123139103364798963E+02    0.124349623967127503E+02    0.238938140343931224E+03   -0.121039635054416070E+02    1
    0.126743193599344188E+02    0.128290316102925761E+02    0.238954857886801420E+03   -0.121064635054416172E+02    1
    0.187497743307937839E+02    0.654898262195946934E+01    0.238956389288080317E+03   -0.121089635054416167E+02    1
    0.191320273891719062E+02    0.627799679946714839E+01    0.238992684039207262E+03   -0.121114635054416393E+02    1
    0.603219571673895594E+01    0.187196468034509209E+02    0.238994348574981984E+03   -0.121139635054416530E+02    1
    0.625803106178522572E+01    0.311346329303490421E+02    0.238995782021671687E+03   -0.121164635054416365E+02    1
    0.128149295266528078E+02    0.252670514142052554E+02    0.238997120893671564E+03   -0.121189635054416289E+02    1
    0.656078672227844706E+01    0.187996354312183236E+02    0.239006540773630633E+03   -0.121214635054416391E+02    1
    0.254085131471090939E+02    0.250737129335776210E+02    0.239007845194847420E+03   -0.121239635054416226E+02    1
    0.124724722341992393E+02    0.253974314334961484E+02    0.239042011412397073E+03   -0.121264635054416239E+02    1
    0.123973080229083283E+02    0.253569995100727326E+02    0.239045610710143848E+03   -0.121289635054416411E+02    1
    0.122861231033927467E+02    0.251395320829666353E+02    0.239054052682370070E+03   -0.121314635054416442E+02    1
    0.603992706908272936E+01    0.187099940645733547E+02    0.239055475668415710E+03   -0.121339635054416437E+02    1
    0.252172498453983707E+02    0.128335944533110329E+02    0.239057875002462367E+03   -0.121364635054416272E+02    1
    0.648552660272356718E+01    0.190435685777569645E+02    0.239060535252034555E+03   -0.121389635054416267E+02    1
    0.614051266534659845E+01    0.190907020349802785E+02    0.239062834126173385E+03   -0.121414635054416173E+02    1
    0.187763408092491915E+02    0.601297501629959097E+01    0.239066159311634721E+03   -0.121439635054416275E+02    1
    0.190184794915523732E+02    0.311927950518046231E+02    0.239072988234447791E+03   -0.121464635054416377E+02    1
    0.188359436854176963E+02    0.185708888745499969E+02    0.239091161925419328E+03   -0.121489635054416052E+02    1
    0.312005186311798646E+02    0.646034525943723104E+01    0.239099864882950499E+03   -0.121514635054416100E+02    1
    0.127535162179457071E+02    0.253393013026905365E+02    0.239104788719711820E+03   -0.121539635054416379E+02    1
    0.123741255281996683E+02    0.123645580472964873E+02    0.239105036033989791E+03   -0.121564635054416463E+02    1
    0.127496542615904112E+02    0.123568184597737716E+02    0.239113951403272040E+03   -0.121589635054416263E+02    1
    0.189551310663304982E+02    0.311584764135635517E+02    0.239114792346067532E+03   -0.121614635054415938E+02    1
    0.312933650004723063E+02    0.653295913976342302E+01    0.239116532455380337E+03   -0.121639635054416129E+02    1
    0.127718633295016577E+02    0.127538221746526155E+02    0.239120944522729729E+03   -0.121664635054416124E+02    1
    0.312644105686244878E+02    0.311836258040566356E+02    0.239142077058806365E+03   -0.121689635054415835E+02    1
    0.250684377451116553E+02    0.122971168848499310E+02    0.239152532399009090E+03   -0.121714635054416078E+02    1
    0.637830454505261280E+01    0.654315427445642772E+01    0.239153876835239799E+03   -0.121739635054416304E+02    1
    0.616305442391373326E+01    0.603428708819505033E+01    0.239167496852357743E+03   -0.121764635054416139E+02    1
    0.313405626849388810E+02    0.654873674884044021E+01    0.239174636883030729E+03   -0.121789635054416117E+02    1
    0.312089225879604228E+02    0.610132875026401145E+01    0.239192558798758853E+03   -0.121814635054416200E+02    1
    0.123683752895186476E+02    0.123748795196437076E+02    0.239195207445151993E+03   -0.121839635054416231E+02    1
    0.190805371318430623E+02    0.312663091248431861E+02    0.239200838928249283E+03   -0.121864635054416048E+02    1
    0.311781251849528616E+02    0.312783155040873275E+02    0.239212854571060745E+03   -0.121889635054415848E+02    1
    0.636013721138894095E+01    0.185863229118607904E+02    0.239223716578853498E+03   -0.121914635054416109E+02    1
    0.311603212909028144E+02    0.638149198712268184E+01    0.239235349838802478E+03   -0.121939635054416140E+02    1
    0.311455280252020188E+02    0.624331151809736085E+01    0.239247809700328446E+03   -0.121964635054416028E+02    1
    0.214076361731186965E+00    0.127365900389907338E+02    0.239247960572033918E+03   -0.121989635054416237E+02    1
    0.313682609836438395E+02    0.185806425829035007E+02    0.239253935223637001E+03   -0.122014635054416090E+02    1
    0.191209837886431728E+02    0.188197389120255920E+02    0.239254732933193395E+03   -0.122039635054415836E+02    1
    0.191143968389264174E+02    0.313501636974319062E+02    0.239260541071533709E+03   -0.122064635054416080E+02    1
    0.311626429884320757E+02    0.187489008634560506E+02    0.239271028207324576E+03   -0.122089635054416448E+02    1
    0.311441046869907865E+02    0.188348762070726146E+02    0.239277432908079192E+03   -0.122114635054416247E+02    1
    0.127983572089306943E+02    0.252747268609848170E+02    0.239288106308161076E+03   -0.122139635054416171E+02    1
    0.313955986988419227E+02    0.185790127767108544E+02    0.239302208949912966E+03   -0.122164635054416397E+02    1
    0.615713345644719467E+01    0.186092884622636596E+02    0.239305364814547886E+03   -0.122189635054416126E+02    1
    0.311635409491660731E+02    0.618502686827293946E+01    0.239318259392098327E+03   -0.122214635054415979E+02    1
    0.125761265950068601E+02    0.248625954332994432E+02    0.239328680192491788E+03   -0.122239635054416258E+02    1
    0.655077483729774990E+01    0.188875990663656310E+02    0.239330203889266897E+03   -0.122264635054416377E+02    1
    0.311698837702945966E+02    0.639450476187318984E+01    0.239338995343743647E+03   -0.122289635054416284E+02    1
    0.648892375068697902E+01    0.610829765050231455E+01    0.239342011576887330E+03   -0.122314635054416190E+02    1
    0.617368671003556457E+01    0.186040096570551761E+02    0.239371102623131492E+03   -0.122339635054416185E+02    1
    0.123001297419724764E+02    0.251644225189875002E+02    0.239388089838400589E+03   -0.122364635054416251E+02    1
    0.312192119490758628E+02    0.312344008745639421E+02    0.239405055160342016E+03   -0.122389635054416299E+02    1
    0.313221668634539441E+02    0.311658745545697151E+02    0.239418561841311430E+03   -0.122414635054416188E+02    1
    0.127764995173458846E+02    0.252976216138451484E+02    0.239420131103624755E+03   -0.122439635054415987E+02    1
    0.199787041401303683E+00    0.127434944976693796E+02    0.239422939037272897E+03   -0.122464635054415982E+02    1
    0.123670658601027483E+02    0.123887190036698112E+02    0.239423206829942586E+03   -0.122489635054416066E+02    1
    0.126733023070165611E+02    0.244208090840049574E+00    0.239431327440003969E+03   -0.122514635054416186E+02    1
    0.186446332996494455E+02    0.645336056828324267E+01    0.239439490497170624E+03   -0.122539635054416287E+02    1
    0.619287318186987346E+01    0.185995237686855006E+02    0.239450545971943342E+03   -0.122564635054416353E+02    1
    0.128114922844234691E+02    0.250318583133379100E+02    0.239471440820829145E+03   -0.122589635054416242E+02    1
    0.126314851580755256E+02    0.248758566749819394E+02    0.239471677439859377E+03   -0.122614635054416219E+02    1
    0.190307571350946390E+02    0.609060329448633908E+01    0.239490941661314906E+03   -0.122639635054416267E+02    1
    0.608221136171935139E+01    0.190210169139245195E+02    0.239497417196904223E+03   -0.122664635054416173E+02    1
    0.190309957233850824E+02    0.312241809774417902E+02    0.239502633820166722E+03   -0.122689635054416257E+02    1
    0.123666260250880242E+02    0.127389155076751432E+02    0.239503394228106316E+03   -0.122714635054416359E+02    1
    0.127402341491826530E+02    0.123680799381689219E+02    0.239509480723379369E+03   -0.122739635054416176E+02    1
    0.187891701058888856E+02    0.653949395230451636E+01    0.239515866556149462E+03   -0.122764635054416011E+02    1
    0.312092076929576017E+02    0.312531605347823884E+02    0.239525326738592554E+03   -0.122789635054416202E+02    1
    0.189530146283560725E+02    0.604144090721045046E+01    0.239527279302367788E+03   -0.122814635054416392E+02    1
    0.187704487888240443E+02    0.653374115590157167E+01    0.239531694418366754E+03   -0.122839635054416405E+02    1
    0.189732199984279433E+02    0.651499046689799055E+01    0.239533965811181787E+03   -0.122864635054416205E+02    1
    0.123515183699515685E+02    0.249818589358151080E+02    0.239539884378131063E+03   -0.122889635054416111E+02    1
    0.187628623970431399E+02    0.653083152191909466E+01    0.239541547131030399E+03   -0.122914635054416266E+02    1
    0.250059618476794512E+02    0.123372051198969803E+02    0.239555847509059589E+03   -0.122939635054416136E+02    1
    0.191030342076100190E+02    0.189144484674665634E+02    0.239559825245252398E+03   -0.122964635054416132E+02    1
    0.123591618504393086E+02    0.124066819361255654E+02    0.239564572015706176E+03   -0.122989635054416180E+02    1
    0.311552879271372092E+02    0.626441128938964731E+01    0.239567649018518836E+03   -0.123014635054416122E+02    1
    0.128239810187497643E+02    0.425452129506031923E-01    0.239573626127888303E+03   -0.123039635054416205E+02    1
    0.313111634591590828E+02    0.311768450867121274E+02    0.239577633557607612E+03   -0.123064635054416325E+02    1
    0.126100714395905218E+02    0.128229806112980569E+02    0.239594351742587463E+03   -0.123089635054416231E+02    1
    0.125789516951681222E+02    0.123076690158004940E+02    0.239627500078120221E+03   -0.123114635054416031E+02    1
    0.311748437996700645E+02    0.313213725683604167E+02    0.239630791435721505E+03   -0.123139635054416132E+02    1
    0.248811037731029963E+02    0.126262478921490882E+02    0.239637293008840658E+03   -0.123164635054416269E+02    1
    0.609163373646374406E+01    0.645682095420586499E+01    0.239644217853133824E+03   -0.123189635054416264E+02    1
    0.311800429169994722E+02    0.638872955386094166E+01    0.239645220976621829E+03   -0.123214635054416153E+02    1
    0.648217106936988419E+01    0.190143941864714776E+02    0.239647803618384359E+03   -0.123239635054416059E+02    1
    0.252722814567409237E+02    0.123491736546187543E+02    0.239653189177091662E+03   -0.123264635054416107E+02    1
    0.188157361915195800E+02    0.191048450059824333E+02    0.239666135324487414E+03   -0.123289635054416244E+02    1
    0.611834385668683289E+01    0.186518471963534012E+02    0.239672987775392528E+03   -0.123314635054416151E+02    1
    0.249639741640907603E+00    0.126271075660392533E+02    0.239682127221904523E+03   -0.123339635054416057E+02    1
    0.248804206676583100E+02    0.126144625438232048E+02    0.239683304845576458E+03   -0.123364635054416194E+02    1
    0.187610440015426221E+02    0.190895753554133236E+02    0.239711278400653214E+03   -0.123389635054416154E+02    1
    0.188911371710141474E+02    0.603097482100400129E+01    0.239715077951314470E+03   -0.123414635054416042E+02    1
    0.189486912661757962E+02    0.186140369976219446E+02    0.239718995934857389E+03   -0.123439635054416268E+02    1
    0.640466790576927636E+01    0.186251030870004151E+02    0.239727807293285707E+03   -0.123464635054416352E+02    1
    0.125110767249247541E+02    0.123173088462633267E+02    0.239727892936235122E+03   -0.123489635054416169E+02    1
    0.312739178062677716E+02    0.312039605055818292E+02    0.239730533312781830E+03   -0.123514635054416182E+02    1
    0.253019721465714049E+02    0.249420171651534552E+02    0.239735159418100864E+03   -0.123539635054416301E+02    1
    0.613067996593105580E+01    0.648671040504274110E+01    0.239751536324308603E+03   -0.123564635054416296E+02    1
    0.123133622562039129E+02    0.251546993599359503E+02    0.239756888868499487E+03   -0.123589635054416167E+02    1
    0.128110328594982761E+02    0.664346655774198380E-01    0.239768960655598192E+03   -0.123614635054416144E+02    1
    0.138952409510297359E+00    0.123545455075905544E+02    0.239776241901536736E+03   -0.123639635054416210E+02    1
    0.249180756422641743E+02    0.127001313067467976E+02    0.239786278697854073E+03   -0.123664635054416152E+02    1
    0.180019254639320947E+00    0.127440661706449205E+02    0.239786637250130639E+03   -0.123689635054416058E+02    1
    0.124402895471619725E+02    0.123475810101778745E+02    0.239796400360373866E+03   -0.123714635054416178E+02    1
    0.227251894504428814E+00    0.126761625945025340E+02    0.239799201823748575E+03   -0.123739635054416421E+02    1
    0.253130458636435627E+02    0.123897535735315785E+02    0.239800552072811712E+03   -0.123764635054416345E+02    1
    0.189852748009303269E+02    0.312032277194602194E+02    0.239801943861951941E+03   -0.123789635054416340E+02    1
    0.311639074953802364E+02    0.314147055988539812E+02    0.239805730974351064E+03   -0.123814635054416318E+02    1
    0.123815223039956681E+02    0.127375762845892648E+02    0.239811643747975836E+03   -0.123839635054416313E+02    1
    0.127476425470114734E+02    0.123916154651410491E+02    0.239815718972408121E+03   -0.123864635054416219E+02    1
    0.123167596455992889E+02    0.251010525659267110E+02    0.239816247261117752E+03   -0.123889635054416214E+02    1
    0.311740441061364955E+02    0.621389936300333368E+01    0.239817264786844532E+03   -0.123914635054416227E+02    1
    0.235037600780054839E+00    0.124790113469094397E+02    0.239839502634418039E+03   -0.123939635054415991E+02    1
    0.249084916147193987E+02    0.124544842504298892E+02    0.239843760515796959E+03   -0.123964635054416217E+02    1
    0.125668390267348062E+02    0.250414445671471586E+00    0.239846074966818776E+03   -0.123989635054416230E+02    1
    0.127098732797094609E+02    0.127711182320705792E+02    0.239859318160576265E+03   -0.124014635054416207E+02    1
    0.190231763946202967E+02    0.186696246442055944E+02    0.239859551239616877E+03   -0.124039635054416433E+02    1
    0.123189786975472408E+02    0.251006613601638620E+02    0.239870110143346238E+03   -0.124064635054416303E+02    1
    0.605987127711421891E+01    0.639451048919266718E+01    0.239870896177044159E+03   -0.124089635054416316E+02    1
    0.126866021590110467E+02    0.249143199322879738E+02    0.239876140313889834E+03   -0.124114635054416222E+02    1
    0.125157357260788551E+02    0.128103923855698181E+02    0.239876548900732246E+03   -0.124139635054416200E+02    1
    0.609642393766552626E+01    0.312508981089933933E+02    0.239879688946862160E+03   -0.124164635054416195E+02    1
    0.125419551462195180E+02    0.123185284401066610E+02    0.239880495751402748E+03   -0.124189635054416208E+02    1
    0.653091326944534067E+01    0.313942461702486106E+02    0.239889592810912234E+03   -0.124214635054416416E+02    1
    0.123588144502770891E+02    0.252696632168220070E+02    0.239893438858766160E+03   -0.124239635054416162E+02    1
    0.128143890173668940E+02    0.125710268602419326E+02    0.239904690199567170E+03   -0.124264635054416033E+02    1
    0.150500833184968263E+00    0.123689985769555140E+02    0.239904794244261524E+03   -0.124289635054416223E+02    1
    0.188471489492707960E+02    0.311680138045702506E+02    0.239908099436812023E+03   -0.124314635054416147E+02    1
    0.311681285091684472E+02    0.188473303649854387E+02    0.239910983164932219E+03   -0.124339635054416231E+02    1
    0.611741489680161799E+01    0.312317098058398379E+02    0.239914529333009483E+03   -0.124364635054416262E+02    1
    0.252250812620598772E+02    0.123367261202474747E+02    0.239920131182396034E+03   -0.124389635054416150E+02    1
    0.312155043391508364E+02    0.613795462752795018E+01    0.239921902261022638E+03   -0.124414635054416287E+02    1
    0.127390128094311859E+02    0.249563345472858380E+02    0.239939050204007174E+03   -0.124439635054416300E+02    1
    0.649435105548311231E+01    0.189766750342895136E+02    0.239946905228619642E+03   -0.124464635054416224E+02    1
    0.611581583253846439E+01    0.190303153142148496E+02    0.239950903684715087E+03   -0.124489635054416148E+02    1
    0.189256669748584159E+02    0.186154357035085525E+02    0.239952476691642772E+03   -0.124514635054416267E+02    1
    0.781554192198271602E-01    0.123330747930862152E+02    0.239956036247337863E+03   -0.124539635054416244E+02    1
    0.616258340576439334E+01    0.312017895665220735E+02    0.239964217473019403E+03   -0.124564635054416115E+02    1
    0.186047100194354975E+02    0.630221413966002686E+01    0.239965918417838424E+03   -0.124589635054416199E+02    1
    0.611495803700302165E+01    0.312368574755375228E+02    0.239966886157173121E+03   -0.124614635054416087E+02    1
    0.125506783505335129E+02    0.123215109774241913E+02    0.239971344906268712E+03   -0.124639635054416171E+02    1
    0.649391782867373646E+01    0.187248219626224248E+02    0.239985950393995267E+03   -0.124664635054416433E+02    1
    0.190934008259827195E+02    0.188662192694166961E+02    0.239994574727960412E+03   -0.124689635054416232E+02    1
    0.190201702196661131E+02    0.645789463856519408E+01    0.240003482399904641E+03   -0.124714635054416210E+02    1
    0.187006092410831393E+02    0.190429161358588210E+02    0.240006201314330610E+03   -0.124739635054416453E+02    1
    0.125230127471105028E+02    0.123266226236550924E+02    0.240013906905106239E+03   -0.124764635054416324E+02    1
    0.123973641651112167E+02    0.123907102257988608E+02    0.240014094802620093E+03   -0.124789635054416088E+02    1
    0.644165195028059401E+01    0.609797917421248492E+01    0.240014349574700589E+03   -0.124814635054416154E+02    1
    0.627623502756174201E+01    0.603977808203253375E+01    0.240016649340012805E+03   -0.124839635054416185E+02    1
    0.311986271439970615E+02    0.639290273507483686E+01    0.240020930680854889E+03   -0.124864635054416020E+02    1
    0.187855408762780307E+02    0.604909564307397929E+01    0.240037550654452275E+03   -0.124889635054416246E+02    1
    0.127823494660613530E+02    0.124558152673259368E+02    0.240040319826181843E+03   -0.124914635054416223E+02    1
    0.123239383581854600E+02    0.251354249460830879E+02    0.240042381425019329E+03   -0.124939635054416076E+02    1
    0.607559084909794933E+01    0.615804991714385341E+01    0.240046508763373566E+03   -0.124964635054416284E+02    1
    0.189079320566945803E+02    0.190845963333382045E+02    0.240049607857520186E+03   -0.124989635054416404E+02    1
    0.252791596314124547E+02    0.123736897274044537E+02    0.240056518535599537E+03   -0.125014635054416363E+02    1
    0.190709471837975819E+02    0.189469691916827294E+02    0.240058181054370124E+03   -0.125039635054416163E+02    1
    0.251711741697172862E+02    0.123279443893967144E+02    0.240065557324128122E+03   -0.125064635054416247E+02    1
    0.123296495189596271E+02    0.126133040194822943E+02    0.240069949871259325E+03   -0.125089635054416348E+02    1
    0.123323376404284772E+02    0.251909884163286293E+02    0.240073983974455587E+03   -0.125114635054416166E+02    1
    0.190701052538476503E+02    0.189472278357240036E+02    0.240074262241385043E+03   -0.125139635054416161E+02    1
    0.190835079574915980E+02    0.187936841944965209E+02    0.240089374907474053E+03   -0.125164635054416102E+02    1
    0.253063303676089895E+02    0.123997510875042334E+02    0.240090149081686349E+03   -0.125189635054415973E+02    1
    0.124540738748714013E+02    0.127790027722324879E+02    0.240092652115846533E+03   -0.125214635054416057E+02    1
    0.606782217569893234E+01    0.189559497040324914E+02    0.240098570063776975E+03   -0.125239635054416141E+02    1
    0.312877378956010190E+02    0.186463813719699871E+02    0.240098643994729684E+03   -0.125264635054416065E+02    1
    0.253220731337015721E+02    0.249856902877496871E+02    0.240111137012578894E+03   -0.125289635054416202E+02    1
    0.125297168358742859E+02    0.128030003468698581E+02    0.240114890640671319E+03   -0.125314635054416268E+02    1
    0.249020589465556306E+02    0.126288041829790068E+02    0.240126691117169628E+03   -0.125339635054416014E+02    1
    0.611658927193283475E+01    0.312451124216558576E+02    0.240138237993499672E+03   -0.125364635054416169E+02    1
    0.127884325099408951E+02    0.124809692754727362E+02    0.240152710652527020E+03   -0.125389635054416182E+02    1
    0.253599029946508203E+02    0.126343040287296251E+02    0.240171589495843165E+03   -0.125414635054415982E+02    1
    0.252480765512137495E+02    0.127731285488492112E+02    0.240181291861908704E+03   -0.125439635054416225E+02    1
    0.186392551318283175E+02    0.189562839801929570E+02    0.240202727355645493E+03   -0.125464635054416398E+02    1
    0.124643384187121633E+02    0.123548175569473955E+02    0.240225191226797165E+03   -0.125489635054416233E+02    1
    0.313464048359277179E+02    0.186253668423922711E+02    0.240227826447408546E+03   -0.125514635054416317E+02    1
    0.186521473383191498E+02    0.615631537434907106E+01    0.240230826259507438E+03   -0.125539635054416507E+02    1
    0.640888578577124690E+01    0.608516585438316593E+01    0.240233487467978364E+03   -0.125564635054416378E+02    1
    0.123949244535225755E+02    0.124068008791419544E+02    0.240241834537674436E+03   -0.125589635054416231E+02    1
    0.311837235348865214E+02    0.188785640493068172E+02    0.240243733388949522E+03   -0.125614635054416297E+02    1
    0.190825389185939613E+02    0.313943556956087164E+02    0.240244316451664787E+03   -0.125639635054416470E+02    1
    0.648937850403519256E+01    0.189603059089462569E+02    0.240244645458493693E+03   -0.125664635054416518E+02    1
    0.608620090098000865E+01    0.189751467063531294E+02    0.240255298836825318E+03   -0.125689635054416371E+02    1
    0.123424162184533852E+02    0.125035980073375246E+02    0.240277591760341267E+03   -0.125714635054416348E+02    1
    0.124388520947466983E+02    0.127608307672508001E+02    0.240280347541816610E+03   -0.125739635054416201E+02    1
    0.212931108525663715E+00    0.126586047841079488E+02    0.240290850417387247E+03   -0.125764635054416072E+02    1
    0.617392364388245429E+01    0.607875881449661382E+01    0.240297255125362227E+03   -0.125789635054416333E+02    1
    0.643895667487647128E+01    0.190200671698531956E+02    0.240317617509779438E+03   -0.125814635054416382E+02    1
    0.124865361119463802E+02    0.253490529547716825E+02    0.240324653222137300E+03   -0.125839635054416181E+02    1
    0.189484414830242294E+02    0.312082111099515380E+02    0.240337199137333300E+03   -0.125864635054416194E+02    1
    0.123638094501111730E+02    0.108523711785127874E+00    0.240343245072724272E+03   -0.125889635054416402E+02    1
    0.126774017444610809E+02    0.200843032287620155E+00    0.240350443306182882E+03   -0.125914635054416308E+02    1
    0.187923270204576340E+02    0.311938288958721515E+02    0.240352212126995965E+03   -0.125939635054416197E+02    1
    0.126478402198817150E+02    0.214388784737075011E+00    0.240352944754006899E+03   -0.125964635054416103E+02    1
    0.126419966767544434E+02    0.253489810837872724E+02    0.240358840098294195E+03   -0.125989635054416134E+02    1
    0.121223444806909039E+00    0.127607878955861977E+02    0.240359330613273727E+03   -0.126014635054416200E+02    1
    0.190161992283853287E+02    0.612657864661765039E+01    0.240369748555979925E+03   -0.126039635054416195E+02    1
    0.123984914086126032E+02    0.249776108163383945E+02    0.240372078608100111E+03   -0.126064635054416403E+02    1
    0.124096411956738333E+02    0.166111308635652988E+00    0.240376673630732967E+03   -0.126089635054416505E+02    1
    0.610885944507049405E+01    0.613586912077308799E+01    0.240379878054964990E+03   -0.126114635054416500E+02    1
    0.253024763488678701E+02    0.127186278824100931E+02    0.240384884816322909E+03   -0.126139635054416424E+02    1
    0.123577383794017805E+02    0.126563323129616414E+02    0.240402185434470368E+03   -0.126164635054416312E+02    1
    0.249305530552387395E+02    0.126695130693923605E+02    0.240407643844688863E+03   -0.126189635054416254E+02    1
    0.127805665771991919E+02    0.724839027381148776E-01    0.240426097269549956E+03   -0.126214635054416302E+02    1
    0.187481077608858691E+02    0.648503172859533450E+01    0.240431856880703066E+03   -0.126239635054416262E+02    1
    0.124680268697207595E+02    0.249298470079364378E+02    0.240441593787002631E+03   -0.126264635054416274E+02    1
    0.125864487013492550E+02    0.253569925013030009E+02    0.240447318298742402E+03   -0.126289635054416181E+02    1
    0.127666806787492551E+02    0.102759599010578115E+00    0.240449409818284806E+03   -0.126314635054416229E+02    1
    0.189683786160517336E+02    0.609212492161532726E+01    0.240452836330355012E+03   -0.126339635054416419E+02    1
    0.648819419757980675E+01    0.637444276576978286E+01    0.240465487529860184E+03   -0.126364635054416130E+02    1
    0.189922542825813707E+02    0.312429797675728409E+02    0.240470736128709518E+03   -0.126389635054416214E+02    1
    0.187096811663183864E+02    0.610798912724804399E+01    0.240471439794601622E+03   -0.126414635054416333E+02    1
    0.127251782963612090E+02    0.124093616385524630E+02    0.240490914628646948E+03   -0.126439635054416275E+02    1
    0.189019716872925585E+02    0.190660277456113683E+02    0.240502093700395449E+03   -0.126464635054416377E+02    1
    0.189204839987164313E+02    0.607308998476546691E+01    0.240524361652489944E+03   -0.126489635054416176E+02    1
    0.124920372522133913E+02    0.123579917990815140E+02    0.240535643861023374E+03   -0.126514635054416100E+02    1
    0.127858421662212844E+02    0.251053987505833973E+02    0.240536385488475645E+03   -0.126539635054416237E+02    1
    0.175997023173789374E+00    0.127001558326669581E+02    0.240540653593724045E+03   -0.126564635054416286E+02    1
    0.311952295447529302E+02    0.188599995096689526E+02    0.240541225449481232E+03   -0.126589635054416334E+02    1
    0.123565380849274113E+02    0.250635796742671353E+02    0.240542244810174452E+03   -0.126614635054416187E+02    1
    0.123470804381425676E+02    0.125881042561690748E+02    0.240554112239452394E+03   -0.126639635054416093E+02    1
    0.123509975696624075E+02    0.455247532926572537E-01    0.240559555047705089E+03   -0.126664635054416141E+02    1
    0.249134030734835292E+02    0.125786898719393321E+02    0.240569059954458851E+03   -0.126689635054416279E+02    1
    0.124746806033523168E+02    0.123666941193159463E+02    0.240569590016446398E+03   -0.126714635054416380E+02    1
    0.188913946859117878E+02    0.186349465939886088E+02    0.240592088495209396E+03   -0.126739635054416304E+02    1
    0.614607265517963253E+01    0.186795498231195900E+02    0.240599320625124392E+03   -0.126764635054416281E+02    1
    0.253074731251461422E+02    0.124354018880865240E+02    0.240600136176124749E+03   -0.126789635054416294E+02    1
    0.312001541547689136E+02    0.188824441715080553E+02    0.240600397291121709E+03   -0.126814635054416147E+02    1
    0.190117881204206753E+02    0.613753996007887448E+01    0.240607909443273854E+03   -0.126839635054416231E+02    1
    0.647674051436199338E+01    0.189495215490920934E+02    0.240610905511735012E+03   -0.126864635054416492E+02    1
    0.188689628767340025E+02    0.186327137046769344E+02    0.240612400412358994E+03   -0.126889635054416239E+02    1
    0.123680737883896192E+02    0.124773292100819990E+02    0.240621007329851494E+03   -0.126914635054416269E+02    1
    0.190134668826489737E+02    0.642599768542652861E+01    0.240621384468976487E+03   -0.126939635054416495E+02    1
    0.311991017217998419E+02    0.188612097262497258E+02    0.240624803354114903E+03   -0.126964635054416366E+02    1
    0.312309543299975481E+02    0.187359027970837282E+02    0.240627479683626007E+03   -0.126989635054416361E+02    1
    0.607686696501732371E+01    0.635034231594976006E+01    0.240629163086755682E+03   -0.127014635054416338E+02    1
    0.249539680223874747E+02    0.126892235808717064E+02    0.240631610953564376E+03   -0.127039635054416280E+02    1
    0.639240282423957085E-01    0.123591585372249266E+02    0.240631810888833996E+03   -0.127064635054416453E+02    1
    0.312343255009915062E+02    0.312974050020866770E+02    0.240632855623377793E+03   -0.127089635054416341E+02    1
    0.127460018040361138E+02    0.126876603067108089E+02    0.240635296495174714E+03   -0.127114635054416247E+02    1
    0.188440948043456693E+02    0.190660357847758348E+02    0.240637588894563152E+03   -0.127139635054416260E+02    1
    0.416811365479677343E-01    0.123539346395890526E+02    0.240639264169675243E+03   -0.127164635054416042E+02    1
    0.127069936835454040E+02    0.252974413961222062E+02    0.240639442908704268E+03   -0.127189635054415966E+02    1
    0.126567774852129080E+02    0.127624876623718304E+02    0.240651834901525262E+03   -0.127214635054416210E+02    1
    0.249703894226737440E+02    0.127086180813523590E+02    0.240654898719340167E+03   -0.127239635054416436E+02    1
    0.312225257437512447E+02    0.637881579594559245E+01    0.240656274574294855E+03   -0.127264635054416253E+02    1
    0.123561156069134164E+02    0.467608120509810932E-01    0.240663035547445787E+03   -0.127289635054416124E+02    1
    0.186460764909839227E+02    0.189195856608049660E+02    0.240667777216990146E+03   -0.127314635054416367E+02    1
    0.250720796520655824E+02    0.123601284826225530E+02    0.240672215519046631E+03   -0.127339635054416487E+02    1
    0.188102899373774086E+02    0.190607116539710510E+02    0.240676214834748379E+03   -0.127364635054416500E+02    1
    0.124799504364017633E+02    0.195672650334130560E+00    0.240695792713868713E+03   -0.127389635054416583E+02    1
    0.638563732893798441E+01    0.186618805292994665E+02    0.240698036635337729E+03   -0.127414635054416188E+02    1
    0.252160962661946328E+02    0.123696607920968837E+02    0.240701408556266216E+03   -0.127439635054416325E+02    1
    0.312035333115743576E+02    0.314004886260765907E+02    0.240715052728790084E+03   -0.127464635054416018E+02    1
    0.313008005989507758E+02    0.312368489438129942E+02    0.240718111608591784E+03   -0.127489635054416137E+02    1
    0.187031408210529762E+02    0.612865996962714998E+01    0.240718841097534863E+03   -0.127514635054416239E+02    1
    0.190384477433488541E+02    0.618763019147170290E+01    0.240743367625902721E+03   -0.127539635054416127E+02    1
    0.186389927998625531E+02    0.188308925161529359E+02    0.240748376554228230E+03   -0.127564635054416069E+02    1
    0.312379941950986186E+02    0.187354761481765699E+02    0.240750589023527141E+03   -0.127589635054416135E+02    1
    0.618229854101071385E+01    0.186643720386414529E+02    0.240760502600708520E+03   -0.127614635054416361E+02    1
    0.127504593232550025E+02    0.102457002520716989E+00    0.240764800162545271E+03   -0.127639635054416161E+02    1
    0.250568750740403807E+02    0.123699311651834361E+02    0.240766345798851489E+03   -0.127664635054416014E+02    1
    0.123558762284956121E+02    0.231221887774177856E-02    0.240766967543379963E+03   -0.127689635054416080E+02    1
    0.607366097262502613E+01    0.630261423993157610E+01    0.240768806651500341E+03   -0.127714635054416341E+02    1
    0.123638301488311626E+02    0.250769707065885683E+02    0.240776541348888088E+03   -0.127739635054416034E+02    1
    0.127249399595752006E+02    0.249949907059642449E+02    0.240778683055271784E+03   -0.127764635054416136E+02    1
    0.187209716112625841E+02    0.611730523457210129E+01    0.240782067613848085E+03   -0.127789635054416006E+02    1
    0.127447771330909578E+02    0.124567617288460148E+02    0.240792154521514334E+03   -0.127814635054415966E+02    1
    0.609322418373448826E+01    0.189353681567945138E+02    0.240811433478399209E+03   -0.127839635054416227E+02    1
    0.250272589896006998E+02    0.127458612536185640E+02    0.240817118175997138E+03   -0.127864635054416365E+02    1
    0.313228605157652709E+02    0.646917912894877301E+01    0.240821307423228717E+03   -0.127889635054416217E+02    1
    0.249261670029443181E+02    0.125453191206954724E+02    0.240827102248541763E+03   -0.127914635054416124E+02    1
    0.189991287183566122E+02    0.312724834336557898E+02    0.240837384866726381E+03   -0.127939635054416314E+02    1
    0.190225881842585558E+02    0.187357639243553997E+02    0.240840049382455959E+03   -0.127964635054416291E+02    1
    0.609398384307438334E+01    0.187661069861516410E+02    0.240845885904315708E+03   -0.127989635054416233E+02    1
    0.123599958668061785E+02    0.251342899032626832E+02    0.240853272166101419E+03   -0.128014635054416424E+02    1
    0.126611365221022591E+02    0.127488800008847196E+02    0.240869711895074090E+03   -0.128039635054416223E+02    1
    0.312333249127426420E+02    0.618896177595765451E+01    0.240873152691156605E+03   -0.128064635054416236E+02    1
    0.609457017682766100E+01    0.620198644752071715E+01    0.240875530253799695E+03   -0.128089635054416195E+02    1
    0.123688079983542618E+02    0.250770157566773548E+02    0.240876692169207416E+03   -0.128114635054415942E+02    1
    0.190108368156718797E+02    0.615667118335573882E+01    0.240883897328996937E+03   -0.128139635054416061E+02    1
    0.644634239773133100E+01    0.640676164093441969E+01    0.240890179723793523E+03   -0.128164635054416394E+02    1
    0.188828117279761791E+02    0.312140764633574186E+02    0.240890772077271492E+03   -0.128189635054416442E+02    1
    0.121584691619279511E+00    0.127307472683318874E+02    0.240894607790628413E+03   -0.128214635054416171E+02    1
    0.249291346615303588E+02    0.125835010352813530E+02    0.240895668819278569E+03   -0.128239635054416024E+02    1
    0.127703696591983924E+02    0.251422629756621276E+02    0.240897782271553126E+03   -0.128264635054416232E+02    1
    0.644587546950848100E+01    0.189728087975010311E+02    0.240901803751456839E+03   -0.128289635054416262E+02    1
    0.253345650401094602E+02    0.125950007358959084E+02    0.240905622055696284E+03   -0.128314635054416293E+02    1
    0.269524117752308612E-01    0.123644091346020772E+02    0.240907496584202079E+03   -0.128339635054416590E+02    1
    0.249763976285471188E+02    0.126969872268806849E+02    0.240909662544964107E+03   -0.128364635054416567E+02    1
    0.189013885760611373E+02    0.312199480672797165E+02    0.240928919293187818E+03   -0.128389635054416225E+02    1
    0.646892067299476548E+01    0.636426103546583111E+01    0.240930605269703705E+03   -0.128414635054415989E+02    1
    0.123832368490488083E+02    0.124799140757879137E+02    0.240933626249179781E+03   -0.128439635054416179E+02    1
    0.190310729201803888E+02    0.189390740019004937E+02    0.240936232075291343E+03   -0.128464635054416370E+02    1
    0.125151495147360396E+02    0.195482243244888804E+00    0.240941820942018950E+03   -0.128489635054416524E+02    1
    0.123970804543412001E+02    0.124561969365492846E+02    0.240944840740140563E+03   -0.128514635054416413E+02    1
    0.123877500830447609E+02    0.126603360958140083E+02    0.240947705702516544E+03   -0.128539635054416230E+02    1
    0.127628168842032714E+02    0.125204987015386120E+02    0.240948846020716331E+03   -0.128564635054416136E+02    1
    0.126316829931633752E+02    0.123755347080288534E+02    0.240949724597244767E+03   -0.128589635054416007E+02    1
    0.608248610046628801E+01    0.629807128251003423E+01    0.240958262186467437E+03   -0.128614635054416233E+02    1
    0.313679257699516576E+02    0.312206207292193767E+02    0.240961270003066460E+03   -0.128639635054416157E+02    1
    0.187226809618884893E+02    0.190055445435023529E+02    0.240963481818592527E+03   -0.128664635054416188E+02    1
    0.124443360086632833E+02    0.159784604454087764E+00    0.240963742094706447E+03   -0.128689635054416307E+02    1
    0.644903963260000612E+01    0.639652909318584317E+01    0.240967098335873544E+03   -0.128714635054416391E+02    1
    0.189950254016420956E+02    0.189876989942348011E+02    0.240972811309950146E+03   -0.128739635054416439E+02    1
    0.312569527090955859E+02    0.312940558262919701E+02    0.240978702984694081E+03   -0.128764635054416114E+02    1
    0.250405286704632211E+02    0.123888709691448309E+02    0.240984070162919437E+03   -0.128789635054416216E+02    1
    0.647299171896847891E+01    0.189124527666146243E+02    0.240984890390566562E+03   -0.128814635054416460E+02    1
    0.125268004022809691E+02    0.195945938231438355E+00    0.240985643631008173E+03   -0.128839635054416206E+02    1
    0.127659914246226673E+02    0.464043531339414402E-02    0.240989944718027232E+03   -0.128864635054416059E+02    1
    0.253208393391555013E+02    0.126326984594271376E+02    0.240995097314850824E+03   -0.128889635054416409E+02    1
    0.186885202300085211E+02    0.616565869354377050E+01    0.240997716778974223E+03   -0.128914635054416458E+02    1
    0.646016140657421900E+01    0.189411952973072424E+02    0.240998658068678822E+03   -0.128939635054416346E+02    1
    0.125149469406400513E+02    0.249403307373912888E+02    0.241000583766119007E+03   -0.128964635054416465E+02    1
    0.644474261087075728E+01    0.187330951071123941E+02    0.241001771907467258E+03   -0.128989635054416567E+02    1
    0.250039540539323966E+02    0.127170446864188413E+02    0.241020698852283317E+03   -0.129014635054416491E+02    1
    0.611055091364386982E+01    0.618641160658859501E+01    0.241026368112645571E+03   -0.129039635054416486E+02    1
    0.188962496603800503E+02    0.190411373879064101E+02    0.241039796584749467E+03   -0.129064635054416232E+02    1
    0.127503187360472374E+02    0.124960427242417378E+02    0.241045226182420748E+03   -0.129089635054416068E+02    1
    0.189355351233877229E+02    0.610704622704577549E+01    0.241063842318292131E+03   -0.129114635054416418E+02    1
    0.251307458873046770E+02    0.123708339528878941E+02    0.241071863812214190E+03   -0.129139635054416377E+02    1
    0.187650253420809641E+02    0.190259020074247438E+02    0.241072553023630689E+03   -0.129164635054416248E+02    1
    0.126468208466062517E+02    0.249545217787363249E+02    0.241072932787287471E+03   -0.129189635054416154E+02    1
    0.125173096191003310E+02    0.249438260691061515E+02    0.241079387325888348E+03   -0.129214635054416114E+02    1
    0.312513661327151979E+02    0.617877222597486053E+01    0.241085974703132962E+03   -0.129239635054416215E+02    1
    0.186649335690293938E+02    0.634410686357873210E+01    0.241094578581037752E+03   -0.129264635054416264E+02    1
    0.187917724471868617E+02    0.646866700586537213E+01    0.241097265212743878E+03   -0.129289635054416401E+02    1
    0.186889916296533158E+02    0.187401684396582837E+02    0.241097869064113979E+03   -0.129314635054416325E+02    1
    0.647557896337938566E+01    0.188237551193378110E+02    0.241099970849548328E+03   -0.129339635054416302E+02    1
    0.188546227833987601E+02    0.608953314130761214E+01    0.241107615419641718E+03   -0.129364635054416244E+02    1
    0.127082539313535250E+02    0.250013026952794810E+02    0.241115089386111833E+03   -0.129389635054416257E+02    1
    0.188362590638122285E+02    0.312232242379191227E+02    0.241118481553322226E+03   -0.129414635054416358E+02    1
    0.187433178382804080E+02    0.190102303419713401E+02    0.241130132435356018E+03   -0.129439635054416371E+02    1
    0.249927877969962218E+02    0.126984586066972813E+02    0.241133789519475670E+03   -0.129464635054416384E+02    1
    0.611670480938082051E+01    0.187537969474876292E+02    0.241140890996131958E+03   -0.129489635054416325E+02    1
    0.189764389429268405E+02    0.189934964114641680E+02    0.241144608269570682E+03   -0.129514635054416249E+02    1
    0.123776237754477751E+02    0.250998182466574562E+02    0.241148842404601822E+03   -0.129539635054416209E+02    1
    0.190076583714374294E+02    0.187416649811871849E+02    0.241153539556460913E+03   -0.129564635054416168E+02    1
    0.123793414123389915E+02    0.250928926936675794E+02    0.241156020476782032E+03   -0.129589635054416252E+02    1
    0.189814090220220955E+02    0.614486111883198660E+01    0.241159643491556722E+03   -0.129614635054416336E+02    1
    0.186706853994798259E+02    0.635025505393972800E+01    0.241160149448158478E+03   -0.129639635054416367E+02    1
    0.187010607616330091E+02    0.616319687864607246E+01    0.241163136341147066E+03   -0.129664635054416397E+02    1
    0.250595931590881946E+02    0.123901334941905841E+02    0.241164405383143134E+03   -0.129689635054416375E+02    1
    0.190372593529652043E+02    0.313829573087102176E+02    0.241168422329466807E+03   -0.129714635054416352E+02    1
    0.123786895166079809E+02    0.125981642529222366E+02    0.241172657574815759E+03   -0.129739635054416382E+02    1
    0.312260425418675318E+02    0.188599412309666796E+02    0.241176104325894727E+03   -0.129764635054416466E+02    1
    0.124622558230174558E+02    0.127252563205981026E+02    0.241181215401328359E+03   -0.129789635054416319E+02    1
    0.123865578845849846E+02    0.251930796654999831E+02    0.241186150130342241E+03   -0.129814635054416261E+02    1
    0.190352665853678111E+02    0.624480812807034624E+01    0.241186477050500031E+03   -0.129839635054416238E+02    1
    0.189959816686241538E+02    0.640353269805982084E+01    0.241189437755208019E+03   -0.129864635054416198E+02    1
    0.614117962956723851E+01    0.187240409306447759E+02    0.241189687244250763E+03   -0.129889635054416388E+02    1
    0.609476315369187915E+01    0.188303820321220243E+02    0.241190877006713947E+03   -0.129914635054416312E+02    1
    0.188011509379925528E+02    0.190326510858179176E+02    0.241191335549673084E+03   -0.129939635054416147E+02    1
    0.124045594950261204E+02    0.124683412559624411E+02    0.241195793541865697E+03   -0.129964635054416231E+02    1
    0.124332038372596188E+02    0.134300457226074005E+00    0.241197214597142505E+03   -0.129989635054416333E+02    1
    0.253081406753577660E+02    0.124969426212877615E+02    0.241205781586865101E+03   -0.130014635054416345E+02    1
    0.127540013602543141E+02    0.125550972926895028E+02    0.241217884152028319E+03   -0.130039635054416269E+02    1
    0.189941011046631232E+02    0.616300807879246459E+01    0.241218954368683001E+03   -0.130064635054416193E+02    1
    0.189219050112394598E+02    0.190229380583070942E+02    0.241220365484171310E+03   -0.130089635054416242E+02    1
    0.187898626227285099E+02    0.312378483968671610E+02    0.241221217004261518E+03   -0.130114635054416414E+02    1
    0.123839491443192813E+02    0.125221799450384150E+02    0.241223262470504181E+03   -0.130139635054416480E+02    1
    0.189116144792683016E+02    0.190266448238331805E+02    0.241224434224242628E+03   -0.130164635054416511E+02    1
    0.125850743670158298E+02    0.186495022727671211E+00    0.241228075928340814E+03   -0.130189635054416346E+02    1
    0.127435695346267401E+02    0.126272085778513325E+02    0.241229994937079482E+03   -0.130214635054416146E+02    1
    0.124027538205708563E+02    0.126575112754638699E+02    0.241231627828078786E+03   -0.130239635054416301E+02    1
    0.124471374314760155E+02    0.249886993205684078E+02    0.241237583561348885E+03   -0.130264635054416331E+02    1
    0.645858094946872185E+01    0.189137690271079570E+02    0.241240782540525743E+03   -0.130289635054416202E+02    1
    0.189337944935085645E+02    0.312492074084170000E+02    0.241240853861520890E+03   -0.130314635054416250E+02    1
    0.126702496112202390E+02    0.252872529964400741E+02    0.241252499369786847E+03   -0.130339635054416352E+02    1
    0.633530346700944413E+01    0.312374463547635521E+02    0.241256469455415044E+03   -0.130364635054416436E+02    1
    0.610506433358492462E+01    0.313643279377570181E+02    0.241265607690381444E+03   -0.130389635054416271E+02    1
    0.312352573696911442E+02    0.632432334792990591E+01    0.241268290440883447E+03   -0.130414635054416284E+02    1
    0.630483910481949383E+01    0.609950300130281953E+01    0.241274438970594787E+03   -0.130439635054416474E+02    1
    0.188461133915397845E+02    0.312312048745179673E+02    0.241278100733199750E+03   -0.130464635054416487E+02    1
    0.646453127385380633E+01    0.188847901003999645E+02    0.241278578597290732E+03   -0.130489635054416411E+02    1
    0.189043719217580950E+02    0.312396061428864869E+02    0.241280514715220562E+03   -0.130514635054416281E+02    1
    0.252278029138281958E+02    0.124087456589545582E+02    0.241291687065873134E+03   -0.130539635054416348E+02    1
    0.188818477133221876E+02    0.190303763308010652E+02    0.241298106124377910E+03   -0.130564635054416414E+02    1
    0.189992807151158409E+02    0.638911693377806600E+01    0.241304032530238032E+03   -0.130589635054416231E+02    1
    0.190252071980405937E+02    0.313634915741457903E+02    0.241305154861239203E+03   -0.130614635054416262E+02    1
    0.186671287698688673E+02    0.626685320361185116E+01    0.241307671484478504E+03   -0.130639635054416221E+02    1
    0.610200962029983085E+01    0.313904251711815085E+02    0.241311315953393461E+03   -0.130664635054416305E+02    1
    0.127402683828285959E+02    0.126231812159266816E+02    0.241311991059544624E+03   -0.130689635054416389E+02    1
    0.646165947532259999E+01    0.188106082537425507E+02    0.241316707736540650E+03   -0.130714635054416366E+02    1
    0.642344608763437552E+01    0.312988604952514358E+02    0.241317253527190303E+03   -0.130739635054416432E+02    1
    0.249505841490651470E+02    0.125705211250446087E+02    0.241325130838379010E+03   -0.130764635054416338E+02    1
    0.622277494307005874E+01    0.611174261918339301E+01    0.241333442473268491E+03   -0.130789635054416298E+02    1
    0.252973823622730478E+02    0.124895072993235061E+02    0.241335038515522882E+03   -0.130814635054416204E+02    1
    0.124149178946944527E+02    0.100362636178085135E+00    0.241335541228412268E+03   -0.130839635054416252E+02    1
    0.640136847890437899E+01    0.187116683682861158E+02    0.241337211642276657E+03   -0.130864635054416425E+02    1
    0.250819837376007584E+02    0.127406569725753762E+02    0.241337843383940765E+03   -0.130889635054416367E+02    1
    0.252455719173050248E+02    0.124241478290211074E+02    0.241338291792021238E+03   -0.130914635054416166E+02    1
    0.126209461758013752E+02    0.253057192933526132E+02    0.241340511214207794E+03   -0.130939635054416481E+02    1
    0.124083302335547216E+02    0.889736458746594600E-01    0.241341309969120857E+03   -0.130964635054416245E+02    1
    0.189500504004397463E+02    0.312652514493726734E+02    0.241346015202532612E+03   -0.130989635054416134E+02    1
    0.125374594421265293E+02    0.127450058268671818E+02    0.241347967785931445E+03   -0.131014635054416253E+02    1
    0.187753526765121457E+02    0.312509153087721856E+02    0.241349066171576027E+03   -0.131039635054416319E+02    1
    0.126887571199090097E+02    0.126989246108245730E+02    0.241358883791690175E+03   -0.131064635054416421E+02    1
    0.188401595848546144E+02    0.610319223578776970E+01    0.241360971391793697E+03   -0.131089635054416362E+02    1
    0.126754210904275109E+02    0.127097296980069316E+02    0.241364094173546448E+03   -0.131114635054416322E+02    1
    0.126620586113609725E+02    0.252849703609335066E+02    0.241369688115014526E+03   -0.131139635054416299E+02    1
    0.138948332173268213E+00    0.124527131248465484E+02    0.241375136134180906E+03   -0.131164635054416330E+02    1
    0.313589799566579153E+02    0.645328731225493790E+01    0.241376850290550891E+03   -0.131189635054416556E+02    1
    0.313974349591996216E+02    0.312375683676923863E+02    0.241377710891357282E+03   -0.131214635054416409E+02    1
    0.252532093380084994E+02    0.126992663619095367E+02    0.241377720607154799E+03   -0.131239635054416244E+02    1
    0.189978526298491417E+02    0.618264339030896171E+01    0.241381261811211374E+03   -0.131264635054416186E+02    1
    0.127451417895421102E+02    0.251438343314723873E+02    0.241381271515315461E+03   -0.131289635054416109E+02    1
    0.174434620382052957E+00    0.125277143919939871E+02    0.241389514460676168E+03   -0.131314635054416193E+02    1
    0.250687360059991420E+02    0.123999638706116446E+02    0.241396531697917140E+03   -0.131339635054416277E+02    1
    0.253043723310309971E+02    0.126140400423113501E+02    0.241399266829722876E+03   -0.131364635054416219E+02    1
    0.253100095635282720E+02    0.125794841944047171E+02    0.241405726888404473E+03   -0.131389635054416285E+02    1
    0.189519935984325301E+02    0.312707062846871864E+02    0.241407317655775387E+03   -0.131414635054416475E+02    1
    0.249721266209656392E+02    0.126418897638459473E+02    0.241411141002678875E+03   -0.131439635054416346E+02    1
    0.313258013848129799E+02    0.312631393137755502E+02    0.241413014891147213E+03   -0.131464635054416252E+02    1
    0.125881536550409319E+02    0.249569549100005226E+02    0.241416865488625575E+03   -0.131489635054416389E+02    1
    0.188499236707376419E+02    0.646024286312929341E+01    0.241418102511034419E+03   -0.131514635054416349E+02    1
    0.249917561255575293E+02    0.126734288338874652E+02    0.241419623751378055E+03   -0.131539635054416326E+02    1
    0.253090619524050524E+02    0.125597696642900853E+02    0.241429019670995302E+03   -0.131564635054416232E+02    1
    0.612673877245305576E+01    0.620254915636306681E+01    0.241437470789339329E+03   -0.131589635054416334E+02    1
    0.644555234161467094E+01    0.187818683926732355E+02    0.241438972400589279E+03   -0.131614635054416311E+02    1
    0.620850857709448523E+01    0.190085062759301451E+02    0.241444228928587307E+03   -0.131639635054416200E+02    1
    0.615810329021477099E+01    0.616073930450460239E+01    0.241454847935152401E+03   -0.131664635054416284E+02    1
    0.249659013950895385E+02    0.125139838256408744E+02    0.241457133728957501E+03   -0.131689635054416136E+02    1
    0.126867265643969436E+02    0.250064170779970958E+02    0.241464652399825184E+03   -0.131714635054416203E+02    1
    0.612163005655460069E+01    0.313506956419729725E+02    0.241468584473085940E+03   -0.131739635054416446E+02    1
    0.127399006297439694E+02    0.125583107518789419E+02    0.241477058380741880E+03   -0.131764635054416335E+02    1
    0.641168694902525527E+01    0.616629402691204387E+01    0.241478066170084418E+03   -0.131789635054416099E+02    1
    0.639410020754517650E+01    0.312822814954426391E+02    0.241478702061851124E+03   -0.131814635054416325E+02    1
    0.189859568317033585E+02    0.189567630252816492E+02    0.241481924280567739E+03   -0.131839635054416391E+02    1
    0.313595901664304222E+02    0.312521039530876443E+02    0.241485758804579348E+03   -0.131864635054416386E+02    1
    0.614569662858339161E+01    0.189549542352244167E+02    0.241486266439968432E+03   -0.131889635054416452E+02    1
    0.251236715121623320E+02    0.127392892953879411E+02    0.241486845419435582E+03   -0.131914635054416305E+02    1
    0.314147858197250969E+02    0.186765784302197950E+02    0.241489884873788640E+03   -0.131939635054416318E+02    1
    0.127462032886860310E+00    0.126833722756190781E+02    0.241490141203937213E+03   -0.131964635054416313E+02    1
    0.126863831209635780E+02    0.126902601907624533E+02    0.241499409466726092E+03   -0.131989635054416237E+02    1
    0.124200345884427303E+02    0.911898379006579884E-01    0.241500326422214812E+03   -0.132014635054416409E+02    1
    0.124092014326652542E+02    0.250620820470117067E+02    0.241501855091938694E+03   -0.132039635054416546E+02    1
    0.126483787831480505E+02    0.127177962357291214E+02    0.241503987743804345E+03   -0.132064635054416488E+02    1
    0.188803916556695732E+02    0.611427400489522732E+01    0.241512168457099705E+03   -0.132089635054416465E+02    1
    0.188204585006744907E+02    0.645219086116293994E+01    0.241515795582503443E+03   -0.132114635054416389E+02    1
    0.124248020809863480E+02    0.252294835266162458E+02    0.241516924554893592E+03   -0.132139635054416313E+02    1
    0.123989442514650179E+02    0.125302801029578230E+02    0.241519642408810910E+03   -0.132164635054416415E+02    1
    0.126994454169794064E+02    0.124586518583431420E+02    0.241521452114684394E+03   -0.132189635054416570E+02    1
    0.189359593173632135E+02    0.187018005359427164E+02    0.241522030234865724E+03   -0.132214635054416565E+02    1
    0.124542738163446938E+02    0.124374094326523839E+02    0.241527281230743540E+03   -0.132239635054416311E+02    1
    0.125605396144150205E+02    0.253034484552916510E+02    0.241527501619032108E+03   -0.132264635054416111E+02    1
    0.119089500814639301E+00    0.124445984406091004E+02    0.241536641455604865E+03   -0.132289635054416213E+02    1
    0.188672114133156228E+02    0.190188598822300676E+02    0.241537569125066625E+03   -0.132314635054416172E+02    1
    0.313213159032590305E+02    0.614199059553000559E+01    0.241542730139523854E+03   -0.132339635054416274E+02    1
    0.639793188277077007E+01    0.312906832974585640E+02    0.241544582694535364E+03   -0.132364635054416571E+02    1
    0.186799870667466443E+02    0.627428926190571890E+01    0.241544727604376760E+03   -0.132389635054416477E+02    1
    0.639477279888077366E+01    0.615546346076625372E+01    0.241548997104114051E+03   -0.132414635054416294E+02    1
    0.187891317310950825E+02    0.612483138612605948E+01    0.241550420703054129E+03   -0.132439635054416431E+02    1
    0.635215952967540165E+01    0.186948544489207187E+02    0.241552379160873699E+03   -0.132464635054416515E+02    1
    0.187589102682766438E+02    0.642623745672483082E+01    0.241553081833268294E+03   -0.132489635054416510E+02    1
    0.124756281269406557E+02    0.252755520870358374E+02    0.241555668189002944E+03   -0.132514635054416381E+02    1
    0.638022279658168223E+01    0.187110546703446659E+02    0.241557244724728577E+03   -0.132539635054416323E+02    1
    0.180594653817265673E-01    0.123988263474396252E+02    0.241566673137099883E+03   -0.132564635054416424E+02    1
    0.644650622315688970E+01    0.313745097871905614E+02    0.241567237215793881E+03   -0.132589635054416259E+02    1
    0.190175809248278647E+02    0.188443731397662511E+02    0.241573581167126491E+03   -0.132614635054416148E+02    1
    0.186870624828197371E+02    0.188920637832623655E+02    0.241576205349501350E+03   -0.132639635054416125E+02    1
    0.189943195572497388E+02    0.636833027890759507E+01    0.241576887218458296E+03   -0.132664635054416244E+02    1
    0.188671658267673656E+02    0.312489851419545630E+02    0.241577626677051256E+03   -0.132689635054416204E+02    1
    0.250098309549779820E+02    0.124520840431105437E+02    0.241578981143468297E+03   -0.132714635054416235E+02    1
    0.126561738931175949E+02    0.252745080935370119E+02    0.241579129371213980E+03   -0.132739635054416478E+02    1
    0.611789723936345986E+01    0.188212297966081721E+02    0.241580552304741815E+03   -0.132764635054416580E+02    1
    0.633706785989904731E+01    0.190077574118337971E+02    0.241590402156207944E+03   -0.132789635054416344E+02    1
    0.644735727329147679E+01    0.625253322485909990E+01    0.241592169271613272E+03   -0.132814635054416321E+02    1
    0.126173829464553862E+02    0.252917635033287844E+02    0.241592421831512866E+03   -0.132839635054416476E+02    1
    0.251476710593520068E+02    0.124000985566831918E+02    0.241593230775594435E+03   -0.132864635054416240E+02    1
    0.186827756340303672E+02    0.188552054124386963E+02    0.241594301649946260E+03   -0.132889635054416306E+02    1
    0.186869339340205478E+02    0.624659577063358551E+01    0.241597611204599644E+03   -0.132914635054416443E+02    1
    0.625424032406696817E+01    0.190134426724470771E+02    0.241601987687744355E+03   -0.132939635054416438E+02    1
    0.313595813019548153E+02    0.186929693565225925E+02    0.241602347841893959E+03   -0.132964635054416327E+02    1
    0.124024443570016754E+02    0.125942900745785114E+02    0.241604264560831041E+03   -0.132989635054416180E+02    1
    0.149691052715121981E+00    0.124940156786221319E+02    0.241605105141397871E+03   -0.133014635054416317E+02    1
    0.127037236703022032E+02    0.252264167042699263E+02    0.241605392715905253E+03   -0.133039635054416348E+02    1
    0.314127765904893543E+02    0.186835855051225117E+02    0.241608970315092790E+03   -0.133064635054416183E+02    1
    0.188724717331769014E+02    0.312517161024490733E+02    0.241612345724965934E+03   -0.133089635054416320E+02    1
    0.187189214091271587E+02    0.618161358220482526E+01    0.241618461993551534E+03   -0.133114635054416528E+02    1
    0.189830927690958937E+02    0.618569700813776535E+01    0.241620756576589997E+03   -0.133139635054416541E+02    1
    0.313279100482921891E+02    0.187096555110156366E+02    0.241621538964757150E+03   -0.133164635054416394E+02    1
    0.124014722638380270E+02    0.722957618349937686E-02    0.241624698771899489E+03   -0.133189635054416335E+02    1
    0.188566996119821972E+02    0.186848634881906861E+02    0.241628177173544799E+03   -0.133214635054416330E+02    1
    0.187612585812123882E+02    0.642231757315746776E+01    0.241629832797424172E+03   -0.133239635054416272E+02    1
    0.252724622676171400E+02    0.124790165624184883E+02    0.241629900538785023E+03   -0.133264635054416409E+02    1
    0.127036025653789348E+02    0.911765032749826954E-01    0.241630281553176502E+03   -0.133289635054416316E+02    1
    0.124324547820981586E+02    0.250367866098219309E+02    0.241630570390707703E+03   -0.133314635054416257E+02    1
    0.127112928209849070E+02    0.250545156251671344E+02    0.241631375659234806E+03   -0.133339635054416235E+02    1
    0.188016914425356347E+02    0.186920525209109201E+02    0.241632250818465081E+03   -0.133364635054416301E+02    1
    0.186958249672647447E+02    0.187907483371189805E+02    0.241632697184837298E+03   -0.133389635054416313E+02    1
    0.188043558535683815E+02    0.312577296468718018E+02    0.241633688140034621E+03   -0.133414635054416237E+02    1
    0.612537869656698852E+01    0.188959522494277614E+02    0.241634391029776538E+03   -0.133439635054416215E+02    1
    0.612438835670541604E+01    0.313732918112752799E+02    0.241635433411024280E+03   -0.133464635054416227E+02    1
    0.612036395084004781E+01    0.188317977608917744E+02    0.241645749470339069E+03   -0.133489635054416524E+02    1
    0.611961379731748156E+01    0.188551447493464934E+02    0.241647694987273297E+03   -0.133514635054416608E+02    1
    0.186875918872136779E+02    0.630052951497291414E+01    0.241660497218908745E+03   -0.133539635054416284E+02    1
    0.124584876069049457E+02    0.121519937314255255E+00    0.241667596221408218E+03   -0.133564635054416083E+02    1
    0.313831934342973042E+02    0.612414824278578518E+01    0.241669082741473346E+03   -0.133589635054416274E+02    1
    0.124137720445532054E+02    0.125110308891918116E+02    0.241670045452773479E+03   -0.133614635054416517E+02    1
    0.313135886376681079E+02    0.312902437672513329E+02    0.241674448502893881E+03   -0.133639635054416388E+02    1
    0.125905254074677924E+02    0.252929015638581802E+02    0.241675549751004354E+03   -0.133664635054416312E+02    1
    0.187644142988898608E+02    0.614539165489232531E+01    0.241675994216490608E+03   -0.133689635054416325E+02    1
    0.189870279242018896E+02    0.187640458584198377E+02    0.241677288679418751E+03   -0.133714635054416142E+02    1
    0.250904088994255154E+02    0.127225943684070550E+02    0.241677528379540149E+03   -0.133739635054416244E+02    1
    0.627985671637173848E+01    0.312542653887642068E+02    0.241679988432531957E+03   -0.133764635054416523E+02    1
    0.189690549152569190E+02    0.187410145880763039E+02    0.241684931696229938E+03   -0.133789635054416376E+02    1
    0.125553261535618343E+02    0.127268609154830283E+02    0.241693408432470477E+03   -0.133814635054416211E+02    1
    0.124080712768304586E+02    0.251607933837596143E+02    0.241695165511772160E+03   -0.133839635054416366E+02    1
    0.190047809904625744E+02    0.313740992121514601E+02    0.241695322968057098E+03   -0.133864635054416272E+02    1
    0.186960073575590044E+02    0.633068347453500468E+01    0.241695928707926527E+03   -0.133889635054416143E+02    1
    0.186949851593905763E+02    0.188922955072596856E+02    0.241701651359572622E+03   -0.133914635054416120E+02    1
    0.612337318179814893E+01    0.188413679110106216E+02    0.241707106728501458E+03   -0.133939635054416293E+02    1
    0.186911921758495971E+02    0.188714515442059607E+02    0.241709590498635066E+03   -0.133964635054416448E+02    1
    0.124124398706521504E+02    0.126088389849697950E+02    0.241712753805029934E+03   -0.133989635054416496E+02    1
    0.613382493976580445E+01    0.187931292202754747E+02    0.241713161861741327E+03   -0.134014635054416598E+02    1
    0.190083291954576943E+02    0.314028850428367008E+02    0.241718595165437989E+03   -0.134039635054416504E+02    1
    0.252748142762714068E+02    0.124945818747980155E+02    0.241721061412874803E+03   -0.134064635054416392E+02    1
    0.187014829151631119E+02    0.634141288891287669E+01    0.241722060151978724E+03   -0.134089635054416281E+02    1
    0.124445174223218409E+02    0.252350264165432989E+02    0.241722682584248901E+03   -0.134114635054416400E+02    1
    0.188040957475344008E+02    0.186971833713751501E+02    0.241723563252737307E+03   -0.134139635054416679E+02    1
    0.187117912213729376E+02    0.187701916395550654E+02    0.241724176908680931E+03   -0.134164635054416390E+02    1
    0.189922961344036629E+02    0.635286314808817743E+01    0.241726509184403568E+03   -0.134189635054416208E+02    1
    0.186917612730024700E+02    0.188674143091693907E+02    0.241726716264723507E+03   -0.134214635054416345E+02    1
    0.612767833776186510E+01    0.625235273356984322E+01    0.241731060459885725E+03   -0.134239635054416411E+02    1
    0.249855915728693496E+02    0.125075454917843167E+02    0.241732268057145689E+03   -0.134264635054416246E+02    1
    0.619358191354802656E+01    0.187188600850310074E+02    0.241732692758417187E+03   -0.134289635054416028E+02    1
    0.190061276808869160E+02    0.313917409763118087E+02    0.241732706600185139E+03   -0.134314635054416005E+02    1
    0.124263329867147974E+02    0.252066900104559579E+02    0.241734138994431333E+03   -0.134339635054416675E+02    1
    0.621046567429715068E+01    0.614258295568406609E+01    0.241735225206644998E+03   -0.134364635054416315E+02    1
    0.312923267086429711E+02    0.187510286568889839E+02    0.241739066577285115E+03   -0.134389635054416257E+02    1
    0.641720097592359107E+01    0.189326436460844292E+02    0.241745046810469319E+03   -0.134414635054416589E+02    1
    0.126012350569365186E+02    0.249792216740196942E+02    0.241748674925421739E+03   -0.134439635054416353E+02    1
    0.124112778494233034E+02    0.251585830599620373E+02    0.241751755622603582E+03   -0.134464635054416188E+02    1
    0.119913154514773940E+00    0.126680623872860103E+02    0.241752372197847393E+03   -0.134489635054416361E+02    1
    0.190058776549244968E+02    0.188348327045631940E+02    0.241755150797249598E+03   -0.134514635054416409E+02    1
    0.189855208781743130E+02    0.636142057056281107E+01    0.241757922086956057E+03   -0.134539635054416493E+02    1
    0.624902084987801842E+01    0.613032609193616018E+01    0.241761292446162059E+03   -0.134564635054416399E+02    1
    0.189429148987283043E+02    0.189751666118424716E+02    0.241763730050231317E+03   -0.134589635054416448E+02    1
    0.620792886692313584E+01    0.614612485056116498E+01    0.241765858011887445E+03   -0.134614635054416532E+02    1
    0.633490528711288015E+01    0.613565686747164829E+01    0.241766134413397197E+03   -0.134639635054416260E+02    1
    0.616727698923359124E+01    0.187447368590097838E+02    0.241767407460187712E+03   -0.134664635054416273E+02    1
    0.615634314524532922E+01    0.313248174885532755E+02    0.241768959292861126E+03   -0.134689635054416481E+02    1
    0.250651006604638233E+02    0.124259225200561279E+02    0.241773254199183867E+03   -0.134714635054416245E+02    1
    0.614593091081430032E+01    0.313426276659655052E+02    0.241777804322044744E+03   -0.134739635054416116E+02    1
    0.124260901264901449E+02    0.124994428871462375E+02    0.241780447179169727E+03   -0.134764635054416413E+02    1
    0.188931256843499860E+02    0.643234278394308578E+01    0.241780841645024964E+03   -0.134789635054416284E+02    1
    0.251220238543316121E+02    0.124114189920854976E+02    0.241781754306614800E+03   -0.134814635054416225E+02    1
    0.190047713340156186E+02    0.314142270065603491E+02    0.241783261950077389E+03   -0.134839635054416238E+02    1
    0.124992711843463713E+02    0.124266097327513290E+02    0.241786616764907535E+03   -0.134864635054416127E+02    1
    0.615171707018784986E+01    0.313340127869922540E+02    0.241788833884135357E+03   -0.134889635054416406E+02    1
    0.187097959496760176E+02    0.187829543295223615E+02    0.241789976979321324E+03   -0.134914635054416561E+02    1
    0.613268607968669244E+01    0.313797018179555991E+02    0.241790059026558538E+03   -0.134939635054416360E+02    1
    0.188688869884269046E+02    0.612973955056747144E+01    0.241792135054226691E+03   -0.134964635054416160E+02    1
    0.125004492600308961E+02    0.252719126946182762E+02    0.241802776751280703E+03   -0.134989635054416226E+02    1
    0.189588624060019590E+02    0.639145366494860756E+01    0.241805246976723311E+03   -0.135014635054416203E+02    1
    0.643690235238336772E+01    0.188522532062713353E+02    0.241806359186691395E+03   -0.135039635054416109E+02    1
    0.252863565039040950E+02    0.125622623570025045E+02    0.241807452035488438E+03   -0.135064635054416087E+02    1
    0.252057720225446822E+02    0.124312414887212324E+02    0.241808924991986885E+03   -0.135089635054416330E+02    1
    0.627340200807485093E+01    0.613025618476426004E+01    0.241814084426721337E+03   -0.135114635054416379E+02    1
    0.643270782389265339E+01    0.631667497046968673E+01    0.241814406474473770E+03   -0.135139635054416232E+02    1
    0.615404996291325546E+01    0.636508664107507283E+01    0.241819545577492022E+03   -0.135164635054416156E+02    1
    0.250509380416396041E+02    0.124372124688179237E+02    0.241820057358987185E+03   -0.135189635054416062E+02    1
    0.125989189729181010E+02    0.249834904389289179E+02    0.241821621900522416E+03   -0.135214635054416146E+02    1
    0.187652389637051584E+02    0.187223461881355000E+02    0.241824198914847898E+03   -0.135239635054416372E+02    1
    0.127056275965556811E+02    0.250704788149639164E+02    0.241825167559537817E+03   -0.135264635054416651E+02    1
    0.126705527401116367E+02    0.124549491215756181E+02    0.241825440474026209E+03   -0.135289635054416664E+02    1
    0.187183021510127752E+02    0.636067414856417024E+01    0.241827152491056523E+03   -0.135314635054416570E+02    1
    0.249949394525611766E+02    0.126313078838849044E+02    0.241828358920940417E+03   -0.135339635054416370E+02    1
    0.126888458195597256E+02    0.252227010366518307E+02    0.241834237436405715E+03   -0.135364635054416187E+02    1
    0.312654901078252863E+02    0.630332468719899985E+01    0.241836599092741750E+03   -0.135389635054416093E+02    1
    0.615819758199331346E+01    0.619712564738466476E+01    0.241837475610426793E+03   -0.135414635054416390E+02    1
    0.312763446357194788E+02    0.313565311508542912E+02    0.241838148847132487E+03   -0.135439635054416598E+02    1
    0.188409713838349795E+02    0.190006864272300078E+02    0.241842744065673202E+03   -0.135464635054416540E+02    1
    0.187026027700552788E+02    0.631926757562279917E+01    0.241843709863458116E+03   -0.135489635054416642E+02    1
    0.250226248962779998E+02    0.126697377388770214E+02    0.241848508824080767E+03   -0.135514635054416459E+02    1
    0.189472350845564605E+02    0.313008874500702809E+02    0.241850266494419685E+03   -0.135539635054416312E+02    1
    0.613288314190387585E+01    0.188589798193733706E+02    0.241854564428269754E+03   -0.135564635054416183E+02    1
    0.125085629035124200E+02    0.127054286190094228E+02    0.241854862231310250E+03   -0.135589635054416107E+02    1
    0.125568725583947991E+02    0.252828164870069863E+02    0.241857928076132509E+03   -0.135614635054416315E+02    1
    0.150227663016646446E+00    0.125618582200292224E+02    0.241859134985510906E+03   -0.135639635054416399E+02    1
    0.312996670418273872E+02    0.618800492580185235E+01    0.241860309365876020E+03   -0.135664635054416323E+02    1
    0.642332077989516304E+01    0.313625400416149454E+02    0.241864439396469663E+03   -0.135689635054416371E+02    1
    0.188185530029058619E+02    0.613671943995733660E+01    0.241868051781025684E+03   -0.135714635054416544E+02    1
    0.619856751729774125E+01    0.616028006091186064E+01    0.241875855122869382E+03   -0.135739635054416397E+02    1
    0.614016983173779618E+01    0.188072883451545145E+02    0.241876859175808249E+03   -0.135764635054416285E+02    1
    0.124693627261872457E+02    0.124532256568156949E+02    0.241878605696108053E+03   -0.135789635054416316E+02    1
    0.188901233454064261E+02    0.187063552017130235E+02    0.241881272426443502E+03   -0.135814635054416204E+02    1
    0.189057389971719054E+02    0.187119700569176395E+02    0.241884695160316824E+03   -0.135839635054416519E+02    1
    0.626152680901468806E+01    0.312694388624571111E+02    0.241892482813734063E+03   -0.135864635054416762E+02    1
    0.188070426133766873E+02    0.642484642765078640E+01    0.241895237332863189E+03   -0.135889635054416580E+02    1
    0.124221617358953349E+02    0.125990936727887863E+02    0.241895594531917311E+03   -0.135914635054416522E+02    1
    0.124266229082872091E+02    0.126132423147376329E+02    0.241902767944073190E+03   -0.135939635054416570E+02    1
    0.187701412549771689E+02    0.640718961268588760E+01    0.241905143053343295E+03   -0.135964635054416565E+02    1
    0.187026904006034336E+02    0.628820081728261382E+01    0.241909229331060118E+03   -0.135989635054416436E+02    1
    0.625636099785466193E+01    0.613875139538346115E+01    0.241909992567235918E+03   -0.136014635054416129E+02    1
    0.126642110982847935E+02    0.126759160733720755E+02    0.241910801737439186E+03   -0.136039635054416372E+02    1
    0.252473880874238468E+02    0.124750206716703573E+02    0.241915026183021666E+03   -0.136064635054416421E+02    1
    0.187063158805764367E+02    0.188805914600929903E+02    0.241915041513457339E+03   -0.136089635054416078E+02    1
    0.313045889999689564E+02    0.313205775655135881E+02    0.241915101401756544E+03   -0.136114635054416091E+02    1
    0.614244336913553024E+01    0.188091534932907507E+02    0.241917123636898566E+03   -0.136139635054416299E+02    1
    0.189957286364340838E+02    0.314087347168084321E+02    0.241918124628280566E+03   -0.136164635054416383E+02    1
    0.188531084603624315E+02    0.187033871160830074E+02    0.241920149439375223E+03   -0.136189635054416218E+02    1
    0.628814472830650573E+01    0.613706138040382942E+01    0.241920208089297830E+03   -0.136214635054416267E+02    1
    0.124373857058223223E+02    0.688359618766239550E-01    0.241920602698791299E+03   -0.136239635054416368E+02    1
    0.619183448636680644E+01    0.313022220308149883E+02    0.241925856039460939E+03   -0.136264635054416292E+02    1
    0.249966212357906805E+02    0.125140544349807783E+02    0.241926021626976933E+03   -0.136289635054416358E+02    1
    0.187201639612503996E+02    0.189166939827807283E+02    0.241926923809449988E+03   -0.136314635054416442E+02    1
    0.639550153819819300E+01    0.313234378960738482E+02    0.241931128283771386E+03   -0.136339635054416384E+02    1
    0.124439853686084874E+02    0.776422573525113457E-01    0.241939250607525167E+03   -0.136364635054416272E+02    1
    0.188595291552494828E+02    0.642769323882650934E+01    0.241940112865235363E+03   -0.136389635054416285E+02    1
    0.188418529813165030E+02    0.312716439648997344E+02    0.241945412516619740E+03   -0.136414635054416458E+02    1
    0.124374265904190935E+02    0.250676407915250543E+02    0.241946316711607295E+03   -0.136439635054416524E+02    1
    0.188271275851291335E+02    0.187069750360913183E+02    0.241947691145058940E+03   -0.136464635054416448E+02    1
    0.637540946388064178E+01    0.187387122297124087E+02    0.241950139810865863E+03   -0.136489635054416425E+02    1
    0.187104198259107157E+02    0.188866893221351333E+02    0.241952528603296003E+03   -0.136514635054416509E+02    1
    0.124315742544343610E+02    0.251829833214425811E+02    0.241954797637546022E+03   -0.136539635054416379E+02    1
    0.124233976867932920E+02    0.125792822189430176E+02    0.241958972379384306E+03   -0.136564635054416215E+02    1
    0.635953669755498385E+01    0.189709668519457857E+02    0.241961225531840114E+03   -0.136589635054416352E+02    1
    0.313399117906857150E+02    0.187281464721944033E+02    0.241963826111714866E+03   -0.136614635054416365E+02    1
    0.124835459922354968E+02    0.116781939964900175E+00    0.241964897568266849E+03   -0.136639635054416395E+02    1
    0.640882314913238638E+01    0.621510677630167496E+01    0.241968763261527897E+03   -0.136664635054416568E+02    1
    0.313912025526703431E+02    0.187089200529788648E+02    0.241970010417251586E+03   -0.136689635054416563E+02    1
    0.632359023807509857E+01    0.187127192968232130E+02    0.241971746706997550E+03   -0.136714635054416522E+02    1
    0.619083552358787603E+01    0.187409622257163093E+02    0.241973842931173181E+03   -0.136739635054416429E+02    1
    0.252351506651734496E+02    0.124673411171395045E+02    0.241975190387271653E+03   -0.136764635054416406E+02    1
    0.633456315418966742E+01    0.615037587271959563E+01    0.241975785868924390E+03   -0.136789635054416419E+02    1
    0.614809156924057110E+01    0.313711623342830279E+02    0.241976947585485021E+03   -0.136814635054416414E+02    1
    0.125211719272622997E+02    0.127012118246967560E+02    0.241978415901438666E+03   -0.136839635054416391E+02    1
    0.187076291878737813E+02    0.628881064766205444E+01    0.241980794754033781E+03   -0.136864635054416315E+02    1
    0.252729347763153456E+02    0.125440879967645706E+02    0.241982047849862084E+03   -0.136889635054416328E+02    1
    0.126212541638546281E+02    0.252634357894420312E+02    0.241985120496977970E+03   -0.136914635054416465E+02    1
    0.252420738898754458E+02    0.124766577638843454E+02    0.241989908661201639E+03   -0.136939635054416460E+02    1
    0.640862771123344110E+01    0.313506498710772874E+02    0.241990047608835084E+03   -0.136964635054416366E+02    1
    0.127073629744395333E+02    0.251427150422018961E+02    0.241990707665526031E+03   -0.136989635054416379E+02    1
    0.187084915647813013E+02    0.629170863347786646E+01    0.241991034271507345E+03   -0.137014635054416249E+02    1
    0.313156554390062603E+02    0.638262570171892030E+01    0.241992913853768869E+03   -0.137039635054416298E+02    1
    0.125031554128541025E+02    0.126161830420117443E+00    0.241994261467117639E+03   -0.137064635054416470E+02    1
    0.126383376607952602E+02    0.252539895524116957E+02    0.241995955548809889E+03   -0.137089635054416430E+02    1
    0.252400365513896254E+02    0.126578345129581198E+02    0.241996165372857121E+03   -0.137114635054416460E+02    1
    0.126289092267243355E+02    0.250064954992797865E+02    0.241997478041721934E+03   -0.137139635054416349E+02    1
    0.127065685291409043E+02    0.120461865026075376E-01    0.241999673059535155E+03   -0.137164635054416202E+02    1
    0.187444461915599341E+02    0.618976603811268866E+01    0.242001344399506905E+03   -0.137189635054416392E+02    1
    0.187994678418711381E+02    0.615188268640816638E+01    0.242002432869762089E+03   -0.137214635054416370E+02    1
    0.640041956484469843E+01    0.635992154024991052E+01    0.242008483715969760E+03   -0.137239635054416382E+02    1
    0.127057106979892289E+02    0.119603526595594301E-01    0.242011866656748111E+03   -0.137264635054416502E+02    1
    0.125323342067726653E+02    0.135358423758243723E+00    0.242015893507930173E+03   -0.137289635054416390E+02    1
    0.126420417034582400E+02    0.250154603731289562E+02    0.242016108465364937E+03   -0.137314635054416261E+02    1
    0.187117028167677404E+02    0.630481431682617277E+01    0.242016299847137788E+03   -0.137339635054416203E+02    1
    0.188666887074081693E+02    0.187111852231876732E+02    0.242017864762232676E+03   -0.137364635054416233E+02    1
    0.614866061584471169E+01    0.188133422033363047E+02    0.242019537032297961E+03   -0.137389635054416193E+02    1
    0.250024771407197441E+02    0.125172832774606348E+02    0.242021123107025488E+03   -0.137414635054416632E+02    1
    0.614508043416307448E+01    0.188364841235613945E+02    0.242027745233052201E+03   -0.137439635054416591E+02    1
    0.124327230404233724E+02    0.250962326775668174E+02    0.242030316409781676E+03   -0.137464635054416497E+02    1
    0.109573568678050667E+00    0.126508639546982540E+02    0.242033050228960462E+03   -0.137489635054416368E+02    1
    0.187857092579242568E+02    0.616113744994665513E+01    0.242041689553672825E+03   -0.137514635054416239E+02    1
    0.124976671397687564E+02    0.252512332685174954E+02    0.242052380356438647E+03   -0.137539635054416234E+02    1
    0.636067851342949364E+01    0.639521250671219033E+01    0.242062768579994838E+03   -0.137564635054416318E+02    1
    0.125410592723156444E+02    0.133606280206195110E+00    0.242065726765859125E+03   -0.137589635054416384E+02    1
    0.618883047554603305E+01    0.187517075869887258E+02    0.242066751683752329E+03   -0.137614635054416539E+02    1
    0.189784043329224552E+02    0.632630036987240096E+01    0.242067345568580777E+03   -0.137639635054416622E+02    1
    0.124776864814457777E+02    0.250299401196500355E+02    0.242068971167968868E+03   -0.137664635054416511E+02    1
    0.250049846334655612E+02    0.126113817044348604E+02    0.242073057406159450E+03   -0.137689635054416470E+02    1
    0.313409880935260929E+02    0.617058475229556791E+01    0.242075895201751422E+03   -0.137714635054416377E+02    1
    0.626565083183405314E+01    0.312822146296828620E+02    0.242081082053202067E+03   -0.137739635054416318E+02    1
    0.189180195441406411E+02    0.639936801650237186E+01    0.242081357322700029E+03   -0.137764635054416420E+02    1
    0.125811601106138955E+02    0.133959327219894175E+00    0.242082210259990376E+03   -0.137789635054416326E+02    1
    0.124567488341461061E+02    0.126447459208376074E+02    0.242082716273458971E+03   -0.137814635054416375E+02    1
    0.187496825125604865E+02    0.637315750146842053E+01    0.242087280955307762E+03   -0.137839635054416600E+02    1
    0.125156341360066587E+02    0.124232477538226638E+00    0.242090225149441778E+03   -0.137864635054416489E+02    1
    0.250519889024008826E+02    0.126735007304522842E+02    0.242090882096974951E+03   -0.137889635054416413E+02    1
    0.252378576943699855E+02    0.126496490228226026E+02    0.242091547073086332E+03   -0.137914635054416408E+02    1
    0.124883715955517385E+02    0.124580977630473839E+02    0.242100497802045169E+03   -0.137939635054416492E+02    1
    0.188522060875760893E+02    0.189826834360947245E+02    0.242104077079675193E+03   -0.137964635054416433E+02    1
    0.126091193736430505E+02    0.126924621125406087E+02    0.242104372030931643E+03   -0.137989635054416215E+02    1
    0.637251860418562366E+01    0.187509192486598515E+02    0.242105428282477703E+03   -0.138014635054416228E+02    1
    0.188973229661383648E+02    0.640727973581298293E+01    0.242106687746718507E+03   -0.138039635054416472E+02    1
    0.125155114820029603E+02    0.122803730964317501E+00    0.242107395548601147E+03   -0.138064635054416502E+02    1
    0.125555781453548736E+02    0.252650842612390676E+02    0.242109068638122153E+03   -0.138089635054416373E+02    1
    0.640102356646574222E+01    0.634432372566842506E+01    0.242109651245374806E+03   -0.138114635054416528E+02    1
    0.124484447885248439E+02    0.126273034616001194E+02    0.242109874522903539E+03   -0.138139635054416470E+02    1
    0.252149207142501908E+02    0.124621413424297085E+02    0.242110072001032137E+03   -0.138164635054416483E+02    1
    0.632339974693479068E+01    0.187232190197106974E+02    0.242111838951622644E+03   -0.138189635054416442E+02    1
    0.124886138637927271E+02    0.124590883432282027E+02    0.242113163760485747E+03   -0.138214635054416455E+02    1
    0.637026527770953788E+01    0.189487847506173317E+02    0.242119556606485588E+03   -0.138239635054416645E+02    1
    0.250037834064251037E+02    0.125396414728307484E+02    0.242123565807518730E+03   -0.138264635054416498E+02    1
    0.313987530898585874E+02    0.641327744346244355E+01    0.242129876306780119E+03   -0.138289635054416298E+02    1
    0.252096719636513384E+02    0.124600727753372738E+02    0.242130203226212444E+03   -0.138314635054416240E+02    1
    0.124375334335785368E+02    0.247605299849735089E-01    0.242130240531043199E+03   -0.138339635054416430E+02    1
    0.615698612680757851E+01    0.188848308725725360E+02    0.242132376902116818E+03   -0.138364635054416549E+02    1
    0.188157594129241410E+02    0.187229814070448235E+02    0.242132735916429596E+03   -0.138389635054416473E+02    1
    0.124365627660469436E+02    0.107987385203821683E-01    0.242142585867819776E+03   -0.138414635054416486E+02    1
    0.250086172776619797E+02    0.125281192420082821E+02    0.242147554019134844E+03   -0.138439635054416463E+02    1
    0.124370392911703807E+02    0.116902492481608129E-01    0.242147805302212362E+03   -0.138464635054416370E+02    1
    0.126719056808903989E+02    0.250570910057543976E+02    0.242148197239996676E+03   -0.138489635054416382E+02    1
    0.313683216959662978E+02    0.616248102453234647E+01    0.242149322269927609E+03   -0.138514635054416448E+02    1
    0.252075923576090268E+02    0.126723513092001543E+02    0.242149505837056665E+03   -0.138539635054416426E+02    1
    0.639445454588250772E+01    0.634981783577006365E+01    0.242150171666648220E+03   -0.138564635054416296E+02    1
    0.126135371893005850E+02    0.126871457709894404E+02    0.242150551842275831E+03   -0.138589635054416220E+02    1
    0.125431136788552742E+02    0.250052315251354926E+02    0.242151043345748803E+03   -0.138614635054416464E+02    1
    0.250095949614702313E+02    0.126056067598917814E+02    0.242155903784731606E+03   -0.138639635054416424E+02    1
    0.250198840938803393E+02    0.126286330579407782E+02    0.242160610896264416E+03   -0.138664635054416419E+02    1
    0.187442563887798315E+02    0.187753316206159973E+02    0.242161472712656689E+03   -0.138689635054416538E+02    1
    0.189777412357748858E+02    0.629553888424218488E+01    0.242161889930579889E+03   -0.138714635054416426E+02    1
    0.126417574680870750E+02    0.250286339988441640E+02    0.242165296264815993E+03   -0.138739635054416350E+02    1
    0.125638129052712006E+02    0.128426015463328991E+00    0.242166132961300889E+03   -0.138764635054416239E+02    1
    0.126434326885591766E+02    0.252354859890389989E+02    0.242166634997856079E+03   -0.138789635054416340E+02    1
    0.251480660726427665E+02    0.126934184515358606E+02    0.242172393366137072E+03   -0.138814635054416371E+02    1
    0.125810563917766025E+02    0.250056353985782565E+02    0.242172616069930996E+03   -0.138839635054416455E+02    1
    0.126872336778886190E+02    0.251744358219842361E+02    0.242173981889674280E+03   -0.138864635054416485E+02    1
    0.187223543575758491E+02    0.629280877253806548E+01    0.242177588207681055E+03   -0.138889635054416338E+02    1
    0.187604989349929632E+02    0.619184986133111348E+01    0.242177836873984006E+03   -0.138914635054416529E+02    1
    0.313188573676315656E+02    0.313332537106965638E+02    0.242178641316513392E+03   -0.138939635054416470E+02    1
    0.189341437469756535E+02    0.189448695663445115E+02    0.242179523176042295E+03   -0.138964635054416394E+02    1
    0.633873964150349156E+01    0.189641245557490201E+02    0.242180809434538332E+03   -0.138989635054416638E+02    1
    0.251492022447252772E+02    0.126922280848248281E+02    0.242185762540102985E+03   -0.139014635054416651E+02    1
    0.251400920173826528E+02    0.124396634786438138E+02    0.242185865979861120E+03   -0.139039635054416468E+02    1
    0.187567769370702280E+02    0.189359004108768012E+02    0.242188424011036346E+03   -0.139064635054416499E+02    1
    0.189109696521566129E+02    0.187388233914999134E+02    0.242189860839764208E+03   -0.139089635054416618E+02    1
    0.188128686641167135E+02    0.187292651964892016E+02    0.242200724034800146E+03   -0.139114635054416400E+02    1
    0.189386053069003104E+02    0.313271154403183836E+02    0.242200835030936702E+03   -0.139139635054416413E+02    1
    0.189737505278640803E+02    0.626534221948381287E+01    0.242204353202187434E+03   -0.139164635054416497E+02    1
    0.618190231389719447E+01    0.313420599596367460E+02    0.242205988914637203E+03   -0.139189635054416438E+02    1
    0.189063480040688177E+02    0.189611410244439718E+02    0.242207836849801481E+03   -0.139214635054416593E+02    1
    0.250429480796210662E+02    0.124795022845214891E+02    0.242211337965456522E+03   -0.139239635054416535E+02    1
    0.126777826901093302E+02    0.251884306361111960E+02    0.242216035541412282E+03   -0.139264635054416566E+02    1
    0.189055343354730248E+02    0.189607732151344237E+02    0.242216596350918707E+03   -0.139289635054416649E+02    1
    0.125125875236195316E+02    0.250205853674890655E+02    0.242218166387223562E+03   -0.139314635054416414E+02    1
    0.189703599547074688E+02    0.188203689181799589E+02    0.242219380800140698E+03   -0.139339635054416284E+02    1
    0.189545520562927976E+02    0.313497246675791494E+02    0.242221480597544570E+03   -0.139364635054416457E+02    1
    0.189485646167454753E+02    0.635802844929542577E+01    0.242221642467269874E+03   -0.139389635054416594E+02    1
    0.616278829318727173E+01    0.625316987189431384E+01    0.242221862579748944E+03   -0.139414635054416660E+02    1
    0.618923364317227431E+01    0.636412298949818211E+01    0.242222986648956606E+03   -0.139439635054416531E+02    1
    0.126550430372963465E+02    0.124798353702013394E+02    0.242224337270832677E+03   -0.139464635054416295E+02    1
    0.628805813241872702E+01    0.640685177341021816E+01    0.242225807282900547E+03   -0.139489635054416432E+02    1
    0.188874780053277789E+02    0.640097687437499374E+01    0.242226101712447672E+03   -0.139514635054416658E+02    1
    0.632061560788921728E+01    0.616528263545337563E+01    0.242226648262409270E+03   -0.139539635054416635E+02    1
    0.639527486063101325E+01    0.633547126438875896E+01    0.242226921663824669E+03   -0.139564635054416382E+02    1
    0.250468482211915280E+02    0.126553567359342303E+02    0.242227111269123270E+03   -0.139589635054416146E+02    1
    0.616746482061577073E+01    0.624090683006579017E+01    0.242232892672266388E+03   -0.139614635054416407E+02    1
    0.625594249660008561E+01    0.640304104575294808E+01    0.242236426538695582E+03   -0.139639635054416544E+02    1
    0.189624983734805781E+02    0.313676898961600195E+02    0.242237757996095212E+03   -0.139664635054416415E+02    1
    0.125685345511027293E+02    0.126891426054247560E+02    0.242237892153100944E+03   -0.139689635054416588E+02    1
    0.125101007033320126E+02    0.252418241894008197E+02    0.242238668516479322E+03   -0.139714635054416441E+02    1
    0.630784939589870142E+01    0.616308470672860675E+01    0.242240208483929280E+03   -0.139739635054416382E+02    1
    0.640571460621635946E+01    0.628142148912794784E+01    0.242240975772330529E+03   -0.139764635054416466E+02    1
    0.120498592708584276E+00    0.125885279601021818E+02    0.242241292283573443E+03   -0.139789635054416461E+02    1
    0.620118938924504803E+01    0.637403554914049142E+01    0.242243199595671058E+03   -0.139814635054416403E+02    1
    0.313788764595397751E+02    0.639962356549640798E+01    0.242245392240084385E+03   -0.139839635054416291E+02    1
    0.632116984426645168E+01    0.187334516656576362E+02    0.242245776944451393E+03   -0.139864635054416340E+02    1
    0.189621718770921284E+02    0.188029148728277526E+02    0.242249105872009125E+03   -0.139889635054416388E+02    1
    0.631492782704019895E+01    0.640073891754667201E+01    0.242250628156558918E+03   -0.139914635054416507E+02    1
    0.124464498332652411E+02    0.198346161927244226E-01    0.242253219451092207E+03   -0.139939635054416627E+02    1
    0.250166864201572849E+02    0.125305108670160710E+02    0.242254266075259409E+03   -0.139964635054416586E+02    1
    0.639185143003161205E+01    0.189034791271489233E+02    0.242256285879266244E+03   -0.139989635054416386E+02    1
    0.251451229225842496E+02    0.126870268260375543E+02    0.242256393615726068E+03   -0.140014635054416257E+02    1
    0.188006083319081441E+02    0.187387725458800709E+02    0.242258648116473012E+03   -0.140039635054416287E+02    1
    0.189233748286111698E+02    0.618718454633487802E+01    0.242258909597691371E+03   -0.140064635054416460E+02    1
    0.616692448655018666E+01    0.631703461039627445E+01    0.242258916066980930E+03   -0.140089635054416615E+02    1
    0.188639208456221148E+02    0.616297866287722051E+01    0.242259184722315780E+03   -0.140114635054416468E+02    1
    0.630329132507870593E+01    0.616390166033521325E+01    0.242260364675079018E+03   -0.140139635054416285E+02    1
    0.187369959782502207E+02    0.632749983878465372E+01    0.242260410919366706E+03   -0.140164635054416227E+02    1
    0.250233808631138892E+02    0.126178919836210017E+02    0.242261417805240882E+03   -0.140189635054416417E+02    1
    0.187327346867156699E+02    0.188191495963260600E+02    0.242263477089763853E+03   -0.140214635054416519E+02    1
    0.252345331342309684E+02    0.125022037264180437E+02    0.242268285479517459E+03   -0.140239635054416496E+02    1
    0.313600136870523336E+02    0.638938643406143747E+01    0.242271992135068928E+03   -0.140264635054416633E+02    1
    0.187519946190406444E+02    0.189188884185523882E+02    0.242276060210357684E+03   -0.140289635054416539E+02    1
    0.187682696481784319E+02    0.637076732844618920E+01    0.242278460020339935E+03   -0.140314635054416481E+02    1
    0.252327977889249091E+02    0.125015259522935391E+02    0.242281549466735328E+03   -0.140339635054416494E+02    1
    0.124473748298834970E+02    0.251364987989777013E+02    0.242283494653280542E+03   -0.140364635054416311E+02    1
    0.250617760985703342E+02    0.124709456974220725E+02    0.242285309631377032E+03   -0.140389635054416129E+02    1
    0.639418331202674750E+01    0.632542597542802909E+01    0.242287083535505502E+03   -0.140414635054416337E+02    1
    0.250700449660700180E+02    0.124655375490888947E+02    0.242287497525489840E+03   -0.140439635054416438E+02    1
    0.125032735236878310E+02    0.124658727366613871E+02    0.242288359791047469E+03   -0.140464635054416540E+02    1
    0.616743461895834510E+01    0.630597959111778028E+01    0.242296461125786067E+03   -0.140489635054416713E+02    1
    0.623097092310743772E+01    0.313101848653455228E+02    0.242297072878663926E+03   -0.140514635054416619E+02    1
    0.124613159590324329E+02    0.251862672762915629E+02    0.242297386810005747E+03   -0.140539635054416667E+02    1
    0.618028262273634077E+01    0.189070618509690043E+02    0.242297684994543147E+03   -0.140564635054416662E+02    1
    0.188703881059118288E+02    0.187335478509079181E+02    0.242297766269635332E+03   -0.140589635054416551E+02    1
    0.189031719385088479E+02    0.617833006537392126E+01    0.242299013145754913E+03   -0.140614635054416457E+02    1
    0.124571930390008490E+02    0.126099535531334563E+02    0.242301503601463253E+03   -0.140639635054416470E+02    1
    0.313999192632581909E+02    0.616674227410112863E+01    0.242301625013117473E+03   -0.140664635054416571E+02    1
    0.126281560350606767E+02    0.250332917373326573E+02    0.242307199558016151E+03   -0.140689635054416513E+02    1
    0.313504791144960357E+02    0.618613590532607560E+01    0.242307497590802427E+03   -0.140714635054416437E+02    1
    0.252190525740100000E+02    0.124876185168911338E+02    0.242310066998533813E+03   -0.140739635054416361E+02    1
    0.125949758211950407E+02    0.113185051038440426E+00    0.242311048873966683E+03   -0.140764635054416516E+02    1
    0.313487233641332566E+02    0.618778530003676686E+01    0.242311767644335504E+03   -0.140789635054416777E+02    1
    0.126712948819221420E+02    0.126171110291548345E+02    0.242313417011485541E+03   -0.140814635054416701E+02    1
    0.313907092644620143E+02    0.616949732216811242E+01    0.242314484477870479E+03   -0.140839635054416696E+02    1
    0.250501848668468732E+02    0.124844400028216960E+02    0.242316292706936764E+03   -0.140864635054416674E+02    1
    0.250476208414628658E+02    0.126455899889381129E+02    0.242316644320286883E+03   -0.140889635054416473E+02    1
    0.251803719576658018E+02    0.126721917288640711E+02    0.242319305906108383E+03   -0.140914635054416379E+02    1
    0.251017981490463740E+02    0.124547194020059031E+02    0.242321436534874209E+03   -0.140939635054416375E+02    1
    0.126225871274313484E+02    0.252337849840375519E+02    0.242324214419226678E+03   -0.140964635054416370E+02    1
    0.126816919718455097E+02    0.125720029769141668E+02    0.242326069395522012E+03   -0.140989635054416542E+02    1
    0.101073112506587764E+00    0.126219634031436332E+02    0.242327432645920425E+03   -0.141014635054416448E+02    1
    0.187527649110142072E+02    0.187872635089912343E+02    0.242330355047537694E+03   -0.141039635054416141E+02    1
    0.187613769844490683E+02    0.187755820661120545E+02    0.242330441103470662E+03   -0.141064635054416296E+02    1
    0.189342600561810777E+02    0.313380282988404169E+02    0.242330684085156747E+03   -0.141089635054416558E+02    1
    0.638058348987597679E+01    0.189106519540388618E+02    0.242331851169838330E+03   -0.141114635054416624E+02    1
    0.124857392747701184E+02    0.252144774548606030E+02    0.242333748254400803E+03   -0.141139635054416477E+02    1
    0.188088619009666296E+02    0.187423533079038904E+02    0.242335353006580789E+03   -0.141164635054416436E+02    1
    0.187895929055020829E+02    0.618550316090576580E+01    0.242335974598746304E+03   -0.141189635054416573E+02    1
    0.187595022520047721E+02    0.189203867847562783E+02    0.242336541162604419E+03   -0.141214635054416426E+02    1
    0.125031455212965454E+02    0.126618854058693007E+02    0.242336835765680490E+03   -0.141239635054416262E+02    1
    0.633036871229520948E+01    0.187453131755627709E+02    0.242338180773782767E+03   -0.141264635054416470E+02    1
    0.188114106871432973E+02    0.313087268756756565E+02    0.242345520452189675E+03   -0.141289635054416554E+02    1
    0.125405951835637168E+02    0.110819252419788766E+00    0.242345562502025274E+03   -0.141314635054416389E+02    1
    0.189480387818944997E+02    0.313596903608548452E+02    0.242349893200725546E+03   -0.141339635054416366E+02    1
    0.125662584155462262E+02    0.113334633761238646E+00    0.242350603729765197E+03   -0.141364635054416397E+02    1
    0.189351865943410722E+02    0.620927946166568301E+01    0.242353300095862778E+03   -0.141389635054416445E+02    1
    0.187641162929072891E+02    0.189234176066470781E+02    0.242355278747169962E+03   -0.141414635054416653E+02    1
    0.189268795382062152E+02    0.313337691218123879E+02    0.242356628902365372E+03   -0.141439635054416755E+02    1
    0.250689265248064395E+02    0.126594066453296694E+02    0.242356645923920524E+03   -0.141464635054416554E+02    1
    0.313108548375965441E+02    0.632374655138346053E+01    0.242358732173364245E+03   -0.141489635054416549E+02    1
    0.110167387597690680E+00    0.125897518214910171E+02    0.242358771621526017E+03   -0.141514635054416473E+02    1
    0.627703320464556569E+01    0.617087116216662412E+01    0.242360321983540274E+03   -0.141539635054416255E+02    1
    0.187984918230746558E+02    0.638335872929050918E+01    0.242360937985762575E+03   -0.141564635054416197E+02    1
    0.636418899053724907E+01    0.187717045335547610E+02    0.242361996051463251E+03   -0.141589635054416352E+02    1
    0.617134103478459117E+01    0.188392174539883897E+02    0.242362157971026477E+03   -0.141614635054416649E+02    1
    0.187544007784744515E+02    0.189091657285631634E+02    0.242362701523789866E+03   -0.141639635054416821E+02    1
    0.111652060730473429E+00    0.125552976404835377E+02    0.242363533769977494E+03   -0.141664635054416745E+02    1
    0.639328088460044608E+01    0.630389183865178371E+01    0.242365518259570933E+03   -0.141689635054416456E+02    1
    0.789906170903587751E-01    0.126458161078742588E+02    0.242365596112791650E+03   -0.141714635054416540E+02    1
    0.125674881201219275E+02    0.250208101519806121E+02    0.242366505395220770E+03   -0.141739635054416837E+02    1
    0.313946049393155526E+02    0.617345406851938439E+01    0.242368258241102950E+03   -0.141764635054416654E+02    1
    0.624249110713785171E+01    0.617934012036356695E+01    0.242371123591604089E+03   -0.141789635054416436E+02    1
    0.636552152144646843E+01    0.313408481740623515E+02    0.242372412440335410E+03   -0.141814635054416467E+02    1
    0.126695083029551636E+02    0.126081671838975407E+02    0.242373929311948842E+03   -0.141839635054416604E+02    1
    0.189317041546056544E+02    0.313409173384462427E+02    0.242374496868557628E+03   -0.141864635054416528E+02    1
    0.124828288752377645E+02    0.124930028032020335E+02    0.242375134143211710E+03   -0.141889635054416292E+02    1
    0.125153359128999089E+02    0.124681334902903949E+02    0.242380484042631451E+03   -0.141914635054416163E+02    1
    0.631388522846760658E+01    0.189558984468704921E+02    0.242380617795440429E+03   -0.141939635054416406E+02    1
    0.187395048583272512E+02    0.188608059247547644E+02    0.242381256982337021E+03   -0.141964635054416721E+02    1
    0.635663396286487181E+01    0.620048140920022917E+01    0.242381565369295487E+03   -0.141989635054416450E+02    1
    0.189230442760534245E+02    0.187671905365708547E+02    0.242384091353884173E+03   -0.142014635054416338E+02    1
    0.125975057581925469E+02    0.250270072697642156E+02    0.242385776797334245E+03   -0.142039635054416422E+02    1
    0.187658496420918546E+02    0.187778861155019783E+02    0.242386173777570548E+03   -0.142064635054416613E+02    1
    0.252344784696449977E+02    0.125240628866113290E+02    0.242386246326097108E+03   -0.142089635054416501E+02    1
    0.617921046690262354E+01    0.188856712097800923E+02    0.242387506719860994E+03   -0.142114635054416443E+02    1
    0.126602790802619847E+02    0.251900223963317202E+02    0.242388334162696765E+03   -0.142139635054416527E+02    1
    0.187586940912242284E+02    0.189114755367524054E+02    0.242388851646868687E+03   -0.142164635054416397E+02    1
    0.250509576699261025E+02    0.126396762683247275E+02    0.242390265538231546E+03   -0.142189635054416357E+02    1
    0.125963275780922555E+02    0.252383343385584418E+02    0.242390911058759770E+03   -0.142214635054416316E+02    1
    0.125764987604809733E+02    0.250234592338219102E+02    0.242390984728706911E+03   -0.142239635054416507E+02    1
    0.187553651239404218E+02    0.187933170444906672E+02    0.242391623672959042E+03   -0.142264635054416413E+02    1
    0.125042995896573537E+02    0.124759448920531657E+02    0.242391895419443841E+03   -0.142289635054416355E+02    1
    0.313183824241770452E+02    0.633317728664470803E+01    0.242392649249566148E+03   -0.142314635054416403E+02    1
    0.188885420618887991E+02    0.189519570810554896E+02    0.242393027055743602E+03   -0.142339635054416327E+02    1
    0.250370016702864397E+02    0.125130791773169818E+02    0.242393063293292101E+03   -0.142364635054416535E+02    1
    0.313628019087569818E+02    0.637899770459439619E+01    0.242393254608327368E+03   -0.142389635054416850E+02    1
    0.252252384006965755E+02    0.125093340505484143E+02    0.242403026561941715E+03   -0.142414635054416632E+02    1
    0.250994679843739057E+02    0.126698036251331452E+02    0.242403130959561025E+03   -0.142439635054416325E+02    1
    0.188034934554894200E+02    0.313175291974246903E+02    0.242403253905181117E+03   -0.142464635054416515E+02    1
    0.621717407663683552E+01    0.619689949108135618E+01    0.242403357644282266E+03   -0.142489635054416510E+02    1
    0.126463907820803509E+02    0.124931668490599428E+02    0.242405421216114831E+03   -0.142514635054416292E+02    1
    0.126699210048110409E+02    0.251649371411185214E+02    0.242405462867241681E+03   -0.142539635054416358E+02    1
    0.631181587787517717E+01    0.189540882343352166E+02    0.242406087379203882E+03   -0.142564635054416300E+02    1
    0.636352152796678361E+01    0.187768461353801754E+02    0.242406500982371909E+03   -0.142589635054416437E+02    1
    0.187823203411995436E+02    0.636811864103090741E+01    0.242406814145502551E+03   -0.142614635054416734E+02    1
    0.124942949553253602E+02    0.252135928393442903E+02    0.242406941576222721E+03   -0.142639635054416747E+02    1
    0.125170279640001620E+02    0.962553290705630976E-01    0.242408514587801022E+03   -0.142664635054416706E+02    1
    0.251664005725549806E+02    0.126690658813448653E+02    0.242409506038378680E+03   -0.142689635054416559E+02    1
    0.189466094544426120E+02    0.623581242260093660E+01    0.242410337144006888E+03   -0.142714635054416323E+02    1
    0.125632322824117431E+02    0.124584938071773106E+02    0.242411073033344650E+03   -0.142739635054416247E+02    1
    0.124625366966207523E+02    0.125371712631135495E+02    0.242411776364329597E+03   -0.142764635054416438E+02    1
    0.635516431020553707E+01    0.313355928978669098E+02    0.242411858933780394E+03   -0.142789635054416628E+02    1
    0.188438895626441685E+02    0.189571078588194695E+02    0.242413484491089065E+03   -0.142814635054416463E+02    1
    0.250512102990177006E+02    0.124960613162020859E+02    0.242414067539336941E+03   -0.142839635054416352E+02    1
    0.250848311642908683E+02    0.126627203237043133E+02    0.242414627431513537E+03   -0.142864635054416436E+02    1
    0.126384006461939720E+02    0.252126311737362236E+02    0.242415076703850133E+03   -0.142889635054416413E+02    1
    0.251269651467276844E+02    0.126737035288778248E+02    0.242415798048506360E+03   -0.142914635054416443E+02    1
    0.188665622479847634E+02    0.617713795507226227E+01    0.242416742496909052E+03   -0.142939635054416438E+02    1
    0.124851804659113359E+02    0.124970740532328151E+02    0.242424003475949291E+03   -0.142964635054416540E+02    1
    0.125523235417250998E+02    0.250270898775797299E+02    0.242425613104776488E+03   -0.142989635054416482E+02    1
    0.251230735521559509E+02    0.126724474298159482E+02    0.242426303896374577E+03   -0.143014635054416388E+02    1
    0.187649404042914583E+02    0.621874119815942183E+01    0.242428087580637566E+03   -0.143039635054416721E+02    1
    0.124977313644399928E+02    0.812420143871549760E-01    0.242428154797516868E+03   -0.143064635054416804E+02    1
    0.313772756789474343E+02    0.618414485990337326E+01    0.242428525617868189E+03   -0.143089635054416515E+02    1
    0.125906567412076278E+02    0.252361277217622160E+02    0.242429718578365822E+03   -0.143114635054416421E+02    1
    0.125491301555448516E+02    0.250280828279199099E+02    0.242431118337076441E+03   -0.143139635054416576E+02    1
    0.125967422373372813E+02    0.101600825127448627E+00    0.242431420033773577E+03   -0.143164635054416642E+02    1
    0.189554797786806475E+02    0.628598972782261711E+01    0.242432260896648728E+03   -0.143189635054416531E+02    1
    0.638689461729016905E+01    0.630481710156113007E+01    0.242432492464475899E+03   -0.143214635054416437E+02    1
    0.638897207964497138E+01    0.627930102440832716E+01    0.242433362254910605E+03   -0.143239635054416432E+02    1
    0.124818764187694153E+02    0.251958102070524710E+02    0.242437974422446160E+03   -0.143264635054416480E+02    1
    0.125437841052192276E+02    0.102969430883869992E+00    0.242438085283834454E+03   -0.143289635054416493E+02    1
    0.124634779862106981E+02    0.125434851010365058E+02    0.242438197702875470E+03   -0.143314635054416382E+02    1
    0.187897107904288525E+02    0.619641886866057767E+01    0.242438327519288350E+03   -0.143339635054416519E+02    1
    0.125197033879595647E+02    0.944813993974844973E-01    0.242438563027938699E+03   -0.143364635054416656E+02    1
    0.627466037862719261E+01    0.617816393796876628E+01    0.242438605903582641E+03   -0.143389635054416669E+02    1
    0.188018199857545234E+02    0.313220252962496168E+02    0.242438990163952809E+03   -0.143414635054416575E+02    1
    0.104974096507739437E+00    0.125723144837143330E+02    0.242440991789759664E+03   -0.143439635054416392E+02    1
    0.630453318379143468E+01    0.189524639396877568E+02    0.242441470020018130E+03   -0.143464635054416405E+02    1
    0.634153441171656951E+01    0.619576918512097574E+01    0.242441538804369515E+03   -0.143489635054416542E+02    1
    0.313279757008037940E+02    0.622580473603103624E+01    0.242442461669859313E+03   -0.143514635054416431E+02    1
    0.124718904662027157E+02    0.125208888312267312E+02    0.242444088292771937E+03   -0.143539635054416319E+02    1
    0.626862669043902265E+01    0.187457691439919607E+02    0.242444598118577971E+03   -0.143564635054416350E+02    1
    0.188114214301468117E+02    0.187519416507412338E+02    0.242444690442942800E+03   -0.143589635054416522E+02    1
    0.189206901929362914E+02    0.187727487294492263E+02    0.242445937474629460E+03   -0.143614635054416571E+02    1
    0.125689366120730455E+02    0.124618217395009090E+02    0.242446942399480605E+03   -0.143639635054416459E+02    1
    0.617893815220497622E+01    0.627559745220278131E+01    0.242447551187904310E+03   -0.143664635054416507E+02    1
    0.189441587700250587E+02    0.623904957404201355E+01    0.242449005064384608E+03   -0.143689635054416520E+02    1
    0.618940485372292493E+01    0.623760972150207760E+01    0.242450309441113092E+03   -0.143714635054416568E+02    1
    0.787612147745528068E-01    0.126346820800819639E+02    0.242450461593353424E+03   -0.143739635054416564E+02    1
    0.125120728816916102E+02    0.126553633052367740E+02    0.242450531090011850E+03   -0.143764635054416416E+02    1
    0.126513546165098116E+02    0.251930898043911036E+02    0.242450731000910281E+03   -0.143789635054416518E+02    1
    0.189113170881663741E+02    0.619966850437180561E+01    0.242454507118690827E+03   -0.143814635054416495E+02    1
    0.124632308532911029E+02    0.121306303615352357E-01    0.242454630793699408E+03   -0.143839635054416402E+02    1
    0.637677112043003902E+01    0.623824766687177057E+01    0.242455065707757512E+03   -0.143864635054416397E+02    1
    0.250341684582011119E+02    0.125339393940993489E+02    0.242455505081526525E+03   -0.143889635054416356E+02    1
    0.103555943131717940E+00    0.125716502891757855E+02    0.242456305182281653E+03   -0.143914635054416458E+02    1
    0.124947344684658912E+02    0.124915613526697022E+02    0.242457614151096664E+03   -0.143939635054416524E+02    1
    0.126224626062577254E+02    0.868851072062433727E-01    0.242459251531632333E+03   -0.143964635054416430E+02    1
    0.620738176223069615E+01    0.635330645214599876E+01    0.242460896030307225E+03   -0.143989635054416389E+02    1
    0.618503435510344790E+01    0.625115730317857210E+01    0.242461008103614972E+03   -0.144014635054416420E+02    1
    0.999055836522738938E-01    0.125408413798307627E+02    0.242462334243057228E+03   -0.144039635054416379E+02    1
    0.189497321902916340E+02    0.188253225353706242E+02    0.242462853246316286E+03   -0.144064635054416392E+02    1
    0.619317614388357462E+01    0.623313387570503430E+01    0.242463709292130403E+03   -0.144089635054416387E+02    1
    0.187493771901542949E+02    0.625998284462239329E+01    0.242465296498833652E+03   -0.144114635054416418E+02    1
    0.252349276338719299E+02    0.125777994008208331E+02    0.242465352937620651E+03   -0.144139635054416484E+02    1
    0.126146925292835235E+02    0.252232484109043433E+02    0.242467757479035896E+03   -0.144164635054416497E+02    1
    0.188048177287212006E+02    0.189417881794138125E+02    0.242468671134102436E+03   -0.144189635054416634E+02    1
    0.250572838383881482E+02    0.124971473224922374E+02    0.242469856624218068E+03   -0.144214635054416682E+02    1
    0.187488900615049126E+02    0.626476189602759082E+01    0.242470394961145132E+03   -0.144239635054416517E+02    1
    0.187503042053939133E+02    0.188733288038413285E+02    0.242473282482392761E+03   -0.144264635054416370E+02    1
    0.124656845311566702E+02    0.163506290701701494E-01    0.242473827267134737E+03   -0.144289635054416401E+02    1
    0.187854138941843303E+02    0.620396698208053721E+01    0.242474696828644255E+03   -0.144314635054416591E+02    1
    0.313296416546256076E+02    0.622941943164709588E+01    0.242477401167164260E+03   -0.144339635054416675E+02    1
    0.997733088346272334E-01    0.125476126315295975E+02    0.242478804163747611E+03   -0.144364635054416546E+02    1
    0.188013642397521892E+02    0.637224769884811870E+01    0.242481495225891138E+03   -0.144389635054416594E+02    1
    0.124659291720340093E+02    0.126043634860723286E-01    0.242481787853662667E+03   -0.144414635054416713E+02    1
    0.126624895709376180E+02    0.125975121863714463E+02    0.242483773948550407E+03   -0.144439635054416584E+02    1
    0.252335161976887932E+02    0.125596932430083665E+02    0.242484165995814777E+03   -0.144464635054416508E+02    1
    0.100855979775663615E+00    0.125707822295860332E+02    0.242484609005347465E+03   -0.144489635054416592E+02    1
    0.187518463744394666E+02    0.188748231945028735E+02    0.242484926854904728E+03   -0.144514635054416640E+02    1
    0.189322904737412081E+02    0.187921564510460044E+02    0.242487314180395714E+03   -0.144539635054416653E+02    1
    0.620397998447335386E+01    0.189111021647845305E+02    0.242491273984857088E+03   -0.144564635054416630E+02    1
    0.313695981868131533E+02    0.619422835758903467E+01    0.242491334778306964E+03   -0.144589635054416572E+02    1
    0.251874491751036906E+02    0.126502832955539439E+02    0.242492633031284697E+03   -0.144614635054416656E+02    1
    0.187499194422050728E+02    0.629304156128012959E+01    0.242493039590104189E+03   -0.144639635054416615E+02    1
    0.187546324005115075E+02    0.188181396964027350E+02    0.242494443050451309E+03   -0.144664635054416415E+02    1
    0.187499687151489773E+02    0.629104371454784328E+01    0.242495321974654189E+03   -0.144689635054416321E+02    1
    0.125268417485273158E+02    0.250411876864708063E+02    0.242497131829007856E+03   -0.144714635054416352E+02    1
    0.187502128741323126E+02    0.627476609061465851E+01    0.242497314952106080E+03   -0.144739635054416436E+02    1
    0.126630895188944343E+02    0.251089803571504504E+02    0.242498385006458250E+03   -0.144764635054416431E+02    1
    0.251684689544455864E+02    0.126592513388468770E+02    0.242499208682211787E+03   -0.144789635054416461E+02    1
    0.623413564151778044E+01    0.636974175610056825E+01    0.242499511570104147E+03   -0.144814635054416456E+02    1
    0.632679015694399993E+01    0.189386391415338089E+02    0.242502565105337794E+03   -0.144839635054416540E+02    1
    0.189480222647148437E+02    0.627279291490978608E+01    0.242504202513534750E+03   -0.144864635054416500E+02    1
    0.632747174163717663E+01    0.187612372362231596E+02    0.242506391725095426E+03   -0.144889635054416459E+02    1
    0.189458939620054387E+02    0.626199639061032798E+01    0.242507935811031132E+03   -0.144914635054416667E+02    1
    0.187803358247495780E+02    0.621293622970486936E+01    0.242508201408264142E+03   -0.144939635054416520E+02    1
    0.125848161776399561E+02    0.252295916706115904E+02    0.242508423860005820E+03   -0.144964635054416533E+02    1
    0.189454837871646795E+02    0.630511310372591893E+01    0.242510311695284912E+03   -0.144989635054416528E+02    1
    0.626266608256421708E+01    0.618715504287494422E+01    0.242512337081915291E+03   -0.145014635054416310E+02    1
    0.631824237601852179E+01    0.637489573512252505E+01    0.242512518334791537E+03   -0.145039635054416500E+02    1
    0.124865366434432374E+02    0.126233885608513923E+02    0.242513334641869420E+03   -0.145064635054416602E+02    1
    0.125073802837658778E+02    0.252110762168958011E+02    0.242513755627172856E+03   -0.145089635054416561E+02    1
    0.126052991508847079E+02    0.252226894058801356E+02    0.242514228836969721E+03   -0.145114635054416432E+02    1
    0.252145195197815362E+02    0.126200422555320593E+02    0.242516166701804025E+03   -0.145139635054416480E+02    1
    0.625684858207034189E+01    0.618900850884593989E+01    0.242516386411602895E+03   -0.145164635054416724E+02    1
    0.313993344201140232E+02    0.618716039569688281E+01    0.242519746768715834E+03   -0.145189635054416772E+02    1
    0.124791443915930085E+02    0.251761812574249539E+02    0.242519828465665654E+03   -0.145214635054416767E+02    1
    0.189424485645353684E+02    0.625405339916183145E+01    0.242520695100255011E+03   -0.145239635054416674E+02    1
    0.313202528315051723E+02    0.626677504468125690E+01    0.242523451355762802E+03   -0.145264635054416438E+02    1
    0.313291590402808353E+02    0.624014493078858568E+01    0.242525605735245563E+03   -0.145289635054416326E+02    1
    0.637802984733732803E+01    0.626402851036738184E+01    0.242526500827284565E+03   -0.145314635054416517E+02    1
    0.636017842329405170E+01    0.313573542945924757E+02    0.242526765694446112E+03   -0.145339635054416725E+02    1
    0.125200326418272958E+02    0.250480115397137908E+02    0.242528377959838537E+03   -0.145364635054416542E+02    1
    0.126513631030153846E+02    0.126121655341750660E+02    0.242528651205943191E+03   -0.145389635054416431E+02    1
    0.634288675183516659E+01    0.620738847121213322E+01    0.242529253437066842E+03   -0.145414635054416479E+02    1
    0.126333858060551378E+02    0.252020959273534970E+02    0.242529678189846351E+03   -0.145439635054416545E+02    1
    0.125670393094975594E+02    0.124700020669545637E+02    0.242530282793884027E+03   -0.145464635054416664E+02    1
    0.618693665974639817E+01    0.628647536806054941E+01    0.242530925775858066E+03   -0.145489635054416606E+02    1
    0.124734398038856220E+02    0.125416133436760457E+02    0.242532239562506732E+03   -0.145514635054416654E+02    1
    0.189452495930258529E+02    0.188565443916711004E+02    0.242534388842628516E+03   -0.145539635054416561E+02    1
    0.126375480679409335E+02    0.126303907859913647E+02    0.242536561483238785E+03   -0.145564635054416609E+02    1
    0.625691870751280099E+01    0.187578448938818028E+02    0.242539730569900797E+03   -0.145589635054416568E+02    1
    0.631437600717597114E+01    0.619312994649792614E+01    0.242540649849312871E+03   -0.145614635054416475E+02    1
    0.313601580915834326E+02    0.620612422591348700E+01    0.242542427469941600E+03   -0.145639635054416505E+02    1
    0.125370809742048337E+02    0.126568407313805675E+02    0.242542672560614648E+03   -0.145664635054416554E+02    1
    0.124976239148495036E+02    0.126320087766693447E+02    0.242543145514133812E+03   -0.145689635054416673E+02    1
    0.124733903348446429E+02    0.251494766561998908E+02    0.242548581313817635E+03   -0.145714635054416686E+02    1
    0.126603693235947983E+02    0.125751679992599232E+02    0.242549193283797791E+03   -0.145739635054416681E+02    1
    0.124743391964246495E+02    0.125454037453898728E+02    0.242549396073808566E+03   -0.145764635054416551E+02    1
    0.187725433664498595E+02    0.189041060388533957E+02    0.242549593304997302E+03   -0.145789635054416493E+02    1
    0.187889960495885120E+02    0.621080924548972479E+01    0.242549643168413837E+03   -0.145814635054416630E+02    1
    0.630683553116914819E+01    0.187582882943743314E+02    0.242550424718192403E+03   -0.145839635054416590E+02    1
    0.125605990407788397E+02    0.938915923377334344E-01    0.242552436219744436E+03   -0.145864635054416549E+02    1
    0.636025344915496760E+01    0.189035005662481197E+02    0.242552478416336271E+03   -0.145889635054416598E+02    1
    0.633357408030616664E+01    0.313369596106976331E+02    0.242556248039921712E+03   -0.145914635054416575E+02    1
    0.619006917309600979E+01    0.627333411017406739E+01    0.242556545866869754E+03   -0.145939635054416641E+02    1
    0.126486947267893672E+02    0.251772220853389967E+02    0.242557197833195801E+03   -0.145964635054416547E+02    1
    0.632479058191184595E+01    0.636694146349730872E+01    0.242557683350837863E+03   -0.145989635054416382E+02    1
    0.126355484536935556E+02    0.125037630728432507E+02    0.242559773712762194E+03   -0.146014635054416306E+02    1
    0.126129106292145323E+02    0.252132695168459620E+02    0.242562507922685114E+03   -0.146039635054416355E+02    1
    0.619030513058483489E+01    0.628160509335364470E+01    0.242563538058779187E+03   -0.146064635054416385E+02    1
    0.633431718702454027E+01    0.636072868685967929E+01    0.242563694101259699E+03   -0.146089635054416309E+02    1
    0.125034462815207679E+02    0.126344168408239863E+02    0.242565609453839841E+03   -0.146114635054416322E+02    1
    0.187729887624828180E+02    0.187973730730365070E+02    0.242565810762437962E+03   -0.146139635054416477E+02    1
    0.126518132476359746E+02    0.250971238748499132E+02    0.242566618377116953E+03   -0.146164635054416632E+02    1
    0.126370937361990006E+02    0.250732267120381316E+02    0.242567932610971411E+03   -0.146189635054416698E+02    1
    0.188575489288100933E+02    0.189411878963950855E+02    0.242572076456103844E+03   -0.146214635054416515E+02    1
    0.188188706991753563E+02    0.636981412321861740E+01    0.242572820171179018E+03   -0.146239635054416439E+02    1
    0.189303065617592772E+02    0.623944013917034201E+01    0.242573440758480842E+03   -0.146264635054416665E+02    1
    0.252243969305727767E+02    0.125705322881920232E+02    0.242574208430759057E+03   -0.146289635054416518E+02    1
    0.636885372953472917E+01    0.631581017926439525E+01    0.242574979882347264E+03   -0.146314635054416531E+02    1
    0.252210969742953814E+02    0.125907181727462625E+02    0.242575164549896499E+03   -0.146339635054416579E+02    1
    0.251369872078269019E+02    0.126578635361172189E+02    0.242575679273412874E+03   -0.146364635054416432E+02    1
    0.188218880243468440E+02    0.637038816181751155E+01    0.242576670059068846E+03   -0.146389635054416569E+02    1
    0.630532914916345444E+01    0.619449537082761381E+01    0.242577348877470428E+03   -0.146414635054416635E+02    1
    0.187724156324672542E+02    0.633222658312010189E+01    0.242577422405323432E+03   -0.146439635054416648E+02    1
    0.252231896360171319E+02    0.125536598109656801E+02    0.242578034378650784E+03   -0.146464635054416519E+02    1
    0.125571463679269719E+02    0.126566891464396374E+02    0.242583083219543937E+03   -0.146489635054416496E+02    1
    0.252172122050309433E+02    0.125993317090313024E+02    0.242584161332128247E+03   -0.146514635054416633E+02    1
    0.188997098398117274E+02    0.189250545786167734E+02    0.242584508316823218E+03   -0.146539635054416575E+02    1
    0.125236771169890719E+02    0.252126920821361900E+02    0.242584526769771202E+03   -0.146564635054416659E+02    1
