    0.127313576826411747E+02    0.247510267271981128E+02    0.234417621100114900E+03
    0.610647899839949027E+01    0.185035235025937936E+02    0.235491744960138021E+03
    0.652159389172152348E+01    0.658215425562613810E+01    0.235730029676876342E+03
    0.313240283081252890E+02    0.184825527329225920E+02    0.235865370815663141E+03
    0.122030156209059353E+02    0.125099609258859061E+02    0.236252297580698581E+03
    0.185182856141603871E+02    0.189586523343316387E+02    0.236924640069449424E+03
    0.311778691985392449E+02    0.191001160855518215E+02    0.237042062972418705E+03
    0.649943212101430223E+01    0.311471920632029153E+02    0.237064567987366928E+03
    0.595697377147940887E+01    0.313185186095753352E+02    0.237206895677406919E+03
    0.128974658289968165E+02    0.124964595316829161E+02    0.237273673609967773E+03
    0.619046826905840497E+01    0.185251676156470566E+02    0.237309176643510881E+03
    0.122898266691184936E+02    0.249401626408742132E+02    0.237330062267058736E+03
    0.661350232511229663E+01    0.189015810789918319E+02    0.237405968810076047E+03
    0.313577559105984989E+02    0.185203724912927115E+02    0.237409745292363255E+03
    0.189255804082236203E+02    0.310978441001791310E+02    0.237647648991528342E+03
    0.603048512373973189E+01    0.312088591671958326E+02    0.237667534698333924E+03
    0.128795818548303842E+02    0.250884807678860113E+02    0.237987682961939441E+03
    0.254448900901228363E+02    0.250851414173592389E+02    0.238005532745023459E+03
    0.128666702624209659E+02    0.250375650813855799E+02    0.238031022207683321E+03
    0.649341473294368399E+01    0.604930026986735392E+01    0.238054497627963514E+03
    0.127311143874976498E+02    0.123009239124744365E+02    0.238116696358922525E+03
    0.600081306204408715E+01    0.187220138208675273E+02    0.238193601639309207E+03
    0.300897453327899522E+00    0.124967341159206136E+02    0.238220446454125096E+03
    0.188719388843690439E+02    0.597618489277146736E+01    0.238250501921680097E+03
    0.248289678407116909E+02    0.125676825223352413E+02    0.238372950641649396E+03
    0.128468044357538620E+02    0.114352806966156087E+00    0.238405039499234391E+03
    0.127697091371012625E+02    0.249111529357675821E+02    0.238472367076473716E+03
    0.248979006522054931E+02    0.127510580550478387E+02    0.238530796722163615E+03
    0.251269216264419875E+02    0.254310803411542707E+02    0.238533913042535545E+03
    0.248496584769430200E+02    0.126582706449741256E+02    0.238559500352601304E+03
    0.185873696577857928E+02    0.642202673246905942E+01    0.238590166484041475E+03
    0.612764602973514183E+01    0.186010873124087865E+02    0.238694746991515615E+03
    0.311968049156890714E+02    0.608982946955966753E+01    0.238722273678161372E+03
    0.250439412883567911E+02    0.254107729514796645E+02    0.238727981251722923E+03
    0.288904825684114186E+00    0.126064271557712093E+02    0.238731803456458010E+03
    0.251132971774998524E+02    0.128569075032012954E+02    0.238745344724344903E+03
    0.127787772646814339E+02    0.123679486452603733E+02    0.238767601845283878E+03
    0.190713058744538166E+02    0.312283391243074675E+02    0.238773668088299161E+03
    0.123106289888438223E+02    0.249955245616271711E+02    0.238778058172759103E+03
    0.653338527144236725E+01    0.189932492014891601E+02    0.238827286677627995E+03
    0.253433670187125273E+02    0.127614448221515726E+02    0.238870260697017983E+03
    0.128051617111384513E+02    0.158396148562108319E+00    0.238884451362902695E+03
    0.191320273891719062E+02    0.627799679946714839E+01    0.238992684039207262E+03
    0.603219571673895594E+01    0.187196468034509209E+02    0.238994348574981984E+03
    0.254085131471090939E+02    0.250737129335776210E+02    0.239007845194847420E+03
    0.122861231033927467E+02    0.251395320829666353E+02    0.239054052682370070E+03
    0.648552660272356718E+01    0.190435685777569645E+02    0.239060535252034555E+03
    0.614051266534659845E+01    0.190907020349802785E+02    0.239062834126173385E+03
    0.190184794915523732E+02    0.311927950518046231E+02    0.239072988234447791E+03
    0.189551310663304982E+02    0.311584764135635517E+02    0.239114792346067532E+03
    0.312644105686244878E+02    0.311836258040566356E+02    0.239142077058806365E+03
    0.311603212909028144E+02    0.638149198712268184E+01    0.239235349838802478E+03
    0.311441046869907865E+02    0.188348762070726146E+02    0.239277432908079192E+03
    0.127983572089306943E+02    0.252747268609848170E+02    0.239288106308161076E+03
    0.655077483729774990E+01    0.188875990663656310E+02    0.239330203889266897E+03
    0.123001297419724764E+02    0.251644225189875002E+02    0.239388089838400589E+03
    0.127764995173458846E+02    0.252976216138451484E+02    0.239420131103624755E+03
    0.126733023070165611E+02    0.244208090840049574E+00    0.239431327440003969E+03
    0.186446332996494455E+02    0.645336056828324267E+01    0.239439490497170624E+03
    0.126314851580755256E+02    0.248758566749819394E+02    0.239471677439859377E+03
    0.190307571350946390E+02    0.609060329448633908E+01    0.239490941661314906E+03
    0.127402341491826530E+02    0.123680799381689219E+02    0.239509480723379369E+03
    0.189530146283560725E+02    0.604144090721045046E+01    0.239527279302367788E+03
    0.187704487888240443E+02    0.653374115590157167E+01    0.239531694418366754E+03
    0.128239810187497643E+02    0.425452129506031923E-01    0.239573626127888303E+03
    0.313111634591590828E+02    0.311768450867121274E+02    0.239577633557607612E+03
    0.126100714395905218E+02    0.128229806112980569E+02    0.239594351742587463E+03
    0.248811037731029963E+02    0.126262478921490882E+02    0.239637293008840658E+03
    0.609163373646374406E+01    0.645682095420586499E+01    0.239644217853133824E+03
    0.311800429169994722E+02    0.638872955386094166E+01    0.239645220976621829E+03
    0.611834385668683289E+01    0.186518471963534012E+02    0.239672987775392528E+03
    0.248804206676583100E+02    0.126144625438232048E+02    0.239683304845576458E+03
    0.312739178062677716E+02    0.312039605055818292E+02    0.239730533312781830E+03
    0.253019721465714049E+02    0.249420171651534552E+02    0.239735159418100864E+03
    0.138952409510297359E+00    0.123545455075905544E+02    0.239776241901536736E+03
    0.249180756422641743E+02    0.127001313067467976E+02    0.239786278697854073E+03
    0.189852748009303269E+02    0.312032277194602194E+02    0.239801943861951941E+03
    0.311639074953802364E+02    0.314147055988539812E+02    0.239805730974351064E+03
    0.127476425470114734E+02    0.123916154651410491E+02    0.239815718972408121E+03
    0.123167596455992889E+02    0.251010525659267110E+02    0.239816247261117752E+03
    0.235037600780054839E+00    0.124790113469094397E+02    0.239839502634418039E+03
    0.125668390267348062E+02    0.250414445671471586E+00    0.239846074966818776E+03
    0.127098732797094609E+02    0.127711182320705792E+02    0.239859318160576265E+03
    0.123189786975472408E+02    0.251006613601638620E+02    0.239870110143346238E+03
    0.605987127711421891E+01    0.639451048919266718E+01    0.239870896177044159E+03
    0.125157357260788551E+02    0.128103923855698181E+02    0.239876548900732246E+03
    0.609642393766552626E+01    0.312508981089933933E+02    0.239879688946862160E+03
    0.125419551462195180E+02    0.123185284401066610E+02    0.239880495751402748E+03
    0.128143890173668940E+02    0.125710268602419326E+02    0.239904690199567170E+03
    0.150500833184968263E+00    0.123689985769555140E+02    0.239904794244261524E+03
    0.311681285091684472E+02    0.188473303649854387E+02    0.239910983164932219E+03
    0.127390128094311859E+02    0.249563345472858380E+02    0.239939050204007174E+03
    0.649435105548311231E+01    0.189766750342895136E+02    0.239946905228619642E+03
    0.611581583253846439E+01    0.190303153142148496E+02    0.239950903684715087E+03
    0.616258340576439334E+01    0.312017895665220735E+02    0.239964217473019403E+03
    0.186047100194354975E+02    0.630221413966002686E+01    0.239965918417838424E+03
    0.611495803700302165E+01    0.312368574755375228E+02    0.239966886157173121E+03
    0.123973641651112167E+02    0.123907102257988608E+02    0.240014094802620093E+03
    0.644165195028059401E+01    0.609797917421248492E+01    0.240014349574700589E+03
    0.627623502756174201E+01    0.603977808203253375E+01    0.240016649340012805E+03
    0.127823494660613530E+02    0.124558152673259368E+02    0.240040319826181843E+03
    0.252791596314124547E+02    0.123736897274044537E+02    0.240056518535599537E+03
    0.251711741697172862E+02    0.123279443893967144E+02    0.240065557324128122E+03
    0.123296495189596271E+02    0.126133040194822943E+02    0.240069949871259325E+03
    0.123323376404284772E+02    0.251909884163286293E+02    0.240073983974455587E+03
    0.124540738748714013E+02    0.127790027722324879E+02    0.240092652115846533E+03
    0.606782217569893234E+01    0.189559497040324914E+02    0.240098570063776975E+03
    0.253220731337015721E+02    0.249856902877496871E+02    0.240111137012578894E+03
    0.125297168358742859E+02    0.128030003468698581E+02    0.240114890640671319E+03
    0.611658927193283475E+01    0.312451124216558576E+02    0.240138237993499672E+03
    0.127884325099408951E+02    0.124809692754727362E+02    0.240152710652527020E+03
    0.252480765512137495E+02    0.127731285488492112E+02    0.240181291861908704E+03
    0.124643384187121633E+02    0.123548175569473955E+02    0.240225191226797165E+03
    0.313464048359277179E+02    0.186253668423922711E+02    0.240227826447408546E+03
    0.186521473383191498E+02    0.615631537434907106E+01    0.240230826259507438E+03
    0.640888578577124690E+01    0.608516585438316593E+01    0.240233487467978364E+03
    0.311837235348865214E+02    0.188785640493068172E+02    0.240243733388949522E+03
    0.190825389185939613E+02    0.313943556956087164E+02    0.240244316451664787E+03
    0.648937850403519256E+01    0.189603059089462569E+02    0.240244645458493693E+03
    0.608620090098000865E+01    0.189751467063531294E+02    0.240255298836825318E+03
    0.123424162184533852E+02    0.125035980073375246E+02    0.240277591760341267E+03
    0.212931108525663715E+00    0.126586047841079488E+02    0.240290850417387247E+03
    0.617392364388245429E+01    0.607875881449661382E+01    0.240297255125362227E+03
    0.643895667487647128E+01    0.190200671698531956E+02    0.240317617509779438E+03
    0.124865361119463802E+02    0.253490529547716825E+02    0.240324653222137300E+03
    0.189484414830242294E+02    0.312082111099515380E+02    0.240337199137333300E+03
    0.123638094501111730E+02    0.108523711785127874E+00    0.240343245072724272E+03
    0.126774017444610809E+02    0.200843032287620155E+00    0.240350443306182882E+03
    0.126478402198817150E+02    0.214388784737075011E+00    0.240352944754006899E+03
    0.121223444806909039E+00    0.127607878955861977E+02    0.240359330613273727E+03
    0.190161992283853287E+02    0.612657864661765039E+01    0.240369748555979925E+03
    0.123984914086126032E+02    0.249776108163383945E+02    0.240372078608100111E+03
    0.610885944507049405E+01    0.613586912077308799E+01    0.240379878054964990E+03
    0.253024763488678701E+02    0.127186278824100931E+02    0.240384884816322909E+03
    0.123577383794017805E+02    0.126563323129616414E+02    0.240402185434470368E+03
    0.249305530552387395E+02    0.126695130693923605E+02    0.240407643844688863E+03
    0.127805665771991919E+02    0.724839027381148776E-01    0.240426097269549956E+03
    0.187481077608858691E+02    0.648503172859533450E+01    0.240431856880703066E+03
    0.124680268697207595E+02    0.249298470079364378E+02    0.240441593787002631E+03
    0.125864487013492550E+02    0.253569925013030009E+02    0.240447318298742402E+03
    0.127666806787492551E+02    0.102759599010578115E+00    0.240449409818284806E+03
    0.189683786160517336E+02    0.609212492161532726E+01    0.240452836330355012E+03
    0.648819419757980675E+01    0.637444276576978286E+01    0.240465487529860184E+03
    0.189922542825813707E+02    0.312429797675728409E+02    0.240470736128709518E+03
    0.127251782963612090E+02    0.124093616385524630E+02    0.240490914628646948E+03
    0.189204839987164313E+02    0.607308998476546691E+01    0.240524361652489944E+03
    0.124920372522133913E+02    0.123579917990815140E+02    0.240535643861023374E+03
    0.127858421662212844E+02    0.251053987505833973E+02    0.240536385488475645E+03
    0.175997023173789374E+00    0.127001558326669581E+02    0.240540653593724045E+03
    0.311952295447529302E+02    0.188599995096689526E+02    0.240541225449481232E+03
    0.123565380849274113E+02    0.250635796742671353E+02    0.240542244810174452E+03
    0.123470804381425676E+02    0.125881042561690748E+02    0.240554112239452394E+03
    0.123509975696624075E+02    0.455247532926572537E-01    0.240559555047705089E+03
    0.249134030734835292E+02    0.125786898719393321E+02    0.240569059954458851E+03
    0.124746806033523168E+02    0.123666941193159463E+02    0.240569590016446398E+03
    0.188913946859117878E+02    0.186349465939886088E+02    0.240592088495209396E+03
    0.614607265517963253E+01    0.186795498231195900E+02    0.240599320625124392E+03
    0.253074731251461422E+02    0.124354018880865240E+02    0.240600136176124749E+03
    0.312001541547689136E+02    0.188824441715080553E+02    0.240600397291121709E+03
    0.190117881204206753E+02    0.613753996007887448E+01    0.240607909443273854E+03
    0.647674051436199338E+01    0.189495215490920934E+02    0.240610905511735012E+03
    0.188689628767340025E+02    0.186327137046769344E+02    0.240612400412358994E+03
    0.123680737883896192E+02    0.124773292100819990E+02    0.240621007329851494E+03
    0.190134668826489737E+02    0.642599768542652861E+01    0.240621384468976487E+03
    0.311991017217998419E+02    0.188612097262497258E+02    0.240624803354114903E+03
    0.312309543299975481E+02    0.187359027970837282E+02    0.240627479683626007E+03
    0.607686696501732371E+01    0.635034231594976006E+01    0.240629163086755682E+03
    0.249539680223874747E+02    0.126892235808717064E+02    0.240631610953564376E+03
    0.639240282423957085E-01    0.123591585372249266E+02    0.240631810888833996E+03
    0.312343255009915062E+02    0.312974050020866770E+02    0.240632855623377793E+03
    0.127460018040361138E+02    0.126876603067108089E+02    0.240635296495174714E+03
    0.188440948043456693E+02    0.190660357847758348E+02    0.240637588894563152E+03
    0.416811365479677343E-01    0.123539346395890526E+02    0.240639264169675243E+03
    0.126567774852129080E+02    0.127624876623718304E+02    0.240651834901525262E+03
    0.249703894226737440E+02    0.127086180813523590E+02    0.240654898719340167E+03
    0.312225257437512447E+02    0.637881579594559245E+01    0.240656274574294855E+03
    0.123561156069134164E+02    0.467608120509810932E-01    0.240663035547445787E+03
    0.186460764909839227E+02    0.189195856608049660E+02    0.240667777216990146E+03
    0.250720796520655824E+02    0.123601284826225530E+02    0.240672215519046631E+03
    0.188102899373774086E+02    0.190607116539710510E+02    0.240676214834748379E+03
    0.124799504364017633E+02    0.195672650334130560E+00    0.240695792713868713E+03
    0.638563732893798441E+01    0.186618805292994665E+02    0.240698036635337729E+03
    0.252160962661946328E+02    0.123696607920968837E+02    0.240701408556266216E+03
    0.312035333115743576E+02    0.314004886260765907E+02    0.240715052728790084E+03
    0.313008005989507758E+02    0.312368489438129942E+02    0.240718111608591784E+03
    0.187031408210529762E+02    0.612865996962714998E+01    0.240718841097534863E+03
    0.190384477433488541E+02    0.618763019147170290E+01    0.240743367625902721E+03
    0.186389927998625531E+02    0.188308925161529359E+02    0.240748376554228230E+03
    0.312379941950986186E+02    0.187354761481765699E+02    0.240750589023527141E+03
    0.618229854101071385E+01    0.186643720386414529E+02    0.240760502600708520E+03
    0.127504593232550025E+02    0.102457002520716989E+00    0.240764800162545271E+03
    0.250568750740403807E+02    0.123699311651834361E+02    0.240766345798851489E+03
    0.123558762284956121E+02    0.231221887774177856E-02    0.240766967543379963E+03
    0.607366097262502613E+01    0.630261423993157610E+01    0.240768806651500341E+03
    0.127249399595752006E+02    0.249949907059642449E+02    0.240778683055271784E+03
    0.187209716112625841E+02    0.611730523457210129E+01    0.240782067613848085E+03
    0.127447771330909578E+02    0.124567617288460148E+02    0.240792154521514334E+03
    0.609322418373448826E+01    0.189353681567945138E+02    0.240811433478399209E+03
    0.250272589896006998E+02    0.127458612536185640E+02    0.240817118175997138E+03
    0.313228605157652709E+02    0.646917912894877301E+01    0.240821307423228717E+03
    0.249261670029443181E+02    0.125453191206954724E+02    0.240827102248541763E+03
    0.189991287183566122E+02    0.312724834336557898E+02    0.240837384866726381E+03
    0.190225881842585558E+02    0.187357639243553997E+02    0.240840049382455959E+03
    0.609398384307438334E+01    0.187661069861516410E+02    0.240845885904315708E+03
    0.123599958668061785E+02    0.251342899032626832E+02    0.240853272166101419E+03
    0.126611365221022591E+02    0.127488800008847196E+02    0.240869711895074090E+03
    0.312333249127426420E+02    0.618896177595765451E+01    0.240873152691156605E+03
    0.609457017682766100E+01    0.620198644752071715E+01    0.240875530253799695E+03
    0.123688079983542618E+02    0.250770157566773548E+02    0.240876692169207416E+03
    0.190108368156718797E+02    0.615667118335573882E+01    0.240883897328996937E+03
    0.644634239773133100E+01    0.640676164093441969E+01    0.240890179723793523E+03
    0.188828117279761791E+02    0.312140764633574186E+02    0.240890772077271492E+03
    0.121584691619279511E+00    0.127307472683318874E+02    0.240894607790628413E+03
    0.127703696591983924E+02    0.251422629756621276E+02    0.240897782271553126E+03
    0.644587546950848100E+01    0.189728087975010311E+02    0.240901803751456839E+03
    0.253345650401094602E+02    0.125950007358959084E+02    0.240905622055696284E+03
    0.269524117752308612E-01    0.123644091346020772E+02    0.240907496584202079E+03
    0.249763976285471188E+02    0.126969872268806849E+02    0.240909662544964107E+03
    0.189013885760611373E+02    0.312199480672797165E+02    0.240928919293187818E+03
    0.646892067299476548E+01    0.636426103546583111E+01    0.240930605269703705E+03
    0.123832368490488083E+02    0.124799140757879137E+02    0.240933626249179781E+03
    0.190310729201803888E+02    0.189390740019004937E+02    0.240936232075291343E+03
    0.125151495147360396E+02    0.195482243244888804E+00    0.240941820942018950E+03
    0.123970804543412001E+02    0.124561969365492846E+02    0.240944840740140563E+03
    0.123877500830447609E+02    0.126603360958140083E+02    0.240947705702516544E+03
    0.127628168842032714E+02    0.125204987015386120E+02    0.240948846020716331E+03
    0.126316829931633752E+02    0.123755347080288534E+02    0.240949724597244767E+03
    0.608248610046628801E+01    0.629807128251003423E+01    0.240958262186467437E+03
    0.313679257699516576E+02    0.312206207292193767E+02    0.240961270003066460E+03
    0.187226809618884893E+02    0.190055445435023529E+02    0.240963481818592527E+03
    0.124443360086632833E+02    0.159784604454087764E+00    0.240963742094706447E+03
    0.644903963260000612E+01    0.639652909318584317E+01    0.240967098335873544E+03
    0.189950254016420956E+02    0.189876989942348011E+02    0.240972811309950146E+03
    0.312569527090955859E+02    0.312940558262919701E+02    0.240978702984694081E+03
    0.250405286704632211E+02    0.123888709691448309E+02    0.240984070162919437E+03
    0.647299171896847891E+01    0.189124527666146243E+02    0.240984890390566562E+03
    0.125268004022809691E+02    0.195945938231438355E+00    0.240985643631008173E+03
    0.127659914246226673E+02    0.464043531339414402E-02    0.240989944718027232E+03
    0.253208393391555013E+02    0.126326984594271376E+02    0.240995097314850824E+03
    0.186885202300085211E+02    0.616565869354377050E+01    0.240997716778974223E+03
    0.646016140657421900E+01    0.189411952973072424E+02    0.240998658068678822E+03
    0.125149469406400513E+02    0.249403307373912888E+02    0.241000583766119007E+03
    0.644474261087075728E+01    0.187330951071123941E+02    0.241001771907467258E+03
    0.250039540539323966E+02    0.127170446864188413E+02    0.241020698852283317E+03
    0.611055091364386982E+01    0.618641160658859501E+01    0.241026368112645571E+03
    0.188962496603800503E+02    0.190411373879064101E+02    0.241039796584749467E+03
    0.127503187360472374E+02    0.124960427242417378E+02    0.241045226182420748E+03
    0.189355351233877229E+02    0.610704622704577549E+01    0.241063842318292131E+03
    0.251307458873046770E+02    0.123708339528878941E+02    0.241071863812214190E+03
    0.187650253420809641E+02    0.190259020074247438E+02    0.241072553023630689E+03
    0.126468208466062517E+02    0.249545217787363249E+02    0.241072932787287471E+03
    0.125173096191003310E+02    0.249438260691061515E+02    0.241079387325888348E+03
    0.312513661327151979E+02    0.617877222597486053E+01    0.241085974703132962E+03
    0.186649335690293938E+02    0.634410686357873210E+01    0.241094578581037752E+03
    0.187917724471868617E+02    0.646866700586537213E+01    0.241097265212743878E+03
    0.186889916296533158E+02    0.187401684396582837E+02    0.241097869064113979E+03
    0.647557896337938566E+01    0.188237551193378110E+02    0.241099970849548328E+03
    0.188546227833987601E+02    0.608953314130761214E+01    0.241107615419641718E+03
    0.127082539313535250E+02    0.250013026952794810E+02    0.241115089386111833E+03
    0.127082539313535250E+02    0.250013026952794810E+02    0.241115089386111833E+03
    0.188362590638122285E+02    0.312232242379191227E+02    0.241118481553322226E+03
    0.188362590638122285E+02    0.312232242379191227E+02    0.241118481553322226E+03
    0.187433178382804080E+02    0.190102303419713401E+02    0.241130132435356018E+03
    0.249927877969962218E+02    0.126984586066972813E+02    0.241133789519475670E+03
    0.611670480938082051E+01    0.187537969474876292E+02    0.241140890996131958E+03
    0.189764389429268405E+02    0.189934964114641680E+02    0.241144608269570682E+03
    0.123776237754477751E+02    0.250998182466574562E+02    0.241148842404601822E+03
    0.190076583714374294E+02    0.187416649811871849E+02    0.241153539556460913E+03
    0.123793414123389915E+02    0.250928926936675794E+02    0.241156020476782032E+03
    0.123793414123389915E+02    0.250928926936675794E+02    0.241156020476782032E+03
    0.189814090220220955E+02    0.614486111883198660E+01    0.241159643491556722E+03
    0.186706853994798259E+02    0.635025505393972800E+01    0.241160149448158478E+03
    0.187010607616330091E+02    0.616319687864607246E+01    0.241163136341147066E+03
    0.250595931590881946E+02    0.123901334941905841E+02    0.241164405383143134E+03
    0.190372593529652043E+02    0.313829573087102176E+02    0.241168422329466807E+03
    0.190372593529652043E+02    0.313829573087102176E+02    0.241168422329466807E+03
    0.123786895166079809E+02    0.125981642529222366E+02    0.241172657574815759E+03
    0.312260425418675318E+02    0.188599412309666796E+02    0.241176104325894727E+03
    0.124622558230174558E+02    0.127252563205981026E+02    0.241181215401328359E+03
    0.123865578845849846E+02    0.251930796654999831E+02    0.241186150130342241E+03
    0.190352665853678111E+02    0.624480812807034624E+01    0.241186477050500031E+03
    0.189959816686241538E+02    0.640353269805982084E+01    0.241189437755208019E+03
    0.614117962956723851E+01    0.187240409306447759E+02    0.241189687244250763E+03
    0.609476315369187915E+01    0.188303820321220243E+02    0.241190877006713947E+03
    0.609476315369187915E+01    0.188303820321220243E+02    0.241190877006713947E+03
    0.188011509379925528E+02    0.190326510858179176E+02    0.241191335549673084E+03
    0.124045594950261204E+02    0.124683412559624411E+02    0.241195793541865697E+03
    0.124332038372596188E+02    0.134300457226074005E+00    0.241197214597142505E+03
    0.253081406753577660E+02    0.124969426212877615E+02    0.241205781586865101E+03
    0.127540013602543141E+02    0.125550972926895028E+02    0.241217884152028319E+03
    0.189941011046631232E+02    0.616300807879246459E+01    0.241218954368683001E+03
    0.189219050112394598E+02    0.190229380583070942E+02    0.241220365484171310E+03
    0.187898626227285099E+02    0.312378483968671610E+02    0.241221217004261518E+03
    0.123839491443192813E+02    0.125221799450384150E+02    0.241223262470504181E+03
    0.189116144792683016E+02    0.190266448238331805E+02    0.241224434224242628E+03
    0.125850743670158298E+02    0.186495022727671211E+00    0.241228075928340814E+03
    0.125850743670158298E+02    0.186495022727671211E+00    0.241228075928340814E+03
    0.127435695346267401E+02    0.126272085778513325E+02    0.241229994937079482E+03
    0.124027538205708563E+02    0.126575112754638699E+02    0.241231627828078786E+03
    0.124471374314760155E+02    0.249886993205684078E+02    0.241237583561348885E+03
    0.645858094946872185E+01    0.189137690271079570E+02    0.241240782540525743E+03
    0.645858094946872185E+01    0.189137690271079570E+02    0.241240782540525743E+03
    0.189337944935085645E+02    0.312492074084170000E+02    0.241240853861520890E+03
    0.126702496112202390E+02    0.252872529964400741E+02    0.241252499369786847E+03
    0.126702496112202390E+02    0.252872529964400741E+02    0.241252499369786847E+03
    0.633530346700944413E+01    0.312374463547635521E+02    0.241256469455415044E+03
    0.610506433358492462E+01    0.313643279377570181E+02    0.241265607690381444E+03
    0.610506433358492462E+01    0.313643279377570181E+02    0.241265607690381444E+03
    0.312352573696911442E+02    0.632432334792990591E+01    0.241268290440883447E+03
    0.630483910481949383E+01    0.609950300130281953E+01    0.241274438970594787E+03
    0.630483910481949383E+01    0.609950300130281953E+01    0.241274438970594787E+03
    0.188461133915397845E+02    0.312312048745179673E+02    0.241278100733199750E+03
    0.188461133915397845E+02    0.312312048745179673E+02    0.241278100733199750E+03
    0.646453127385380633E+01    0.188847901003999645E+02    0.241278578597290732E+03
    0.189043719217580950E+02    0.312396061428864869E+02    0.241280514715220562E+03
    0.252278029138281958E+02    0.124087456589545582E+02    0.241291687065873134E+03
    0.252278029138281958E+02    0.124087456589545582E+02    0.241291687065873134E+03
    0.188818477133221876E+02    0.190303763308010652E+02    0.241298106124377910E+03
    0.189992807151158409E+02    0.638911693377806600E+01    0.241304032530238032E+03
    0.190252071980405937E+02    0.313634915741457903E+02    0.241305154861239203E+03
    0.190252071980405937E+02    0.313634915741457903E+02    0.241305154861239203E+03
    0.186671287698688673E+02    0.626685320361185116E+01    0.241307671484478504E+03
    0.610200962029983085E+01    0.313904251711815085E+02    0.241311315953393461E+03
    0.127402683828285959E+02    0.126231812159266816E+02    0.241311991059544624E+03
    0.127402683828285959E+02    0.126231812159266816E+02    0.241311991059544624E+03
    0.646165947532259999E+01    0.188106082537425507E+02    0.241316707736540650E+03
    0.642344608763437552E+01    0.312988604952514358E+02    0.241317253527190303E+03
    0.249505841490651470E+02    0.125705211250446087E+02    0.241325130838379010E+03
    0.622277494307005874E+01    0.611174261918339301E+01    0.241333442473268491E+03
    0.252973823622730478E+02    0.124895072993235061E+02    0.241335038515522882E+03
    0.124149178946944527E+02    0.100362636178085135E+00    0.241335541228412268E+03
    0.640136847890437899E+01    0.187116683682861158E+02    0.241337211642276657E+03
    0.250819837376007584E+02    0.127406569725753762E+02    0.241337843383940765E+03
    0.250819837376007584E+02    0.127406569725753762E+02    0.241337843383940765E+03
    0.252455719173050248E+02    0.124241478290211074E+02    0.241338291792021238E+03
    0.252455719173050248E+02    0.124241478290211074E+02    0.241338291792021238E+03
    0.126209461758013752E+02    0.253057192933526132E+02    0.241340511214207794E+03
    0.124083302335547216E+02    0.889736458746594600E-01    0.241341309969120857E+03
    0.189500504004397463E+02    0.312652514493726734E+02    0.241346015202532612E+03
    0.125374594421265293E+02    0.127450058268671818E+02    0.241347967785931445E+03
    0.187753526765121457E+02    0.312509153087721856E+02    0.241349066171576027E+03
    0.126887571199090097E+02    0.126989246108245730E+02    0.241358883791690175E+03
    0.126887571199090097E+02    0.126989246108245730E+02    0.241358883791690175E+03
    0.188401595848546144E+02    0.610319223578776970E+01    0.241360971391793697E+03
    0.126754210904275109E+02    0.127097296980069316E+02    0.241364094173546448E+03
    0.126620586113609725E+02    0.252849703609335066E+02    0.241369688115014526E+03
    0.138948332173268213E+00    0.124527131248465484E+02    0.241375136134180906E+03
    0.313589799566579153E+02    0.645328731225493790E+01    0.241376850290550891E+03
    0.313974349591996216E+02    0.312375683676923863E+02    0.241377710891357282E+03
    0.252532093380084994E+02    0.126992663619095367E+02    0.241377720607154799E+03
    0.189978526298491417E+02    0.618264339030896171E+01    0.241381261811211374E+03
    0.127451417895421102E+02    0.251438343314723873E+02    0.241381271515315461E+03
    0.174434620382052957E+00    0.125277143919939871E+02    0.241389514460676168E+03
    0.250687360059991420E+02    0.123999638706116446E+02    0.241396531697917140E+03
    0.253043723310309971E+02    0.126140400423113501E+02    0.241399266829722876E+03
    0.253100095635282720E+02    0.125794841944047171E+02    0.241405726888404473E+03
    0.189519935984325301E+02    0.312707062846871864E+02    0.241407317655775387E+03
    0.249721266209656392E+02    0.126418897638459473E+02    0.241411141002678875E+03
    0.249721266209656392E+02    0.126418897638459473E+02    0.241411141002678875E+03
    0.313258013848129799E+02    0.312631393137755502E+02    0.241413014891147213E+03
    0.125881536550409319E+02    0.249569549100005226E+02    0.241416865488625575E+03
    0.125881536550409319E+02    0.249569549100005226E+02    0.241416865488625575E+03
    0.188499236707376419E+02    0.646024286312929341E+01    0.241418102511034419E+03
    0.188499236707376419E+02    0.646024286312929341E+01    0.241418102511034419E+03
    0.249917561255575293E+02    0.126734288338874652E+02    0.241419623751378055E+03
    0.253090619524050524E+02    0.125597696642900853E+02    0.241429019670995302E+03
    0.612673877245305576E+01    0.620254915636306681E+01    0.241437470789339329E+03
    0.612673877245305576E+01    0.620254915636306681E+01    0.241437470789339329E+03
    0.644555234161467094E+01    0.187818683926732355E+02    0.241438972400589279E+03
    0.620850857709448523E+01    0.190085062759301451E+02    0.241444228928587307E+03
    0.615810329021477099E+01    0.616073930450460239E+01    0.241454847935152401E+03
    0.615810329021477099E+01    0.616073930450460239E+01    0.241454847935152401E+03
    0.249659013950895385E+02    0.125139838256408744E+02    0.241457133728957501E+03
    0.126867265643969436E+02    0.250064170779970958E+02    0.241464652399825184E+03
    0.612163005655460069E+01    0.313506956419729725E+02    0.241468584473085940E+03
    0.127399006297439694E+02    0.125583107518789419E+02    0.241477058380741880E+03
    0.641168694902525527E+01    0.616629402691204387E+01    0.241478066170084418E+03
    0.641168694902525527E+01    0.616629402691204387E+01    0.241478066170084418E+03
    0.639410020754517650E+01    0.312822814954426391E+02    0.241478702061851124E+03
    0.189859568317033585E+02    0.189567630252816492E+02    0.241481924280567739E+03
    0.313595901664304222E+02    0.312521039530876443E+02    0.241485758804579348E+03
    0.614569662858339161E+01    0.189549542352244167E+02    0.241486266439968432E+03
    0.251236715121623320E+02    0.127392892953879411E+02    0.241486845419435582E+03
    0.251236715121623320E+02    0.127392892953879411E+02    0.241486845419435582E+03
    0.314147858197250969E+02    0.186765784302197950E+02    0.241489884873788640E+03
    0.127462032886860310E+00    0.126833722756190781E+02    0.241490141203937213E+03
    0.126863831209635780E+02    0.126902601907624533E+02    0.241499409466726092E+03
    0.124200345884427303E+02    0.911898379006579884E-01    0.241500326422214812E+03
    0.124092014326652542E+02    0.250620820470117067E+02    0.241501855091938694E+03
    0.126483787831480505E+02    0.127177962357291214E+02    0.241503987743804345E+03
    0.188803916556695732E+02    0.611427400489522732E+01    0.241512168457099705E+03
    0.188204585006744907E+02    0.645219086116293994E+01    0.241515795582503443E+03
    0.124248020809863480E+02    0.252294835266162458E+02    0.241516924554893592E+03
    0.123989442514650179E+02    0.125302801029578230E+02    0.241519642408810910E+03
    0.126994454169794064E+02    0.124586518583431420E+02    0.241521452114684394E+03
    0.126994454169794064E+02    0.124586518583431420E+02    0.241521452114684394E+03
    0.189359593173632135E+02    0.187018005359427164E+02    0.241522030234865724E+03
    0.124542738163446938E+02    0.124374094326523839E+02    0.241527281230743540E+03
    0.125605396144150205E+02    0.253034484552916510E+02    0.241527501619032108E+03
    0.119089500814639301E+00    0.124445984406091004E+02    0.241536641455604865E+03
    0.188672114133156228E+02    0.190188598822300676E+02    0.241537569125066625E+03
    0.313213159032590305E+02    0.614199059553000559E+01    0.241542730139523854E+03
    0.639793188277077007E+01    0.312906832974585640E+02    0.241544582694535364E+03
    0.186799870667466443E+02    0.627428926190571890E+01    0.241544727604376760E+03
    0.639477279888077366E+01    0.615546346076625372E+01    0.241548997104114051E+03
    0.187891317310950825E+02    0.612483138612605948E+01    0.241550420703054129E+03
    0.187891317310950825E+02    0.612483138612605948E+01    0.241550420703054129E+03
    0.635215952967540165E+01    0.186948544489207187E+02    0.241552379160873699E+03
    0.635215952967540165E+01    0.186948544489207187E+02    0.241552379160873699E+03
    0.187589102682766438E+02    0.642623745672483082E+01    0.241553081833268294E+03
    0.124756281269406557E+02    0.252755520870358374E+02    0.241555668189002944E+03
    0.638022279658168223E+01    0.187110546703446659E+02    0.241557244724728577E+03
    0.180594653817265673E-01    0.123988263474396252E+02    0.241566673137099883E+03
    0.644650622315688970E+01    0.313745097871905614E+02    0.241567237215793881E+03
    0.190175809248278647E+02    0.188443731397662511E+02    0.241573581167126491E+03
    0.186870624828197371E+02    0.188920637832623655E+02    0.241576205349501350E+03
    0.189943195572497388E+02    0.636833027890759507E+01    0.241576887218458296E+03
    0.188671658267673656E+02    0.312489851419545630E+02    0.241577626677051256E+03
    0.250098309549779820E+02    0.124520840431105437E+02    0.241578981143468297E+03
    0.126561738931175949E+02    0.252745080935370119E+02    0.241579129371213980E+03
    0.611789723936345986E+01    0.188212297966081721E+02    0.241580552304741815E+03
    0.633706785989904731E+01    0.190077574118337971E+02    0.241590402156207944E+03
    0.644735727329147679E+01    0.625253322485909990E+01    0.241592169271613272E+03
    0.126173829464553862E+02    0.252917635033287844E+02    0.241592421831512866E+03
    0.126173829464553862E+02    0.252917635033287844E+02    0.241592421831512866E+03
    0.251476710593520068E+02    0.124000985566831918E+02    0.241593230775594435E+03
    0.186827756340303672E+02    0.188552054124386963E+02    0.241594301649946260E+03
    0.186869339340205478E+02    0.624659577063358551E+01    0.241597611204599644E+03
    0.625424032406696817E+01    0.190134426724470771E+02    0.241601987687744355E+03
    0.313595813019548153E+02    0.186929693565225925E+02    0.241602347841893959E+03
    0.124024443570016754E+02    0.125942900745785114E+02    0.241604264560831041E+03
    0.149691052715121981E+00    0.124940156786221319E+02    0.241605105141397871E+03
    0.127037236703022032E+02    0.252264167042699263E+02    0.241605392715905253E+03
    0.314127765904893543E+02    0.186835855051225117E+02    0.241608970315092790E+03
    0.188724717331769014E+02    0.312517161024490733E+02    0.241612345724965934E+03
    0.187189214091271587E+02    0.618161358220482526E+01    0.241618461993551534E+03
    0.187189214091271587E+02    0.618161358220482526E+01    0.241618461993551534E+03
    0.189830927690958937E+02    0.618569700813776535E+01    0.241620756576589997E+03
    0.189830927690958937E+02    0.618569700813776535E+01    0.241620756576589997E+03
    0.313279100482921891E+02    0.187096555110156366E+02    0.241621538964757150E+03
    0.124014722638380270E+02    0.722957618349937686E-02    0.241624698771899489E+03
    0.188566996119821972E+02    0.186848634881906861E+02    0.241628177173544799E+03
    0.187612585812123882E+02    0.642231757315746776E+01    0.241629832797424172E+03
    0.187612585812123882E+02    0.642231757315746776E+01    0.241629832797424172E+03
    0.252724622676171400E+02    0.124790165624184883E+02    0.241629900538785023E+03
    0.127036025653789348E+02    0.911765032749826954E-01    0.241630281553176502E+03
    0.124324547820981586E+02    0.250367866098219309E+02    0.241630570390707703E+03
    0.127112928209849070E+02    0.250545156251671344E+02    0.241631375659234806E+03
    0.188016914425356347E+02    0.186920525209109201E+02    0.241632250818465081E+03
    0.186958249672647447E+02    0.187907483371189805E+02    0.241632697184837298E+03
    0.188043558535683815E+02    0.312577296468718018E+02    0.241633688140034621E+03
    0.612537869656698852E+01    0.188959522494277614E+02    0.241634391029776538E+03
    0.612438835670541604E+01    0.313732918112752799E+02    0.241635433411024280E+03
    0.612438835670541604E+01    0.313732918112752799E+02    0.241635433411024280E+03
    0.612036395084004781E+01    0.188317977608917744E+02    0.241645749470339069E+03
    0.611961379731748156E+01    0.188551447493464934E+02    0.241647694987273297E+03
    0.611961379731748156E+01    0.188551447493464934E+02    0.241647694987273297E+03
    0.186875918872136779E+02    0.630052951497291414E+01    0.241660497218908745E+03
    0.124584876069049457E+02    0.121519937314255255E+00    0.241667596221408218E+03
    0.313831934342973042E+02    0.612414824278578518E+01    0.241669082741473346E+03
    0.124137720445532054E+02    0.125110308891918116E+02    0.241670045452773479E+03
    0.313135886376681079E+02    0.312902437672513329E+02    0.241674448502893881E+03
    0.125905254074677924E+02    0.252929015638581802E+02    0.241675549751004354E+03
    0.125905254074677924E+02    0.252929015638581802E+02    0.241675549751004354E+03
    0.187644142988898608E+02    0.614539165489232531E+01    0.241675994216490608E+03
    0.189870279242018896E+02    0.187640458584198377E+02    0.241677288679418751E+03
    0.250904088994255154E+02    0.127225943684070550E+02    0.241677528379540149E+03
    0.250904088994255154E+02    0.127225943684070550E+02    0.241677528379540149E+03
    0.627985671637173848E+01    0.312542653887642068E+02    0.241679988432531957E+03
    0.189690549152569190E+02    0.187410145880763039E+02    0.241684931696229938E+03
    0.125553261535618343E+02    0.127268609154830283E+02    0.241693408432470477E+03
    0.124080712768304586E+02    0.251607933837596143E+02    0.241695165511772160E+03
    0.190047809904625744E+02    0.313740992121514601E+02    0.241695322968057098E+03
    0.186960073575590044E+02    0.633068347453500468E+01    0.241695928707926527E+03
    0.186949851593905763E+02    0.188922955072596856E+02    0.241701651359572622E+03
    0.612337318179814893E+01    0.188413679110106216E+02    0.241707106728501458E+03
    0.186911921758495971E+02    0.188714515442059607E+02    0.241709590498635066E+03
    0.124124398706521504E+02    0.126088389849697950E+02    0.241712753805029934E+03
    0.613382493976580445E+01    0.187931292202754747E+02    0.241713161861741327E+03
    0.190083291954576943E+02    0.314028850428367008E+02    0.241718595165437989E+03
    0.252748142762714068E+02    0.124945818747980155E+02    0.241721061412874803E+03
    0.187014829151631119E+02    0.634141288891287669E+01    0.241722060151978724E+03
    0.124445174223218409E+02    0.252350264165432989E+02    0.241722682584248901E+03
    0.188040957475344008E+02    0.186971833713751501E+02    0.241723563252737307E+03
    0.187117912213729376E+02    0.187701916395550654E+02    0.241724176908680931E+03
    0.189922961344036629E+02    0.635286314808817743E+01    0.241726509184403568E+03
    0.186917612730024700E+02    0.188674143091693907E+02    0.241726716264723507E+03
    0.612767833776186510E+01    0.625235273356984322E+01    0.241731060459885725E+03
    0.612767833776186510E+01    0.625235273356984322E+01    0.241731060459885725E+03
    0.249855915728693496E+02    0.125075454917843167E+02    0.241732268057145689E+03
    0.619358191354802656E+01    0.187188600850310074E+02    0.241732692758417187E+03
    0.190061276808869160E+02    0.313917409763118087E+02    0.241732706600185139E+03
    0.124263329867147974E+02    0.252066900104559579E+02    0.241734138994431333E+03
    0.124263329867147974E+02    0.252066900104559579E+02    0.241734138994431333E+03
    0.621046567429715068E+01    0.614258295568406609E+01    0.241735225206644998E+03
    0.312923267086429711E+02    0.187510286568889839E+02    0.241739066577285115E+03
    0.641720097592359107E+01    0.189326436460844292E+02    0.241745046810469319E+03
    0.126012350569365186E+02    0.249792216740196942E+02    0.241748674925421739E+03
    0.124112778494233034E+02    0.251585830599620373E+02    0.241751755622603582E+03
    0.119913154514773940E+00    0.126680623872860103E+02    0.241752372197847393E+03
    0.119913154514773940E+00    0.126680623872860103E+02    0.241752372197847393E+03
    0.190058776549244968E+02    0.188348327045631940E+02    0.241755150797249598E+03
    0.189855208781743130E+02    0.636142057056281107E+01    0.241757922086956057E+03
    0.624902084987801842E+01    0.613032609193616018E+01    0.241761292446162059E+03
    0.189429148987283043E+02    0.189751666118424716E+02    0.241763730050231317E+03
    0.189429148987283043E+02    0.189751666118424716E+02    0.241763730050231317E+03
    0.620792886692313584E+01    0.614612485056116498E+01    0.241765858011887445E+03
    0.633490528711288015E+01    0.613565686747164829E+01    0.241766134413397197E+03
    0.616727698923359124E+01    0.187447368590097838E+02    0.241767407460187712E+03
    0.615634314524532922E+01    0.313248174885532755E+02    0.241768959292861126E+03
    0.250651006604638233E+02    0.124259225200561279E+02    0.241773254199183867E+03
    0.614593091081430032E+01    0.313426276659655052E+02    0.241777804322044744E+03
    0.614593091081430032E+01    0.313426276659655052E+02    0.241777804322044744E+03
    0.124260901264901449E+02    0.124994428871462375E+02    0.241780447179169727E+03
    0.188931256843499860E+02    0.643234278394308578E+01    0.241780841645024964E+03
    0.251220238543316121E+02    0.124114189920854976E+02    0.241781754306614800E+03
    0.190047713340156186E+02    0.314142270065603491E+02    0.241783261950077389E+03
    0.190047713340156186E+02    0.314142270065603491E+02    0.241783261950077389E+03
    0.124992711843463713E+02    0.124266097327513290E+02    0.241786616764907535E+03
    0.124992711843463713E+02    0.124266097327513290E+02    0.241786616764907535E+03
    0.615171707018784986E+01    0.313340127869922540E+02    0.241788833884135357E+03
    0.187097959496760176E+02    0.187829543295223615E+02    0.241789976979321324E+03
    0.613268607968669244E+01    0.313797018179555991E+02    0.241790059026558538E+03
    0.188688869884269046E+02    0.612973955056747144E+01    0.241792135054226691E+03
    0.125004492600308961E+02    0.252719126946182762E+02    0.241802776751280703E+03
    0.189588624060019590E+02    0.639145366494860756E+01    0.241805246976723311E+03
    0.643690235238336772E+01    0.188522532062713353E+02    0.241806359186691395E+03
    0.252863565039040950E+02    0.125622623570025045E+02    0.241807452035488438E+03
    0.252057720225446822E+02    0.124312414887212324E+02    0.241808924991986885E+03
    0.627340200807485093E+01    0.613025618476426004E+01    0.241814084426721337E+03
    0.643270782389265339E+01    0.631667497046968673E+01    0.241814406474473770E+03
    0.643270782389265339E+01    0.631667497046968673E+01    0.241814406474473770E+03
    0.615404996291325546E+01    0.636508664107507283E+01    0.241819545577492022E+03
    0.250509380416396041E+02    0.124372124688179237E+02    0.241820057358987185E+03
    0.125989189729181010E+02    0.249834904389289179E+02    0.241821621900522416E+03
    0.125989189729181010E+02    0.249834904389289179E+02    0.241821621900522416E+03
    0.187652389637051584E+02    0.187223461881355000E+02    0.241824198914847898E+03
    0.127056275965556811E+02    0.250704788149639164E+02    0.241825167559537817E+03
    0.126705527401116367E+02    0.124549491215756181E+02    0.241825440474026209E+03
    0.187183021510127752E+02    0.636067414856417024E+01    0.241827152491056523E+03
    0.249949394525611766E+02    0.126313078838849044E+02    0.241828358920940417E+03
    0.126888458195597256E+02    0.252227010366518307E+02    0.241834237436405715E+03
    0.126888458195597256E+02    0.252227010366518307E+02    0.241834237436405715E+03
    0.312654901078252863E+02    0.630332468719899985E+01    0.241836599092741750E+03
    0.312654901078252863E+02    0.630332468719899985E+01    0.241836599092741750E+03
    0.615819758199331346E+01    0.619712564738466476E+01    0.241837475610426793E+03
    0.312763446357194788E+02    0.313565311508542912E+02    0.241838148847132487E+03
    0.188409713838349795E+02    0.190006864272300078E+02    0.241842744065673202E+03
    0.187026027700552788E+02    0.631926757562279917E+01    0.241843709863458116E+03
    0.250226248962779998E+02    0.126697377388770214E+02    0.241848508824080767E+03
    0.189472350845564605E+02    0.313008874500702809E+02    0.241850266494419685E+03
    0.189472350845564605E+02    0.313008874500702809E+02    0.241850266494419685E+03
    0.613288314190387585E+01    0.188589798193733706E+02    0.241854564428269754E+03
    0.613288314190387585E+01    0.188589798193733706E+02    0.241854564428269754E+03
    0.125085629035124200E+02    0.127054286190094228E+02    0.241854862231310250E+03
    0.125085629035124200E+02    0.127054286190094228E+02    0.241854862231310250E+03
    0.125568725583947991E+02    0.252828164870069863E+02    0.241857928076132509E+03
    0.150227663016646446E+00    0.125618582200292224E+02    0.241859134985510906E+03
    0.312996670418273872E+02    0.618800492580185235E+01    0.241860309365876020E+03
    0.312996670418273872E+02    0.618800492580185235E+01    0.241860309365876020E+03
    0.642332077989516304E+01    0.313625400416149454E+02    0.241864439396469663E+03
    0.642332077989516304E+01    0.313625400416149454E+02    0.241864439396469663E+03
    0.188185530029058619E+02    0.613671943995733660E+01    0.241868051781025684E+03
    0.619856751729774125E+01    0.616028006091186064E+01    0.241875855122869382E+03
    0.619856751729774125E+01    0.616028006091186064E+01    0.241875855122869382E+03
    0.614016983173779618E+01    0.188072883451545145E+02    0.241876859175808249E+03
    0.124693627261872457E+02    0.124532256568156949E+02    0.241878605696108053E+03
    0.188901233454064261E+02    0.187063552017130235E+02    0.241881272426443502E+03
    0.189057389971719054E+02    0.187119700569176395E+02    0.241884695160316824E+03
    0.626152680901468806E+01    0.312694388624571111E+02    0.241892482813734063E+03
    0.188070426133766873E+02    0.642484642765078640E+01    0.241895237332863189E+03
    0.124221617358953349E+02    0.125990936727887863E+02    0.241895594531917311E+03
    0.124266229082872091E+02    0.126132423147376329E+02    0.241902767944073190E+03
    0.187701412549771689E+02    0.640718961268588760E+01    0.241905143053343295E+03
    0.187026904006034336E+02    0.628820081728261382E+01    0.241909229331060118E+03
    0.187026904006034336E+02    0.628820081728261382E+01    0.241909229331060118E+03
    0.625636099785466193E+01    0.613875139538346115E+01    0.241909992567235918E+03
    0.126642110982847935E+02    0.126759160733720755E+02    0.241910801737439186E+03
    0.252473880874238468E+02    0.124750206716703573E+02    0.241915026183021666E+03
    0.187063158805764367E+02    0.188805914600929903E+02    0.241915041513457339E+03
    0.187063158805764367E+02    0.188805914600929903E+02    0.241915041513457339E+03
    0.313045889999689564E+02    0.313205775655135881E+02    0.241915101401756544E+03
    0.313045889999689564E+02    0.313205775655135881E+02    0.241915101401756544E+03
    0.614244336913553024E+01    0.188091534932907507E+02    0.241917123636898566E+03
    0.614244336913553024E+01    0.188091534932907507E+02    0.241917123636898566E+03
    0.189957286364340838E+02    0.314087347168084321E+02    0.241918124628280566E+03
    0.188531084603624315E+02    0.187033871160830074E+02    0.241920149439375223E+03
    0.628814472830650573E+01    0.613706138040382942E+01    0.241920208089297830E+03
    0.124373857058223223E+02    0.688359618766239550E-01    0.241920602698791299E+03
    0.124373857058223223E+02    0.688359618766239550E-01    0.241920602698791299E+03
    0.619183448636680644E+01    0.313022220308149883E+02    0.241925856039460939E+03
    0.249966212357906805E+02    0.125140544349807783E+02    0.241926021626976933E+03
    0.187201639612503996E+02    0.189166939827807283E+02    0.241926923809449988E+03
    0.639550153819819300E+01    0.313234378960738482E+02    0.241931128283771386E+03
    0.124439853686084874E+02    0.776422573525113457E-01    0.241939250607525167E+03
    0.188595291552494828E+02    0.642769323882650934E+01    0.241940112865235363E+03
    0.188418529813165030E+02    0.312716439648997344E+02    0.241945412516619740E+03
    0.124374265904190935E+02    0.250676407915250543E+02    0.241946316711607295E+03
    0.188271275851291335E+02    0.187069750360913183E+02    0.241947691145058940E+03
    0.637540946388064178E+01    0.187387122297124087E+02    0.241950139810865863E+03
    0.187104198259107157E+02    0.188866893221351333E+02    0.241952528603296003E+03
    0.187104198259107157E+02    0.188866893221351333E+02    0.241952528603296003E+03
    0.124315742544343610E+02    0.251829833214425811E+02    0.241954797637546022E+03
    0.124233976867932920E+02    0.125792822189430176E+02    0.241958972379384306E+03
    0.635953669755498385E+01    0.189709668519457857E+02    0.241961225531840114E+03
    0.313399117906857150E+02    0.187281464721944033E+02    0.241963826111714866E+03
    0.124835459922354968E+02    0.116781939964900175E+00    0.241964897568266849E+03
    0.124835459922354968E+02    0.116781939964900175E+00    0.241964897568266849E+03
    0.640882314913238638E+01    0.621510677630167496E+01    0.241968763261527897E+03
    0.313912025526703431E+02    0.187089200529788648E+02    0.241970010417251586E+03
    0.313912025526703431E+02    0.187089200529788648E+02    0.241970010417251586E+03
    0.632359023807509857E+01    0.187127192968232130E+02    0.241971746706997550E+03
    0.619083552358787603E+01    0.187409622257163093E+02    0.241973842931173181E+03
    0.252351506651734496E+02    0.124673411171395045E+02    0.241975190387271653E+03
    0.633456315418966742E+01    0.615037587271959563E+01    0.241975785868924390E+03
    0.614809156924057110E+01    0.313711623342830279E+02    0.241976947585485021E+03
    0.125211719272622997E+02    0.127012118246967560E+02    0.241978415901438666E+03
    0.125211719272622997E+02    0.127012118246967560E+02    0.241978415901438666E+03
    0.187076291878737813E+02    0.628881064766205444E+01    0.241980794754033781E+03
    0.252729347763153456E+02    0.125440879967645706E+02    0.241982047849862084E+03
    0.126212541638546281E+02    0.252634357894420312E+02    0.241985120496977970E+03
    0.252420738898754458E+02    0.124766577638843454E+02    0.241989908661201639E+03
    0.640862771123344110E+01    0.313506498710772874E+02    0.241990047608835084E+03
    0.127073629744395333E+02    0.251427150422018961E+02    0.241990707665526031E+03
    0.187084915647813013E+02    0.629170863347786646E+01    0.241991034271507345E+03
    0.313156554390062603E+02    0.638262570171892030E+01    0.241992913853768869E+03
    0.125031554128541025E+02    0.126161830420117443E+00    0.241994261467117639E+03
    0.125031554128541025E+02    0.126161830420117443E+00    0.241994261467117639E+03
    0.126383376607952602E+02    0.252539895524116957E+02    0.241995955548809889E+03
    0.252400365513896254E+02    0.126578345129581198E+02    0.241996165372857121E+03
    0.126289092267243355E+02    0.250064954992797865E+02    0.241997478041721934E+03
    0.127065685291409043E+02    0.120461865026075376E-01    0.241999673059535155E+03
    0.187444461915599341E+02    0.618976603811268866E+01    0.242001344399506905E+03
    0.187994678418711381E+02    0.615188268640816638E+01    0.242002432869762089E+03
    0.640041956484469843E+01    0.635992154024991052E+01    0.242008483715969760E+03
    0.127057106979892289E+02    0.119603526595594301E-01    0.242011866656748111E+03
    0.127057106979892289E+02    0.119603526595594301E-01    0.242011866656748111E+03
    0.125323342067726653E+02    0.135358423758243723E+00    0.242015893507930173E+03
    0.125323342067726653E+02    0.135358423758243723E+00    0.242015893507930173E+03
    0.126420417034582400E+02    0.250154603731289562E+02    0.242016108465364937E+03
    0.187117028167677404E+02    0.630481431682617277E+01    0.242016299847137788E+03
    0.188666887074081693E+02    0.187111852231876732E+02    0.242017864762232676E+03
    0.188666887074081693E+02    0.187111852231876732E+02    0.242017864762232676E+03
    0.614866061584471169E+01    0.188133422033363047E+02    0.242019537032297961E+03
    0.250024771407197441E+02    0.125172832774606348E+02    0.242021123107025488E+03
    0.614508043416307448E+01    0.188364841235613945E+02    0.242027745233052201E+03
    0.124327230404233724E+02    0.250962326775668174E+02    0.242030316409781676E+03
    0.109573568678050667E+00    0.126508639546982540E+02    0.242033050228960462E+03
    0.187857092579242568E+02    0.616113744994665513E+01    0.242041689553672825E+03
    0.124976671397687564E+02    0.252512332685174954E+02    0.242052380356438647E+03
    0.636067851342949364E+01    0.639521250671219033E+01    0.242062768579994838E+03
    0.125410592723156444E+02    0.133606280206195110E+00    0.242065726765859125E+03
    0.125410592723156444E+02    0.133606280206195110E+00    0.242065726765859125E+03
    0.618883047554603305E+01    0.187517075869887258E+02    0.242066751683752329E+03
    0.189784043329224552E+02    0.632630036987240096E+01    0.242067345568580777E+03
    0.124776864814457777E+02    0.250299401196500355E+02    0.242068971167968868E+03
    0.124776864814457777E+02    0.250299401196500355E+02    0.242068971167968868E+03
    0.250049846334655612E+02    0.126113817044348604E+02    0.242073057406159450E+03
    0.313409880935260929E+02    0.617058475229556791E+01    0.242075895201751422E+03
    0.626565083183405314E+01    0.312822146296828620E+02    0.242081082053202067E+03
    0.189180195441406411E+02    0.639936801650237186E+01    0.242081357322700029E+03
    0.125811601106138955E+02    0.133959327219894175E+00    0.242082210259990376E+03
    0.124567488341461061E+02    0.126447459208376074E+02    0.242082716273458971E+03
    0.124567488341461061E+02    0.126447459208376074E+02    0.242082716273458971E+03
    0.187496825125604865E+02    0.637315750146842053E+01    0.242087280955307762E+03
    0.125156341360066587E+02    0.124232477538226638E+00    0.242090225149441778E+03
    0.125156341360066587E+02    0.124232477538226638E+00    0.242090225149441778E+03
    0.250519889024008826E+02    0.126735007304522842E+02    0.242090882096974951E+03
    0.252378576943699855E+02    0.126496490228226026E+02    0.242091547073086332E+03
    0.124883715955517385E+02    0.124580977630473839E+02    0.242100497802045169E+03
    0.188522060875760893E+02    0.189826834360947245E+02    0.242104077079675193E+03
    0.188522060875760893E+02    0.189826834360947245E+02    0.242104077079675193E+03
    0.126091193736430505E+02    0.126924621125406087E+02    0.242104372030931643E+03
    0.637251860418562366E+01    0.187509192486598515E+02    0.242105428282477703E+03
    0.188973229661383648E+02    0.640727973581298293E+01    0.242106687746718507E+03
    0.125155114820029603E+02    0.122803730964317501E+00    0.242107395548601147E+03
    0.125155114820029603E+02    0.122803730964317501E+00    0.242107395548601147E+03
    0.125555781453548736E+02    0.252650842612390676E+02    0.242109068638122153E+03
    0.640102356646574222E+01    0.634432372566842506E+01    0.242109651245374806E+03
    0.640102356646574222E+01    0.634432372566842506E+01    0.242109651245374806E+03
    0.124484447885248439E+02    0.126273034616001194E+02    0.242109874522903539E+03
    0.252149207142501908E+02    0.124621413424297085E+02    0.242110072001032137E+03
    0.632339974693479068E+01    0.187232190197106974E+02    0.242111838951622644E+03
    0.124886138637927271E+02    0.124590883432282027E+02    0.242113163760485747E+03
    0.124886138637927271E+02    0.124590883432282027E+02    0.242113163760485747E+03
    0.637026527770953788E+01    0.189487847506173317E+02    0.242119556606485588E+03
    0.250037834064251037E+02    0.125396414728307484E+02    0.242123565807518730E+03
    0.313987530898585874E+02    0.641327744346244355E+01    0.242129876306780119E+03
    0.313987530898585874E+02    0.641327744346244355E+01    0.242129876306780119E+03
    0.252096719636513384E+02    0.124600727753372738E+02    0.242130203226212444E+03
    0.124375334335785368E+02    0.247605299849735089E-01    0.242130240531043199E+03
    0.615698612680757851E+01    0.188848308725725360E+02    0.242132376902116818E+03
    0.188157594129241410E+02    0.187229814070448235E+02    0.242132735916429596E+03
    0.124365627660469436E+02    0.107987385203821683E-01    0.242142585867819776E+03
    0.250086172776619797E+02    0.125281192420082821E+02    0.242147554019134844E+03
    0.124370392911703807E+02    0.116902492481608129E-01    0.242147805302212362E+03
    0.124370392911703807E+02    0.116902492481608129E-01    0.242147805302212362E+03
    0.126719056808903989E+02    0.250570910057543976E+02    0.242148197239996676E+03
    0.126719056808903989E+02    0.250570910057543976E+02    0.242148197239996676E+03
    0.313683216959662978E+02    0.616248102453234647E+01    0.242149322269927609E+03
    0.252075923576090268E+02    0.126723513092001543E+02    0.242149505837056665E+03
    0.639445454588250772E+01    0.634981783577006365E+01    0.242150171666648220E+03
    0.126135371893005850E+02    0.126871457709894404E+02    0.242150551842275831E+03
    0.125431136788552742E+02    0.250052315251354926E+02    0.242151043345748803E+03
    0.125431136788552742E+02    0.250052315251354926E+02    0.242151043345748803E+03
    0.250095949614702313E+02    0.126056067598917814E+02    0.242155903784731606E+03
    0.250095949614702313E+02    0.126056067598917814E+02    0.242155903784731606E+03
    0.250198840938803393E+02    0.126286330579407782E+02    0.242160610896264416E+03
    0.187442563887798315E+02    0.187753316206159973E+02    0.242161472712656689E+03
    0.189777412357748858E+02    0.629553888424218488E+01    0.242161889930579889E+03
    0.126417574680870750E+02    0.250286339988441640E+02    0.242165296264815993E+03
    0.125638129052712006E+02    0.128426015463328991E+00    0.242166132961300889E+03
    0.126434326885591766E+02    0.252354859890389989E+02    0.242166634997856079E+03
    0.251480660726427665E+02    0.126934184515358606E+02    0.242172393366137072E+03
    0.125810563917766025E+02    0.250056353985782565E+02    0.242172616069930996E+03
    0.126872336778886190E+02    0.251744358219842361E+02    0.242173981889674280E+03
    0.187223543575758491E+02    0.629280877253806548E+01    0.242177588207681055E+03
    0.187604989349929632E+02    0.619184986133111348E+01    0.242177836873984006E+03
    0.313188573676315656E+02    0.313332537106965638E+02    0.242178641316513392E+03
    0.313188573676315656E+02    0.313332537106965638E+02    0.242178641316513392E+03
    0.189341437469756535E+02    0.189448695663445115E+02    0.242179523176042295E+03
    0.633873964150349156E+01    0.189641245557490201E+02    0.242180809434538332E+03
    0.251492022447252772E+02    0.126922280848248281E+02    0.242185762540102985E+03
    0.251400920173826528E+02    0.124396634786438138E+02    0.242185865979861120E+03
    0.187567769370702280E+02    0.189359004108768012E+02    0.242188424011036346E+03
    0.187567769370702280E+02    0.189359004108768012E+02    0.242188424011036346E+03
    0.189109696521566129E+02    0.187388233914999134E+02    0.242189860839764208E+03
    0.188128686641167135E+02    0.187292651964892016E+02    0.242200724034800146E+03
    0.188128686641167135E+02    0.187292651964892016E+02    0.242200724034800146E+03
    0.189386053069003104E+02    0.313271154403183836E+02    0.242200835030936702E+03
    0.189737505278640803E+02    0.626534221948381287E+01    0.242204353202187434E+03
    0.618190231389719447E+01    0.313420599596367460E+02    0.242205988914637203E+03
    0.189063480040688177E+02    0.189611410244439718E+02    0.242207836849801481E+03
    0.250429480796210662E+02    0.124795022845214891E+02    0.242211337965456522E+03
    0.126777826901093302E+02    0.251884306361111960E+02    0.242216035541412282E+03
    0.126777826901093302E+02    0.251884306361111960E+02    0.242216035541412282E+03
    0.189055343354730248E+02    0.189607732151344237E+02    0.242216596350918707E+03
    0.125125875236195316E+02    0.250205853674890655E+02    0.242218166387223562E+03
    0.125125875236195316E+02    0.250205853674890655E+02    0.242218166387223562E+03
    0.189703599547074688E+02    0.188203689181799589E+02    0.242219380800140698E+03
    0.189545520562927976E+02    0.313497246675791494E+02    0.242221480597544570E+03
    0.189485646167454753E+02    0.635802844929542577E+01    0.242221642467269874E+03
    0.616278829318727173E+01    0.625316987189431384E+01    0.242221862579748944E+03
    0.616278829318727173E+01    0.625316987189431384E+01    0.242221862579748944E+03
    0.618923364317227431E+01    0.636412298949818211E+01    0.242222986648956606E+03
    0.126550430372963465E+02    0.124798353702013394E+02    0.242224337270832677E+03
    0.628805813241872702E+01    0.640685177341021816E+01    0.242225807282900547E+03
    0.188874780053277789E+02    0.640097687437499374E+01    0.242226101712447672E+03
    0.632061560788921728E+01    0.616528263545337563E+01    0.242226648262409270E+03
    0.632061560788921728E+01    0.616528263545337563E+01    0.242226648262409270E+03
    0.639527486063101325E+01    0.633547126438875896E+01    0.242226921663824669E+03
    0.250468482211915280E+02    0.126553567359342303E+02    0.242227111269123270E+03
    0.616746482061577073E+01    0.624090683006579017E+01    0.242232892672266388E+03
    0.625594249660008561E+01    0.640304104575294808E+01    0.242236426538695582E+03
    0.625594249660008561E+01    0.640304104575294808E+01    0.242236426538695582E+03
    0.189624983734805781E+02    0.313676898961600195E+02    0.242237757996095212E+03
    0.125685345511027293E+02    0.126891426054247560E+02    0.242237892153100944E+03
    0.125101007033320126E+02    0.252418241894008197E+02    0.242238668516479322E+03
    0.630784939589870142E+01    0.616308470672860675E+01    0.242240208483929280E+03
    0.640571460621635946E+01    0.628142148912794784E+01    0.242240975772330529E+03
    0.640571460621635946E+01    0.628142148912794784E+01    0.242240975772330529E+03
    0.120498592708584276E+00    0.125885279601021818E+02    0.242241292283573443E+03
    0.620118938924504803E+01    0.637403554914049142E+01    0.242243199595671058E+03
    0.313788764595397751E+02    0.639962356549640798E+01    0.242245392240084385E+03
    0.632116984426645168E+01    0.187334516656576362E+02    0.242245776944451393E+03
    0.189621718770921284E+02    0.188029148728277526E+02    0.242249105872009125E+03
    0.631492782704019895E+01    0.640073891754667201E+01    0.242250628156558918E+03
    0.124464498332652411E+02    0.198346161927244226E-01    0.242253219451092207E+03
    0.250166864201572849E+02    0.125305108670160710E+02    0.242254266075259409E+03
    0.639185143003161205E+01    0.189034791271489233E+02    0.242256285879266244E+03
    0.251451229225842496E+02    0.126870268260375543E+02    0.242256393615726068E+03
    0.188006083319081441E+02    0.187387725458800709E+02    0.242258648116473012E+03
    0.188006083319081441E+02    0.187387725458800709E+02    0.242258648116473012E+03
    0.189233748286111698E+02    0.618718454633487802E+01    0.242258909597691371E+03
    0.616692448655018666E+01    0.631703461039627445E+01    0.242258916066980930E+03
    0.188639208456221148E+02    0.616297866287722051E+01    0.242259184722315780E+03
    0.630329132507870593E+01    0.616390166033521325E+01    0.242260364675079018E+03
    0.187369959782502207E+02    0.632749983878465372E+01    0.242260410919366706E+03
    0.250233808631138892E+02    0.126178919836210017E+02    0.242261417805240882E+03
    0.187327346867156699E+02    0.188191495963260600E+02    0.242263477089763853E+03
    0.252345331342309684E+02    0.125022037264180437E+02    0.242268285479517459E+03
    0.313600136870523336E+02    0.638938643406143747E+01    0.242271992135068928E+03
    0.313600136870523336E+02    0.638938643406143747E+01    0.242271992135068928E+03
    0.187519946190406444E+02    0.189188884185523882E+02    0.242276060210357684E+03
    0.187682696481784319E+02    0.637076732844618920E+01    0.242278460020339935E+03
    0.252327977889249091E+02    0.125015259522935391E+02    0.242281549466735328E+03
    0.124473748298834970E+02    0.251364987989777013E+02    0.242283494653280542E+03
    0.250617760985703342E+02    0.124709456974220725E+02    0.242285309631377032E+03
    0.639418331202674750E+01    0.632542597542802909E+01    0.242287083535505502E+03
    0.250700449660700180E+02    0.124655375490888947E+02    0.242287497525489840E+03
    0.125032735236878310E+02    0.124658727366613871E+02    0.242288359791047469E+03
    0.125032735236878310E+02    0.124658727366613871E+02    0.242288359791047469E+03
    0.616743461895834510E+01    0.630597959111778028E+01    0.242296461125786067E+03
    0.623097092310743772E+01    0.313101848653455228E+02    0.242297072878663926E+03
    0.623097092310743772E+01    0.313101848653455228E+02    0.242297072878663926E+03
    0.124613159590324329E+02    0.251862672762915629E+02    0.242297386810005747E+03
    0.618028262273634077E+01    0.189070618509690043E+02    0.242297684994543147E+03
    0.188703881059118288E+02    0.187335478509079181E+02    0.242297766269635332E+03
    0.189031719385088479E+02    0.617833006537392126E+01    0.242299013145754913E+03
    0.124571930390008490E+02    0.126099535531334563E+02    0.242301503601463253E+03
    0.313999192632581909E+02    0.616674227410112863E+01    0.242301625013117473E+03
    0.126281560350606767E+02    0.250332917373326573E+02    0.242307199558016151E+03
    0.313504791144960357E+02    0.618613590532607560E+01    0.242307497590802427E+03
    0.252190525740100000E+02    0.124876185168911338E+02    0.242310066998533813E+03
    0.125949758211950407E+02    0.113185051038440426E+00    0.242311048873966683E+03
    0.125949758211950407E+02    0.113185051038440426E+00    0.242311048873966683E+03
    0.313487233641332566E+02    0.618778530003676686E+01    0.242311767644335504E+03
    0.126712948819221420E+02    0.126171110291548345E+02    0.242313417011485541E+03
    0.313907092644620143E+02    0.616949732216811242E+01    0.242314484477870479E+03
    0.250501848668468732E+02    0.124844400028216960E+02    0.242316292706936764E+03
    0.250476208414628658E+02    0.126455899889381129E+02    0.242316644320286883E+03
    0.251803719576658018E+02    0.126721917288640711E+02    0.242319305906108383E+03
    0.251017981490463740E+02    0.124547194020059031E+02    0.242321436534874209E+03
    0.126225871274313484E+02    0.252337849840375519E+02    0.242324214419226678E+03
    0.126225871274313484E+02    0.252337849840375519E+02    0.242324214419226678E+03
    0.126816919718455097E+02    0.125720029769141668E+02    0.242326069395522012E+03
    0.101073112506587764E+00    0.126219634031436332E+02    0.242327432645920425E+03
    0.187527649110142072E+02    0.187872635089912343E+02    0.242330355047537694E+03
    0.187613769844490683E+02    0.187755820661120545E+02    0.242330441103470662E+03
    0.187613769844490683E+02    0.187755820661120545E+02    0.242330441103470662E+03
    0.189342600561810777E+02    0.313380282988404169E+02    0.242330684085156747E+03
    0.638058348987597679E+01    0.189106519540388618E+02    0.242331851169838330E+03
    0.124857392747701184E+02    0.252144774548606030E+02    0.242333748254400803E+03
    0.188088619009666296E+02    0.187423533079038904E+02    0.242335353006580789E+03
    0.187895929055020829E+02    0.618550316090576580E+01    0.242335974598746304E+03
    0.187595022520047721E+02    0.189203867847562783E+02    0.242336541162604419E+03
    0.187595022520047721E+02    0.189203867847562783E+02    0.242336541162604419E+03
    0.125031455212965454E+02    0.126618854058693007E+02    0.242336835765680490E+03
    0.633036871229520948E+01    0.187453131755627709E+02    0.242338180773782767E+03
    0.188114106871432973E+02    0.313087268756756565E+02    0.242345520452189675E+03
    0.188114106871432973E+02    0.313087268756756565E+02    0.242345520452189675E+03
    0.125405951835637168E+02    0.110819252419788766E+00    0.242345562502025274E+03
    0.189480387818944997E+02    0.313596903608548452E+02    0.242349893200725546E+03
    0.125662584155462262E+02    0.113334633761238646E+00    0.242350603729765197E+03
    0.189351865943410722E+02    0.620927946166568301E+01    0.242353300095862778E+03
    0.189351865943410722E+02    0.620927946166568301E+01    0.242353300095862778E+03
    0.187641162929072891E+02    0.189234176066470781E+02    0.242355278747169962E+03
    0.189268795382062152E+02    0.313337691218123879E+02    0.242356628902365372E+03
    0.250689265248064395E+02    0.126594066453296694E+02    0.242356645923920524E+03
    0.313108548375965441E+02    0.632374655138346053E+01    0.242358732173364245E+03
    0.110167387597690680E+00    0.125897518214910171E+02    0.242358771621526017E+03
    0.627703320464556569E+01    0.617087116216662412E+01    0.242360321983540274E+03
    0.187984918230746558E+02    0.638335872929050918E+01    0.242360937985762575E+03
    0.187984918230746558E+02    0.638335872929050918E+01    0.242360937985762575E+03
    0.636418899053724907E+01    0.187717045335547610E+02    0.242361996051463251E+03
    0.617134103478459117E+01    0.188392174539883897E+02    0.242362157971026477E+03
    0.187544007784744515E+02    0.189091657285631634E+02    0.242362701523789866E+03
    0.111652060730473429E+00    0.125552976404835377E+02    0.242363533769977494E+03
    0.639328088460044608E+01    0.630389183865178371E+01    0.242365518259570933E+03
    0.789906170903587751E-01    0.126458161078742588E+02    0.242365596112791650E+03
    0.125674881201219275E+02    0.250208101519806121E+02    0.242366505395220770E+03
    0.313946049393155526E+02    0.617345406851938439E+01    0.242368258241102950E+03
    0.624249110713785171E+01    0.617934012036356695E+01    0.242371123591604089E+03
    0.636552152144646843E+01    0.313408481740623515E+02    0.242372412440335410E+03
    0.126695083029551636E+02    0.126081671838975407E+02    0.242373929311948842E+03
    0.189317041546056544E+02    0.313409173384462427E+02    0.242374496868557628E+03
    0.124828288752377645E+02    0.124930028032020335E+02    0.242375134143211710E+03
    0.125153359128999089E+02    0.124681334902903949E+02    0.242380484042631451E+03
    0.125153359128999089E+02    0.124681334902903949E+02    0.242380484042631451E+03
    0.631388522846760658E+01    0.189558984468704921E+02    0.242380617795440429E+03
    0.187395048583272512E+02    0.188608059247547644E+02    0.242381256982337021E+03
    0.635663396286487181E+01    0.620048140920022917E+01    0.242381565369295487E+03
    0.189230442760534245E+02    0.187671905365708547E+02    0.242384091353884173E+03
    0.125975057581925469E+02    0.250270072697642156E+02    0.242385776797334245E+03
    0.187658496420918546E+02    0.187778861155019783E+02    0.242386173777570548E+03
    0.252344784696449977E+02    0.125240628866113290E+02    0.242386246326097108E+03
    0.617921046690262354E+01    0.188856712097800923E+02    0.242387506719860994E+03
    0.126602790802619847E+02    0.251900223963317202E+02    0.242388334162696765E+03
    0.126602790802619847E+02    0.251900223963317202E+02    0.242388334162696765E+03
    0.187586940912242284E+02    0.189114755367524054E+02    0.242388851646868687E+03
    0.250509576699261025E+02    0.126396762683247275E+02    0.242390265538231546E+03
    0.250509576699261025E+02    0.126396762683247275E+02    0.242390265538231546E+03
    0.125963275780922555E+02    0.252383343385584418E+02    0.242390911058759770E+03
    0.125764987604809733E+02    0.250234592338219102E+02    0.242390984728706911E+03
    0.187553651239404218E+02    0.187933170444906672E+02    0.242391623672959042E+03
    0.125042995896573537E+02    0.124759448920531657E+02    0.242391895419443841E+03
    0.313183824241770452E+02    0.633317728664470803E+01    0.242392649249566148E+03
    0.188885420618887991E+02    0.189519570810554896E+02    0.242393027055743602E+03
    0.250370016702864397E+02    0.125130791773169818E+02    0.242393063293292101E+03
    0.250370016702864397E+02    0.125130791773169818E+02    0.242393063293292101E+03
    0.313628019087569818E+02    0.637899770459439619E+01    0.242393254608327368E+03
    0.252252384006965755E+02    0.125093340505484143E+02    0.242403026561941715E+03
    0.252252384006965755E+02    0.125093340505484143E+02    0.242403026561941715E+03
    0.250994679843739057E+02    0.126698036251331452E+02    0.242403130959561025E+03
    0.188034934554894200E+02    0.313175291974246903E+02    0.242403253905181117E+03
    0.621717407663683552E+01    0.619689949108135618E+01    0.242403357644282266E+03
    0.126463907820803509E+02    0.124931668490599428E+02    0.242405421216114831E+03
    0.126699210048110409E+02    0.251649371411185214E+02    0.242405462867241681E+03
    0.631181587787517717E+01    0.189540882343352166E+02    0.242406087379203882E+03
    0.636352152796678361E+01    0.187768461353801754E+02    0.242406500982371909E+03
    0.187823203411995436E+02    0.636811864103090741E+01    0.242406814145502551E+03
    0.124942949553253602E+02    0.252135928393442903E+02    0.242406941576222721E+03
    0.125170279640001620E+02    0.962553290705630976E-01    0.242408514587801022E+03
    0.251664005725549806E+02    0.126690658813448653E+02    0.242409506038378680E+03
    0.189466094544426120E+02    0.623581242260093660E+01    0.242410337144006888E+03
    0.125632322824117431E+02    0.124584938071773106E+02    0.242411073033344650E+03
    0.124625366966207523E+02    0.125371712631135495E+02    0.242411776364329597E+03
    0.635516431020553707E+01    0.313355928978669098E+02    0.242411858933780394E+03
    0.188438895626441685E+02    0.189571078588194695E+02    0.242413484491089065E+03
    0.250512102990177006E+02    0.124960613162020859E+02    0.242414067539336941E+03
    0.250848311642908683E+02    0.126627203237043133E+02    0.242414627431513537E+03
    0.126384006461939720E+02    0.252126311737362236E+02    0.242415076703850133E+03
    0.251269651467276844E+02    0.126737035288778248E+02    0.242415798048506360E+03
    0.188665622479847634E+02    0.617713795507226227E+01    0.242416742496909052E+03
    0.124851804659113359E+02    0.124970740532328151E+02    0.242424003475949291E+03
    0.125523235417250998E+02    0.250270898775797299E+02    0.242425613104776488E+03
    0.251230735521559509E+02    0.126724474298159482E+02    0.242426303896374577E+03
    0.187649404042914583E+02    0.621874119815942183E+01    0.242428087580637566E+03
    0.124977313644399928E+02    0.812420143871549760E-01    0.242428154797516868E+03
    0.313772756789474343E+02    0.618414485990337326E+01    0.242428525617868189E+03
    0.125906567412076278E+02    0.252361277217622160E+02    0.242429718578365822E+03
    0.125491301555448516E+02    0.250280828279199099E+02    0.242431118337076441E+03
    0.125967422373372813E+02    0.101600825127448627E+00    0.242431420033773577E+03
    0.189554797786806475E+02    0.628598972782261711E+01    0.242432260896648728E+03
    0.638689461729016905E+01    0.630481710156113007E+01    0.242432492464475899E+03
    0.638897207964497138E+01    0.627930102440832716E+01    0.242433362254910605E+03
    0.124818764187694153E+02    0.251958102070524710E+02    0.242437974422446160E+03
    0.125437841052192276E+02    0.102969430883869992E+00    0.242438085283834454E+03
    0.124634779862106981E+02    0.125434851010365058E+02    0.242438197702875470E+03
    0.187897107904288525E+02    0.619641886866057767E+01    0.242438327519288350E+03
    0.125197033879595647E+02    0.944813993974844973E-01    0.242438563027938699E+03
    0.627466037862719261E+01    0.617816393796876628E+01    0.242438605903582641E+03
    0.188018199857545234E+02    0.313220252962496168E+02    0.242438990163952809E+03
    0.104974096507739437E+00    0.125723144837143330E+02    0.242440991789759664E+03
    0.630453318379143468E+01    0.189524639396877568E+02    0.242441470020018130E+03
    0.634153441171656951E+01    0.619576918512097574E+01    0.242441538804369515E+03
    0.313279757008037940E+02    0.622580473603103624E+01    0.242442461669859313E+03
    0.124718904662027157E+02    0.125208888312267312E+02    0.242444088292771937E+03
    0.626862669043902265E+01    0.187457691439919607E+02    0.242444598118577971E+03
    0.188114214301468117E+02    0.187519416507412338E+02    0.242444690442942800E+03
    0.189206901929362914E+02    0.187727487294492263E+02    0.242445937474629460E+03
    0.125689366120730455E+02    0.124618217395009090E+02    0.242446942399480605E+03
    0.189441587700250587E+02    0.623904957404201355E+01    0.242449005064384608E+03
    0.618940485372292493E+01    0.623760972150207760E+01    0.242450309441113092E+03
    0.787612147745528068E-01    0.126346820800819639E+02    0.242450461593353424E+03
    0.125120728816916102E+02    0.126553633052367740E+02    0.242450531090011850E+03
    0.126513546165098116E+02    0.251930898043911036E+02    0.242450731000910281E+03
    0.189113170881663741E+02    0.619966850437180561E+01    0.242454507118690827E+03
    0.124632308532911029E+02    0.121306303615352357E-01    0.242454630793699408E+03
    0.637677112043003902E+01    0.623824766687177057E+01    0.242455065707757512E+03
    0.250341684582011119E+02    0.125339393940993489E+02    0.242455505081526525E+03
    0.103555943131717940E+00    0.125716502891757855E+02    0.242456305182281653E+03
    0.124947344684658912E+02    0.124915613526697022E+02    0.242457614151096664E+03
    0.126224626062577254E+02    0.868851072062433727E-01    0.242459251531632333E+03
    0.620738176223069615E+01    0.635330645214599876E+01    0.242460896030307225E+03
    0.618503435510344790E+01    0.625115730317857210E+01    0.242461008103614972E+03
    0.999055836522738938E-01    0.125408413798307627E+02    0.242462334243057228E+03
    0.189497321902916340E+02    0.188253225353706242E+02    0.242462853246316286E+03
    0.619317614388357462E+01    0.623313387570503430E+01    0.242463709292130403E+03
    0.187493771901542949E+02    0.625998284462239329E+01    0.242465296498833652E+03
    0.252349276338719299E+02    0.125777994008208331E+02    0.242465352937620651E+03
    0.126146925292835235E+02    0.252232484109043433E+02    0.242467757479035896E+03
    0.188048177287212006E+02    0.189417881794138125E+02    0.242468671134102436E+03
    0.250572838383881482E+02    0.124971473224922374E+02    0.242469856624218068E+03
    0.187488900615049126E+02    0.626476189602759082E+01    0.242470394961145132E+03
    0.187503042053939133E+02    0.188733288038413285E+02    0.242473282482392761E+03
    0.124656845311566702E+02    0.163506290701701494E-01    0.242473827267134737E+03
    0.187854138941843303E+02    0.620396698208053721E+01    0.242474696828644255E+03
    0.313296416546256076E+02    0.622941943164709588E+01    0.242477401167164260E+03
    0.997733088346272334E-01    0.125476126315295975E+02    0.242478804163747611E+03
    0.188013642397521892E+02    0.637224769884811870E+01    0.242481495225891138E+03
    0.124659291720340093E+02    0.126043634860723286E-01    0.242481787853662667E+03
    0.126624895709376180E+02    0.125975121863714463E+02    0.242483773948550407E+03
    0.252335161976887932E+02    0.125596932430083665E+02    0.242484165995814777E+03
    0.100855979775663615E+00    0.125707822295860332E+02    0.242484609005347465E+03
    0.187518463744394666E+02    0.188748231945028735E+02    0.242484926854904728E+03
    0.189322904737412081E+02    0.187921564510460044E+02    0.242487314180395714E+03
    0.620397998447335386E+01    0.189111021647845305E+02    0.242491273984857088E+03
    0.313695981868131533E+02    0.619422835758903467E+01    0.242491334778306964E+03
    0.251874491751036906E+02    0.126502832955539439E+02    0.242492633031284697E+03
    0.187499194422050728E+02    0.629304156128012959E+01    0.242493039590104189E+03
    0.187546324005115075E+02    0.188181396964027350E+02    0.242494443050451309E+03
    0.187499687151489773E+02    0.629104371454784328E+01    0.242495321974654189E+03
    0.125268417485273158E+02    0.250411876864708063E+02    0.242497131829007856E+03
    0.187502128741323126E+02    0.627476609061465851E+01    0.242497314952106080E+03
    0.126630895188944343E+02    0.251089803571504504E+02    0.242498385006458250E+03
    0.251684689544455864E+02    0.126592513388468770E+02    0.242499208682211787E+03
    0.623413564151778044E+01    0.636974175610056825E+01    0.242499511570104147E+03
    0.632679015694399993E+01    0.189386391415338089E+02    0.242502565105337794E+03
    0.189480222647148437E+02    0.627279291490978608E+01    0.242504202513534750E+03
    0.632747174163717663E+01    0.187612372362231596E+02    0.242506391725095426E+03
    0.189458939620054387E+02    0.626199639061032798E+01    0.242507935811031132E+03
    0.187803358247495780E+02    0.621293622970486936E+01    0.242508201408264142E+03
    0.125848161776399561E+02    0.252295916706115904E+02    0.242508423860005820E+03
    0.189454837871646795E+02    0.630511310372591893E+01    0.242510311695284912E+03
    0.626266608256421708E+01    0.618715504287494422E+01    0.242512337081915291E+03
    0.631824237601852179E+01    0.637489573512252505E+01    0.242512518334791537E+03
    0.124865366434432374E+02    0.126233885608513923E+02    0.242513334641869420E+03
    0.125073802837658778E+02    0.252110762168958011E+02    0.242513755627172856E+03
    0.126052991508847079E+02    0.252226894058801356E+02    0.242514228836969721E+03
    0.252145195197815362E+02    0.126200422555320593E+02    0.242516166701804025E+03
    0.625684858207034189E+01    0.618900850884593989E+01    0.242516386411602895E+03
    0.313993344201140232E+02    0.618716039569688281E+01    0.242519746768715834E+03
    0.124791443915930085E+02    0.251761812574249539E+02    0.242519828465665654E+03
    0.189424485645353684E+02    0.625405339916183145E+01    0.242520695100255011E+03
    0.313202528315051723E+02    0.626677504468125690E+01    0.242523451355762802E+03
    0.313291590402808353E+02    0.624014493078858568E+01    0.242525605735245563E+03
    0.637802984733732803E+01    0.626402851036738184E+01    0.242526500827284565E+03
    0.636017842329405170E+01    0.313573542945924757E+02    0.242526765694446112E+03
    0.125200326418272958E+02    0.250480115397137908E+02    0.242528377959838537E+03
    0.126513631030153846E+02    0.126121655341750660E+02    0.242528651205943191E+03
    0.634288675183516659E+01    0.620738847121213322E+01    0.242529253437066842E+03
    0.126333858060551378E+02    0.252020959273534970E+02    0.242529678189846351E+03
    0.125670393094975594E+02    0.124700020669545637E+02    0.242530282793884027E+03
    0.618693665974639817E+01    0.628647536806054941E+01    0.242530925775858066E+03
    0.124734398038856220E+02    0.125416133436760457E+02    0.242532239562506732E+03
    0.189452495930258529E+02    0.188565443916711004E+02    0.242534388842628516E+03
    0.126375480679409335E+02    0.126303907859913647E+02    0.242536561483238785E+03
    0.625691870751280099E+01    0.187578448938818028E+02    0.242539730569900797E+03
    0.631437600717597114E+01    0.619312994649792614E+01    0.242540649849312871E+03
    0.313601580915834326E+02    0.620612422591348700E+01    0.242542427469941600E+03
    0.125370809742048337E+02    0.126568407313805675E+02    0.242542672560614648E+03
    0.124976239148495036E+02    0.126320087766693447E+02    0.242543145514133812E+03
    0.124733903348446429E+02    0.251494766561998908E+02    0.242548581313817635E+03
    0.126603693235947983E+02    0.125751679992599232E+02    0.242549193283797791E+03
    0.187725433664498595E+02    0.189041060388533957E+02    0.242549593304997302E+03
    0.187889960495885120E+02    0.621080924548972479E+01    0.242549643168413837E+03
    0.630683553116914819E+01    0.187582882943743314E+02    0.242550424718192403E+03
    0.125605990407788397E+02    0.938915923377334344E-01    0.242552436219744436E+03
    0.636025344915496760E+01    0.189035005662481197E+02    0.242552478416336271E+03
    0.633357408030616664E+01    0.313369596106976331E+02    0.242556248039921712E+03
    0.619006917309600979E+01    0.627333411017406739E+01    0.242556545866869754E+03
    0.126486947267893672E+02    0.251772220853389967E+02    0.242557197833195801E+03
    0.632479058191184595E+01    0.636694146349730872E+01    0.242557683350837863E+03
    0.126355484536935556E+02    0.125037630728432507E+02    0.242559773712762194E+03
    0.126129106292145323E+02    0.252132695168459620E+02    0.242562507922685114E+03
    0.619030513058483489E+01    0.628160509335364470E+01    0.242563538058779187E+03
    0.633431718702454027E+01    0.636072868685967929E+01    0.242563694101259699E+03
    0.187729887624828180E+02    0.187973730730365070E+02    0.242565810762437962E+03
    0.126518132476359746E+02    0.250971238748499132E+02    0.242566618377116953E+03
    0.126370937361990006E+02    0.250732267120381316E+02    0.242567932610971411E+03
    0.188575489288100933E+02    0.189411878963950855E+02    0.242572076456103844E+03
    0.188188706991753563E+02    0.636981412321861740E+01    0.242572820171179018E+03
    0.189303065617592772E+02    0.623944013917034201E+01    0.242573440758480842E+03
    0.636885372953472917E+01    0.631581017926439525E+01    0.242574979882347264E+03
    0.252210969742953814E+02    0.125907181727462625E+02    0.242575164549896499E+03
    0.251369872078269019E+02    0.126578635361172189E+02    0.242575679273412874E+03
    0.188218880243468440E+02    0.637038816181751155E+01    0.242576670059068846E+03
    0.630532914916345444E+01    0.619449537082761381E+01    0.242577348877470428E+03
    0.187724156324672542E+02    0.633222658312010189E+01    0.242577422405323432E+03
    0.252231896360171319E+02    0.125536598109656801E+02    0.242578034378650784E+03
    0.125571463679269719E+02    0.126566891464396374E+02    0.242583083219543937E+03
    0.252172122050309433E+02    0.125993317090313024E+02    0.242584161332128247E+03
    0.188997098398117274E+02    0.189250545786167734E+02    0.242584508316823218E+03
    0.188287320143534949E+02    0.621577695140997388E+01    0.242748151885574771E+03
    0.188408677987985520E+02    0.624616141914299927E+01    0.242926794970003186E+03
    0.188114577204308731E+02    0.625229011895578157E+01    0.242878233343708672E+03
    0.188435959302154039E+02    0.628546370323721426E+01    0.242997938934894393E+03
    0.188435959302154039E+02    0.628546370323721426E+01    0.242997938934894393E+03
    0.188121099431288883E+02    0.622928713226323616E+01    0.242782062238050486E+03
    0.188152725883322347E+02    0.621795219906968644E+01    0.242725247090393538E+03
    0.188166855419466685E+02    0.625007054119811389E+01    0.242889816851340470E+03
    0.188023689137007608E+02    0.622513541597690345E+01    0.242716878788684113E+03
    0.188246165855371785E+02    0.625346888741967177E+01    0.242923821808523542E+03
    0.187694112043716110E+02    0.631133744041580513E+01    0.242635000142322667E+03
    0.188234895940811029E+02    0.631226619611540229E+01    0.242922803892508369E+03
    0.187825138062737373E+02    0.630339793710149632E+01    0.242751910198891864E+03
    0.187959562697747593E+02    0.628762752561326987E+01    0.242853603646911694E+03
    0.187654721298723075E+02    0.630748731603739188E+01    0.242612505401433395E+03
    0.187837259894994766E+02    0.626761159471330309E+01    0.242768448727290036E+03
    0.187735016439669344E+02    0.632305690009603438E+01    0.242627016740672758E+03
    0.188393204168225594E+02    0.633733117246135080E+01    0.242846325057206428E+03
    0.188027952196603394E+02    0.627622708114949379E+01    0.242886880913874109E+03
    0.187896308387343147E+02    0.633241649506820359E+01    0.242695731900389660E+03
    0.187985015003114881E+02    0.626919151178635392E+01    0.242858173058903958E+03
    0.188096783337845572E+02    0.629172511975972437E+01    0.242915818084935722E+03
    0.188501489103726456E+02    0.621465177209264841E+01    0.242762320719427208E+03
    0.188958732191819294E+02    0.622193830776759604E+01    0.242701707533357052E+03
    0.188969274314020588E+02    0.622899441355707850E+01    0.242737895671440612E+03
    0.188974491711299457E+02    0.622382883508266005E+01    0.242705729118292169E+03
    0.188643430586889060E+02    0.622464504382138362E+01    0.242815513621914988E+03
    0.189168743341877565E+02    0.625495985735696092E+01    0.242730412373360707E+03
    0.188707951976699526E+02    0.625651916354195947E+01    0.242941172603011495E+03
    0.188637227932475078E+02    0.626685941753649711E+01    0.242976347608693487E+03
    0.188778850512820107E+02    0.625283636489825234E+01    0.242912761638677210E+03
    0.189065634318396718E+02    0.630442177751832489E+01    0.242812723164241731E+03
    0.188782102232915427E+02    0.631200924901272931E+01    0.242916390403165593E+03
    0.189086192549039858E+02    0.629877491854798777E+01    0.242811169121468623E+03
    0.189187333053122337E+02    0.631146995059645999E+01    0.242717413061898867E+03
    0.313869299576730647E+02    0.629574554656579011E+01    0.242949453658565488E+03
    0.313804702972556839E+02    0.633515537223647307E+01    0.242799721508597145E+03
    0.313743626267933386E+02    0.634563008541607410E+01    0.242715333030815003E+03
    0.313580318574127581E+02    0.631774559001357083E+01    0.242769974105623390E+03
    0.313971927845270429E+02    0.633873425027235982E+01    0.242826087007805398E+03
    0.313680149463167304E+02    0.627937126270787616E+01    0.242883081117936371E+03
    0.313733319983389869E+02    0.622015608829736344E+01    0.242707241192500959E+03
    0.313870554218136704E+02    0.622675102257894153E+01    0.242796666352798752E+03
    0.314020782588107181E+02    0.623226921974938985E+01    0.242859091691579607E+03
    0.313684260002918869E+02    0.626900220275179976E+01    0.242875624775415417E+03
    0.314063346481796835E+02    0.624564352263187672E+01    0.242924004569362808E+03
    0.314063346481796835E+02    0.624564352263187672E+01    0.242924004569362808E+03
    0.313392972033420669E+02    0.626934377392026754E+01    0.242693226643624087E+03
    0.313747937218323649E+02    0.635928225812679937E+01    0.242621527007278388E+03
    0.313886422696973924E+02    0.629917760545830419E+01    0.242949371723275675E+03
    0.313625760839361725E+02    0.630038440867012284E+01    0.242840987810842222E+03
    0.313625760839361725E+02    0.630038440867012284E+01    0.242840987810842222E+03
    0.313994967621353318E+02    0.629724125886772867E+01    0.242976333823298916E+03
    0.313994967621353318E+02    0.629724125886772867E+01    0.242976333823298916E+03
    0.314012071344436592E+02    0.632088745716481881E+01    0.242917085982892246E+03
    0.314012071344436592E+02    0.632088745716481881E+01    0.242917085982892246E+03
    0.313917340908117595E+02    0.621469797267256396E+01    0.242733071459758747E+03
    0.313840573698783203E+02    0.632775990801352961E+01    0.242848052514138658E+03
    0.313968415720832041E+02    0.619776561368671164E+01    0.242612494548151943E+03
    0.313599242818126598E+02    0.626419880810125296E+01    0.242823046787589959E+03
    0.314006153962137127E+02    0.634718225187721696E+01    0.242780894619538884E+03
    0.314054144046453523E+02    0.631932880505418382E+01    0.242928282791223808E+03
    0.313278210836092263E+02    0.628216920305815663E+01    0.242607285302397628E+03
    0.314051142339351124E+02    0.624377999299267739E+01    0.242915487679531509E+03
    0.313840526584078212E+02    0.631786537131641612E+01    0.242887711904162103E+03
    0.313620137096643141E+02    0.625972149913816978E+01    0.242825051888401163E+03
    0.313573440975839084E+02    0.625219470276085509E+01    0.242777754418835002E+03
    0.313885460259430040E+02    0.630529290858646529E+01    0.242937313690518238E+03
    0.125285902946426653E+02    0.410166273885584215E-01    0.242842631722946976E+03
    0.125285902946426653E+02    0.410166273885584215E-01    0.242842631722946976E+03
    0.124933439244733702E+02    0.410939436012680364E-03    0.242730163452344954E+03
    0.125111947944788469E+02    0.259363569339346239E-02    0.242845587329036363E+03
    0.125173518545048577E+02    0.241358891699146871E-01    0.242848918031057764E+03
    0.125017033017704016E+02    0.411293781884308415E-01    0.242702866376934850E+03
    0.125074932662865645E+02    0.379081886679840038E-01    0.242751904376287797E+03
    0.124879555526768353E+02    0.233226463432542226E-01    0.242661423776278809E+03
    0.125089864173910037E+02    0.116741206301093654E-01    0.242826459063989688E+03
    0.125648594108665268E+02    0.789096031061428151E-02    0.242996732128673244E+03
    0.125924318260978918E+02    0.156948090119976291E-01    0.242953151087015783E+03
    0.125771288718032146E+02    0.120594689303024482E-01    0.242986778654188640E+03
    0.126077015288144807E+02    0.874017856473452252E-02    0.242909670186217198E+03
    0.126471292919688292E+02    0.464586803323590713E-02    0.242668959167848328E+03
    0.125027022703197268E+02    0.165787309659357306E-01    0.242780972532616772E+03
    0.125444224325140983E+02    0.661979174265390491E-01    0.242753899334534111E+03
    0.125770327672507829E+02    0.861479402393866417E-01    0.242618835893981327E+03
    0.125571750100959747E+02    0.808488060070835790E-01    0.242665040796644320E+03
    0.126059591082578262E+02    0.438218625838342757E-01    0.242823516838870091E+03
    0.125903793503302062E+02    0.622672185088431890E-01    0.242774649174716643E+03
    0.126034915520090038E+02    0.716811552346113545E-01    0.242670373447806895E+03
    0.125437528070147071E+02    0.787388958456853860E-01    0.242660487225268071E+03
    0.126189010728374633E+02    0.670174985612932428E-01    0.242633257866092691E+03
    0.125983402204904600E+02    0.725422526290166597E-01    0.242682081365352360E+03
    0.763271079561705368E-01    0.125713300606460159E+02    0.242704003337528462E+03
    0.630237860912804049E+01    0.628917835998499175E+01    0.242979533254495010E+03
    0.626687415270717274E+01    0.634452456341430882E+01    0.242796144025765329E+03
    0.632195350886840579E+01    0.632136400193306702E+01    0.242850175773564587E+03
    0.629555179194604619E+01    0.633553491942303282E+01    0.242853566931930487E+03
    0.626342702118969097E+01    0.621193249015146876E+01    0.242723381141169142E+03
    0.621967383882502922E+01    0.623682268115912919E+01    0.242687213578698220E+03
    0.625642801209622323E+01    0.628997084475055779E+01    0.242961427135111450E+03
    0.631452526071307219E+01    0.628664558680398411E+01    0.242949675596322123E+03
    0.624451849553080152E+01    0.623475695289589638E+01    0.242805670880687444E+03
    0.630449275764593775E+01    0.621914004227645467E+01    0.242769479720218953E+03
    0.628393243580757943E+01    0.623300957382314635E+01    0.242872551467324229E+03
    0.623697365297832018E+01    0.628484306448506747E+01    0.242891774459440370E+03
    0.624545668016068145E+01    0.633392385419616399E+01    0.242797708580753465E+03
    0.630186620243980045E+01    0.623504176426194245E+01    0.242865035342900484E+03
    0.629036486017263297E+01    0.627001109062715223E+01    0.242988604315581426E+03
    0.629737889503238257E+01    0.623930290071689519E+01    0.242892339864109573E+03
    0.634952151091309691E+01    0.626236912469731344E+01    0.242755419816257302E+03
    0.624834455880877560E+01    0.632794708973260622E+01    0.242837179153812968E+03
    0.619844408235684075E+01    0.628741330573232116E+01    0.242635826799490815E+03
    0.625343002643020363E+01    0.633271035456576747E+01    0.242831076234371210E+03
    0.628783056363184656E+01    0.628653127563569303E+01    0.242998340827367571E+03
    0.634693780502457550E+01    0.629147824426099866E+01    0.242790850328309205E+03
    0.631190753475067634E+01    0.629703508062994821E+01    0.242948531500824004E+03
    0.635501038784399430E+01    0.631403439599525296E+01    0.242690873014300024E+03
    0.625982236886890142E+01    0.629635211870952460E+01    0.242963594041134343E+03
    0.631079113204531872E+01    0.622146708919473301E+01    0.242768704383002330E+03
    0.631083164654288087E+01    0.631221564327097706E+01    0.242918657884878371E+03
    0.635283072090138123E+01    0.633359558885570539E+01    0.242626136098168303E+03
    0.634741733954920662E+01    0.630146690371836815E+01    0.242774324656581598E+03
    0.634746970233837526E+01    0.632531279847397609E+01    0.242701162393569490E+03
    0.623192079517531017E+01    0.629675705759495852E+01    0.242857673957479022E+03
    0.632115160575994928E+01    0.627819050362660747E+01    0.242925775603017513E+03
    0.631741217422679657E+01    0.633836774406376513E+01    0.242786644418802410E+03
    0.630054445211755976E+01    0.622656367775359953E+01    0.242822509394001941E+03
    0.629403449103725521E+01    0.626982934198608088E+01    0.242985011166917786E+03
    0.628450663505303364E+01    0.634633773131346768E+01    0.242798091495870608E+03
    0.634066588186781477E+01    0.629849098696532916E+01    0.242820943827408882E+03
    0.634066588186781477E+01    0.629849098696532916E+01    0.242820943827408882E+03
    0.628638425162333547E+01    0.633868965216539770E+01    0.242843570373695400E+03
    0.636289009852047105E+01    0.626619016863928735E+01    0.242664004767568088E+03
    0.624848187878937011E+01    0.626389292008120080E+01    0.242920203461118774E+03
    0.630346890052448749E+01    0.621165644311574727E+01    0.242720324944289445E+03
    0.623071670538265376E+01    0.628024558822436774E+01    0.242860234506460159E+03
    0.626680288786123540E+01    0.623446828088603500E+01    0.242866301782829510E+03
    0.626680288786123540E+01    0.623446828088603500E+01    0.242866301782829510E+03
    0.620599244114086712E+01    0.623755258304324389E+01    0.242593313172852390E+03
    0.632057674410754533E+01    0.628444358195721264E+01    0.242929150385093209E+03
    0.632057674410754533E+01    0.628444358195721264E+01    0.242929150385093209E+03
    0.626839562949604279E+01    0.627853472358241760E+01    0.242987831973372835E+03
    0.634499223079733099E+01    0.625566076752294098E+01    0.242768376806137383E+03
    0.622206248911194759E+01    0.623941588862487162E+01    0.242714078148312041E+03
    0.628201305987448055E+01    0.633132818415142395E+01    0.242882623388359463E+03
    0.632830828968116776E+01    0.631212230867089019E+01    0.242854583144613230E+03
    0.621704540059366906E+01    0.622154799872515252E+01    0.242586631336837883E+03
    0.630778106292773977E+01    0.626545910712600485E+01    0.242953472307574572E+03
    0.125343737098988974E+02    0.125257931635423692E+02    0.242864859176651066E+03
    0.125121005959209466E+02    0.125296699907302944E+02    0.242782822704345705E+03
    0.125121005959209466E+02    0.125296699907302944E+02    0.242782822704345705E+03
    0.124886597786036369E+02    0.126051186639986721E+02    0.242618605867593999E+03
    0.125008830623942462E+02    0.126004682269628354E+02    0.242724207288059119E+03
    0.124990397975926957E+02    0.125338540265465799E+02    0.242717152369338578E+03
    0.125564009200368556E+02    0.125171109095908353E+02    0.242872160295218350E+03
    0.124873923010438439E+02    0.126105464279448896E+02    0.242585832720030453E+03
    0.126230418612052375E+02    0.126184204178916488E+02    0.242700480335190861E+03
    0.125779602236126156E+02    0.125828715343469710E+02    0.242979416931293088E+03
    0.125779602236126156E+02    0.125828715343469710E+02    0.242979416931293088E+03
    0.125934571658264272E+02    0.125964301981068658E+02    0.242917130650717553E+03
    0.125934571658264272E+02    0.125964301981068658E+02    0.242917130650717553E+03
    0.125796840636926035E+02    0.126000738317702901E+02    0.242933531480149043E+03
    0.126047395709219217E+02    0.125792100171809942E+02    0.242917140657443753E+03
    0.126047395709219217E+02    0.125792100171809942E+02    0.242917140657443753E+03
    0.125183370014639284E+02    0.126299763324065086E+02    0.242678635733478956E+03
    0.125447423584492537E+02    0.126028063440769440E+02    0.242909130331956135E+03
    0.125804222031457336E+02    0.126457844134958499E+02    0.242670963293331909E+03
    0.125568910341451048E+02    0.126096550392713436E+02    0.242900623714665500E+03
    0.126122938018642685E+02    0.126239061378035871E+02    0.242725833409955158E+03
    0.125513566388430071E+02    0.124966559084341160E+02    0.242742684497574913E+03
    0.126327674224824928E+02    0.126139208802825280E+02    0.242662629796549538E+03
    0.125040117695744577E+02    0.125289236438808214E+02    0.242732318681289684E+03
    0.125406844633071390E+02    0.125469511983106212E+02    0.242947514057450007E+03
    0.125624093325754540E+02    0.125330663328301082E+02    0.242943060357610818E+03
    0.125688810479854780E+02    0.125098242293901372E+02    0.242837862032343082E+03
    0.125859804805574367E+02    0.125811558123280189E+02    0.242969467858289647E+03
    0.126514623313533274E+02    0.125615736196627346E+02    0.242632558460595618E+03
    0.125541993579923279E+02    0.125994083149455172E+02    0.242937252559588302E+03
    0.125541993579923279E+02    0.125994083149455172E+02    0.242937252559588302E+03
    0.125088691180098017E+02    0.126044902023314496E+02    0.242759188714910238E+03
    0.125763887813743160E+02    0.125822345646905998E+02    0.242982179312648356E+03
    0.125248482723983603E+02    0.125069212453398162E+02    0.242733968363368376E+03
    0.125259841390549536E+02    0.125480166153024513E+02    0.242900395943373240E+03
    0.126273525066894621E+02    0.125661717058120228E+02    0.242811807105098296E+03
    0.126055909570704472E+02    0.125535224656155027E+02    0.242913786289448268E+03
    0.126055909570704472E+02    0.125535224656155027E+02    0.242913786289448268E+03
    0.125851012644795937E+02    0.125696671365891266E+02    0.242981689425157157E+03
    0.125340628034372976E+02    0.125868875883954860E+02    0.242925860659415264E+03
    0.125908854100298555E+02    0.125323790200071734E+02    0.242911101257828733E+03
    0.126533585680332283E+02    0.125513938228561717E+02    0.242605897168851271E+03
    0.125843843866793748E+02    0.126089606838315547E+02    0.242891769586209392E+03
    0.125843843866793748E+02    0.126089606838315547E+02    0.242891769586209392E+03
    0.126121046341804508E+02    0.125733362601619376E+02    0.242891680962375744E+03
    0.126314403098469423E+02    0.125525361385464809E+02    0.242776067852360200E+03
    0.126107681701759624E+02    0.125819211783410303E+02    0.242887996579256054E+03
    0.125725080986755042E+02    0.125163375577272369E+02    0.242871397556802236E+03
    0.125474601934917072E+02    0.124810468012500202E+02    0.242613656981087928E+03
    0.125086932580996653E+02    0.126102036421036718E+02    0.242734491530026020E+03
    0.125602109068163319E+02    0.126458392140013398E+02    0.242678583003324974E+03
    0.126178952527651518E+02    0.124964014482320458E+02    0.242618112559599780E+03
    0.125737319210374618E+02    0.125102805953570044E+02    0.242838040588592577E+03
    0.124890874862638466E+02    0.125333349535338190E+02    0.242642673621033822E+03
    0.124847890322138522E+02    0.125856344182791240E+02    0.242644546560464846E+03
    0.125620427634949099E+02    0.125582364843893153E+02    0.242995702266083214E+03
    0.125620427634949099E+02    0.125582364843893153E+02    0.242995702266083214E+03
    0.126060903309033439E+02    0.126224607626430441E+02    0.242760998172522903E+03
    0.125779950238928606E+02    0.126048283704075317E+02    0.242918299457228699E+03
    0.125779950238928606E+02    0.126048283704075317E+02    0.242918299457228699E+03
    0.125021739388180251E+02    0.126062221891366146E+02    0.242711163003230496E+03
    0.125495751448616684E+02    0.126250014310818468E+02    0.242811769221018466E+03
    0.125495751448616684E+02    0.126250014310818468E+02    0.242811769221018466E+03
    0.125194959022127783E+02    0.125953143069891205E+02    0.242846410665871133E+03
    0.126247980108874351E+02    0.125849831441546343E+02    0.242809720064222432E+03
    0.125628141391913655E+02    0.125151004924188971E+02    0.242866322430615895E+03
    0.125218340702902982E+02    0.125537835307836545E+02    0.242891589882640830E+03
    0.125218340702902982E+02    0.125537835307836545E+02    0.242891589882640830E+03
    0.126127176377178625E+02    0.125919235644211636E+02    0.242858246662848529E+03
    0.126127176377178625E+02    0.125919235644211636E+02    0.242858246662848529E+03
    0.125952930894419985E+02    0.125517318509832876E+02    0.242946809678783296E+03
    0.125363069667275582E+02    0.125809256780397494E+02    0.242943526436219258E+03
    0.187777672101135273E+02    0.188882698388933754E+02    0.242663488744570600E+03
    0.187953333630593598E+02    0.188538130220929112E+02    0.242850287045049384E+03
    0.187868190418217829E+02    0.189070066060699453E+02    0.242633983073795804E+03
    0.187847744398634653E+02    0.188378781527503989E+02    0.242780742727501774E+03
    0.188085743108147625E+02    0.188685067357026064E+02    0.242896819027062321E+03
    0.187849520636039706E+02    0.189036403516533937E+02    0.242640941106485457E+03
    0.187949951728604638E+02    0.188322451503962149E+02    0.242834185621386666E+03
    0.187949951728604638E+02    0.188322451503962149E+02    0.242834185621386666E+03
    0.188284158500168779E+02    0.189297162067983713E+02    0.242652337001763669E+03
    0.187751052917451950E+02    0.188632096023408522E+02    0.242710130599555271E+03
    0.189065369408428730E+02    0.188813621843356572E+02    0.242784524157083098E+03
    0.188151779971785622E+02    0.189092862280995888E+02    0.242759690663128424E+03
    0.188919361806543016E+02    0.188802581739920967E+02    0.242861399255006489E+03
    0.187940140929265915E+02    0.188959657722291325E+02    0.242734960000425957E+03
    0.188504270510088290E+02    0.189279359367566791E+02    0.242689149615079202E+03
    0.187952786345508081E+02    0.188440303750992655E+02    0.242849358967256791E+03
    0.188017849229682916E+02    0.189046551772087739E+02    0.242730954721231086E+03
    0.188634046521148022E+02    0.188898970101930850E+02    0.242907922233460852E+03
    0.188634046521148022E+02    0.188898970101930850E+02    0.242907922233460852E+03
    0.188668510907099716E+02    0.188949169385017086E+02    0.242880721678353410E+03
    0.187742065398181808E+02    0.188651417869353999E+02    0.242700467873447479E+03
    0.188088032643139371E+02    0.188229661159391881E+02    0.242880164797297255E+03
    0.188449002344824876E+02    0.187660294583176643E+02    0.242645967550011022E+03
    0.188604969594086214E+02    0.187809094190171777E+02    0.242755503003521483E+03
    0.188289318372791605E+02    0.187718105444782992E+02    0.242672703079846457E+03
    0.188380031138332811E+02    0.188022298193842303E+02    0.242879886324217495E+03
    0.188209748063722770E+02    0.187854267562793851E+02    0.242750589864131257E+03
    0.189043353792649533E+02    0.187881909564946774E+02    0.242657737515513361E+03
    0.189027423866170352E+02    0.187897674339157170E+02    0.242676083416395898E+03
    0.187632332153468049E+02    0.188391345459758419E+02    0.242617568798799169E+03
    0.188780174707720754E+02    0.189076141040611851E+02    0.242788450034372204E+03
    0.188352778514201695E+02    0.187626696470154180E+02    0.242607823224145079E+03
    0.188713115433702541E+02    0.187822198189939016E+02    0.242746638678745683E+03
    0.188717266785659170E+02    0.188593450575355064E+02    0.242970266429405513E+03
    0.188552380312119467E+02    0.187871644339100285E+02    0.242801379427970886E+03
    0.187868285020688504E+02    0.188972628343938283E+02    0.242685825449966188E+03
    0.188321110822889786E+02    0.189135836010944764E+02    0.242777161776632482E+03
    0.188820481729196636E+02    0.187845801964699355E+02    0.242732987555797138E+03
    0.188250856823010011E+02    0.188182334191886937E+02    0.242920033618602019E+03
    0.188999639352576452E+02    0.188720418767327374E+02    0.242845820935449240E+03
    0.188472800191921017E+02    0.188491886441951983E+02    0.242999730947304812E+03
    0.188472800191921017E+02    0.188491886441951983E+02    0.242999730947304812E+03
    0.188056350801627268E+02    0.188171174343484182E+02    0.242849127322162701E+03
    0.188253991477550429E+02    0.188437495068639329E+02    0.242968753093506791E+03
    0.188823504263130957E+02    0.188714719199531160E+02    0.242921253045946600E+03
    0.188935746736728127E+02    0.188172786148387772E+02    0.242849219390422803E+03
    0.188631216224342317E+02    0.188952885111608744E+02    0.242884831838121585E+03
    0.188765476421410234E+02    0.188305410158344735E+02    0.242944820071589220E+03
    0.188055413557971569E+02    0.188712180621751422E+02    0.242878203770679875E+03
    0.187825162832465509E+02    0.188067292887382038E+02    0.242679868888491796E+03
    0.187777781921580740E+02    0.188662889396697899E+02    0.242725164785813291E+03
    0.188455777806437190E+02    0.188990360125688213E+02    0.242875286861019191E+03
    0.188174164314471177E+02    0.189215984360231353E+02    0.242685183770782231E+03
    0.188385558433113083E+02    0.188052417533392635E+02    0.242894483589814456E+03
    0.187983196881305226E+02    0.188065556165742791E+02    0.242773620739769399E+03
    0.188354883519741527E+02    0.188909422739111754E+02    0.242903290141652235E+03
    0.189064258073872153E+02    0.188387220585811690E+02    0.242830388275059221E+03
    0.188962251361459614E+02    0.188526790699228179E+02    0.242889269487834440E+03
    0.188318308087686752E+02    0.188945462291604542E+02    0.242881654698281636E+03
    0.188626418073290232E+02    0.187748770343883749E+02    0.242709176758482869E+03
    0.251752743370706753E+02    0.126146739127971976E+02    0.242790405632701692E+03
    0.251726094888477228E+02    0.126058069832442552E+02    0.242840861852512575E+03
    0.251477837918277736E+02    0.126181673673447410E+02    0.242852769826550229E+03
    0.252117289503690110E+02    0.125565358579794690E+02    0.242679465143839366E+03
    0.251483626395094468E+02    0.126419106733316298E+02    0.242698957100684282E+03
    0.251982088972975014E+02    0.125815541435250733E+02    0.242771461099661593E+03
    0.251958847212596915E+02    0.126296125636999079E+02    0.242596079469010533E+03
    0.252027476113456252E+02    0.125809687929213663E+02    0.242741245998272944E+03
    0.251283679915320413E+02    0.126202242320667324E+02    0.242852253714915093E+03
    0.251162032183230828E+02    0.126423428930398014E+02    0.242694156339391412E+03
    0.251330736656058669E+02    0.126294920042327963E+02    0.242798372416654331E+03
    0.251811822960186582E+02    0.125596641460343843E+02    0.242878960218680021E+03
    0.251360443418476933E+02    0.126563859647645334E+02    0.242589592599944041E+03
    0.251370084838292378E+02    0.125814487728483719E+02    0.242987568843760442E+03
    0.251424730321285921E+02    0.124948183859714419E+02    0.242736164891060696E+03
    0.251431751087975961E+02    0.124966766404856493E+02    0.242748722624919594E+03
    0.250885079785855787E+02    0.125391223375627732E+02    0.242863405178692602E+03
    0.251321369487307962E+02    0.125117661744476170E+02    0.242849082631590676E+03
    0.251598712818834223E+02    0.125119297281234960E+02    0.242812776465740200E+03
    0.251359862855164913E+02    0.125256918769996162E+02    0.242915709386443467E+03
    0.251499185518486215E+02    0.125400567851016564E+02    0.242950014927817790E+03
    0.251633536403667861E+02    0.125535444154681421E+02    0.242944236973870090E+03
    0.251122454222054721E+02    0.124907914035527678E+02    0.242689760892071604E+03
    0.251399202259408554E+02    0.125693938181914486E+02    0.242996928209674707E+03
    0.250838349086022596E+02    0.124925078298356826E+02    0.242603097886685248E+03
    0.251848001535378891E+02    0.125014041992466680E+02    0.242649431317928986E+03
    0.251218891110632470E+02    0.125318204193410665E+02    0.242933615762945777E+03
    0.250974797735423003E+02    0.125255712631709333E+02    0.242852837973912813E+03
    0.251961905456540336E+02    0.125168500146604025E+02    0.242672308707442511E+03
    0.251982243370941426E+02    0.125368398900678812E+02    0.242738926003409034E+03
    0.250680930739287469E+02    0.125763637428044870E+02    0.242783461442233744E+03
    0.250928299180012147E+02    0.125242648406834807E+02    0.242829677558088321E+03
    0.250806411618332952E+02    0.126016009254178503E+02    0.242799844857902855E+03
    0.251447535400352038E+02    0.125633578571556868E+02    0.242992235655408678E+03
    0.250967811194420989E+02    0.125894340672622551E+02    0.242907627189843311E+03
    0.252060035552763040E+02    0.125265073473340127E+02    0.242648120798506284E+03
    0.250520547651677781E+02    0.125780525037235122E+02    0.242663743786353024E+03
    0.251703042732526932E+02    0.124974869682846563E+02    0.242688583554956551E+03
    0.251446608547521286E+02    0.124930299228660839E+02    0.242720666588412428E+03
    0.250513914268367195E+02    0.125905988637837503E+02    0.242635547054942833E+03
    0.251365258473676363E+02    0.124968042445349106E+02    0.242754400705603643E+03
    0.251656619855313579E+02    0.124839361536439366E+02    0.242601472895260116E+03
    0.251061691264083535E+02    0.125631596347038155E+02    0.242963735644499877E+03
    0.251886414655232223E+02    0.125158682754220134E+02    0.242712890161732588E+03
    0.251100072613144611E+02    0.126076453254492371E+02    0.242887620184408206E+03
    0.251842694152976954E+02    0.125507456798488342E+02    0.242853270364976936E+03
    0.251580680484685359E+02    0.126116313594841269E+02    0.242863863310644575E+03
    0.251844777368994563E+02    0.125434789305200169E+02    0.242838024717411059E+03
    0.250539413146281191E+02    0.125806726996296536E+02    0.242675514660915724E+03
    0.251054473835970562E+02    0.125523203869375291E+02    0.242952298182662247E+03
    0.252126221065416267E+02    0.125425416788757236E+02    0.242648488151117618E+03
    0.251660887682462615E+02    0.124966262934804337E+02    0.242697659426641337E+03
    0.251658707650923894E+02    0.124911244166995878E+02    0.242658064478744336E+03
    0.252009090494894110E+02    0.125895305762805130E+02    0.242737750826912020E+03
    0.252186189315280593E+02    0.125564116882582102E+02    0.242621918168916125E+03
    0.189156918435297712E+02    0.314066701094225174E+02    0.242774337071555237E+03
    0.188973490833404050E+02    0.313478703389305515E+02    0.242650182667823401E+03
    0.189136399761646672E+02    0.313623602193309239E+02    0.242647140273038787E+03
    0.189056282785089600E+02    0.313915472438139105E+02    0.242810822069204050E+03
    0.189185365346122225E+02    0.313708497392819723E+02    0.242656527737453587E+03
    0.125065753259736443E+02    0.251005942191595217E+02    0.242766801654196513E+03
    0.125443111199385591E+02    0.250859725991543350E+02    0.242864674681626212E+03
    0.125158235686698500E+02    0.250615084191671933E+02    0.242614137338400127E+03
    0.125899687701630807E+02    0.250523562644968116E+02    0.242644957404120078E+03
    0.125854656231583082E+02    0.250643858316966153E+02    0.242745138774997685E+03
    0.125690815109059884E+02    0.250941833700780741E+02    0.242924375159245386E+03
    0.125895291426163727E+02    0.250805080806631580E+02    0.242834791013214840E+03
    0.126289541772698772E+02    0.251103595045817656E+02    0.242776467929919107E+03
    0.126150308183873090E+02    0.251007029191411846E+02    0.242828236133511268E+03
    0.126079718113304011E+02    0.251119850414627628E+02    0.242890602908764748E+03
    0.126464745864581989E+02    0.251502913060506081E+02    0.242659811202034888E+03
    0.125924094535453914E+02    0.251286509241911702E+02    0.242964830786411312E+03
    0.125841426957937124E+02    0.251402696957856833E+02    0.242981141744638137E+03
    0.125946239134865081E+02    0.251376977894143714E+02    0.242958348572249690E+03
    0.126009187666394453E+02    0.250814202868475640E+02    0.242806327654877549E+03
    0.126140190644934265E+02    0.251145764380891805E+02    0.242868396880147600E+03
    0.125835179166852544E+02    0.251299652407693905E+02    0.242984725100305184E+03
    0.126306817394333883E+02    0.251560957972141566E+02    0.242763131357587440E+03
    0.125691563334206080E+02    0.251168248326853956E+02    0.242986782590670003E+03
    0.126131265445674252E+02    0.251337359920117613E+02    0.242889302960714417E+03
    0.126000092559926955E+02    0.251464615158783893E+02    0.242933194980961076E+03
    0.126000092559926955E+02    0.251464615158783893E+02    0.242933194980961076E+03
    0.126301485840166361E+02    0.250889073120431689E+02    0.242697026773470668E+03
    0.126131901726811702E+02    0.251635167235746771E+02    0.242841138602444488E+03
    0.126131901726811702E+02    0.251635167235746771E+02    0.242841138602444488E+03
    0.126245391826056910E+02    0.250738878940197729E+02    0.242653652082236192E+03
    0.126257686633389330E+02    0.251163882641449909E+02    0.242807930326912867E+03
    0.126228870364854835E+02    0.251431150273346944E+02    0.242832909264495783E+03
    0.126014374407188683E+02    0.250493357250407414E+02    0.242585964856178094E+03
    0.126321959142918434E+02    0.251621615065857895E+02    0.242736983048601559E+03
    0.126090485605976976E+02    0.250931802336905037E+02    0.242828631960602138E+03
    0.126501580939779288E+02    0.251669385771405665E+02    0.242585779443887787E+03
    0.126110930139633854E+02    0.251659573900965938E+02    0.242842950133348580E+03
    0.126361654294728272E+02    0.251893373791791859E+02    0.242591640797224329E+03
    0.126100420133809941E+02    0.251635631282579872E+02    0.242855405913544956E+03
    0.124997474515126896E+02    0.251880531855136702E+02    0.242620764326217540E+03
    0.125857194658306160E+02    0.251712490726350353E+02    0.242905998153736135E+03
    0.125831112182566720E+02    0.251737765191233436E+02    0.242900587598378848E+03
    0.125831112182566720E+02    0.251737765191233436E+02    0.242900587598378848E+03
    0.125577647672157937E+02    0.252073703304968859E+02    0.242714464232476757E+03
    0.125264147657063738E+02    0.251358397829632914E+02    0.242918706327493197E+03
    0.126250037282648915E+02    0.251893494670716294E+02    0.242664010784635451E+03
    0.126057575415971979E+02    0.251792833923931205E+02    0.242811888435054527E+03
    0.125646436834629753E+02    0.251674293622900294E+02    0.242938941336933141E+03
    0.126271050358560633E+02    0.251861740015873465E+02    0.242668993692890581E+03
    0.125466626183271170E+02    0.251748202303537632E+02    0.242890725699584351E+03
    0.125096326437113454E+02    0.251648429962774252E+02    0.242784967080253040E+03
    0.125155453775309766E+02    0.251332139181000329E+02    0.242869249142397024E+03
    0.126123370631613234E+02    0.251930463145464820E+02    0.242709132241999157E+03
    0.125370723768037351E+02    0.251688294952905700E+02    0.242890641377546729E+03
    0.125370723768037351E+02    0.251688294952905700E+02    0.242890641377546729E+03
    0.125025736434561523E+02    0.251515021349705243E+02    0.242776244105002206E+03
    0.125212711445623892E+02    0.251437078659275315E+02    0.242890967641720778E+03
    0.125244296603390950E+02    0.251775346194004079E+02    0.242809461625666216E+03
    0.125574860676307587E+02    0.252094453222893478E+02    0.242698340165561234E+03
    0.125484030079672841E+02    0.251855286821741657E+02    0.242842643916013486E+03
    0.126478080409124480E+02    0.251689173209629438E+02    0.242598367718545717E+03
    0.628219319710391044E+01    0.188331756600875977E+02    0.242986367210381786E+03
    0.625337361362922106E+01    0.188082801518465317E+02    0.242868800241146857E+03
    0.627244851746732657E+01    0.188016069098926231E+02    0.242877803542747131E+03
    0.636178151686878834E+01    0.188280405652589415E+02    0.242664080557596037E+03
    0.632772297011858864E+01    0.187900435699972448E+02    0.242720471042521808E+03
    0.629762832499412450E+01    0.188202761687555267E+02    0.242946045320536257E+03
    0.628885371947690519E+01    0.187811633359957995E+02    0.242761690185576441E+03
    0.629830298162353941E+01    0.187849630940195951E+02    0.242777316760197493E+03
    0.629754084669674974E+01    0.187984711334965517E+02    0.242857497379490496E+03
    0.630558769158166665E+01    0.188736227117299116E+02    0.242945277854727266E+03
    0.631573143769642087E+01    0.189173422437729926E+02    0.242713943337901611E+03
    0.630232648400636197E+01    0.188893194007533367E+02    0.242901429295805059E+03
    0.624872368647773690E+01    0.188833677612457151E+02    0.242882035402781867E+03
    0.620458978717137910E+01    0.188703325541158549E+02    0.242665664674777531E+03
    0.623632410704633333E+01    0.188858275591129257E+02    0.242822302252341757E+03
    0.623100561910336825E+01    0.188952551747263655E+02    0.242756581948094919E+03
    0.620641225951913267E+01    0.188867193240189408E+02    0.242632005294141976E+03
    0.621688744548956151E+01    0.188732714562808006E+02    0.242749149698705679E+03
    0.633084171129498152E+01    0.188898692922713494E+02    0.242802845371651273E+03
    0.628345614865115110E+01    0.189390651667199883E+02    0.242594731925792047E+03
