#        weight    minuslogpost              H0         omega_b       omega_cdm         Omega_m    Omega_k_1000       chi2__BAO   minuslogprior minuslogprior__0            chi2 chi2__bao.desi_dr2.desi_bao_all
              2       1.6015476       74.221397     0.029465605      0.13072541      0.29195958               0       10.662498      -3.7297014       -3.7297014       10.662498                       10.662498
              2       1.6084787       74.236357     0.029469295      0.13073322      0.29186279               0        10.67636      -3.7297014       -3.7297014        10.67636                        10.67636
              1       1.8905043       74.307705      0.02938041      0.12994773      0.28971904               0       11.240411      -3.7297014       -3.7297014       11.240411                       11.240411
              1       1.6773273       74.155022     0.029369547      0.13001518      0.29101622               0       10.814058      -3.7297014       -3.7297014       10.814058                       10.814058
              1       1.7374099       74.227647     0.029367895      0.13011021       0.2906165               0       10.934223      -3.7297014       -3.7297014       10.934223                       10.934223
              1       1.7351332       74.113964     0.029145261      0.13007064      0.29103138               0       10.929669      -3.7297014       -3.7297014       10.929669                       10.929669
              4       1.8658878       74.167189     0.029144466      0.12990655      0.29031407               0       11.191179      -3.7297014       -3.7297014       11.191179                       11.191179
              1       1.8777044       73.634112     0.029136035      0.12906015      0.29295617               0       11.214812      -3.7297014       -3.7297014       11.214812                       11.214812
              2       1.6225981       73.684596     0.028927735      0.12914045      0.29231913               0       10.704599      -3.7297014       -3.7297014       10.704599                       10.704599
              2        1.847583       73.653985     0.028889567      0.12749568      0.28945991               0       11.154569      -3.7297014       -3.7297014       11.154569                       11.154569
              1       2.3674777       73.995013     0.028979653      0.12726123      0.28653428               0       12.194358      -3.7297014       -3.7297014       12.194358                       12.194358
              2       3.4170992       74.437844     0.028941269       0.1295691      0.28723103               0       14.293601      -3.7297014       -3.7297014       14.293601                       14.293601
              1       2.2917272         73.6078      0.02929532      0.13079503      0.29666163               0       12.042857      -3.7297014       -3.7297014       12.042857                       12.042857
              3       1.4829637        74.06323     0.029301771      0.13155228      0.29441664               0        10.42533      -3.7297014       -3.7297014        10.42533                        10.42533
              1       1.4767877       74.058035     0.029281938      0.13158223      0.29447639               0       10.412978      -3.7297014       -3.7297014       10.412978                       10.412978
              3       1.5638665       73.966121     0.029302778      0.13289856      0.29765283               0       10.587136      -3.7297014       -3.7297014       10.587136                       10.587136
              3       1.5615309       73.975088      0.02931061       0.1329537      0.29769574               0       10.582465      -3.7297014       -3.7297014       10.582465                       10.582465
              4       2.1743896       74.384543     0.029161432      0.13096897      0.29057073               0       11.808182      -3.7297014       -3.7297014       11.808182                       11.808182
              1       1.8225855       74.371723     0.029299041      0.13138959      0.29168017               0       11.104574      -3.7297014       -3.7297014       11.104574                       11.104574
              3       1.5831587         74.2616     0.029398177        0.131226        0.292429               0        10.62572      -3.7297014       -3.7297014        10.62572                        10.62572
              1       1.5815759       74.221592     0.029183626      0.13195936      0.29368611               0       10.622555      -3.7297014       -3.7297014       10.622555                       10.622555
              1       1.4924042       74.163119     0.029189091      0.13210649      0.29442684               0       10.444211      -3.7297014       -3.7297014       10.444211                       10.444211
              3       1.4513341       74.087851      0.02918596      0.13199846      0.29482286               0       10.362071      -3.7297014       -3.7297014       10.362071                       10.362071
              2       2.0096521       73.734984     0.029126117      0.13445034      0.30205111               0       11.478707      -3.7297014       -3.7297014       11.478707                       11.478707
              4       1.8472586       73.223297     0.028523938      0.13115603      0.29902001               0        11.15392      -3.7297014       -3.7297014        11.15392                        11.15392
              2       3.1447413       72.570386     0.028098956      0.13031547      0.30202172               0       13.748886      -3.7297014       -3.7297014       13.748886                       13.748886
              1        1.734618       72.875965     0.028079082      0.12855112      0.29613465               0       10.928639      -3.7297014       -3.7297014       10.928639                       10.928639
              1       1.6611072        73.03965     0.028237991      0.12848552      0.29498374               0       10.781617      -3.7297014       -3.7297014       10.781617                       10.781617
              1       2.0907857       73.630079     0.028277852      0.12846115      0.29030041               0       11.640974      -3.7297014       -3.7297014       11.640974                       11.640974
              1       3.4780173        72.91626     0.028710906      0.13011549      0.29993812               0       14.415437      -3.7297014       -3.7297014       14.415437                       14.415437
              1       3.1314762        73.00392      0.02866693      0.13141792      0.30157951               0       13.722355      -3.7297014       -3.7297014       13.722355                       13.722355
              2       2.1202816       74.242517     0.028739017      0.13362227      0.29573088               0       11.699966      -3.7297014       -3.7297014       11.699966                       11.699966
              1       2.0440957       73.602273     0.028935523      0.13441863      0.30273098               0       11.547594      -3.7297014       -3.7297014       11.547594                       11.547594
              3       1.7542259       74.323975     0.028970259      0.13605525      0.29990595               0       10.967855      -3.7297014       -3.7297014       10.967855                       10.967855
              2        1.756115       73.890177     0.028680227      0.13687521      0.30440831               0       10.971633      -3.7297014       -3.7297014       10.971633                       10.971633
              1       2.1990482       74.281234     0.028667507      0.13725285      0.30187294               0       11.857499      -3.7297014       -3.7297014       11.857499                       11.857499
              3       2.1793608       73.751159     0.028692741      0.13801436      0.30767429               0       11.818125      -3.7297014       -3.7297014       11.818125                       11.818125
              1       2.1472147        73.88965     0.028712259      0.13873164      0.30787157               0       11.753832      -3.7297014       -3.7297014       11.753832                       11.753832
              1       2.0437117       73.982907     0.028707443      0.13867273      0.30697947               0       11.546826      -3.7297014       -3.7297014       11.546826                       11.546826
              1       1.8762136       74.095551     0.028854202       0.1381864       0.3054283               0        11.21183      -3.7297014       -3.7297014        11.21183                        11.21183
              4       1.8766072       74.097814     0.028853751      0.13819142      0.30541796               0       11.212617      -3.7297014       -3.7297014       11.212617                       11.212617
              7       1.9736641       74.137205     0.028853385      0.13877782      0.30615973               0       11.406731      -3.7297014       -3.7297014       11.406731                       11.406731
              1       2.2541361       73.832783      0.02890478      0.13812137      0.30757966               0       11.967675      -3.7297014       -3.7297014       11.967675                       11.967675
              2       2.3628348       73.794695     0.028906528      0.13813582        0.307927               0       12.185072      -3.7297014       -3.7297014       12.185072                       12.185072
              2       2.2790821       73.998977     0.028995021      0.13921889      0.30836874               0       12.017567      -3.7297014       -3.7297014       12.017567                       12.017567
              2       2.1136853        74.20849     0.029033155      0.13973088      0.30762893               0       11.686774      -3.7297014       -3.7297014       11.686774                       11.686774
              3       2.4384955       74.522529     0.028899932      0.13984341      0.30500443               0       12.336394      -3.7297014       -3.7297014       12.336394                       12.336394
              4       1.7349509       74.602677     0.029362809      0.13795459      0.30178733               0       10.929305      -3.7297014       -3.7297014       10.929305                       10.929305
              1       1.6727307       74.411382     0.029223935      0.13761469      0.30247632               0       10.804864      -3.7297014       -3.7297014       10.804864                       10.804864
              1       1.5714613       74.438219     0.029296152      0.13460365      0.29695452               0       10.602325      -3.7297014       -3.7297014       10.602325                       10.602325
              4       1.5135149       74.347132      0.02925015      0.13413969         0.29676               0       10.486433      -3.7297014       -3.7297014       10.486433                       10.486433
              1       3.0174003        74.56967     0.028818867      0.13488734      0.29556035               0       13.494203      -3.7297014       -3.7297014       13.494203                       13.494203
              1       5.4570098         75.0235     0.028846787      0.13595761      0.29394649               0       18.373423      -3.7297014       -3.7297014       18.373423                       18.373423
              1       6.8964457       75.516801     0.029092238      0.13989196      0.29744812               0       21.252294      -3.7297014       -3.7297014       21.252294                       21.252294
              1       2.0588518       74.243704     0.029309384      0.13917576      0.30683121               0       11.577107      -3.7297014       -3.7297014       11.577107                       11.577107
              3       2.8359951       73.986023     0.029262801      0.13959561      0.30965411               0       13.131393      -3.7297014       -3.7297014       13.131393                       13.131393
              1       2.4445604       74.176667     0.029605015      0.13836989      0.30645872               0       12.348524      -3.7297014       -3.7297014       12.348524                       12.348524
              3       2.4001006       75.027329     0.029510762      0.13882354       0.3001873               0       12.259604      -3.7297014       -3.7297014       12.259604                       12.259604
              1       2.1834348       74.768609     0.029280687      0.13861035      0.30147545               0       11.826272      -3.7297014       -3.7297014       11.826272                       11.826272
              1       2.2598388       74.762148     0.029307726      0.13572364       0.2964113               0       11.979081      -3.7297014       -3.7297014       11.979081                       11.979081
              1       2.6014972       74.849377     0.029303843      0.13571922      0.29570602               0       12.662397      -3.7297014       -3.7297014       12.662397                       12.662397
              2       2.3814513       74.787844     0.029299532      0.13565524      0.29607071               0       12.222306      -3.7297014       -3.7297014       12.222306                       12.222306
              3       1.5128102       74.552741     0.029490121       0.1352756      0.29760084               0       10.485023      -3.7297014       -3.7297014       10.485023                       10.485023
              2       1.4419326       74.201003     0.029342264      0.13464619      0.29901726               0       10.343268      -3.7297014       -3.7297014       10.343268                       10.343268
              3       1.4439397       74.283011     0.029261863      0.13418024      0.29736727               0       10.347282      -3.7297014       -3.7297014       10.347282                       10.347282
              2       1.8662795        73.98156     0.028981417      0.13746435      0.30528343               0       11.191962      -3.7297014       -3.7297014       11.191962                       11.191962
              1       1.6350278       73.842989      0.02878991      0.13576417      0.30296106               0       10.729459      -3.7297014       -3.7297014       10.729459                       10.729459
              2       2.4175691       74.217373     0.028523227      0.13864601      0.30465998               0       12.294541      -3.7297014       -3.7297014       12.294541                       12.294541
              1       2.4917066       74.207074     0.028495788      0.13908222      0.30548687               0       12.442816      -3.7297014       -3.7297014       12.442816                       12.442816
              1       2.2939926        74.07362     0.028467973      0.13889465      0.30619607               0       12.047388      -3.7297014       -3.7297014       12.047388                       12.047388
              1       2.8195526       74.292483     0.028437501      0.13872365      0.30402961               0       13.098508      -3.7297014       -3.7297014       13.098508                       13.098508
              1       2.6285017       74.249875     0.028457666      0.13845144      0.30392148               0       12.716406      -3.7297014       -3.7297014       12.716406                       12.716406
              3       2.4584017       74.137743     0.028391755      0.13803339      0.30396102               0       12.376206      -3.7297014       -3.7297014       12.376206                       12.376206
              2       2.0340463        73.50844     0.028315482      0.13686514       0.3068845               0       11.527496      -3.7297014       -3.7297014       11.527496                       11.527496
              2       1.9354878       73.536171     0.028333159      0.13656728      0.30613496               0       11.330378      -3.7297014       -3.7297014       11.330378                       11.330378
              1       1.9640168       73.891582     0.028356553      0.13683848      0.30373664               0       11.387436      -3.7297014       -3.7297014       11.387436                       11.387436
              1       1.7307537        73.84956     0.028487142      0.13615796      0.30307406               0        10.92091      -3.7297014       -3.7297014        10.92091                        10.92091
              2       1.5776353       73.601498     0.028406671      0.13467502       0.3022344               0       10.614673      -3.7297014       -3.7297014       10.614673                       10.614673
              2       1.7599065       73.526377     0.028287061      0.13569928      0.30452567               0       10.979216      -3.7297014       -3.7297014       10.979216                       10.979216
              4       1.6231915       73.361465     0.028161943       0.1341898       0.3028591               0       10.705786      -3.7297014       -3.7297014       10.705786                       10.705786
              8       1.6976598       73.248807     0.028146954      0.13387919      0.30318458               0       10.854723      -3.7297014       -3.7297014       10.854723                       10.854723
              2       1.5470401       73.192731     0.028280609      0.13087608      0.29829302               0       10.553483      -3.7297014       -3.7297014       10.553483                       10.553483
              1       1.4882845       73.569892     0.028560692      0.13321374      0.30007889               0       10.435972      -3.7297014       -3.7297014       10.435972                       10.435972
              1       1.4277737       73.681764      0.02857628      0.13295478      0.29872008               0        10.31495      -3.7297014       -3.7297014        10.31495                        10.31495
              2       1.8539726        73.95928     0.028561021      0.13201921      0.29474424               0       11.167348      -3.7297014       -3.7297014       11.167348                       11.167348
              3       1.6793471       73.270873     0.028476153      0.13134082      0.29888703               0       10.818097      -3.7297014       -3.7297014       10.818097                       10.818097
              2       1.5686228       73.594972     0.028231777      0.13380465      0.30035813               0       10.596649      -3.7297014       -3.7297014       10.596649                       10.596649
              1       1.5554792       73.569799     0.028235933       0.1339234      0.30079077               0       10.570361      -3.7297014       -3.7297014       10.570361                       10.570361
              3       1.5656712       73.610869     0.028257505      0.13388273      0.30041998               0       10.590745      -3.7297014       -3.7297014       10.590745                       10.590745
              3       1.4762622       73.460839     0.028225746      0.13308468      0.30011065               0       10.411927      -3.7297014       -3.7297014       10.411927                       10.411927
              2       1.5704457       73.562195     0.028302798      0.13444265      0.30193607               0       10.600294      -3.7297014       -3.7297014       10.600294                       10.600294
              3       1.9127813       73.497954     0.028525716      0.13546729      0.30477358               0       11.284966      -3.7297014       -3.7297014       11.284966                       11.284966
              2       2.1613704       73.899435     0.028605239      0.13891751      0.30793442               0       11.782144      -3.7297014       -3.7297014       11.782144                       11.782144
              4       2.2417632        74.01125     0.028681872      0.13960078      0.30839196               0       11.942929      -3.7297014       -3.7297014       11.942929                       11.942929
              2       2.3207049       74.134531       0.0285264      0.13911187      0.30619468               0       12.100813      -3.7297014       -3.7297014       12.100813                       12.100813
              5        2.763312       73.139105     0.028366196      0.13549262      0.30752074               0       12.986027      -3.7297014       -3.7297014       12.986027                       12.986027
              1       5.0779542       72.567314     0.028253402      0.13391892      0.30918342               0       17.615311      -3.7297014       -3.7297014       17.615311                       17.615311
              1       1.8565883       73.027629     0.028350583       0.1274785      0.29340372               0       11.172579      -3.7297014       -3.7297014       11.172579                       11.172579
              2       1.7044921       73.130988     0.028342414      0.12749572      0.29259188               0       10.868387      -3.7297014       -3.7297014       10.868387                       10.868387
              5       1.7038092       73.128928       0.0283424      0.12752897      0.29267051               0       10.867021      -3.7297014       -3.7297014       10.867021                       10.867021
              2       1.7505275       72.977777     0.028204855      0.12937477      0.29709164               0       10.960458      -3.7297014       -3.7297014       10.960458                       10.960458
              1       2.1156658       72.707561     0.028044079      0.12866424      0.29765581               0       11.690734      -3.7297014       -3.7297014       11.690734                       11.690734
              1       3.9058004       72.358501     0.028025775      0.12960941      0.30230482               0       15.271004      -3.7297014       -3.7297014       15.271004                       15.271004
              1       3.7072064       72.454528     0.028056992      0.13054164      0.30333927               0       14.873816      -3.7297014       -3.7297014       14.873816                       14.873816
              1       2.4248402       72.609582     0.027859064      0.13114054      0.30280569               0       12.309083      -3.7297014       -3.7297014       12.309083                       12.309083
              1       1.4195359       73.103508     0.027867526      0.13090869      0.29830967               0       10.298475      -3.7297014       -3.7297014       10.298475                       10.298475
              1       1.4886074       72.869578      0.02763035      0.13124041       0.3004061               0       10.436618      -3.7297014       -3.7297014       10.436618                       10.436618
              2       2.0039767       72.611071     0.027643067      0.13142049      0.30291457               0       11.467356      -3.7297014       -3.7297014       11.467356                       11.467356
              1       1.5683119       72.782193     0.027637054      0.13107277      0.30082407               0       10.596027      -3.7297014       -3.7297014       10.596027                       10.596027
              2       2.2807455       73.476105     0.027659478      0.13239996      0.29766877               0       12.020894      -3.7297014       -3.7297014       12.020894                       12.020894
              3       1.9777252       73.510383     0.027870485      0.13164156      0.29637826               0       11.414853      -3.7297014       -3.7297014       11.414853                       11.414853
              1       2.7269307       73.744046     0.027874149      0.13235302      0.29581805               0       12.913264      -3.7297014       -3.7297014       12.913264                       12.913264
              1       1.5590192       73.204661      0.02782103      0.13308898       0.3014676               0       10.577441      -3.7297014       -3.7297014       10.577441                       10.577441
              1       2.4513305       73.523149     0.027646179      0.13276064       0.2979306               0       12.362064      -3.7297014       -3.7297014       12.362064                       12.362064
              1       1.9446028        72.67488     0.027442295       0.1332074        0.305386               0       11.348609      -3.7297014       -3.7297014       11.348609                       11.348609
              1       3.4609346       73.525213      0.02731267      0.13374998      0.29912703               0       14.381272      -3.7297014       -3.7297014       14.381272                       14.381272
              2       3.1479069       73.489073     0.027335711      0.13452698      0.30090269               0       13.755217      -3.7297014       -3.7297014       13.755217                       13.755217
              2       3.2662323       73.516371     0.027335554      0.13460084      0.30081565               0       13.991867      -3.7297014       -3.7297014       13.991867                       13.991867
              4        3.542311       73.962555     0.027964073       0.1321758      0.29391317               0       14.544025      -3.7297014       -3.7297014       14.544025                       14.544025
              2       3.3768994       73.856839     0.028014812       0.1298943      0.29066565               0       14.213202      -3.7297014       -3.7297014       14.213202                       14.213202
              1       4.4501319       73.987673     0.027958529      0.12980061      0.28936461               0       16.359667      -3.7297014       -3.7297014       16.359667                       16.359667
              1       3.5540703       73.127677      0.02760157      0.12311149      0.28303459               0       14.567544      -3.7297014       -3.7297014       14.567544                       14.567544
              1       3.6366067       73.142923     0.027611619      0.12303625      0.28279476               0       14.732616      -3.7297014       -3.7297014       14.732616                       14.732616
              3       2.0651402       72.531269     0.027207616      0.12361989      0.28792594               0       11.589683      -3.7297014       -3.7297014       11.589683                       11.589683
              1       2.0626436       72.518498     0.027376954      0.12320519      0.28756079               0        11.58469      -3.7297014       -3.7297014        11.58469                        11.58469
              1       1.6028018       73.020995      0.02753581      0.12931768      0.29537825               0       10.665007      -3.7297014       -3.7297014       10.665007                       10.665007
              3       2.6407671       73.419588     0.027619368      0.12942159      0.29252753               0       12.740937      -3.7297014       -3.7297014       12.740937                       12.740937
              2       2.4509826       73.782198     0.027941958       0.1346718      0.29989623               0       12.361368      -3.7297014       -3.7297014       12.361368                       12.361368
              2       1.4333133       73.103149     0.027999474      0.12931151      0.29557081               0       10.326029      -3.7297014       -3.7297014       10.326029                       10.326029
              3       1.4169876       72.907562     0.027688328      0.13006463      0.29799025               0       10.293378      -3.7297014       -3.7297014       10.293378                       10.293378
              1       1.6485343        73.16371     0.027634418      0.13046635      0.29655711               0       10.756472      -3.7297014       -3.7297014       10.756472                       10.756472
              3       1.7445242       73.368443     0.027791832      0.13197196       0.2979938               0       10.948451      -3.7297014       -3.7297014       10.948451                       10.948451
              4        1.806069       73.426778     0.027834201      0.13192124        0.297505               0       11.071541      -3.7297014       -3.7297014       11.071541                       11.071541
              1       1.5040309       72.798525     0.027748128      0.12773485      0.29460028               0       10.467465      -3.7297014       -3.7297014       10.467465                       10.467465
              1       1.7386991       72.904362     0.027581785      0.13346379      0.30421131               0       10.936801      -3.7297014       -3.7297014       10.936801                       10.936801
              7       2.2378711       72.960794      0.02700683      0.13297646      0.30174536               0       11.935145      -3.7297014       -3.7297014       11.935145                       11.935145
              2       1.6175142       71.984951     0.026526425      0.12407776      0.29188189               0       10.694431      -3.7297014       -3.7297014       10.694431                       10.694431
              1       7.1961198        73.02601     0.026186176      0.12813465      0.29058846               0       21.851642      -3.7297014       -3.7297014       21.851642                       21.851642
              1        7.407701       72.828757     0.026014941      0.12601939      0.28785383               0       22.274805      -3.7297014       -3.7297014       22.274805                       22.274805
              2       5.8284212       72.711522     0.026199164      0.12474246      0.28671601               0       19.116245      -3.7297014       -3.7297014       19.116245                       19.116245
              3       3.6284335       71.757467     0.025715864      0.11998371      0.28421033               0        14.71627      -3.7297014       -3.7297014        14.71627                        14.71627
              1       4.3183198       71.244247     0.026524978      0.11496347      0.28002323               0       16.096042      -3.7297014       -3.7297014       16.096042                       16.096042
              5       4.8957315       71.207404     0.026720787      0.11492706      0.28062744               0       17.250866      -3.7297014       -3.7297014       17.250866                       17.250866
              1       4.4458154       71.120816     0.026694431      0.12300738      0.29723384               0       16.351034      -3.7297014       -3.7297014       16.351034                       16.351034
              2       3.7856606       71.133922     0.026609848      0.12031356      0.29163345               0       15.030724      -3.7297014       -3.7297014       15.030724                       15.030724
              1       2.0062883       72.592164     0.027467081      0.12364421      0.28798159               0       11.471979      -3.7297014       -3.7297014       11.471979                       11.471979
              2       1.5543413        72.55939      0.02729594      0.12613932      0.29265593               0       10.568086      -3.7297014       -3.7297014       10.568086                       10.568086
              1       1.5331653       72.623326      0.02735554      0.12654954      0.29303165               0       10.525733      -3.7297014       -3.7297014       10.525733                       10.525733
              1       2.0298359       73.480541     0.028534884      0.12624508      0.28785492               0       11.519075      -3.7297014       -3.7297014       11.519075                       11.519075
              1       2.1978111       73.133115     0.028612845      0.12592486      0.29014344               0       11.855025      -3.7297014       -3.7297014       11.855025                       11.855025
              9       1.5837864       73.848735      0.02869106      0.13551657      0.30227866               0       10.626976      -3.7297014       -3.7297014       10.626976                       10.626976
              4        1.539857       73.360261     0.028186876      0.12908391      0.29342791               0       10.539117      -3.7297014       -3.7297014       10.539117                       10.539117
              3       1.5353128       74.037116     0.028975999      0.13161486      0.29414423               0       10.530028      -3.7297014       -3.7297014       10.530028                       10.530028
              2       1.5272045       73.214371      0.02822574      0.13167725        0.299509               0       10.513812      -3.7297014       -3.7297014       10.513812                       10.513812
              1       1.5302284       73.123394     0.028200089      0.13020631      0.29745581               0        10.51986      -3.7297014       -3.7297014        10.51986                        10.51986
              2       1.9290625       72.687252       0.0278092       0.1245881      0.28966267               0       11.317528      -3.7297014       -3.7297014       11.317528                       11.317528
              2       1.4110592       72.488989      0.02715022       0.1282765      0.29701455               0       10.281521      -3.7297014       -3.7297014       10.281521                       10.281521
              1       1.7249403       71.894217     0.026802022      0.12411101      0.29321661               0       10.909283      -3.7297014       -3.7297014       10.909283                       10.909283
              1       1.6462453       71.877973     0.026737409      0.12466883      0.29430379               0       10.751893      -3.7297014       -3.7297014       10.751893                       10.751893
              2       1.5122646       71.777639      0.02647887       0.1259739      0.29715844               0       10.483932      -3.7297014       -3.7297014       10.483932                       10.483932
              1       2.8664535       73.051712     0.026895763      0.13506198      0.30469461               0        13.19231      -3.7297014       -3.7297014        13.19231                        13.19231
              4       2.8416256       73.078486     0.026924174      0.13443225      0.30334542               0       13.142654      -3.7297014       -3.7297014       13.142654                       13.142654
              5        1.980141       73.529823     0.028390643      0.13657903      0.30631586               0       11.419685      -3.7297014       -3.7297014       11.419685                       11.419685
              5       2.3462889        73.45898     0.028700103      0.13566572      0.30578796               0       12.151981      -3.7297014       -3.7297014       12.151981                       12.151981
              4       1.9319305        73.43094     0.028441827      0.13533529      0.30492974               0       11.323264      -3.7297014       -3.7297014       11.323264                       11.323264
              2       2.0647775       72.630274     0.027895007      0.12901113      0.29866462               0       11.588958      -3.7297014       -3.7297014       11.588958                       11.588958
              1       1.5210892       72.812684     0.027672464      0.13074563      0.30002192               0       10.501581      -3.7297014       -3.7297014       10.501581                       10.501581
              1       1.7785208       72.753952     0.027792883      0.13088085      0.30098948               0       11.016444      -3.7297014       -3.7297014       11.016444                       11.016444
              5        1.452576       73.389236     0.028163622      0.13063525      0.29603342               0       10.364555      -3.7297014       -3.7297014       10.364555                       10.364555
              3       1.5113593       73.491841     0.028338292      0.13364949      0.30111162               0       10.482122      -3.7297014       -3.7297014       10.482122                       10.482122
              4       1.4946766        73.50313     0.028322403      0.13352963      0.30076788               0       10.448756      -3.7297014       -3.7297014       10.448756                       10.448756
              3       1.9101201       73.751354     0.028272234      0.13674124      0.30455896               0       11.279643      -3.7297014       -3.7297014       11.279643                       11.279643
              1       2.1217115       72.828263     0.027752531      0.13380432      0.30581134               0       11.702826      -3.7297014       -3.7297014       11.702826                       11.702826
              3       2.0157458       72.749034     0.027838284      0.13172365      0.30270842               0       11.490895      -3.7297014       -3.7297014       11.490895                       11.490895
              3        1.567104       73.044692     0.027946609      0.13202936      0.30103888               0       10.593611      -3.7297014       -3.7297014       10.593611                       10.593611
              1       2.5672565       73.248347     0.027231291      0.13330563      0.30041274               0       12.593916      -3.7297014       -3.7297014       12.593916                       12.593916
              1       1.9094445       72.661853      0.02767464      0.13138809      0.30248974               0       11.278292      -3.7297014       -3.7297014       11.278292                       11.278292
              1       2.2203353       72.216094      0.02749919      0.12580176      0.29518742               0       11.900074      -3.7297014       -3.7297014       11.900074                       11.900074
              1       2.2712426       72.182368     0.027474621      0.12583861      0.29548689               0       12.001888      -3.7297014       -3.7297014       12.001888                       12.001888
              2       2.2438526       72.707664     0.027012375      0.12587113      0.29041979               0       11.947108      -3.7297014       -3.7297014       11.947108                       11.947108
              1       2.1809404       72.466719     0.026443573      0.13223572      0.30339084               0       11.821284      -3.7297014       -3.7297014       11.821284                       11.821284
              3        2.398257       72.166778      0.02616139      0.13363463      0.30806221               0       12.255917      -3.7297014       -3.7297014       12.255917                       12.255917
              5       2.2580308       72.259136      0.02626932      0.13317754      0.30660652               0       11.975464      -3.7297014       -3.7297014       11.975464                       11.975464
              1       2.1395419       72.537979     0.026678086      0.13380119       0.3062159               0       11.738487      -3.7297014       -3.7297014       11.738487                       11.738487
              1       2.0315225        71.99597     0.025923613      0.13024976      0.30253677               0       11.522448      -3.7297014       -3.7297014       11.522448                       11.522448
              1       1.8700974       71.396564     0.025999823      0.12790215      0.30318202               0       11.199598      -3.7297014       -3.7297014       11.199598                       11.199598
              1       1.5455935       71.522242     0.026201017      0.12427291      0.29541608               0        10.55059      -3.7297014       -3.7297014        10.55059                        10.55059
              4       3.5127281       70.303778     0.025439384      0.11667826      0.28883821               0       14.484859      -3.7297014       -3.7297014       14.484859                       14.484859
              1       4.2014836       70.201868     0.025434189      0.11489673      0.28605197               0        15.86237      -3.7297014       -3.7297014        15.86237                        15.86237
              1       3.3963576       71.219282     0.026169513       0.1159937       0.2815499               0       14.252118      -3.7297014       -3.7297014       14.252118                       14.252118
              3       4.2479597       71.522608     0.026450328      0.11493467      0.27764558               0       15.955322      -3.7297014       -3.7297014       15.955322                       15.955322
              2       6.5470468       71.653795     0.026215976      0.11253969      0.27150871               0       20.553497      -3.7297014       -3.7297014       20.553497                       20.553497
              3       3.2997974       70.229324     0.024858721      0.11348329      0.28179582               0       14.058998      -3.7297014       -3.7297014       14.058998                       14.058998
              2       4.6502088       70.215314     0.025230178      0.11168698      0.27901823               0       16.759821      -3.7297014       -3.7297014       16.759821                       16.759821
              1       5.1969053       69.959902      0.02528142      0.11268972      0.28321269               0       17.853214      -3.7297014       -3.7297014       17.853214                       17.853214
              2       3.7299397       70.708879     0.025897064      0.11566884      0.28443455               0       14.919282      -3.7297014       -3.7297014       14.919282                       14.919282
              2        2.517506       71.331166     0.026176998      0.11848294      0.28557432               0       12.494415      -3.7297014       -3.7297014       12.494415                       12.494415
              1       2.6720886       71.275205     0.026174913      0.11801279      0.28509335               0        12.80358      -3.7297014       -3.7297014        12.80358                        12.80358
              1       2.3497123       70.937314     0.025243584      0.11797135      0.28588263               0       12.158827      -3.7297014       -3.7297014       12.158827                       12.158827
              2       2.0060578       70.541029     0.025217638      0.11911649      0.29135288               0       11.471519      -3.7297014       -3.7297014       11.471519                       11.471519
              2        1.876026       70.540921     0.024644803      0.11878588      0.28953817               0       11.211455      -3.7297014       -3.7297014       11.211455                       11.211455
              1       1.6453536        71.23225     0.025648265       0.1215535      0.29137746               0        10.75011      -3.7297014       -3.7297014        10.75011                        10.75011
              3       7.0020602       72.432477     0.025522141      0.12576604      0.28958995               0       21.463523      -3.7297014       -3.7297014       21.463523                       21.463523
              5       5.9223818       73.429323     0.026779656      0.13122227      0.29423224               0       19.304167      -3.7297014       -3.7297014       19.304167                       19.304167
              1       6.1652758         73.2984     0.026575485      0.13086182      0.29423335               0       19.789954      -3.7297014       -3.7297014       19.789954                       19.789954
              1       3.3701401       72.916171     0.026571315      0.13239467       0.3002014               0       14.199683      -3.7297014       -3.7297014       14.199683                       14.199683
              3       1.4909693       72.214277      0.02667618      0.12649961      0.29496227               0       10.441341      -3.7297014       -3.7297014       10.441341                       10.441341
              2       1.6924801       72.328119     0.027088123      0.12441691      0.29084075               0       10.844363      -3.7297014       -3.7297014       10.844363                       10.844363
              1       1.9259086       72.304267     0.027287851      0.12973073      0.30157905               0        11.31122      -3.7297014       -3.7297014        11.31122                        11.31122
              1       2.3022182        72.26245     0.027469046      0.12880571      0.30050373               0       12.063839      -3.7297014       -3.7297014       12.063839                       12.063839
              1        2.678992       72.156503     0.027489709      0.12812159      0.30011256               0       12.817387      -3.7297014       -3.7297014       12.817387                       12.817387
              2       3.0586269       71.986631     0.027338041      0.12838114      0.30173882               0       13.576657      -3.7297014       -3.7297014       13.576657                       13.576657
              1       3.3021196       72.158432     0.027495136       0.1305884      0.30484458               0       14.063642      -3.7297014       -3.7297014       14.063642                       14.063642
              2       2.6403882       72.566361     0.026749123      0.13617511      0.31061945               0       12.740179      -3.7297014       -3.7297014       12.740179                       12.740179
              1       3.0787924       72.424977     0.026062021      0.13352726      0.30547548               0       13.616988      -3.7297014       -3.7297014       13.616988                       13.616988
              1       2.5445645       71.914663     0.025882925      0.13356606      0.30955497               0       12.548532      -3.7297014       -3.7297014       12.548532                       12.548532
              1        1.897169       71.440173     0.026044516      0.12824265      0.30356673               0       11.253741      -3.7297014       -3.7297014       11.253741                       11.253741
              4       1.7111981       71.384262     0.026091581      0.12207671      0.29203456               0       10.881799      -3.7297014       -3.7297014       10.881799                       10.881799
              3       3.0933889       70.616385     0.025745825      0.12087823      0.29532348               0       13.646181      -3.7297014       -3.7297014       13.646181                       13.646181
              3       3.0969155       70.619027     0.025750634      0.12086247      0.29527942               0       13.653234      -3.7297014       -3.7297014       13.653234                       13.653234
              3       1.6500786       71.903399     0.026496608       0.1234774      0.29132547               0        10.75956      -3.7297014       -3.7297014        10.75956                        10.75956
              2       2.3849725       72.271445     0.026594179      0.12313368      0.28789458               0       12.229348      -3.7297014       -3.7297014       12.229348                       12.229348
              2       2.0703096       72.039376     0.026828321      0.12176535      0.28756695               0       11.600022      -3.7297014       -3.7297014       11.600022                       11.600022
              2       2.3534609       71.904088     0.026749315      0.12038807      0.28583339               0       12.166325      -3.7297014       -3.7297014       12.166325                       12.166325
              2       2.2584098       71.980317     0.026627963      0.12106521      0.28630101               0       11.976222      -3.7297014       -3.7297014       11.976222                       11.976222
              4       1.8257332       72.303993     0.027134212      0.12361128      0.28958199               0       11.110869      -3.7297014       -3.7297014       11.110869                       11.110869
              1       3.9225863       73.393067     0.027358467      0.12773312      0.28912003               0       15.304575      -3.7297014       -3.7297014       15.304575                       15.304575
              1       4.9890524       73.396368     0.027150046      0.12749606      0.28826705               0       17.437508      -3.7297014       -3.7297014       17.437508                       17.437508
              1       5.0983656       74.177654     0.028079779      0.13014844       0.2887368               0       17.656134      -3.7297014       -3.7297014       17.656134                       17.656134
              3       5.5548286       74.334368     0.027999795      0.13335016      0.29317022               0        18.56906      -3.7297014       -3.7297014        18.56906                        18.56906
              1       4.9377168       74.157285     0.027858102      0.13349489      0.29457756               0       17.334837      -3.7297014       -3.7297014       17.334837                       17.334837
              2       1.7756415       73.033655     0.028232344      0.12659751      0.29148196               0       11.010686      -3.7297014       -3.7297014       11.010686                       11.010686
              1       2.1477384       72.647799     0.028023238      0.12611883       0.2932833               0        11.75488      -3.7297014       -3.7297014        11.75488                        11.75488
              1       2.2324202       72.631368      0.02804165      0.12605091      0.29332216               0       11.924243      -3.7297014       -3.7297014       11.924243                       11.924243
              3       1.5973527          73.041      0.02818361       0.1286193      0.29512167               0       10.654108      -3.7297014       -3.7297014       10.654108                       10.654108
             12        2.464651       72.492356     0.027863418      0.12307109      0.28843873               0       12.388705      -3.7297014       -3.7297014       12.388705                       12.388705
              1       2.4961395       72.298587     0.027720298      0.12455797      0.29255768               0       12.451682      -3.7297014       -3.7297014       12.451682                       12.451682
              1       1.6283041       72.570523     0.027475001      0.12564535       0.2919682               0       10.716011      -3.7297014       -3.7297014       10.716011                       10.716011
              4       1.7194668       73.451432     0.027927619      0.13177072      0.29719948               0       10.898336      -3.7297014       -3.7297014       10.898336                       10.898336
              1       1.4304746       73.041697     0.027858685      0.13086487      0.29871606               0       10.320352      -3.7297014       -3.7297014       10.320352                       10.320352
              2       2.6334218       73.374841     0.027939371      0.13887937       0.3110457               0       12.726247      -3.7297014       -3.7297014       12.726247                       12.726247
              3       1.6003852       72.496767     0.027041892      0.13134256       0.3025784               0       10.660173      -3.7297014       -3.7297014       10.660173                       10.660173
              3       1.6528846       71.838296     0.026598451      0.12747938      0.29980573               0       10.765172      -3.7297014       -3.7297014       10.765172                       10.765172
              2       2.1152074       73.346655     0.027970548      0.13688995      0.30764477               0       11.689818      -3.7297014       -3.7297014       11.689818                       11.689818
              7       2.5611027        73.11804     0.027983708      0.13687847      0.30957472               0       12.581608      -3.7297014       -3.7297014       12.581608                       12.581608
              2       2.7582021       72.958214     0.028091738      0.13522344      0.30802623               0       12.975807      -3.7297014       -3.7297014       12.975807                       12.975807
              2       2.1865502       74.231749     0.029306451       0.1395906      0.30767757               0       11.832503      -3.7297014       -3.7297014       11.832503                       11.832503
              2       2.8020324       72.895528     0.028574884      0.12475466       0.2897642               0       13.063468      -3.7297014       -3.7297014       13.063468                       13.063468
              2       3.0957945       72.823418     0.028579981      0.12422335      0.28934608               0       13.650992      -3.7297014       -3.7297014       13.650992                       13.650992
              1       3.3205062       72.373044     0.027998835       0.1214205      0.28649782               0       14.100415      -3.7297014       -3.7297014       14.100415                       14.100415
              4       2.2235466       72.433165      0.02646182      0.13334171      0.30581479               0       11.906496      -3.7297014       -3.7297014       11.906496                       11.906496
              5        1.558228       72.028757     0.026858709      0.12596888      0.29581251               0       10.575859      -3.7297014       -3.7297014       10.575859                       10.575859
              1        1.913126       71.663418       0.0266399      0.12340843      0.29342458               0       11.285655      -3.7297014       -3.7297014       11.285655                       11.285655
              2       2.2556515        70.70956     0.025475144      0.12416706      0.30058219               0       11.970706      -3.7297014       -3.7297014       11.970706                       11.970706
              1       1.9955285       71.942097     0.025860642      0.12806095      0.29863935               0        11.45046      -3.7297014       -3.7297014        11.45046                        11.45046
              1       1.7505713       71.890127       0.0261111       0.1247238      0.29309879               0       10.960545      -3.7297014       -3.7297014       10.960545                       10.960545
              3       1.5493135       72.436397     0.026819253      0.12796016      0.29621234               0        10.55803      -3.7297014       -3.7297014        10.55803                        10.55803
              2       1.5098382       71.995128     0.026544902      0.12492558      0.29347069               0       10.479079      -3.7297014       -3.7297014       10.479079                       10.479079
              3       1.6661983       71.960054     0.026378141       0.1241774      0.29198995               0       10.791799      -3.7297014       -3.7297014       10.791799                       10.791799
              2       1.6862917       72.114181     0.026686224      0.12405331      0.29109697               0       10.831986      -3.7297014       -3.7297014       10.831986                       10.831986
              2       1.7728577       72.023308     0.026655919      0.12313552      0.29000429               0       11.005118      -3.7297014       -3.7297014       11.005118                       11.005118
              6       1.9609192       70.499361     0.024640936      0.11816459      0.28862183               0       11.381241      -3.7297014       -3.7297014       11.381241                       11.381241
              1       2.0309853       69.907093     0.024258266       0.1161334      0.28859373               0       11.521373      -3.7297014       -3.7297014       11.521373                       11.521373
              1       1.9485923       69.751037       0.0242326      0.11827045       0.2942263               0       11.356588      -3.7297014       -3.7297014       11.356588                       11.356588
              1       2.6444678       67.783364     0.021879086      0.10954621      0.28744586               0       12.748339      -3.7297014       -3.7297014       12.748339                       12.748339
              1       2.4094551       67.847205     0.021873454      0.11003536      0.28795557               0       12.278313      -3.7297014       -3.7297014       12.278313                       12.278313
              2       2.4507939       67.845376     0.021886873      0.10996799      0.28785388               0       12.360991      -3.7297014       -3.7297014       12.360991                       12.360991
              1       2.4331591       67.873015     0.022043182      0.11182458      0.29198895               0       12.325721      -3.7297014       -3.7297014       12.325721                       12.325721
              1       2.2449871       67.946484     0.022075922      0.11253906      0.29297636               0       11.949377      -3.7297014       -3.7297014       11.949377                       11.949377
              3       1.7262869       66.418348     0.019709482      0.10781062      0.29052983               0       10.911977      -3.7297014       -3.7297014       10.911977                       10.911977
              2        2.155505       63.504144     0.016516042      0.10392231      0.30024598               0       11.770413      -3.7297014       -3.7297014       11.770413                       11.770413
              1       1.6083565       63.668259     0.016248703      0.10574941      0.30254792               0       10.676116      -3.7297014       -3.7297014       10.676116                       10.676116
              3       1.5023503       63.604396     0.016167432      0.10488276      0.30081264               0       10.464103      -3.7297014       -3.7297014       10.464103                       10.464103
              2       2.1263882       63.695412     0.016772612      0.10348993      0.29801215               0       11.712179      -3.7297014       -3.7297014       11.712179                       11.712179
              2       1.8292984       64.194025     0.016616543      0.10792686       0.3037889               0          11.118      -3.7297014       -3.7297014          11.118                          11.118
              1       2.8250138       66.625279     0.019192149      0.11691819      0.30807998               0        13.10943      -3.7297014       -3.7297014        13.10943                        13.10943
              1       2.5172072       66.882608     0.019451708      0.11393021      0.29961451               0       12.493817      -3.7297014       -3.7297014       12.493817                       12.493817
              1       2.0074515       65.589587     0.019030506      0.10625362      0.29272068               0       11.474306      -3.7297014       -3.7297014       11.474306                       11.474306
              1       2.6667166       66.299164     0.020147627      0.10979153      0.29707869               0       12.792836      -3.7297014       -3.7297014       12.792836                       12.792836
              1       2.5099626       66.936821     0.020332029      0.10659045      0.28471272               0       12.479328      -3.7297014       -3.7297014       12.479328                       12.479328
              1        2.011739       67.598914     0.021096511      0.10983628      0.28793887               0       11.482881      -3.7297014       -3.7297014       11.482881                       11.482881
              2       1.9449709       67.721319     0.021058676      0.11099379      0.28934034               0       11.349345      -3.7297014       -3.7297014       11.349345                       11.349345
              3       1.5832745       67.888214     0.021105637      0.11529532      0.29735463               0       10.625952      -3.7297014       -3.7297014       10.625952                       10.625952
              1       1.5526276       70.499278     0.024471208      0.12119594      0.29438012               0       10.564658      -3.7297014       -3.7297014       10.564658                       10.564658
              1       1.9477192       70.869268     0.025046627      0.12804922      0.30610536               0       11.354841      -3.7297014       -3.7297014       11.354841                       11.354841
              1       2.1104735        71.28187     0.025103662      0.12951226      0.30556357               0        11.68035      -3.7297014       -3.7297014        11.68035                        11.68035
              1       1.7954928       71.067039     0.024926894      0.12719187      0.30246942               0       11.050389      -3.7297014       -3.7297014       11.050389                       11.050389
              2       1.6341889       71.479576     0.025550497       0.1278291      0.30145584               0       10.727781      -3.7297014       -3.7297014       10.727781                       10.727781
              5       3.5272031       72.203667     0.025657824      0.13322091      0.30598804               0       14.513809      -3.7297014       -3.7297014       14.513809                       14.513809
              3       4.2411355       72.638639     0.026048749      0.13663038      0.30953706               0       15.941674      -3.7297014       -3.7297014       15.941674                       15.941674
              1        4.794453       71.813084     0.024911997      0.13424491      0.30986494               0       17.048309      -3.7297014       -3.7297014       17.048309                       17.048309
              3       4.4596416       71.737985     0.024915006      0.13416157      0.31035797               0       16.378686      -3.7297014       -3.7297014       16.378686                       16.378686
              1       4.4449299       71.735976     0.024918103      0.13418486      0.31042663               0       16.349263      -3.7297014       -3.7297014       16.349263                       16.349263
              1       2.4793914       69.662736      0.02292611      0.12493795      0.30601968               0       12.418186      -3.7297014       -3.7297014       12.418186                       12.418186
              1       2.7439469       69.309048     0.023148828      0.12565535      0.31110798               0       12.947297      -3.7297014       -3.7297014       12.947297                       12.947297
              2       2.4583125       71.280386     0.026213483      0.12670482      0.30223511               0       12.376028      -3.7297014       -3.7297014       12.376028                       12.376028
              3        3.996613       72.013993     0.026608884      0.13667112      0.31608882               0       15.452629      -3.7297014       -3.7297014       15.452629                       15.452629
              1       3.1503851       72.647518     0.026532338      0.13714154      0.31134624               0       13.760173      -3.7297014       -3.7297014       13.760173                       13.760173
              1       1.6495344       72.243308     0.027213476      0.12618967      0.29516088               0       10.758472      -3.7297014       -3.7297014       10.758472                       10.758472
              2       1.5095019       73.610562     0.028677953      0.13314583      0.29983846               0       10.478407      -3.7297014       -3.7297014       10.478407                       10.478407
              1       1.4403255       73.213374     0.028178785      0.13065237      0.29751752               0       10.340054      -3.7297014       -3.7297014       10.340054                       10.340054
              1       1.7366352       73.242052     0.028505437      0.12767599      0.29234512               0       10.932673      -3.7297014       -3.7297014       10.932673                       10.932673
              5       2.4151481       73.991785     0.029297698      0.12625015       0.2852934               0       12.289699      -3.7297014       -3.7297014       12.289699                       12.289699
              2       2.0310241        73.68596     0.028987003      0.12674865      0.28801237               0       11.521451      -3.7297014       -3.7297014       11.521451                       11.521451
              8       1.9791367       73.115953     0.027844456       0.1260787       0.2891301               0       11.417676      -3.7297014       -3.7297014       11.417676                       11.417676
              3        1.849896       74.102787     0.029195384      0.12921319      0.28964897               0       11.159195      -3.7297014       -3.7297014       11.159195                       11.159195
              6       2.0409451       74.132876     0.029003178      0.12959743      0.28976332               0       11.541293      -3.7297014       -3.7297014       11.541293                       11.541293
              1       1.9033972       73.864391     0.029095732      0.12783899      0.28882029               0       11.266197      -3.7297014       -3.7297014       11.266197                       11.266197
              2       1.5391237       73.633558     0.028870044      0.13030735      0.29477028               0        10.53765      -3.7297014       -3.7297014        10.53765                        10.53765
              1        1.527013       73.719163     0.028944124      0.13031214      0.29423123               0       10.513429      -3.7297014       -3.7297014       10.513429                       10.513429
              6       2.3685398        73.60964     0.027949628      0.13009043      0.29286285               0       12.196482      -3.7297014       -3.7297014       12.196482                       12.196482
              8       2.4639856       74.963687     0.029707385      0.13328246      0.29118676               0       12.387374      -3.7297014       -3.7297014       12.387374                       12.387374
              7       2.7549978       74.890951     0.029555744      0.13256084      0.29019565               0       12.969398      -3.7297014       -3.7297014       12.969398                       12.969398
              2       2.8892238       74.915782      0.02963178      0.13178127      0.28874977               0        13.23785      -3.7297014       -3.7297014        13.23785                        13.23785
              2       2.3913941       74.618508      0.02902993      0.13986317      0.30448926               0       12.242191      -3.7297014       -3.7297014       12.242191                       12.242191
              1       1.7662815       73.382592       0.0285015       0.1335641      0.30215336               0       10.991966      -3.7297014       -3.7297014       10.991966                       10.991966
              1       2.4015391       73.535408     0.027648457      0.13459404      0.30122598               0       12.262481      -3.7297014       -3.7297014       12.262481                       12.262481
              1       1.8230408       72.013652     0.026267042      0.13120364      0.30488981               0       11.105484      -3.7297014       -3.7297014       11.105484                       11.105484
              4       1.4692691       71.242542     0.025718171      0.12330827      0.29488835               0       10.397941      -3.7297014       -3.7297014       10.397941                       10.397941
              4       1.4992294       69.911972     0.023831205      0.12256483      0.30083813               0       10.457862      -3.7297014       -3.7297014       10.457862                       10.457862
              3       1.4196048       67.514958     0.020950835      0.11338256      0.29611574               0       10.298612      -3.7297014       -3.7297014       10.298612                       10.298612
              1       1.4799954       67.107747     0.020586879      0.11276475      0.29754027               0       10.419394      -3.7297014       -3.7297014       10.419394                       10.419394
              1       4.1317794       65.799626     0.018782747      0.10103274      0.27822404               0       15.722962      -3.7297014       -3.7297014       15.722962                       15.722962
             10       4.5524767       65.808517     0.018458383      0.10173899      0.27903067               0       16.564356      -3.7297014       -3.7297014       16.564356                       16.564356
              7       2.5111415       65.471242     0.019045172      0.10499633      0.29088095               0       12.481686      -3.7297014       -3.7297014       12.481686                       12.481686
              3       1.9588569       65.666884     0.018944375      0.10514616      0.28926399               0       11.377117      -3.7297014       -3.7297014       11.377117                       11.377117
              2       2.8763764       65.116098     0.018381781      0.10131933      0.28382602               0       13.212156      -3.7297014       -3.7297014       13.212156                       13.212156
              2       1.5777991       66.275756     0.019138472      0.11101235      0.29777048               0       10.615001      -3.7297014       -3.7297014       10.615001                       10.615001
              4       2.4139926       66.490445     0.019373324      0.10717747      0.28770759               0       12.287388      -3.7297014       -3.7297014       12.287388                       12.287388
              5        2.697865       66.565428      0.01923991      0.10840215       0.2895226               0       12.855133      -3.7297014       -3.7297014       12.855133                       12.855133
              5       1.6187419       67.496529     0.020598508      0.11518451      0.29945939               0       10.696887      -3.7297014       -3.7297014       10.696887                       10.696887
              1       1.8151229       67.407444     0.020374843       0.1155959      0.30066459               0       11.089649      -3.7297014       -3.7297014       11.089649                       11.089649
              2       1.6847311       66.329706     0.019317165      0.11352704      0.30340812               0       10.828865      -3.7297014       -3.7297014       10.828865                       10.828865
              3       1.5942995       66.254742     0.019245742      0.11277252      0.30221353               0       10.648002      -3.7297014       -3.7297014       10.648002                       10.648002
              2       1.6904803       65.950093     0.018741975      0.10855344      0.29415348               0       10.840363      -3.7297014       -3.7297014       10.840363                       10.840363
              2       1.5540658       65.943111      0.01894025      0.10782766       0.2930027               0       10.567535      -3.7297014       -3.7297014       10.567535                       10.567535
              1       1.4268073        66.56015     0.019808442      0.11066047      0.29594931               0       10.313017      -3.7297014       -3.7297014       10.313017                       10.313017
              1       4.6156897       66.693124     0.020071779      0.10216507       0.2762629               0       16.690782      -3.7297014       -3.7297014       16.690782                       16.690782
              2        4.966135       66.472528     0.020020304      0.10099743      0.27534051               0       17.391673      -3.7297014       -3.7297014       17.391673                       17.391673
              3       4.9579939       64.889767      0.01883598        0.106985      0.30034356               0       17.375391      -3.7297014       -3.7297014       17.375391                       17.375391
              2       5.5387337       63.916493     0.017677839      0.10552687      0.30315595               0        18.53687      -3.7297014       -3.7297014        18.53687                        18.53687
              1       5.2689171        63.87566     0.017588414      0.10540525      0.30302641               0       17.997237      -3.7297014       -3.7297014       17.997237                       17.997237
              4       3.3968329       66.296862      0.01890816      0.11825621      0.31353793               0       14.253069      -3.7297014       -3.7297014       14.253069                       14.253069
              3       2.9275945       64.780946     0.018287252      0.10723871      0.30065045               0       13.314592      -3.7297014       -3.7297014       13.314592                       13.314592
              2       2.3075551       65.236772     0.018617432      0.10936191      0.30222843               0       12.074513      -3.7297014       -3.7297014       12.074513                       12.074513
              2       2.7961288        65.35227     0.018374814      0.11385614      0.31111591               0        13.05166      -3.7297014       -3.7297014        13.05166                        13.05166
              4       1.9142499       65.114945      0.01818141      0.11017153      0.30424155               0       11.287903      -3.7297014       -3.7297014       11.287903                       11.287903
              4        2.048367       64.560036     0.017653241      0.10804698       0.3031296               0       11.556137      -3.7297014       -3.7297014       11.556137                       11.556137
              1        2.346898       65.140075     0.018126537      0.11209744      0.30841631               0       12.153199      -3.7297014       -3.7297014       12.153199                       12.153199
              6       1.5571859       63.974938     0.016631988      0.10621274      0.30172273               0       10.573775      -3.7297014       -3.7297014       10.573775                       10.573775
              7       1.4620607       64.080419     0.016714487      0.10578174      0.29988155               0       10.383524      -3.7297014       -3.7297014       10.383524                       10.383524
              2       2.4458098        64.79163     0.017630088      0.11165579      0.30950785               0       12.351022      -3.7297014       -3.7297014       12.351022                       12.351022
              1        2.714495       64.608133     0.017790357      0.10972607      0.30702945               0       12.888393      -3.7297014       -3.7297014       12.888393                       12.888393
              2       2.5216358       67.054676     0.019712808      0.11221209      0.29483833               0       12.502674      -3.7297014       -3.7297014       12.502674                       12.502674
              1       1.9553501       68.006745     0.021121141      0.11408737      0.29374069               0       11.370103      -3.7297014       -3.7297014       11.370103                       11.370103
              1       2.8338544       68.234216     0.021116762      0.11445479      0.29256522               0       13.127112      -3.7297014       -3.7297014       13.127112                       13.127112
              5       3.8039323       67.290023     0.020534879      0.10553172      0.27984145               0       15.067268      -3.7297014       -3.7297014       15.067268                       15.067268
              1       4.4555474        65.41667     0.017709112      0.10270734      0.28289541               0       16.370498      -3.7297014       -3.7297014       16.370498                       16.370498
              2       3.5825262       65.710755     0.017981196      0.10616318      0.28900256               0       14.624455      -3.7297014       -3.7297014       14.624455                       14.624455
              1       4.5847872       67.400539     0.019827217      0.11056388       0.2884439               0       16.628977      -3.7297014       -3.7297014       16.628977                       16.628977
              3       3.9648786       67.466476       0.0199557      0.11175879      0.29078781               0        15.38916      -3.7297014       -3.7297014        15.38916                        15.38916
              2       3.8316057        69.64802     0.022750164      0.11651658      0.28842569               0       15.122614      -3.7297014       -3.7297014       15.122614                       15.122614
              3       2.4310818       69.024534      0.02216776       0.1173182      0.29411992               0       12.321567      -3.7297014       -3.7297014       12.321567                       12.321567
              2       3.1516894       67.612007     0.021084797      0.10708918      0.28179239               0       13.762782      -3.7297014       -3.7297014       13.762782                       13.762782
              1       1.6002085       64.868879     0.017772487      0.10862084      0.30189717               0        10.65982      -3.7297014       -3.7297014        10.65982                        10.65982
              1       3.6364799       67.668111     0.021878754      0.11755138       0.3059076               0       14.732363      -3.7297014       -3.7297014       14.732363                       14.732363
              1       4.1124164       67.053126     0.021274821      0.11497676      0.30447511               0       15.684236      -3.7297014       -3.7297014       15.684236                       15.684236
              1       4.6626836       66.005582     0.020136376      0.10344743      0.28513987               0        16.78477      -3.7297014       -3.7297014        16.78477                        16.78477
              1        3.186757       67.996157     0.022286328      0.10920954      0.28580221               0       13.832917      -3.7297014       -3.7297014       13.832917                       13.832917
              4       2.1646317       66.053409     0.019086848        0.105557      0.28715669               0       11.788666      -3.7297014       -3.7297014       11.788666                       11.788666
              1       1.7281893       67.293522     0.020635323      0.11032652      0.29062241               0       10.915782      -3.7297014       -3.7297014       10.915782                       10.915782
              6       1.7991152       66.831694     0.019674089      0.11277981      0.29799343               0       11.057633      -3.7297014       -3.7297014       11.057633                       11.057633
              6       1.7115668       73.032352      0.02821223      0.13032778       0.2984484               0       10.882537      -3.7297014       -3.7297014       10.882537                       10.882537
              5       1.4508823       72.653334     0.027494734      0.12882585      0.29736576               0       10.361167      -3.7297014       -3.7297014       10.361167                       10.361167
              1       3.1763115       71.347441      0.02669188      0.12359719      0.29650225               0       13.812026      -3.7297014       -3.7297014       13.812026                       13.812026
              7       2.9487677       73.680605     0.029639749      0.13034074       0.2958733               0       13.356938      -3.7297014       -3.7297014       13.356938                       13.356938
              1       2.1772586       74.433105     0.029522177      0.12927493      0.28778517               0        11.81392      -3.7297014       -3.7297014        11.81392                        11.81392
              1       1.8318503       74.543744     0.029225194      0.13816787      0.30240086               0       11.123103      -3.7297014       -3.7297014       11.123103                       11.123103
              2       1.9556008       69.465649     0.022853231      0.12263161      0.30282808               0       11.370604      -3.7297014       -3.7297014       11.370604                       11.370604
              2       2.0486381       67.284543     0.020401465      0.11785695      0.30681714               0       11.556679      -3.7297014       -3.7297014       11.556679                       11.556679
              3       1.6489555       67.082426     0.020547987      0.11455855      0.30166469               0       10.757314      -3.7297014       -3.7297014       10.757314                       10.757314
              2       2.5021179       64.466355      0.01703937      0.11120233      0.31012655               0       12.463639      -3.7297014       -3.7297014       12.463639                       12.463639
              1       2.1853967       66.596546     0.019299988      0.11032391      0.29372063               0       11.830196      -3.7297014       -3.7297014       11.830196                       11.830196
              7       2.1567808       66.640374     0.019363935      0.11043625      0.29373137               0       11.772965      -3.7297014       -3.7297014       11.772965                       11.772965
              3       4.2585359        70.25301     0.023586267      0.11636229      0.28486091               0       15.976475      -3.7297014       -3.7297014       15.976475                       15.976475
              1       4.9676908       72.668632       0.0283318      0.11722222      0.27685217               0       17.394785      -3.7297014       -3.7297014       17.394785                       17.394785
              6       3.1946626       72.872865     0.028694639      0.12510422       0.2908282               0       13.848728      -3.7297014       -3.7297014       13.848728                       13.848728
              3       3.7118936       66.425621     0.020425415      0.11298013      0.30380474               0        14.88319      -3.7297014       -3.7297014        14.88319                        14.88319
              1       3.8046773       67.027828     0.021264421       0.1134684       0.3013245               0       15.068758      -3.7297014       -3.7297014       15.068758                       15.068758
              1        3.690051       67.121361     0.021353725      0.11380246      0.30142502               0       14.839505      -3.7297014       -3.7297014       14.839505                       14.839505
              2        3.217626       67.715278     0.021799256      0.10756271      0.28352439               0       13.894655      -3.7297014       -3.7297014       13.894655                       13.894655
              1       1.9037679       70.568479     0.024609681      0.11905042      0.28977277               0       11.266939      -3.7297014       -3.7297014       11.266939                       11.266939
              1       1.8683832       69.867629     0.023728403      0.11722535       0.2900713               0       11.196169      -3.7297014       -3.7297014       11.196169                       11.196169
              3       1.5312484       69.871161     0.023833536      0.11867597      0.29322871               0         10.5219      -3.7297014       -3.7297014         10.5219                         10.5219
              2       1.6454655       69.919784     0.023939744        0.117904       0.2914592               0       10.750334      -3.7297014       -3.7297014       10.750334                       10.750334
              1       1.4559495       70.640337     0.024664344      0.12287675      0.29696098               0       10.371302      -3.7297014       -3.7297014       10.371302                       10.371302
              1       2.3801772       71.212768     0.024871027      0.12401953      0.29486704               0       12.219757      -3.7297014       -3.7297014       12.219757                       12.219757
              3       2.4640196       72.772872     0.026855995      0.12764815      0.29295975               0       12.387442      -3.7297014       -3.7297014       12.387442                       12.387442
              5       2.5798381       72.820194     0.026886968      0.12762853      0.29260052               0       12.619079      -3.7297014       -3.7297014       12.619079                       12.619079
              5       1.8597551       72.283492     0.026553615      0.12572455      0.29267968               0       11.178913      -3.7297014       -3.7297014       11.178913                       11.178913
              1       1.5355062       73.079103     0.027644215      0.12988805       0.2961797               0       10.530415      -3.7297014       -3.7297014       10.530415                       10.530415
              1       1.7173572       73.951544     0.028644985      0.13188787      0.29471929               0       10.894117      -3.7297014       -3.7297014       10.894117                       10.894117
              4        1.628914       73.870436       0.0287427      0.13048203      0.29296961               0       10.717231      -3.7297014       -3.7297014       10.717231                       10.717231
              1       2.1281057       65.686039     0.018525015      0.10516651      0.28817053               0       11.715614      -3.7297014       -3.7297014       11.715614                       11.715614
              1       2.3504612       65.910761     0.018645902      0.10599005      0.28838282               0       12.160325      -3.7297014       -3.7297014       12.160325                       12.160325
              2       1.9115434       65.729045     0.018288712      0.11051699      0.29963108               0        11.28249      -3.7297014       -3.7297014        11.28249                        11.28249
              1       2.4960364       64.385708     0.017726291      0.10283611      0.29237962               0       12.451476      -3.7297014       -3.7297014       12.451476                       12.451476
              2       2.5064248       73.371518     0.028960596      0.13224285      0.30064308               0       12.472252      -3.7297014       -3.7297014       12.472252                       12.472252
              8       2.1515121       74.339319     0.029809628      0.13779821      0.30445493               0       11.762427      -3.7297014       -3.7297014       11.762427                       11.762427
              1       2.6416436       73.134901     0.028085469      0.13680458      0.30948409               0        12.74269      -3.7297014       -3.7297014        12.74269                        12.74269
              3       1.6050653       72.327195      0.02677471      0.13086487      0.30257496               0       10.669534      -3.7297014       -3.7297014       10.669534                       10.669534
              1       1.6555238       71.647581     0.026449257      0.12388952      0.29412012               0       10.770451      -3.7297014       -3.7297014       10.770451                       10.770451
              5       1.6491333       71.789128     0.026622526      0.12428213      0.29405944               0        10.75767      -3.7297014       -3.7297014        10.75767                        10.75767
              6       1.8246288       64.579024     0.017194389       0.1033414      0.29056795               0        11.10866      -3.7297014       -3.7297014        11.10866                        11.10866
              3       1.9421706       72.516931     0.027473847      0.13125191      0.30305918               0       11.343744      -3.7297014       -3.7297014       11.343744                       11.343744
              2        1.626479       74.504183     0.029661179      0.13773445      0.30272673               0       10.712361      -3.7297014       -3.7297014       10.712361                       10.712361
              4       1.8518499       72.693496     0.027465588      0.13284722      0.30459208               0       11.163103      -3.7297014       -3.7297014       11.163103                       11.163103
              4       3.1559606        73.69514      0.02974737      0.12734296      0.29043496               0       13.771324      -3.7297014       -3.7297014       13.771324                       13.771324
              1       5.0025799       67.730478     0.022404783      0.10769069      0.28499609               0       17.464563      -3.7297014       -3.7297014       17.464563                       17.464563
              2       1.6347093       66.014608     0.019076616      0.11227728       0.3028917               0       10.728822      -3.7297014       -3.7297014       10.728822                       10.728822
              2       1.5477579        66.38865     0.019414698      0.11280014      0.30144163               0       10.554919      -3.7297014       -3.7297014       10.554919                       10.554919
              1       2.0602595       68.161734     0.022236618      0.11254399      0.29148537               0       11.579922      -3.7297014       -3.7297014       11.579922                       11.579922
              3       2.0602483       68.193875     0.022285062      0.11276261      0.29178495               0         11.5799      -3.7297014       -3.7297014         11.5799                         11.5799
              3       1.8061948       69.330174      0.02362129      0.11714666      0.29419951               0       11.071793      -3.7297014       -3.7297014       11.071793                       11.071793
              7       1.7528377       67.279057     0.020922318      0.11456447      0.30074403               0       10.965078      -3.7297014       -3.7297014       10.965078                       10.965078
              2       2.1499479       69.346454     0.023056601      0.12435133      0.30786898               0       11.759299      -3.7297014       -3.7297014       11.759299                       11.759299
              1        2.249674       69.042298     0.022642196      0.12381325      0.30858937               0       11.958751      -3.7297014       -3.7297014       11.958751                       11.958751
              2       1.8741773       68.119151     0.021546909      0.11961619      0.30560464               0       11.207757      -3.7297014       -3.7297014       11.207757                       11.207757
              1       2.3830545       73.488234     0.028410749      0.12542079      0.28603849               0       12.225512      -3.7297014       -3.7297014       12.225512                       12.225512
             10        2.086346       72.879687     0.028291009      0.12685389      0.29330799               0       11.632095      -3.7297014       -3.7297014       11.632095                       11.632095
              5        1.816428       73.085259     0.028320816       0.1265667      0.29117844               0       11.092259      -3.7297014       -3.7297014       11.092259                       11.092259
             13       1.9885882       73.611703     0.029047524      0.12720855      0.28955415               0       11.436579      -3.7297014       -3.7297014       11.436579                       11.436579
              1       3.8841395       73.328202     0.028212135      0.12147003       0.2795715               0       15.227682      -3.7297014       -3.7297014       15.227682                       15.227682
              5       3.0265451       71.575766     0.025646005      0.11979767      0.28515565               0       13.512493      -3.7297014       -3.7297014       13.512493                       13.512493
              3       3.1627456       70.848694     0.024732604      0.11741684      0.28447558               0       13.784894      -3.7297014       -3.7297014       13.784894                       13.784894
              3       2.0639298       68.722277     0.022813534      0.11295198      0.28883513               0       11.587263      -3.7297014       -3.7297014       11.587263                       11.587263
              2       1.7404613        68.26452     0.021452171      0.11721785      0.29895456               0       10.940325      -3.7297014       -3.7297014       10.940325                       10.940325
              2       2.3091233       66.700966     0.019492278      0.10920537       0.2907198               0       12.077649      -3.7297014       -3.7297014       12.077649                       12.077649
              8       2.7602842       65.317898     0.018774208      0.10270464      0.28624178               0       12.979971      -3.7297014       -3.7297014       12.979971                       12.979971
              4       1.8242182       66.650033     0.020281112      0.11066994      0.29623698               0       11.107839      -3.7297014       -3.7297014       11.107839                       11.107839
              3       1.8846951       67.875854     0.021657055      0.11706974       0.3025113               0       11.228793      -3.7297014       -3.7297014       11.228793                       11.228793
              6       1.8713396       68.705757     0.022102016      0.12116908      0.30487407               0       11.202082      -3.7297014       -3.7297014       11.202082                       11.202082
              3       1.9248357       65.002133     0.017737181      0.11091169      0.30599887               0       11.309074      -3.7297014       -3.7297014       11.309074                       11.309074
              3       1.7610572       64.627829     0.017269662      0.10918521      0.30430076               0       10.981517      -3.7297014       -3.7297014       10.981517                       10.981517
              1        2.221613       72.866849     0.027593844      0.13525169      0.30791464               0       11.902629      -3.7297014       -3.7297014       11.902629                       11.902629
              5       2.0706303       72.584426     0.027274677      0.13365978       0.3066881               0       11.600663      -3.7297014       -3.7297014       11.600663                       11.600663
              1       1.7848729       72.513709       0.0272969         0.13165      0.30350668               0       11.029149      -3.7297014       -3.7297014       11.029149                       11.029149
              4        2.142025       70.287722     0.024210757      0.12722113      0.30782353               0       11.743453      -3.7297014       -3.7297014       11.743453                       11.743453
              1       1.9131301       68.656169      0.02273841      0.11824202      0.30045503               0       11.285663      -3.7297014       -3.7297014       11.285663                       11.285663
              1       1.7675736       67.730104     0.021491083       0.1158189      0.30072615               0        10.99455      -3.7297014       -3.7297014        10.99455                        10.99455
              4       1.7964265       69.804422     0.024181609       0.1205284      0.29830571               0       11.052256      -3.7297014       -3.7297014       11.052256                       11.052256
              4       2.7405555       67.949655     0.022152952      0.11623125      0.30111252               0       12.940514      -3.7297014       -3.7297014       12.940514                       12.940514
              5        2.472229       71.445056     0.025907312      0.11899805      0.28514538               0       12.403861      -3.7297014       -3.7297014       12.403861                       12.403861
              2       2.9163458       71.243365     0.026343994      0.11813337      0.28591893               0       13.292095      -3.7297014       -3.7297014       13.292095                       13.292095
              6       2.9961733       71.534918     0.026750595      0.11885579      0.28579936               0       13.451749      -3.7297014       -3.7297014       13.451749                       13.451749
              3       2.2749286       71.004631     0.025874648      0.11921254      0.28905438               0        12.00926      -3.7297014       -3.7297014        12.00926                        12.00926
              1       2.2751973       71.322491     0.026266809      0.11997557      0.28875461               0       12.009797      -3.7297014       -3.7297014       12.009797                       12.009797
              1       1.6748643       73.225882     0.028068212      0.13387355      0.30321707               0       10.809132      -3.7297014       -3.7297014       10.809132                       10.809132
              1       1.8538482       73.414807     0.027771101      0.13376925      0.30091372               0       11.167099      -3.7297014       -3.7297014       11.167099                       11.167099
              1       1.7802589       73.197629     0.027594275      0.13388909      0.30259564               0       11.019921      -3.7297014       -3.7297014       11.019921                       11.019921
              8       1.8507838       71.417926     0.025335653      0.12853036      0.30293018               0       11.160971      -3.7297014       -3.7297014       11.160971                       11.160971
              1       2.3904576       71.363984     0.025489378      0.13151462       0.3095499               0       12.240318      -3.7297014       -3.7297014       12.240318                       12.240318
              1       2.2706515       72.465993     0.026837423      0.13465063      0.30874558               0       12.000706      -3.7297014       -3.7297014       12.000706                       12.000706
              5       2.0812321       71.898828      0.02672285      0.12972941      0.30389433               0       11.621867      -3.7297014       -3.7297014       11.621867                       11.621867
              1        1.907012       68.209298     0.021598574      0.12004055      0.30582054               0       11.273427      -3.7297014       -3.7297014       11.273427                       11.273427
              1       1.8981548       66.110828     0.019609357      0.11050908      0.29918393               0       11.255712      -3.7297014       -3.7297014       11.255712                       11.255712
              1       1.7220006       65.183875     0.018421019      0.10683706      0.29631458               0       10.903404      -3.7297014       -3.7297014       10.903404                       10.903404
              1       2.4007549       67.713611     0.021420838      0.10883792      0.28549421               0       12.260913      -3.7297014       -3.7297014       12.260913                       12.260913
              4       2.8043908       68.940743     0.022022995      0.11598056      0.29171632               0       13.068185      -3.7297014       -3.7297014       13.068185                       13.068185
              2       2.7814051       67.759698     0.020901662      0.10976089      0.28598544               0       13.022213      -3.7297014       -3.7297014       13.022213                       13.022213
              2         2.80049       67.612367     0.020704348      0.10941993      0.28605568               0       13.060383      -3.7297014       -3.7297014       13.060383                       13.060383
              8       2.8521159       67.804374     0.020918486      0.10995229       0.2860616               0       13.163635      -3.7297014       -3.7297014       13.163635                       13.163635
              2       4.3647975       70.418714     0.025462362      0.11270453      0.27992894               0       16.188998      -3.7297014       -3.7297014       16.188998                       16.188998
              1       4.4474835       70.291557     0.025323177      0.11230425      0.27985079               0        16.35437      -3.7297014       -3.7297014        16.35437                        16.35437
              2       2.1418322       69.961175     0.024191648      0.11566353      0.28705162               0       11.743067      -3.7297014       -3.7297014       11.743067                       11.743067
              4       1.8415279       70.444018     0.024834218      0.11827891      0.28969538               0       11.142459      -3.7297014       -3.7297014       11.142459                       11.142459
              1       1.5674887       69.846671     0.023957903      0.11812447      0.29255884               0        10.59438      -3.7297014       -3.7297014        10.59438                        10.59438
              1       1.5236516       70.197921     0.024341933      0.11947335      0.29315505               0       10.506706      -3.7297014       -3.7297014       10.506706                       10.506706
              3       1.5215301       70.221126     0.024524041      0.12035817      0.29512504               0       10.502463      -3.7297014       -3.7297014       10.502463                       10.502463
              1       1.6558146       72.993466     0.027595707      0.12787969      0.29301461               0       10.771032      -3.7297014       -3.7297014       10.771032                       10.771032
              5       1.5402894        72.27039     0.026879408      0.12551066      0.29300006               0       10.539982      -3.7297014       -3.7297014       10.539982                       10.539982
              1       1.5404085        74.20255     0.029043625      0.13358374      0.29653278               0        10.54022      -3.7297014       -3.7297014        10.54022                        10.54022
             12         1.58908       71.579051     0.025681091       0.1259412       0.2971887               0       10.637563      -3.7297014       -3.7297014       10.637563                       10.637563
              6       2.1230582       72.335566     0.026480991      0.13332792      0.30665086               0       11.705519      -3.7297014       -3.7297014       11.705519                       11.705519
             13        1.767946       69.864661     0.023465454      0.12355126      0.30251733               0       10.995295      -3.7297014       -3.7297014       10.995295                       10.995295
              4       2.4115938       70.210221     0.024883253      0.12294636      0.30119585               0       12.282591      -3.7297014       -3.7297014       12.282591                       12.282591
              2       4.9674013       67.060138      0.02131563      0.11675437      0.30845503               0       17.394205      -3.7297014       -3.7297014       17.394205                       17.394205
              3       4.3031818        68.61811     0.023051032      0.12214007      0.30973121               0       16.065767      -3.7297014       -3.7297014       16.065767                       16.065767
              1        3.407118       67.386346     0.020849013      0.12110338      0.31402566               0       14.273639      -3.7297014       -3.7297014       14.273639                       14.273639
              8        1.925038       66.965422     0.020259173      0.11622072       0.3057823               0       11.309479      -3.7297014       -3.7297014       11.309479                       11.309479
             10        1.534934       74.542093     0.029994921      0.13494149      0.29799306               0       10.529271      -3.7297014       -3.7297014       10.529271                       10.529271
              8       1.5736036       72.938517       0.0274066       0.1318092      0.30048706               0        10.60661      -3.7297014       -3.7297014        10.60661                        10.60661
              1       1.9913002       70.141551     0.024400837      0.11672001      0.28814974               0       11.442003      -3.7297014       -3.7297014       11.442003                       11.442003
              1       2.1164547        69.85947     0.023794251      0.11596075      0.28768279               0       11.692312      -3.7297014       -3.7297014       11.692312                       11.692312
              2       1.7332294       70.113552     0.023876474      0.11973655      0.29344955               0       10.925862      -3.7297014       -3.7297014       10.925862                       10.925862
              3       1.5397128       70.421561     0.024802597      0.12164291      0.29659977               0       10.538829      -3.7297014       -3.7297014       10.538829                       10.538829
              5       2.4922858       71.843406     0.026706047      0.11979102      0.28507587               0       12.443975      -3.7297014       -3.7297014       12.443975                       12.443975
              3       1.7445627       70.985347     0.025679071      0.12292686      0.29619459               0       10.948528      -3.7297014       -3.7297014       10.948528                       10.948528
              3       1.9259144       70.670125     0.025371985       0.1202385      0.29284505               0       11.311232      -3.7297014       -3.7297014       11.311232                       11.311232
              1       1.9172415       69.928241     0.024417512      0.11798314      0.29252759               0       11.293886      -3.7297014       -3.7297014       11.293886                       11.293886
              4       2.7325338       69.109186     0.023699009      0.11752382      0.29703644               0       12.924471      -3.7297014       -3.7297014       12.924471                       12.924471
              1       1.6997647       71.760389     0.025863558      0.12911198      0.30220033               0       10.858932      -3.7297014       -3.7297014       10.858932                       10.858932
              5       1.6991762       71.746221     0.025843855      0.12904173      0.30214494               0       10.857755      -3.7297014       -3.7297014       10.857755                       10.857755
              3       2.2971291       69.558819     0.023176192      0.12557843      0.30877532               0       12.053661      -3.7297014       -3.7297014       12.053661                       12.053661
              3       1.9305604       70.246578     0.024226799      0.12616573      0.30607795               0       11.320524      -3.7297014       -3.7297014       11.320524                       11.320524
              2       2.0120823       70.180735     0.024213287      0.12612175       0.3065358               0       11.483567      -3.7297014       -3.7297014       11.483567                       11.483567
              3       1.9520544       74.215991     0.029890245       0.1298803      0.29123873               0       11.363512      -3.7297014       -3.7297014       11.363512                       11.363512
              3       1.7305809       73.172896      0.02829927      0.12681383       0.2909027               0       10.920565      -3.7297014       -3.7297014       10.920565                       10.920565
              9       2.2290722       74.210268     0.029508699      0.12760786      0.28646451               0       11.917547      -3.7297014       -3.7297014       11.917547                       11.917547
             10       1.4337872       73.507723     0.028301704      0.13197764      0.29781974               0       10.326977      -3.7297014       -3.7297014       10.326977                       10.326977
              1       1.6951581        73.78058     0.028342016       0.1346795      0.30065844               0       10.849719      -3.7297014       -3.7297014       10.849719                       10.849719
              3       1.8495185       69.257063     0.022763783      0.12263428        0.304474               0        11.15844      -3.7297014       -3.7297014        11.15844                        11.15844
             12       1.7788468       68.447849     0.022500556      0.11541441      0.29574366               0       11.017097      -3.7297014       -3.7297014       11.017097                       11.017097
              3       1.8342731       68.489504     0.022573454      0.11457299      0.29374568               0       11.127949      -3.7297014       -3.7297014       11.127949                       11.127949
              3       1.7657166       71.404272     0.025853245      0.12835958      0.30372626               0       10.990836      -3.7297014       -3.7297014       10.990836                       10.990836
              5       1.4363188       73.289943     0.028041816      0.13179864      0.29877521               0        10.33204      -3.7297014       -3.7297014        10.33204                        10.33204
              2       1.5035171       71.621602     0.025971303       0.1243008      0.29420356               0       10.466437      -3.7297014       -3.7297014       10.466437                       10.466437
              1       2.3548553       69.309996     0.023824719      0.11835265      0.29730476               0       12.169113      -3.7297014       -3.7297014       12.169113                       12.169113
              4       1.9647181       62.803723     0.015226707      0.10493063      0.30626788               0       11.388839      -3.7297014       -3.7297014       11.388839                       11.388839
              3       1.8222523       62.827622      0.01537764      0.10404647      0.30417739               0       11.103907      -3.7297014       -3.7297014       11.103907                       11.103907
              2       1.7260644       63.760915     0.016530202      0.10581183      0.30251521               0       10.911532      -3.7297014       -3.7297014       10.911532                       10.911532
              6       1.4419071       63.820291      0.01647383      0.10464298      0.29894441               0       10.343217      -3.7297014       -3.7297014       10.343217                       10.343217
              6       1.4830048       64.989996     0.017695034      0.10804676       0.2992304               0       10.425412      -3.7297014       -3.7297014       10.425412                       10.425412
              1       1.7104547       64.137376     0.017027506      0.10227395      0.29158282               0       10.880312      -3.7297014       -3.7297014       10.880312                       10.880312
              8       1.7054281       63.780258     0.016643777      0.10171566      0.29254148               0       10.870259      -3.7297014       -3.7297014       10.870259                       10.870259
              1       1.8949968       64.860764     0.017848619      0.10955625      0.30437719               0       11.249396      -3.7297014       -3.7297014       11.249396                       11.249396
              1       1.6331783       66.765281     0.019921125      0.11448534      0.30296688               0       10.725759      -3.7297014       -3.7297014       10.725759                       10.725759
              1       3.7501986       70.260955     0.025398367      0.12158411        0.299045               0         14.9598      -3.7297014       -3.7297014         14.9598                         14.9598
              1       5.3898052       69.402226     0.024077969      0.12625164      0.31344015               0       18.239013      -3.7297014       -3.7297014       18.239013                       18.239013
              1       2.8762857        72.94968     0.027595722      0.13782837       0.3120612               0       13.211974      -3.7297014       -3.7297014       13.211974                       13.211974
              3       2.9309217       73.469141     0.028321069      0.13946155      0.31203345               0       13.321246      -3.7297014       -3.7297014       13.321246                       13.321246
              4       3.2354577       73.648841      0.02782956      0.12884709      0.29003759               0       13.930318      -3.7297014       -3.7297014       13.930318                       13.930318
              1       5.2680638       74.085777     0.028147659      0.12753291      0.28481176               0        17.99553      -3.7297014       -3.7297014        17.99553                        17.99553
              3       5.3341707       73.207467     0.028261002      0.11820377      0.27449107               0       18.127744      -3.7297014       -3.7297014       18.127744                       18.127744
              2       3.1458563       73.019864     0.028060054      0.12148888      0.28168769               0       13.751116      -3.7297014       -3.7297014       13.751116                       13.751116
              2       7.7640952        72.90558     0.028957156      0.11408012      0.27032055               0       22.987593      -3.7297014       -3.7297014       22.987593                       22.987593
              3       6.9003849       73.396865     0.029995867      0.11905423      0.27787538               0       21.260173      -3.7297014       -3.7297014       21.260173                       21.260173
              9        6.859819       72.881559     0.029290869      0.11755497      0.27766887               0       21.179041      -3.7297014       -3.7297014       21.179041                       21.179041
              1       6.8950482       72.967695     0.029409857      0.11774332      0.27759094               0       21.249499      -3.7297014       -3.7297014       21.249499                       21.249499
              2       4.1104453        69.35529     0.023867835      0.10972193      0.27906349               0       15.680294      -3.7297014       -3.7297014       15.680294                       15.680294
              2       4.9435541       70.563716     0.025175496      0.11126651       0.2753155               0       17.346511      -3.7297014       -3.7297014       17.346511                       17.346511
              4       5.0818873       70.669693     0.025356918      0.11131878      0.27495831               0       17.623178      -3.7297014       -3.7297014       17.623178                       17.623178
              1       4.9420014       70.369478      0.02492843      0.11076382      0.27532339               0       17.343406      -3.7297014       -3.7297014       17.343406                       17.343406
              2       4.5201889       72.152572     0.026691758      0.11714608      0.27753006               0       16.499781      -3.7297014       -3.7297014       16.499781                       16.499781
              6       1.7265232       69.797405     0.023545719      0.12385095      0.30388055               0       10.912449      -3.7297014       -3.7297014       10.912449                       10.912449
              5       2.2604033       62.629632     0.015015691      0.10535407      0.30851446               0       11.980209      -3.7297014       -3.7297014       11.980209                       11.980209
              1       2.1289322       63.758973     0.016849644      0.10367922      0.29807342               0       11.717267      -3.7297014       -3.7297014       11.717267                       11.717267
              6       1.6031146       63.911597     0.016460337      0.10234996      0.29244415               0       10.665632      -3.7297014       -3.7297014       10.665632                       10.665632
              1       1.7712772       63.231039      0.01555275        0.100359      0.29152351               0       11.001957      -3.7297014       -3.7297014       11.001957                       11.001957
              3       2.1082132        66.06233     0.019151725      0.11430619      0.30727529               0       11.675829      -3.7297014       -3.7297014       11.675829                       11.675829
              2       2.2047437        67.42821     0.020590058      0.11885679        0.308125               0        11.86889      -3.7297014       -3.7297014        11.86889                        11.86889
              1       2.2112149       67.291084     0.020386548      0.11844816       0.3080302               0       11.881833      -3.7297014       -3.7297014       11.881833                       11.881833
              1       2.8182225       71.899931     0.025771636      0.12354823       0.2900882               0       13.095848      -3.7297014       -3.7297014       13.095848                       13.095848
              3       2.2206097       71.960597     0.026274696      0.12233857      0.28823476               0       11.900622      -3.7297014       -3.7297014       11.900622                       11.900622
              2       2.3475322       74.192816     0.029128718      0.12839386      0.28733689               0       12.154467      -3.7297014       -3.7297014       12.154467                       12.154467
              2       1.5280719       70.837887     0.024811537      0.12371435      0.29726949               0       10.515547      -3.7297014       -3.7297014       10.515547                       10.515547
              6       1.9032111       72.677572     0.026827611      0.13176591       0.3014706               0       11.265825      -3.7297014       -3.7297014       11.265825                       11.265825
              1       2.1959731       71.728359     0.025608657       0.1310826      0.30580503               0       11.851349      -3.7297014       -3.7297014       11.851349                       11.851349
              5       1.4397215        74.22579     0.029194085      0.13441916      0.29813655               0       10.338846      -3.7297014       -3.7297014       10.338846                       10.338846
              1       2.9901128        75.16868     0.029900926      0.13270355      0.28891869               0       13.439628      -3.7297014       -3.7297014       13.439628                       13.439628
              9       1.9027981       73.073149     0.027325678      0.13318843      0.30181227               0       11.264999      -3.7297014       -3.7297014       11.264999                       11.264999
              1       1.4552328       70.742032     0.024874977      0.12449377      0.29975988               0       10.369868      -3.7297014       -3.7297014       10.369868                       10.369868
              3       1.4348003       71.665242     0.026128599      0.12490811       0.2953341               0       10.329004      -3.7297014       -3.7297014       10.329004                       10.329004
              6       1.5375548       71.282225     0.025642509      0.12258797      0.29299361               0       10.534512      -3.7297014       -3.7297014       10.534512                       10.534512
              3       2.0403634       69.376453     0.023537145      0.11451294      0.28816032               0        11.54013      -3.7297014       -3.7297014        11.54013                        11.54013
              1       3.3139571        71.46306     0.024849841      0.13161472       0.3076359               0       14.087317      -3.7297014       -3.7297014       14.087317                       14.087317
              4        3.146697       71.293051     0.024749685      0.13170074      0.30907703               0       13.752797      -3.7297014       -3.7297014       13.752797                       13.752797
              1       2.2198044       73.320759     0.027549684      0.13606046      0.30553628               0       11.899012      -3.7297014       -3.7297014       11.899012                       11.899012
              1       2.7623488       73.518523     0.027524909      0.13304813      0.29827562               0       12.984101      -3.7297014       -3.7297014       12.984101                       12.984101
              3       1.7064575       69.481109     0.023508936      0.11619065      0.29070968               0       10.872318      -3.7297014       -3.7297014       10.872318                       10.872318
             11       1.5116388       69.453271     0.023490159      0.11763226      0.29389241               0        10.48268      -3.7297014       -3.7297014        10.48268                        10.48268
              5       1.8928795       69.025814     0.022918782      0.11407107      0.28887011               0       11.245162      -3.7297014       -3.7297014       11.245162                       11.245162
              2       2.2084953       66.742222      0.01973373      0.11684498      0.30805275               0       11.876393      -3.7297014       -3.7297014       11.876393                       11.876393
              6       2.4147836       63.057614     0.015980559      0.10403973      0.30346191               0        12.28897      -3.7297014       -3.7297014        12.28897                        12.28897
              4       1.5668014        64.53927     0.017471144      0.10409587      0.29340179               0       10.593006      -3.7297014       -3.7297014       10.593006                       10.593006
              2       1.6967395       63.640007     0.016490592       0.1015928      0.29315073               0       10.852882      -3.7297014       -3.7297014       10.852882                       10.852882
              4       1.5605587       63.739744     0.016564919      0.10308064      0.29607912               0        10.58052      -3.7297014       -3.7297014        10.58052                        10.58052
              1        1.590157       63.623176     0.016444806      0.10260534      0.29569413               0       10.639717      -3.7297014       -3.7297014       10.639717                       10.639717
              1       1.8617747       64.370449     0.017497238       0.1041121       0.2950449               0       11.182952      -3.7297014       -3.7297014       11.182952                       11.182952
              1       1.8133205       64.408043     0.017507866      0.10378427      0.29393595               0       11.086044      -3.7297014       -3.7297014       11.086044                       11.086044
             24       1.9116791       64.314736     0.017428748      0.10315831      0.29308486               0       11.282761      -3.7297014       -3.7297014       11.282761                       11.282761
              7       2.9677935       63.198668     0.015098264      0.10711454      0.30759823               0        13.39499      -3.7297014       -3.7297014        13.39499                        13.39499
              3       2.5973484       64.988647     0.017190386      0.11014663      0.30301982               0         12.6541      -3.7297014       -3.7297014         12.6541                         12.6541
              4       2.5996335       64.137272     0.016173074      0.10531223      0.29689262               0        12.65867      -3.7297014       -3.7297014        12.65867                        12.65867
             11       2.7285041       63.808366     0.016265924      0.10990562      0.31147107               0       12.916411      -3.7297014       -3.7297014       12.916411                       12.916411
              1       4.6975583       63.460565     0.015183504      0.11065309      0.31406279               0        16.85452      -3.7297014       -3.7297014        16.85452                        16.85452
              1       4.8982132       71.783481     0.025004286       0.1249445      0.29225067               0       17.255829      -3.7297014       -3.7297014       17.255829                       17.255829
              2       3.5065421       72.080566     0.025596291      0.12712323      0.29517943               0       14.472487      -3.7297014       -3.7297014       14.472487                       14.472487
              1       3.7567907       73.976349     0.027984113      0.13134935      0.29232999               0       14.972984      -3.7297014       -3.7297014       14.972984                       14.972984
              2       2.5646375       71.541455     0.025360469      0.12301275      0.29115303               0       12.588678      -3.7297014       -3.7297014       12.588678                       12.588678
              2       1.7704644        71.91092     0.026000439       0.1263163       0.2957949               0       11.000332      -3.7297014       -3.7297014       11.000332                       11.000332
              1       1.5960905       71.552223     0.025970244      0.12810418      0.30220116               0       10.651584      -3.7297014       -3.7297014       10.651584                       10.651584
              1       1.7206678       68.437372     0.022419044      0.11669656      0.29839767               0       10.900739      -3.7297014       -3.7297014       10.900739                       10.900739
              3       1.8392757       69.593704     0.023977141      0.11813736      0.29475588               0       11.137954      -3.7297014       -3.7297014       11.137954                       11.137954
              2       1.8300648       69.699985     0.024106734      0.11852473      0.29492178               0       11.119532      -3.7297014       -3.7297014       11.119532                       11.119532
              2       2.2445271       71.434337     0.025824945      0.11982679      0.28669363               0       11.948457      -3.7297014       -3.7297014       11.948457                       11.948457
              5       2.1930484        70.49156     0.024219168      0.11971308      0.29095319               0         11.8455      -3.7297014       -3.7297014         11.8455                         11.8455
              2       2.0674162       71.338597     0.025485051      0.12111589      0.28932878               0       11.594235      -3.7297014       -3.7297014       11.594235                       11.594235
              5       2.2930197       72.515056     0.027225273      0.13408636      0.30799243               0       12.045442      -3.7297014       -3.7297014       12.045442                       12.045442
              1       2.4348164       72.900602     0.027684338      0.13589147      0.30900368               0       12.329036      -3.7297014       -3.7297014       12.329036                       12.329036
              7       1.9354735       73.991505     0.028991967      0.13782339      0.30587645               0        11.33035      -3.7297014       -3.7297014        11.33035                        11.33035
              3       1.7495808       73.475975     0.028515346      0.13447591      0.30310042               0       10.958564      -3.7297014       -3.7297014       10.958564                       10.958564
             11        1.674066       67.131814     0.020163922      0.11214302      0.29500888               0       10.807535      -3.7297014       -3.7297014       10.807535                       10.807535
              5        1.897092       67.418478     0.020820536      0.10987299      0.28895578               0       11.253587      -3.7297014       -3.7297014       11.253587                       11.253587
              2       1.4946201       67.684806     0.021084407      0.11299156      0.29406952               0       10.448643      -3.7297014       -3.7297014       10.448643                       10.448643
             10       1.6627396       67.452388     0.020722507      0.11662675      0.30329387               0       10.784882      -3.7297014       -3.7297014       10.784882                       10.784882
              6       2.3548535       71.812507     0.025810917      0.13264266      0.30850611               0        12.16911      -3.7297014       -3.7297014        12.16911                        12.16911
              1       1.7515137       72.892287     0.027441152      0.13363627      0.30437205               0        10.96243      -3.7297014       -3.7297014        10.96243                        10.96243
              1       1.5515708       72.052164     0.026369374      0.12935671      0.30120348               0       10.562545      -3.7297014       -3.7297014       10.562545                       10.562545
              1        1.551609        72.05554     0.026372506      0.12936197      0.30119141               0       10.562621      -3.7297014       -3.7297014       10.562621                       10.562621
              4       2.0732046        70.28457     0.023889101      0.12630178      0.30533894               0       11.605812      -3.7297014       -3.7297014       11.605812                       11.605812
              2       2.6456439       69.670731     0.022823631      0.12079136      0.29719573               0       12.750691      -3.7297014       -3.7297014       12.750691                       12.750691
              1        2.682795       69.352047      0.02248929      0.11830343      0.29406546               0       12.824993      -3.7297014       -3.7297014       12.824993                       12.824993
              1       2.4670312       69.450926     0.022684784      0.11846947      0.29397826               0       12.393465      -3.7297014       -3.7297014       12.393465                       12.393465
              2       2.6045627       73.873758     0.028278022      0.12993224      0.29108436               0       12.668528      -3.7297014       -3.7297014       12.668528                       12.668528
              2       1.9950364       72.681625     0.027708612      0.12397451      0.28835559               0       11.449476      -3.7297014       -3.7297014       11.449476                       11.449476
              5       2.3669862       73.554553     0.029289078      0.12868217      0.29317449               0       12.193375      -3.7297014       -3.7297014       12.193375                       12.193375
              3       2.4771888       65.275531     0.017546092      0.11005865      0.30099047               0       12.413781      -3.7297014       -3.7297014       12.413781                       12.413781
              1       1.8975435       73.427437     0.028259748      0.13588788      0.30564604               0        11.25449      -3.7297014       -3.7297014        11.25449                        11.25449
              2       1.9940524       73.444613      0.02822275      0.13651835      0.30660332               0       11.447508      -3.7297014       -3.7297014       11.447508                       11.447508
             12       1.9843016       73.167887     0.027718595      0.13573865      0.30652876               0       11.428006      -3.7297014       -3.7297014       11.428006                       11.428006
              4       1.4812875       73.551779     0.028409563      0.13350498      0.30048569               0       10.421978      -3.7297014       -3.7297014       10.421978                       10.421978
             10       2.0692533       73.009661      0.02832717      0.12525958      0.28934148               0        11.59791      -3.7297014       -3.7297014        11.59791                        11.59791
              1       1.8670112       73.718053     0.029082078      0.12781401      0.28989702               0       11.193425      -3.7297014       -3.7297014       11.193425                       11.193425
              7       1.9698353       73.349873     0.028794917      0.13069744       0.2976402               0       11.399073      -3.7297014       -3.7297014       11.399073                       11.399073
              1       1.5550886        72.84116     0.027886159      0.12812544      0.29525182               0        10.56958      -3.7297014       -3.7297014        10.56958                        10.56958
              2       1.9081826       73.268035     0.028620979      0.12688821      0.29088554               0       11.275768      -3.7297014       -3.7297014       11.275768                       11.275768
              3        2.286411       71.126668     0.024715047       0.1262324      0.29964716               0       12.032225      -3.7297014       -3.7297014       12.032225                       12.032225
              4       3.1184529        69.69069     0.022718874       0.1207914      0.29680992               0       13.696309      -3.7297014       -3.7297014       13.696309                       13.696309
              1       2.6073478        71.97862     0.025777634      0.13303861       0.3077838               0       12.674098      -3.7297014       -3.7297014       12.674098                       12.674098
              2       2.2652929       71.793363     0.025611501      0.13094467      0.30498943               0       11.989989      -3.7297014       -3.7297014       11.989989                       11.989989
              4       2.2693953       71.819794     0.025640845      0.13101566       0.3049595               0       11.998193      -3.7297014       -3.7297014       11.998193                       11.998193
              2       1.9078216       64.843074     0.017238205      0.10694508      0.29688128               0       11.275046      -3.7297014       -3.7297014       11.275046                       11.275046
              2       1.5461005       64.415023     0.016939146      0.10665677      0.29942448               0       10.551604      -3.7297014       -3.7297014       10.551604                       10.551604
              2       1.7405972        66.73187     0.020284044      0.11243658      0.29948461               0       10.940597      -3.7297014       -3.7297014       10.940597                       10.940597
              1       1.9474845       70.075412     0.024603466      0.11804175      0.29179819               0       11.354372      -3.7297014       -3.7297014       11.354372                       11.354372
              2       2.0784812       69.398366     0.023695688      0.11485734      0.28902266               0       11.616365      -3.7297014       -3.7297014       11.616365                       11.616365
              4       2.0068607       70.582326     0.025148774      0.12454586      0.30177208               0       11.473124      -3.7297014       -3.7297014       11.473124                       11.473124
              2       1.7837238       70.950273     0.025615844      0.12399871      0.29849115               0       11.026851      -3.7297014       -3.7297014       11.026851                       11.026851
              4       1.6639168       71.939214     0.026815442      0.12446738      0.29356446               0       10.787236      -3.7297014       -3.7297014       10.787236                       10.787236
              4       2.5398968       67.703263     0.021782606      0.10984751      0.28857327               0       12.539197      -3.7297014       -3.7297014       12.539197                       12.539197
              5       1.6281313       69.547403      0.02310813      0.12071154      0.29867386               0       10.715666      -3.7297014       -3.7297014       10.715666                       10.715666
              1       1.5752635       70.693692     0.024874926      0.12541003      0.30200325               0        10.60993      -3.7297014       -3.7297014        10.60993                        10.60993
              1          1.6735       75.045283     0.029957046      0.13702192      0.29763712               0       10.806403      -3.7297014       -3.7297014       10.806403                       10.806403
              1       1.6947552        74.90027     0.029741386      0.13723968      0.29879446               0       10.848913      -3.7297014       -3.7297014       10.848913                       10.848913
              1       1.6065688       74.188711     0.028920182      0.13494214       0.2988872               0       10.672541      -3.7297014       -3.7297014       10.672541                       10.672541
             12       2.6580217       73.345941     0.027373587      0.13168969       0.2968745               0       12.775446      -3.7297014       -3.7297014       12.775446                       12.775446
             11       2.6523858       73.356991     0.027389466      0.13171754      0.29686633               0       12.764175      -3.7297014       -3.7297014       12.764175                       12.764175
              1       4.0248448       71.088151     0.024173497      0.13021014      0.30677154               0       15.509093      -3.7297014       -3.7297014       15.509093                       15.509093
              2       2.5066187       68.287278     0.021282946      0.12124065       0.3070192               0        12.47264      -3.7297014       -3.7297014        12.47264                        12.47264
              1       1.8501104       64.349623     0.016670545       0.1066162      0.29928678               0       11.159624      -3.7297014       -3.7297014       11.159624                       11.159624
              9       1.4492252       64.666231     0.017353504      0.10697815      0.29886206               0       10.357853      -3.7297014       -3.7297014       10.357853                       10.357853
              1        3.446561       64.860601     0.017189299      0.11408755       0.3135826               0       14.352525      -3.7297014       -3.7297014       14.352525                       14.352525
              1       2.0646088       66.734572     0.019651839      0.11614516      0.30636813               0        11.58862      -3.7297014       -3.7297014        11.58862                        11.58862
              2       1.5008837       64.278854     0.017023489      0.10650545      0.30053232               0        10.46117      -3.7297014       -3.7297014        10.46117                        10.46117
              2       1.4983814        64.26708     0.017009902      0.10644995      0.30047518               0       10.456166      -3.7297014       -3.7297014       10.456166                       10.456166
              1       1.9422779       65.053658     0.017465307      0.10836055      0.29884367               0       11.343959      -3.7297014       -3.7297014       11.343959                       11.343959
              1       1.9823433        71.17629      0.02491009      0.12644126      0.30002677               0        11.42409      -3.7297014       -3.7297014        11.42409                        11.42409
              5       1.5794581       71.389511     0.025547526      0.12392404      0.29454883               0       10.618319      -3.7297014       -3.7297014       10.618319                       10.618319
              1       2.9362804       67.800741     0.021426878      0.10782235      0.28256482               0       13.331964      -3.7297014       -3.7297014       13.331964                       13.331964
              1       2.2482099       65.947336     0.019098964      0.10475077      0.28625525               0       11.955823      -3.7297014       -3.7297014       11.955823                       11.955823
              3        4.732229       66.359201     0.020642107      0.10508609      0.28697873               0       16.923861      -3.7297014       -3.7297014       16.923861                       16.923861
              4       3.2416664        67.08709     0.021224256       0.1076505      0.28777642               0       13.942736      -3.7297014       -3.7297014       13.942736                       13.942736
              3       3.2852662       64.661603     0.017194597      0.10032496      0.28261234               0       14.029935      -3.7297014       -3.7297014       14.029935                       14.029935
              1       4.7055733       65.805998     0.019827031      0.10213284      0.28312206               0       16.870549      -3.7297014       -3.7297014       16.870549                       16.870549
              1       3.7956972       64.599026     0.018279751        0.101868      0.28945818               0       15.050797      -3.7297014       -3.7297014       15.050797                       15.050797
              1       2.2093553       69.996669      0.02460146      0.12127921      0.29905869               0       11.878113      -3.7297014       -3.7297014       11.878113                       11.878113
              4       2.1778655       73.871252     0.028615699       0.1388761      0.30811272               0       11.815134      -3.7297014       -3.7297014       11.815134                       11.815134
              2       1.7868354       72.911401     0.027646331      0.13358885      0.30450925               0       11.033074      -3.7297014       -3.7297014       11.033074                       11.033074
              3       1.9337607       73.652293      0.02845984      0.13697321      0.30615223               0       11.326924      -3.7297014       -3.7297014       11.326924                       11.326924
              6       2.0536256       68.828691     0.022264114      0.12242143       0.3067717               0       11.566654      -3.7297014       -3.7297014       11.566654                       11.566654
             11       1.8014073       69.203653      0.02272819      0.12230363      0.30417944               0       11.062218      -3.7297014       -3.7297014       11.062218                       11.062218
              7       1.7128397       69.489757     0.022992159      0.11982435      0.29709216               0       10.885082      -3.7297014       -3.7297014       10.885082                       10.885082
              5        5.650666       72.774299      0.02832816      0.11607113      0.27386844               0       18.760735      -3.7297014       -3.7297014       18.760735                       18.760735
              4       5.5756695       72.808482     0.028389715       0.1162986      0.27415656               0       18.610742      -3.7297014       -3.7297014       18.610742                       18.610742
              6       2.3115567       69.203016     0.023342781      0.11309747      0.28624501               0       12.082516      -3.7297014       -3.7297014       12.082516                       12.082516
              3       2.5588217       69.781657     0.024259063      0.11428658      0.28584118               0       12.577046      -3.7297014       -3.7297014       12.577046                       12.577046
              2         1.45896       74.684389     0.029921496      0.13381475      0.29470691               0       10.377323      -3.7297014       -3.7297014       10.377323                       10.377323
             13       1.4168122       74.266898     0.029404911      0.13335721      0.29626347               0       10.293027      -3.7297014       -3.7297014       10.293027                       10.293027
              1       2.2780358       73.445893     0.028722391         0.12508      0.28631436               0       12.015475      -3.7297014       -3.7297014       12.015475                       12.015475
              1       2.5630919       72.980676     0.027679928      0.12373086      0.28548593               0       12.585587      -3.7297014       -3.7297014       12.585587                       12.585587
              1       1.9023112       66.138997     0.019396294      0.10633507      0.28890008               0       11.264025      -3.7297014       -3.7297014       11.264025                       11.264025
              3       1.7103183       69.600108     0.023137587       0.1199408      0.29669142               0        10.88004      -3.7297014       -3.7297014        10.88004                        10.88004
              1       2.9648187       66.385993     0.019742477      0.11671291      0.31108784               0        13.38904      -3.7297014       -3.7297014        13.38904                        13.38904
              1       3.2423149        63.47177     0.015670536      0.10993292      0.31337321               0       13.944033      -3.7297014       -3.7297014       13.944033                       13.944033
              3       4.1668074       64.300298     0.016530126      0.11391414       0.3170577               0       15.793018      -3.7297014       -3.7297014       15.793018                       15.793018
              3       3.8887903       64.049249     0.016228046      0.11263268      0.31568795               0       15.236984      -3.7297014       -3.7297014       15.236984                       15.236984
              2       4.1088879       70.124483      0.02343797      0.13163164      0.31665591               0       15.677179      -3.7297014       -3.7297014       15.677179                       15.677179
              2       2.3235121       70.339001     0.024283388      0.12798778      0.30907121               0       12.106427      -3.7297014       -3.7297014       12.106427                       12.106427
              6       2.1922949       66.185777      0.01967386      0.11271153      0.30368174               0       11.843993      -3.7297014       -3.7297014       11.843993                       11.843993
              4       2.1645581       66.914575     0.020365457      0.11618959      0.30641505               0       11.788519      -3.7297014       -3.7297014       11.788519                       11.788519
              8       2.4078117       67.127656     0.020573679      0.11781382      0.30853941               0       12.275026      -3.7297014       -3.7297014       12.275026                       12.275026
              5       2.9885174       64.953644     0.017687288      0.11367757      0.31289345               0       13.436438      -3.7297014       -3.7297014       13.436438                       13.436438
              1       1.6706231       70.783659     0.025334002      0.12082474      0.29300063               0       10.800649      -3.7297014       -3.7297014       10.800649                       10.800649
              1       2.2062387       73.305133     0.027775982      0.13709273      0.30800868               0        11.87188      -3.7297014       -3.7297014        11.87188                        11.87188
              1       2.0989907       73.867185      0.02857981      0.13854448       0.3074731               0       11.657384      -3.7297014       -3.7297014       11.657384                       11.657384
              4       2.1723671       73.629583     0.028315319      0.13805564      0.30807115               0       11.804137      -3.7297014       -3.7297014       11.804137                       11.804137
              2       2.6339456       72.118608     0.025897155      0.13308966      0.30691806               0       12.727294      -3.7297014       -3.7297014       12.727294                       12.727294
              3        2.116927       71.009201      0.02472166      0.12830085      0.30475466               0       11.693257      -3.7297014       -3.7297014       11.693257                       11.693257
              3       2.0974389       74.029171     0.028423995      0.13706349      0.30314229               0       11.654281      -3.7297014       -3.7297014       11.654281                       11.654281
             11       1.8469157       74.679049     0.029451645      0.13940873      0.30393709               0       11.153234      -3.7297014       -3.7297014       11.153234                       11.153234
              3       1.4547536       72.299156     0.026967489       0.1264272      0.29468889               0        10.36891      -3.7297014       -3.7297014        10.36891                        10.36891
              2       1.5359516       71.995452     0.026726446      0.12480723      0.29358997               0       10.531306      -3.7297014       -3.7297014       10.531306                       10.531306
              3       1.5594383       72.140443     0.026898715      0.12491648      0.29295196               0       10.578279      -3.7297014       -3.7297014       10.578279                       10.578279
              8       1.6231438       72.542659      0.02684689      0.13037195      0.29998072               0       10.705691      -3.7297014       -3.7297014       10.705691                       10.705691
             11       1.5533365       72.301629     0.026604782      0.12899867      0.29889397               0       10.566076      -3.7297014       -3.7297014       10.566076                       10.566076
              5       1.5052536       68.671567     0.022143334      0.11813106      0.29882311               0        10.46991      -3.7297014       -3.7297014        10.46991                        10.46991
              3       1.7110487       68.507349     0.021786514      0.11871977      0.30075153               0         10.8815      -3.7297014       -3.7297014         10.8815                         10.8815
              1       1.8730079       65.135736     0.017655714       0.1101515      0.30276107               0       11.205419      -3.7297014       -3.7297014       11.205419                       11.205419
              7       1.9865247       64.268371     0.017004591      0.10134883      0.28810013               0       11.432452      -3.7297014       -3.7297014       11.432452                       11.432452
              1       2.1653581       68.626984     0.021724254       0.1171834      0.29630951               0       11.790119      -3.7297014       -3.7297014       11.790119                       11.790119
              5       1.9500542        64.84861     0.018004456      0.10342075      0.29027208               0       11.359511      -3.7297014       -3.7297014       11.359511                       11.359511
              2       1.7517601       65.024115     0.018170886      0.10468261      0.29208533               0       10.962923      -3.7297014       -3.7297014       10.962923                       10.962923
              6       1.4629168       68.689768      0.02226281      0.11843762      0.29956773               0       10.385236      -3.7297014       -3.7297014       10.385236                       10.385236
              3       1.9720166       70.396277     0.024181124      0.11967807      0.29159393               0       11.403436      -3.7297014       -3.7297014       11.403436                       11.403436
              1       1.7659515       71.190958     0.025120024      0.12388698       0.2952775               0       10.991306      -3.7297014       -3.7297014       10.991306                       10.991306
              1       1.8737798       72.936677     0.028130386      0.12568655      0.29035353               0       11.206963      -3.7297014       -3.7297014       11.206963                       11.206963
              3       1.8030483       73.220144     0.028560893       0.1280949      0.29340491               0       11.065499      -3.7297014       -3.7297014       11.065499                       11.065499
              4       2.2448083       72.216398     0.026867124       0.1219224       0.2865344               0        11.94902      -3.7297014       -3.7297014        11.94902                        11.94902
              1       1.7109095       74.060955      0.02902762      0.13028802      0.29162997               0       10.881222      -3.7297014       -3.7297014       10.881222                       10.881222
              6       1.4607634       71.783398     0.026080505      0.12650341      0.29736528               0        10.38093      -3.7297014       -3.7297014        10.38093                        10.38093
              3       1.6325909       71.299082     0.025307988      0.12483264      0.29661258               0       10.724585      -3.7297014       -3.7297014       10.724585                       10.724585
              2       1.8562441        69.10832     0.022631457      0.11611554      0.29185994               0       11.171891      -3.7297014       -3.7297014       11.171891                       11.171891
              4       1.6408502        74.29012     0.029730698      0.13093968      0.29228823               0       10.741103      -3.7297014       -3.7297014       10.741103                       10.741103
             15       1.5819664       74.033356     0.029407106      0.13097201      0.29378777               0       10.623336      -3.7297014       -3.7297014       10.623336                       10.623336
              1       1.4807986       73.377162     0.028460043      0.12977114       0.2950765               0          10.421      -3.7297014       -3.7297014          10.421                          10.421
              1       2.1214102       69.738179     0.024040603      0.11527291      0.28777658               0       11.702223      -3.7297014       -3.7297014       11.702223                       11.702223
              2       4.9361037       65.058917     0.016806476      0.11268006      0.30744398               0        17.33161      -3.7297014       -3.7297014        17.33161                        17.33161
              2       2.8052373       70.926796     0.026066021      0.12041083      0.29245156               0       13.069878      -3.7297014       -3.7297014       13.069878                       13.069878
              3       3.9615643        68.65154     0.023425581      0.11189957       0.2884963               0       15.382531      -3.7297014       -3.7297014       15.382531                       15.382531
              2       1.8670947       69.103275     0.023368335      0.11638085      0.29400125               0       11.193592      -3.7297014       -3.7297014       11.193592                       11.193592
              5       1.6752263       65.251235      0.01847466      0.10721351      0.29671326               0       10.809856      -3.7297014       -3.7297014       10.809856                       10.809856
              1       1.6987917       65.045791     0.018239143      0.10647589      0.29629048               0       10.856986      -3.7297014       -3.7297014       10.856986                       10.856986
              3       1.6386171       64.841176     0.017949732      0.10629557      0.29704617               0       10.736637      -3.7297014       -3.7297014       10.736637                       10.736637
              3       1.4336493       63.046224     0.015595048      0.10196724      0.29738763               0       10.326702      -3.7297014       -3.7297014       10.326702                       10.326702
              3         3.11309       66.090892     0.018933686      0.10422626      0.28343386               0       13.685583      -3.7297014       -3.7297014       13.685583                       13.685583
              3       3.1149189       65.859602     0.018624833      0.10376602      0.28365498               0       13.689241      -3.7297014       -3.7297014       13.689241                       13.689241
              1       2.6035273       70.862459     0.024388554      0.12930588      0.30735625               0       12.666458      -3.7297014       -3.7297014       12.666458                       12.666458
              2       3.4244197       67.659624     0.021360645      0.12115889      0.31273297               0       14.308242      -3.7297014       -3.7297014       14.308242                       14.308242
              2       3.7302499       69.243302     0.023349838      0.12641593      0.31370461               0       14.919903      -3.7297014       -3.7297014       14.919903                       14.919903
              1       3.7582573       67.977698     0.021633705      0.12333965      0.31512338               0       14.975918      -3.7297014       -3.7297014       14.975918                       14.975918
              5       2.8959156       68.506809     0.022193133      0.12346927      0.31174268               0       13.251234      -3.7297014       -3.7297014       13.251234                       13.251234
              1       2.9169223        68.49262     0.022210699      0.12334596      0.31164645               0       13.293247      -3.7297014       -3.7297014       13.293247                       13.293247
              1       2.2964682       71.337575     0.025741322      0.13040205      0.30808799               0       12.052339      -3.7297014       -3.7297014       12.052339                       12.052339
              1       1.5582127       69.806356     0.023999682      0.11846339       0.2936781               0       10.575828      -3.7297014       -3.7297014       10.575828                       10.575828
              4       1.5694127       71.928589     0.026718051      0.12664979      0.29768121               0       10.598228      -3.7297014       -3.7297014       10.598228                       10.598228
              2       1.6386481       72.132245     0.026997345      0.12788277      0.29890917               0       10.736699      -3.7297014       -3.7297014       10.736699                       10.736699
              1       3.4201688       70.861064     0.026158433      0.11932409      0.29101416               0       14.299741      -3.7297014       -3.7297014       14.299741                       14.299741
              2       3.9198559        70.98103     0.026434508      0.12127977      0.29446086               0       15.299115      -3.7297014       -3.7297014       15.299115                       15.299115
              4       4.6766017       70.604526     0.026109884       0.1202201      0.29483279               0       16.812606      -3.7297014       -3.7297014       16.812606                       16.812606
              1        5.285621       67.189222     0.021259993      0.11991022      0.31413834               0       18.030645      -3.7297014       -3.7297014       18.030645                       18.030645
              2        5.722946       71.705817     0.026749336      0.13582263      0.31743458               0       18.905295      -3.7297014       -3.7297014       18.905295                       18.905295
             10       4.2203311        68.64021     0.021583635      0.12694608      0.31661792               0       15.900065      -3.7297014       -3.7297014       15.900065                       15.900065
              1       1.5586889       72.892755     0.027401158      0.13194784      0.30111515               0       10.576781      -3.7297014       -3.7297014       10.576781                       10.576781
              4        1.584663       73.290356     0.027838133      0.13299505      0.30061999               0       10.628729      -3.7297014       -3.7297014       10.628729                       10.628729
              1       1.4266263       67.320599     0.020600639      0.11356295      0.29745333               0       10.312655      -3.7297014       -3.7297014       10.312655                       10.312655
              1       1.4832478       67.485472     0.021061355      0.11294384      0.29565391               0       10.425898      -3.7297014       -3.7297014       10.425898                       10.425898
              1       5.0681421       65.695042     0.017548262        0.115193      0.30906022               0       17.595687      -3.7297014       -3.7297014       17.595687                       17.595687
              2       4.9579714       68.483044     0.020905992      0.12445699      0.31132063               0       17.375346      -3.7297014       -3.7297014       17.375346                       17.375346
              2       4.8198928       67.586755     0.019775477       0.1166482      0.30006289               0       17.099188      -3.7297014       -3.7297014       17.099188                       17.099188
              1       5.7064815       63.906452     0.015317074      0.10692258      0.30088821               0       18.872366      -3.7297014       -3.7297014       18.872366                       18.872366
              1       2.8319773       70.634436      0.02406029      0.12148357       0.2930075               0       13.123357      -3.7297014       -3.7297014       13.123357                       13.123357
              1       1.9500774        70.71518     0.024380111      0.12354412       0.2970989               0       11.359558      -3.7297014       -3.7297014       11.359558                       11.359558
              1       2.3116685       71.437729     0.025092164      0.12699229       0.2992713               0        12.08274      -3.7297014       -3.7297014        12.08274                        12.08274
              3       2.7823206       72.029759     0.025645922      0.13027843      0.30177304               0       13.024044      -3.7297014       -3.7297014       13.024044                       13.024044
              9       1.7095906       71.740417      0.02622348      0.12932565      0.30348311               0       10.878584      -3.7297014       -3.7297014       10.878584                       10.878584
              1       2.6267776       70.033024     0.024273212      0.12657079      0.30886797               0       12.712958      -3.7297014       -3.7297014       12.712958                       12.712958
              2       2.6061371       69.541862     0.023525799      0.12567531      0.30984917               0       12.671677      -3.7297014       -3.7297014       12.671677                       12.671677
              2       5.7369727        70.72005     0.023365182      0.12738219      0.30270276               0       18.933348      -3.7297014       -3.7297014       18.933348                       18.933348
              1       5.4784963       69.922989     0.022463734       0.1237581      0.30038704               0       18.416395      -3.7297014       -3.7297014       18.416395                       18.416395
              2        4.319924       68.481968     0.020934526      0.12042207      0.30278762               0       16.099251      -3.7297014       -3.7297014       16.099251                       16.099251
              4       2.7856918       70.473096     0.023739449      0.12431229      0.29940029               0       13.030786      -3.7297014       -3.7297014       13.030786                       13.030786
              2       1.6881489       70.337966     0.024088947      0.12163947      0.29585577               0       10.835701      -3.7297014       -3.7297014       10.835701                       10.835701
              2       1.7269415       70.573782     0.024375008       0.1220473      0.29527509               0       10.913286      -3.7297014       -3.7297014       10.913286                       10.913286
              1       2.0081874       70.332594     0.023957208      0.12090759       0.2941551               0       11.475778      -3.7297014       -3.7297014       11.475778                       11.475778
              1       2.6365049       69.946084     0.023136014      0.12388823      0.30182882               0       12.732413      -3.7297014       -3.7297014       12.732413                       12.732413
              1       2.5939722       69.389463     0.022472381      0.12237121      0.30216162               0       12.647347      -3.7297014       -3.7297014       12.647347                       12.647347
              3         2.50175       70.729526     0.024543699      0.12986986      0.30995014               0       12.462903      -3.7297014       -3.7297014       12.462903                       12.462903
              5       6.8931466       63.803874     0.015906415      0.11642313      0.32664166               0       21.245696      -3.7297014       -3.7297014       21.245696                       21.245696
              3       2.5713876       63.070673     0.016159525      0.10000994      0.29365574               0       12.602178      -3.7297014       -3.7297014       12.602178                       12.602178
              1       2.2315449       65.072722     0.017726452      0.11213061      0.30818859               0       11.922493      -3.7297014       -3.7297014       11.922493                       11.922493
              5       2.2220192       65.328945     0.018058555      0.11284309      0.30822343               0       11.903441      -3.7297014       -3.7297014       11.903441                       11.903441
              1       3.7170069       64.900487     0.017347493      0.11501841      0.31578283               0       14.893417      -3.7297014       -3.7297014       14.893417                       14.893417
              1       3.6116115       71.610653     0.025340955      0.13548638      0.31487671               0       14.682626      -3.7297014       -3.7297014       14.682626                       14.682626
              4       3.6128747       72.077727      0.02637579      0.13705022      0.31581111               0       14.685152      -3.7297014       -3.7297014       14.685152                       14.685152
              2       4.2422465       72.280908     0.026891703      0.13823264      0.31728881               0       15.943896      -3.7297014       -3.7297014       15.943896                       15.943896
              3       3.2747353       71.820928     0.027359427      0.12340104      0.29351955               0       14.008874      -3.7297014       -3.7297014       14.008874                       14.008874
              5       2.6005734       68.902066     0.023414534      0.11508892      0.29309688               0        12.66055      -3.7297014       -3.7297014        12.66055                        12.66055
              9       2.1263046       69.893736     0.024364915      0.11621742      0.28909434               0       11.712012      -3.7297014       -3.7297014       11.712012                       11.712012
              4       1.8810596       68.668898     0.022815058      0.11473137      0.29306114               0       11.221522      -3.7297014       -3.7297014       11.221522                       11.221522
             12       1.7378372       67.029255     0.020601067      0.10972796      0.29151006               0       10.935077      -3.7297014       -3.7297014       10.935077                       10.935077
              2       2.0124586       65.050708     0.017433117      0.10829298      0.29863502               0        11.48432      -3.7297014       -3.7297014        11.48432                        11.48432
              5       1.9449585        64.81643     0.017183467      0.10732018      0.29788795               0        11.34932      -3.7297014       -3.7297014        11.34932                        11.34932
              2       3.9330611       63.998059     0.015739694      0.10445665       0.2950386               0       15.325525      -3.7297014       -3.7297014       15.325525                       15.325525
              1       3.7048426       64.232833     0.016112368      0.10368696      0.29192351               0       14.869088      -3.7297014       -3.7297014       14.869088                       14.869088
              1       3.2775594       63.283476     0.015066313       0.1016625       0.2930808               0       14.014522      -3.7297014       -3.7297014       14.014522                       14.014522
              1       1.6343346       69.521765     0.023721368       0.1174908       0.2934993               0       10.728072      -3.7297014       -3.7297014       10.728072                       10.728072
              3       2.8845505       68.362871     0.022584083      0.11002103      0.28511769               0       13.228504      -3.7297014       -3.7297014       13.228504                       13.228504
             10       2.4992614       72.754305      0.02817466      0.12338857      0.28755325               0       12.457926      -3.7297014       -3.7297014       12.457926                       12.457926
              4        2.172203        71.92113     0.027003483      0.12203276       0.2893689               0       11.803809      -3.7297014       -3.7297014       11.803809                       11.803809
              5          1.8311       70.191373     0.024508216      0.11761267      0.28977061               0       11.121603      -3.7297014       -3.7297014       11.121603                       11.121603
              1       2.0536379       69.411991      0.02365168      0.11473938      0.28857304               0       11.566679      -3.7297014       -3.7297014       11.566679                       11.566679
              1       2.0564749       69.392092     0.023619687      0.11464879      0.28848399               0       11.572353      -3.7297014       -3.7297014       11.572353                       11.572353
              1       1.6687591       65.229759     0.017995896      0.11037462      0.30321278               0       10.796921      -3.7297014       -3.7297014       10.796921                       10.796921
              5       1.5583591       65.521214     0.018347973      0.11043934       0.3014921               0       10.576121      -3.7297014       -3.7297014       10.576121                       10.576121
              4       1.5950516       65.496198     0.018325856      0.11066486      0.30219662               0       10.649506      -3.7297014       -3.7297014       10.649506                       10.649506
              2       1.7861767       70.790635     0.024958863      0.12705288      0.30462245               0       11.031756      -3.7297014       -3.7297014       11.031756                       11.031756
              6       1.5526481       71.840453      0.02602833      0.12756802      0.29885482               0       10.564699      -3.7297014       -3.7297014       10.564699                       10.564699
             10        1.557711       71.954467     0.026189898      0.12680365       0.2967442               0       10.574825      -3.7297014       -3.7297014       10.574825                       10.574825
             10       1.6892892       63.316745     0.015621502      0.10128967      0.29322776               0       10.837981      -3.7297014       -3.7297014       10.837981                       10.837981
              3       1.4131877       64.673425     0.017459086      0.10636067      0.29757172               0       10.285778      -3.7297014       -3.7297014       10.285778                       10.285778
              5       1.4453817       64.765721     0.017668699      0.10660451      0.29780525               0       10.350166      -3.7297014       -3.7297014       10.350166                       10.350166
              3         1.48436       64.878513     0.017840371      0.10718448      0.29855637               0       10.428123      -3.7297014       -3.7297014       10.428123                       10.428123
              7       1.7733985       65.487677     0.018710734      0.10987372      0.30132796               0         11.0062      -3.7297014       -3.7297014         11.0062                         11.0062
              2       1.9618383       64.800666     0.017964671      0.10805344      0.30163953               0       11.383079      -3.7297014       -3.7297014       11.383079                       11.383079
              3        2.384328       67.237702     0.020638116      0.11835332      0.30886617               0       12.228059      -3.7297014       -3.7297014       12.228059                       12.228059
              2       2.4312146       66.984126      0.02028342      0.11789335      0.30939342               0       12.321832      -3.7297014       -3.7297014       12.321832                       12.321832
              4       2.1839425       63.472229     0.016434408       0.1046923      0.30225663               0       11.827288      -3.7297014       -3.7297014       11.827288                       11.827288
              4       2.1420249        63.46796     0.016240617      0.10628898      0.30577997               0       11.743453      -3.7297014       -3.7297014       11.743453                       11.743453
              1       1.6027985       62.980727     0.015222724      0.10115158       0.2950115               0          10.665      -3.7297014       -3.7297014          10.665                          10.665
              7       1.5742867       69.281672      0.02313393       0.1165721      0.29239921               0       10.607976      -3.7297014       -3.7297014       10.607976                       10.607976
              3       1.5758901       69.225961     0.022757552       0.1199992      0.29923601               0       10.611183      -3.7297014       -3.7297014       10.611183                       10.611183
              4       1.6921134       71.633759     0.025973963       0.1230286      0.29162963               0        10.84363      -3.7297014       -3.7297014        10.84363                        10.84363
              3       1.8318886       70.787658     0.024901351      0.11990954      0.29027768               0        11.12318      -3.7297014       -3.7297014        11.12318                        11.12318
              6       1.7259882        71.52474       0.0257037       0.1233564       0.2926318               0       10.911379      -3.7297014       -3.7297014       10.911379                       10.911379
              7       2.4036182       71.911571     0.027145335      0.12224512       0.2901308               0       12.266639      -3.7297014       -3.7297014       12.266639                       12.266639
              3       1.9895122       71.859865     0.026886661       0.1228344      0.29118871               0       11.438427      -3.7297014       -3.7297014       11.438427                       11.438427
              5       2.0739587       72.429947     0.027649133      0.12414506      0.29057473               0        11.60732      -3.7297014       -3.7297014        11.60732                        11.60732
              1       2.1851217       72.885522     0.028301991      0.12543043      0.29060214               0       11.829646      -3.7297014       -3.7297014       11.829646                       11.829646
              4       1.8473725       72.708117     0.027919105      0.12852828      0.29715767               0       11.154148      -3.7297014       -3.7297014       11.154148                       11.154148
              2       1.6551677       72.754294     0.027842037      0.12901965      0.29756329               0       10.769738      -3.7297014       -3.7297014       10.769738                       10.769738
              3       5.2093046       74.094798     0.029674465       0.1203885      0.27451007               0       17.878012      -3.7297014       -3.7297014       17.878012                       17.878012
             12       2.7002787       74.199022      0.02922442      0.12697484       0.2848852               0        12.85996      -3.7297014       -3.7297014        12.85996                        12.85996
              1       2.1982334       69.887165      0.02327969      0.12042426      0.29553995               0        11.85587      -3.7297014       -3.7297014        11.85587                        11.85587
              2       1.6339774       66.285706     0.019288459      0.11312924      0.30284034               0       10.727358      -3.7297014       -3.7297014       10.727358                       10.727358
              3       3.3865567       65.132062     0.018678911      0.10133686      0.28442863               0       14.232516      -3.7297014       -3.7297014       14.232516                       14.232516
              7       1.6351264       68.048696     0.021878624       0.1134652      0.29367086               0       10.729656      -3.7297014       -3.7297014       10.729656                       10.729656
              2       2.2970335       67.490477     0.021500436      0.11063104      0.29149648               0        12.05347      -3.7297014       -3.7297014        12.05347                        12.05347
              2       2.2776612        66.97915     0.020850272      0.10926453      0.29146882               0       12.014725      -3.7297014       -3.7297014       12.014725                       12.014725
              3       2.4420329       72.656853     0.027057188      0.12423214      0.28780629               0       12.343469      -3.7297014       -3.7297014       12.343469                       12.343469
              3       1.8973562       66.859981     0.019856117      0.10975783      0.29138836               0       11.254115      -3.7297014       -3.7297014       11.254115                       11.254115
              2       2.0959063       66.827429     0.019802188      0.10897435      0.28979718               0       11.651216      -3.7297014       -3.7297014       11.651216                       11.651216
              2       2.5968667       65.480606     0.017809899      0.10763816      0.29407819               0       12.653136      -3.7297014       -3.7297014       12.653136                       12.653136
              1       2.5176405       67.624684     0.020721647      0.12034692      0.30988337               0       12.494684      -3.7297014       -3.7297014       12.494684                       12.494684
              2       2.0244506       65.722951     0.018437618      0.11309297      0.30599497               0       11.508304      -3.7297014       -3.7297014       11.508304                       11.508304
              3       2.3931305       68.342397     0.021271277      0.11721092      0.29787148               0       12.245664      -3.7297014       -3.7297014       12.245664                       12.245664
              1       2.0286782        68.35624      0.02152182      0.12018746      0.30465729               0       11.516759      -3.7297014       -3.7297014       11.516759                       11.516759
              1       2.3758699       69.718476     0.023078501      0.12536747      0.30672775               0       12.211143      -3.7297014       -3.7297014       12.211143                       12.211143
              2         2.34473       69.986645     0.023348246       0.1253642      0.30492569               0       12.148863      -3.7297014       -3.7297014       12.148863                       12.148863
              1       1.4748418       74.447849     0.029404921       0.1353765      0.29846835               0       10.409086      -3.7297014       -3.7297014       10.409086                       10.409086
             10       1.5328017       73.365207     0.028296007      0.13305467      0.30096834               0       10.525006      -3.7297014       -3.7297014       10.525006                       10.525006
              1       1.7699977       71.992944      0.02638128      0.12390724      0.29120803               0       10.999398      -3.7297014       -3.7297014       10.999398                       10.999398
              7       1.6740483       71.945767     0.026460731      0.12366659      0.29127864               0       10.807499      -3.7297014       -3.7297014       10.807499                       10.807499
              1        1.647577       71.999178     0.026500451      0.12407708      0.29171512               0       10.754557      -3.7297014       -3.7297014       10.754557                       10.754557
             13       1.6281597       71.672794     0.026083508      0.12325591      0.29196781               0       10.715722      -3.7297014       -3.7297014       10.715722                       10.715722
              1       1.4294216       70.563133     0.024743808      0.12329183      0.29860437               0       10.318246      -3.7297014       -3.7297014       10.318246                       10.318246
              1        1.440362       73.007442     0.027783205      0.13108299      0.29926405               0       10.340127      -3.7297014       -3.7297014       10.340127                       10.340127
              9       4.0883322       72.851116     0.028914575       0.1247537      0.29075583               0       15.636067      -3.7297014       -3.7297014       15.636067                       15.636067
              1       2.7564404       72.185444      0.02767035      0.12420099      0.29269456               0       12.972284      -3.7297014       -3.7297014       12.972284                       12.972284
              3       1.7251661       64.068278     0.017010946       0.1054803      0.29998308               0       10.909735      -3.7297014       -3.7297014       10.909735                       10.909735
              9       2.3151307        64.51035     0.017803139      0.10285829      0.29148883               0       12.089664      -3.7297014       -3.7297014       12.089664                       12.089664
              2       2.5819189       66.573654     0.020451688      0.10802061      0.29132433               0       12.623241      -3.7297014       -3.7297014       12.623241                       12.623241
              3        2.528761       66.662754     0.020568319      0.11034115      0.29603035               0       12.516925      -3.7297014       -3.7297014       12.516925                       12.516925
              1       3.6713147       66.018096     0.019974113        0.110733      0.30137569               0       14.802032      -3.7297014       -3.7297014       14.802032                       14.802032
              1       2.8904787       68.737542       0.0232773      0.11632598      0.29682937               0        13.24036      -3.7297014       -3.7297014        13.24036                        13.24036
              2       1.5687897       67.726961     0.021087124       0.1168013      0.30201511               0       10.596982      -3.7297014       -3.7297014       10.596982                       10.596982
              5       1.5705931       68.284613     0.021643317      0.11796385      0.30078849               0       10.600589      -3.7297014       -3.7297014       10.600589                       10.600589
              5       1.4606535       68.294927      0.02173689      0.11624806      0.29721961               0        10.38071      -3.7297014       -3.7297014        10.38071                        10.38071
              2       1.5953755       69.935658     0.023698963      0.11984799      0.29480923               0       10.650154      -3.7297014       -3.7297014       10.650154                       10.650154
              7        1.821093       69.663089     0.023202269      0.11919655      0.29475489               0       11.101589      -3.7297014       -3.7297014       11.101589                       11.101589
              2       1.6723376         69.6223     0.023221719      0.11936062      0.29547897               0       10.804078      -3.7297014       -3.7297014       10.804078                       10.804078
              4       1.7708206       71.860512     0.026784873      0.12377972      0.29281698               0       11.001044      -3.7297014       -3.7297014       11.001044                       11.001044
             11       1.6741545       71.432464     0.026182112      0.12301641       0.2936596               0       10.807712      -3.7297014       -3.7297014       10.807712                       10.807712
              6       1.9513012       74.039961     0.029282233      0.12818426      0.28842222               0       11.362005      -3.7297014       -3.7297014       11.362005                       11.362005
              7       2.7842955       71.318261     0.026167096       0.1176232       0.2839679               0       13.027994      -3.7297014       -3.7297014       13.027994                       13.027994
              1       2.7865305       69.855631      0.02435944      0.11378373      0.28441135               0       13.032464      -3.7297014       -3.7297014       13.032464                       13.032464
              1       2.8090735       70.898279     0.025630333      0.12783681      0.30659357               0        13.07755      -3.7297014       -3.7297014        13.07755                        13.07755
              1       1.9501787       72.866822      0.02807048      0.13082654      0.30047827               0        11.35976      -3.7297014       -3.7297014        11.35976                        11.35976
              1       1.7719229       69.900026      0.02432357      0.11965529      0.29599384               0       11.003249      -3.7297014       -3.7297014       11.003249                       11.003249
              4       2.4858215       69.693877     0.024384011      0.11769715      0.29384054               0       12.431046      -3.7297014       -3.7297014       12.431046                       12.431046
              2       2.3355645       70.022258     0.024744322      0.11930223      0.29509942               0       12.130532      -3.7297014       -3.7297014       12.130532                       12.130532
              6       2.4822002       69.535354     0.024169528      0.11839752      0.29618672               0       12.423803      -3.7297014       -3.7297014       12.423803                       12.423803
              7       2.4826092       69.990712     0.024679217      0.12149568      0.29971022               0       12.424621      -3.7297014       -3.7297014       12.424621                       12.424621
              7       1.6370621       68.251103     0.022086975      0.11689252      0.29973647               0       10.733527      -3.7297014       -3.7297014       10.733527                       10.733527
              3       2.1223786        65.55842     0.018626306       0.1126265      0.30688649               0        11.70416      -3.7297014       -3.7297014        11.70416                        11.70416
              3       1.4749777       65.722247     0.018608308      0.10841658      0.29557025               0       10.409358      -3.7297014       -3.7297014       10.409358                       10.409358
              2       1.6564473       70.243811     0.024279113      0.12468465      0.30320642               0       10.772298      -3.7297014       -3.7297014       10.772298                       10.772298
              2       1.7766506        73.54671     0.028966994      0.12934942      0.29387515               0       11.012704      -3.7297014       -3.7297014       11.012704                       11.012704
              6       2.8486762        72.38855     0.027888103      0.12791503      0.29855767               0       13.156755      -3.7297014       -3.7297014       13.156755                       13.156755
              2       2.9108952          72.732     0.028377154      0.12827553      0.29735064               0       13.281193      -3.7297014       -3.7297014       13.281193                       13.281193
             13       2.0792102       74.057332     0.029648288      0.13459717      0.30064718               0       11.617823      -3.7297014       -3.7297014       11.617823                       11.617823
              1       2.0409466       74.149735     0.029840134      0.13346343      0.29818522               0       11.541296      -3.7297014       -3.7297014       11.541296                       11.541296
              1       1.8661589       70.595705     0.025167584      0.12367949      0.29995707               0       11.191721      -3.7297014       -3.7297014       11.191721                       11.191721
              5       2.9559188       71.548083     0.026569124      0.11801228      0.28369193               0       13.371241      -3.7297014       -3.7297014       13.371241                       13.371241
              1       1.5279513       71.366027     0.025985979      0.12415894       0.2960648               0       10.515306      -3.7297014       -3.7297014       10.515306                       10.515306
              5       2.1182496        73.03639     0.028496349      0.12877232      0.29603207               0       11.695902      -3.7297014       -3.7297014       11.695902                       11.695902
              4       1.8652408        72.42627     0.027505454      0.12444597      0.29090398               0       11.189885      -3.7297014       -3.7297014       11.189885                       11.189885
              5       2.2801549       70.607938     0.025469126      0.12009898      0.29327611               0       12.019713      -3.7297014       -3.7297014       12.019713                       12.019713
              3       1.6467612       70.096759     0.023957239      0.12429142      0.30302453               0       10.752925      -3.7297014       -3.7297014       10.752925                       10.752925
              5        1.622114       69.493751     0.023607057      0.12069081      0.30012539               0       10.703631      -3.7297014       -3.7297014       10.703631                       10.703631
              1       1.5840059       69.381247      0.02345492      0.12013665      0.29963227               0       10.627415      -3.7297014       -3.7297014       10.627415                       10.627415
              1        1.505224       70.768558     0.025195254      0.12201515      0.29522558               0       10.469851      -3.7297014       -3.7297014       10.469851                       10.469851
              1       1.4929264       72.543796     0.027410504      0.12865196      0.29777397               0       10.445256      -3.7297014       -3.7297014       10.445256                       10.445256
              5       2.2574244       73.110796     0.027186447      0.13364562      0.30209636               0       11.974252      -3.7297014       -3.7297014       11.974252                       11.974252
              1        1.974246        73.98743     0.028412248      0.13546849      0.30054928               0       11.407895      -3.7297014       -3.7297014       11.407895                       11.407895
              2       1.9179864       71.218923     0.025428884      0.12912815      0.30598784               0       11.295376      -3.7297014       -3.7297014       11.295376                       11.295376
              3       2.1198631       70.940096     0.025159883      0.12886159      0.30733371               0       11.699129      -3.7297014       -3.7297014       11.699129                       11.699129
              8       3.8645167       65.799338     0.019425248      0.11422937      0.31019082               0       15.188436      -3.7297014       -3.7297014       15.188436                       15.188436
              2        1.418706       71.267001     0.025531895       0.1248553      0.29736516               0       10.296815      -3.7297014       -3.7297014       10.296815                       10.296815
              2        1.822858       69.994009     0.023557261      0.12359601      0.30167899               0       11.105119      -3.7297014       -3.7297014       11.105119                       11.105119
              1       3.1101355       66.409365     0.018795469      0.11588664      0.30684806               0       13.679674      -3.7297014       -3.7297014       13.679674                       13.679674
              2       3.1703837       66.444448     0.018868336      0.11667797      0.30848156               0        13.80017      -3.7297014       -3.7297014        13.80017                        13.80017
             12       3.4152772       65.207621     0.017351101      0.11340896      0.30903846               0       14.289957      -3.7297014       -3.7297014       14.289957                       14.289957
             10        1.890337       75.015493     0.029929583      0.13464161      0.29359482               0       11.240077      -3.7297014       -3.7297014       11.240077                       11.240077
              2       1.9298776       74.684223     0.029399842      0.13477624      0.29549677               0       11.319158      -3.7297014       -3.7297014       11.319158                       11.319158
              2       3.9177818       71.276611     0.026114863      0.13174364      0.31199125               0       15.294967      -3.7297014       -3.7297014       15.294967                       15.294967
              3       2.4165541       68.598522     0.022706419      0.12000638      0.30464158               0       12.292511      -3.7297014       -3.7297014       12.292511                       12.292511
              3       2.4077586       68.625951     0.022743676       0.1200252      0.30451718               0        12.27492      -3.7297014       -3.7297014        12.27492                        12.27492
              5       2.2219717        72.86499     0.026896973      0.13279485      0.30199038               0       11.903346      -3.7297014       -3.7297014       11.903346                       11.903346
              2       2.1243466       72.512385     0.026504697       0.1315429      0.30180743               0       11.708096      -3.7297014       -3.7297014       11.708096                       11.708096
              1       1.9628993       67.926054     0.021027525      0.11374308       0.2934899               0       11.385202      -3.7297014       -3.7297014       11.385202                       11.385202
              1       2.0956007       67.898127     0.020926926      0.11380663      0.29365102               0       11.650604      -3.7297014       -3.7297014       11.650604                       11.650604
              1       2.0633655       68.372093      0.02152703      0.11505571      0.29354957               0       11.586134      -3.7297014       -3.7297014       11.586134                       11.586134
             10       2.6778307       68.622596     0.021633368      0.11559768      0.29278702               0       12.815064      -3.7297014       -3.7297014       12.815064                       12.815064
              2       1.9249767       68.214347     0.021309849      0.11621865      0.29694128               0       11.309356      -3.7297014       -3.7297014       11.309356                       11.309356
              3        2.036568       68.777466     0.021932723      0.11865943      0.29857536               0       11.532539      -3.7297014       -3.7297014       11.532539                       11.532539
              6       2.2036038       65.698624     0.018178792      0.10847924      0.29493293               0       11.866611      -3.7297014       -3.7297014       11.866611                       11.866611
              1       1.9518456       68.711641     0.022921505      0.11608261      0.29578412               0       11.363094      -3.7297014       -3.7297014       11.363094                       11.363094
              1       2.1140294        70.95676     0.025708032      0.11917501      0.28903907               0       11.687462      -3.7297014       -3.7297014       11.687462                       11.687462
              2       3.1481198        70.61882     0.025230632      0.11472081      0.28192316               0       13.755643      -3.7297014       -3.7297014       13.755643                       13.755643
             12       3.0730891       74.215072     0.028946825      0.12762874      0.28544519               0       13.605581      -3.7297014       -3.7297014       13.605581                       13.605581
              1        1.706869       67.685845     0.020913332       0.1174131       0.3033382               0       10.873141      -3.7297014       -3.7297014       10.873141                       10.873141
              1       2.8182705       64.982134     0.018517364      0.10753863      0.30004688               0       13.095944      -3.7297014       -3.7297014       13.095944                       13.095944
              5       2.6377899       64.146519     0.017412587      0.10606599      0.30165121               0       12.734983      -3.7297014       -3.7297014       12.734983                       12.734983
              1       3.7679821        66.43521     0.020262515      0.11529809      0.30859976               0       14.995367      -3.7297014       -3.7297014       14.995367                       14.995367
              1       2.4058572       69.271714     0.022675224      0.12484736      0.30877264               0       12.271117      -3.7297014       -3.7297014       12.271117                       12.271117
              7       1.4529536        72.26802     0.026704214      0.12861745       0.2986325               0        10.36531      -3.7297014       -3.7297014        10.36531                        10.36531
              4        1.819154       72.754484      0.02726542      0.13358066      0.30508909               0       11.097711      -3.7297014       -3.7297014       11.097711                       11.097711
              9       2.2063008       72.205306     0.027201134      0.13042781      0.30357698               0       11.872005      -3.7297014       -3.7297014       11.872005                       11.872005
              1       1.8524204       69.251699     0.023409213       0.1204866      0.30138875               0       11.164244      -3.7297014       -3.7297014       11.164244                       11.164244
             10       1.5969653       70.302901     0.024292086       0.1245781       0.3025076               0       10.653333      -3.7297014       -3.7297014       10.653333                       10.653333
              1       1.5103009       63.875128     0.016364987      0.10333357      0.29495526               0       10.480005      -3.7297014       -3.7297014       10.480005                       10.480005
              2       2.8708538       66.028588     0.019017949      0.10390701      0.28343003               0       13.201111      -3.7297014       -3.7297014       13.201111                       13.201111
              1       1.4407008       65.645673     0.018537846      0.10861903      0.29656649               0       10.340805      -3.7297014       -3.7297014       10.340805                       10.340805
              3       1.8265999       67.441424     0.021259118      0.11181748      0.29399862               0       11.112603      -3.7297014       -3.7297014       11.112603                       11.112603
              5       1.6699293       67.641793     0.021395973      0.11226022      0.29352619               0       10.799262      -3.7297014       -3.7297014       10.799262                       10.799262
             12       1.7643824       67.034086       0.0199716      0.11224577      0.29567035               0       10.988168      -3.7297014       -3.7297014       10.988168                       10.988168
              6       1.7690439       63.595376     0.016360101      0.10538367      0.30261289               0       10.997491      -3.7297014       -3.7297014       10.997491                       10.997491
              7       1.6758772       63.729632      0.01636681      0.10613909      0.30321574               0       10.811157      -3.7297014       -3.7297014       10.811157                       10.811157
              2       1.6769229       63.722706     0.016356569      0.10613252      0.30324025               0       10.813249      -3.7297014       -3.7297014       10.813249                       10.813249
              2       1.5432064       72.340413     0.026668216      0.12854402        0.297826               0       10.545816      -3.7297014       -3.7297014       10.545816                       10.545816
              3       2.1534964        73.01367     0.028304549      0.12465303      0.28812948               0       11.766396      -3.7297014       -3.7297014       11.766396                       11.766396
              9       2.4260473        73.80228     0.029601681      0.13127687       0.2965473               0       12.311498      -3.7297014       -3.7297014       12.311498                       12.311498
              5       1.4213669       69.758352     0.023653553      0.12083602      0.29824685               0       10.302137      -3.7297014       -3.7297014       10.302137                       10.302137
              7       1.4146121       69.656817     0.023575574      0.11965924      0.29653094               0       10.288627      -3.7297014       -3.7297014       10.288627                       10.288627
              2       1.7641264       70.592508     0.025117238      0.11958256      0.29166189               0       10.987656      -3.7297014       -3.7297014       10.987656                       10.987656
              4       1.9221946       64.139544     0.016729951      0.10155942      0.28910292               0       11.303792      -3.7297014       -3.7297014       11.303792                       11.303792
              5        1.555184       65.725734      0.01887254      0.11022661      0.30034057               0       10.569771      -3.7297014       -3.7297014       10.569771                       10.569771
              1       1.4927907       64.089915     0.016797914      0.10320644      0.29372606               0       10.444984      -3.7297014       -3.7297014       10.444984                       10.444984
              2       1.9474417       67.791618     0.021330047      0.11058672      0.28844529               0       11.354286      -3.7297014       -3.7297014       11.354286                       11.354286
              1       1.5479257        67.88456      0.02162944      0.11389474      0.29548407               0       10.555254      -3.7297014       -3.7297014       10.555254                       10.555254
              2       1.4409652       67.375165     0.020864899      0.11333183      0.29704471               0       10.341333      -3.7297014       -3.7297014       10.341333                       10.341333
              3       1.7445195       65.508309     0.018660325      0.10545569      0.29072549               0       10.948442      -3.7297014       -3.7297014       10.948442                       10.948442
              1       2.6557543       65.439742     0.018494885      0.10244399      0.28391592               0       12.770911      -3.7297014       -3.7297014       12.770911                       12.770911
              6       2.4046993       65.839169     0.018773474      0.10452965      0.28593561               0       12.268801      -3.7297014       -3.7297014       12.268801                       12.268801
              2       1.8466785       68.870319     0.022549459      0.11424339      0.28976067               0        11.15276      -3.7297014       -3.7297014        11.15276                        11.15276
              2       1.6332427       69.315192      0.02311554      0.11648584      0.29189867               0       10.725888      -3.7297014       -3.7297014       10.725888                       10.725888
             11       1.4774203       65.052221     0.017828776      0.10850658      0.30006084               0       10.414244      -3.7297014       -3.7297014       10.414244                       10.414244
              7       1.4998711       68.960169     0.022517498      0.11920541      0.29937315               0       10.459145      -3.7297014       -3.7297014       10.459145                       10.459145
              4       2.0239475       73.914111      0.02848389      0.13102273      0.29313946               0       11.507298      -3.7297014       -3.7297014       11.507298                       11.507298
              3       1.8957428       74.248341     0.028832653      0.13767184      0.30320008               0       11.250888      -3.7297014       -3.7297014       11.250888                       11.250888
              3       1.7224182       73.884817     0.028488615      0.13580412      0.30213939               0       10.904239      -3.7297014       -3.7297014       10.904239                       10.904239
             10       1.4631394       74.877734     0.029968227      0.13666405      0.29835226               0       10.385682      -3.7297014       -3.7297014       10.385682                       10.385682
              7       1.4698788       74.905008     0.029991631      0.13689591      0.29858998               0       10.399161      -3.7297014       -3.7297014       10.399161                       10.399161
              2       1.6141612       72.384924     0.027316517      0.12837179      0.29836842               0       10.687725      -3.7297014       -3.7297014       10.687725                       10.687725
              2        1.597555       72.246686      0.02712618      0.12797346      0.29838353               0       10.654513      -3.7297014       -3.7297014       10.654513                       10.654513
              3       1.6514603       72.490283     0.027454805      0.12906504      0.29908418               0       10.762324      -3.7297014       -3.7297014       10.762324                       10.762324
              3       1.5342028       72.876193     0.027561568      0.13193023      0.30152091               0       10.527809      -3.7297014       -3.7297014       10.527809                       10.527809
              1       1.7004774       69.745627     0.023343046      0.11995198      0.29590003               0       10.860358      -3.7297014       -3.7297014       10.860358                       10.860358
              1       1.4932489       68.333674       0.0217492      0.11617862       0.2967603               0       10.445901      -3.7297014       -3.7297014       10.445901                       10.445901
              1       1.5005281        68.04365     0.021374413      0.11628635      0.29871867               0       10.460459      -3.7297014       -3.7297014       10.460459                       10.460459
              3       1.7477205       67.499554     0.020512627      0.11503805      0.29892261               0       10.954844      -3.7297014       -3.7297014       10.954844                       10.954844
              1       1.4581202       71.696693     0.026206235      0.12458115      0.29459003               0       10.375643      -3.7297014       -3.7297014       10.375643                       10.375643
              1       1.4543025       71.887778     0.026405123      0.12525324      0.29471137               0       10.368008      -3.7297014       -3.7297014       10.368008                       10.368008
              4        1.644061       62.798724     0.015496333      0.10085368       0.2966624               0       10.747525      -3.7297014       -3.7297014       10.747525                       10.747525
              4       1.5786648       63.175921     0.015872851      0.10282099      0.29900298               0       10.616732      -3.7297014       -3.7297014       10.616732                       10.616732
              2       2.3289852       67.702601     0.021154559      0.10930671      0.28602889               0       12.117373      -3.7297014       -3.7297014       12.117373                       12.117373
              1       3.1608108       71.099105     0.026214613      0.11721463      0.28500697               0       13.781024      -3.7297014       -3.7297014       13.781024                       13.781024
              1       2.6256943       71.303293     0.026396317      0.11944904      0.28812921               0       12.710792      -3.7297014       -3.7297014       12.710792                       12.710792
              1       1.8798936       72.124932     0.026418329      0.13187963      0.30554002               0        11.21919      -3.7297014       -3.7297014        11.21919                        11.21919
             11       1.9259518       72.155099     0.026515708      0.13220561      0.30609775               0       11.311306      -3.7297014       -3.7297014       11.311306                       11.311306
              2       1.8223149       72.789976     0.027049312      0.12940553      0.29650376               0       11.104033      -3.7297014       -3.7297014       11.104033                       11.104033
              1       1.8990286       66.362409     0.019061793      0.11126933      0.29740274               0        11.25746      -3.7297014       -3.7297014        11.25746                        11.25746
              7       2.1059035       72.719643     0.026786759      0.13274257      0.30289151               0        11.67121      -3.7297014       -3.7297014        11.67121                        11.67121
              3       3.0820259       69.671152     0.023672432      0.11263212       0.2821317               0       13.623455      -3.7297014       -3.7297014       13.623455                       13.623455
              1       2.7349761       67.681816     0.021536581       0.1080343      0.28426087               0       12.929355      -3.7297014       -3.7297014       12.929355                       12.929355
              4       3.2099182       67.439857     0.021291908       0.1063893      0.28214943               0       13.879239      -3.7297014       -3.7297014       13.879239                       13.879239
              7       2.5913078       68.727854     0.022919901      0.11135715      0.28563709               0       12.642018      -3.7297014       -3.7297014       12.642018                       12.642018
              2       2.1251567       69.804072     0.023705126      0.11584993      0.28772925               0       11.709716      -3.7297014       -3.7297014       11.709716                       11.709716
              2       1.6293476       67.508436     0.020648527      0.11327993      0.29528442               0       10.718098      -3.7297014       -3.7297014       10.718098                       10.718098
              2       1.4601971       66.756601     0.020091591      0.11069146      0.29491495               0       10.379797      -3.7297014       -3.7297014       10.379797                       10.379797
              9       1.4552165       68.016932     0.021642978      0.11418878       0.2949999               0       10.369836      -3.7297014       -3.7297014       10.369836                       10.369836
             12       2.0260804       74.083463     0.028960815      0.13886149      0.30695227               0       11.511564      -3.7297014       -3.7297014       11.511564                       11.511564
              3       2.4270273       73.021947     0.027537548      0.13700782      0.30979587               0       12.313457      -3.7297014       -3.7297014       12.313457                       12.313457
              3        2.016604       68.013155     0.021329359      0.11990512      0.30671224               0       11.492611      -3.7297014       -3.7297014       11.492611                       11.492611
              2       1.4611046       68.780237     0.022554375       0.1184042      0.29932585               0       10.381612      -3.7297014       -3.7297014       10.381612                       10.381612
              3       1.9647187       66.587486      0.01985148       0.1151001      0.30581638               0        11.38884      -3.7297014       -3.7297014        11.38884                        11.38884
              3       2.1600169       73.654569      0.02926687      0.12754796      0.29024717               0       11.779437      -3.7297014       -3.7297014       11.779437                       11.779437
              7       2.8618733       69.854876     0.024703397      0.11885224      0.29550928               0        13.18315      -3.7297014       -3.7297014        13.18315                        13.18315
              3       1.9244487       72.591462     0.027837347      0.12712451      0.29529441               0         11.3083      -3.7297014       -3.7297014         11.3083                         11.3083
              2       1.7553248       69.903127     0.024304978      0.11854443      0.29365619               0       10.970053      -3.7297014       -3.7297014       10.970053                       10.970053
              5        1.525063       69.351663        0.023406      0.11948704       0.2984356               0       10.509529      -3.7297014       -3.7297014       10.509529                       10.509529
              2       2.3205179        67.65012     0.021500949      0.11715227      0.30437271               0       12.100439      -3.7297014       -3.7297014       12.100439                       12.100439
              1       1.4142583       70.366947     0.024460239      0.12240124      0.29790043               0       10.287919      -3.7297014       -3.7297014       10.287919                       10.287919
              4       1.4146144        70.36642     0.024457299      0.12242087      0.29793861               0       10.288632      -3.7297014       -3.7297014       10.288632                       10.288632
             14       1.8829734       74.199459     0.029836007      0.13335674      0.29758442               0        11.22535      -3.7297014       -3.7297014        11.22535                        11.22535
              5       1.4721408         73.9255     0.028801891      0.13444565      0.29989441               0       10.403685      -3.7297014       -3.7297014       10.403685                       10.403685
             16       1.6844447       73.908321     0.028783518      0.13027386      0.29236296               0       10.828292      -3.7297014       -3.7297014       10.828292                       10.828292
              6       1.6270839       74.327553     0.029485492      0.13110741      0.29185367               0       10.713571      -3.7297014       -3.7297014       10.713571                       10.713571
              5       1.7131882       73.052828     0.028051671      0.12642976       0.2906761               0       10.885779      -3.7297014       -3.7297014       10.885779                       10.885779
              6       2.0490545       74.381115     0.029928255      0.12879828      0.28806004               0       11.557512      -3.7297014       -3.7297014       11.557512                       11.557512
              1       1.5158201       74.232777     0.029604609       0.1334437      0.29705525               0       10.491043      -3.7297014       -3.7297014       10.491043                       10.491043
              3        2.033718       68.007258     0.021995786      0.11619206      0.30017809               0       11.526839      -3.7297014       -3.7297014       11.526839                       11.526839
              5       1.6290051       69.541374     0.023395023       0.1224375      0.30288788               0       10.717413      -3.7297014       -3.7297014       10.717413                       10.717413
              6       3.0022934       68.372115     0.022778712      0.11111076      0.28778805               0        13.46399      -3.7297014       -3.7297014        13.46399                        13.46399
              3       4.9812798       69.704555     0.024273289      0.10904431      0.27571376               0       17.421962      -3.7297014       -3.7297014       17.421962                       17.421962
              2       5.3019238       69.660768     0.024263555      0.10848784      0.27489368               0       18.063251      -3.7297014       -3.7297014       18.063251                       18.063251
              2       2.1645742       67.818954     0.020708918      0.11606232      0.29876735               0       11.788551      -3.7297014       -3.7297014       11.788551                       11.788551
              6       3.1358799       72.836798     0.027957429      0.13574782      0.30978929               0       13.731163      -3.7297014       -3.7297014       13.731163                       13.731163
              2       3.1528902       72.577074     0.027647831      0.13483155      0.30968322               0       13.765183      -3.7297014       -3.7297014       13.765183                       13.765183
              4       3.1607926       72.529974     0.027587576      0.13470657      0.30973344               0       13.780988      -3.7297014       -3.7297014       13.780988                       13.780988
              4       1.7248655       72.268208     0.026712746      0.13148257      0.30413318               0       10.909134      -3.7297014       -3.7297014       10.909134                       10.909134
              9       1.4551011       70.732371     0.024794631      0.12422837       0.2991507               0       10.369605      -3.7297014       -3.7297014       10.369605                       10.369605
             12       1.4725241       70.196499     0.024118486      0.12294399      0.29975678               0       10.404451      -3.7297014       -3.7297014       10.404451                       10.404451
              3       1.9199044       68.771443     0.022505623      0.12138588      0.30560375               0       11.299212      -3.7297014       -3.7297014       11.299212                       11.299212
              5       1.8781974       70.701328     0.024519774      0.12708119      0.30457074               0       11.215798      -3.7297014       -3.7297014       11.215798                       11.215798
             10       2.0787915       72.692038     0.027034186      0.13455958      0.30702845               0       11.616986      -3.7297014       -3.7297014       11.616986                       11.616986
              1       1.9607049       68.753694     0.022894219      0.11835797      0.30017815               0       11.380813      -3.7297014       -3.7297014       11.380813                       11.380813
              2       2.3048144       63.004243     0.015185159      0.10641714      0.30796162               0       12.069032      -3.7297014       -3.7297014       12.069032                       12.069032
              2       2.5801448       64.563727      0.01702975      0.11158459      0.31008578               0       12.619692      -3.7297014       -3.7297014       12.619692                       12.619692
              9       1.5030591       67.476228     0.021059925      0.11257245      0.29491609               0       10.465521      -3.7297014       -3.7297014       10.465521                       10.465521
              2       1.8873938       64.759906     0.017196856      0.10909165      0.30266409               0        11.23419      -3.7297014       -3.7297014        11.23419                        11.23419
              6       1.6845067       64.954746     0.017501275      0.10873657      0.30073098               0       10.828416      -3.7297014       -3.7297014       10.828416                       10.828416
             10       1.8024235       65.135787     0.017711692       0.1101875      0.30297738               0        11.06425      -3.7297014       -3.7297014        11.06425                        11.06425
              2       1.6320434       64.445097     0.016945282      0.10745702      0.30108669               0        10.72349      -3.7297014       -3.7297014        10.72349                        10.72349
              2       2.8233403       69.360528      0.02265758      0.12615516      0.31066413               0       13.106083      -3.7297014       -3.7297014       13.106083                       13.106083
              2       1.9351632       73.864272     0.028797472      0.13750921      0.30599878               0       11.329729      -3.7297014       -3.7297014       11.329729                       11.329729
              1       1.6107952       72.873276      0.02787116      0.13069194      0.29979627               0       10.680993      -3.7297014       -3.7297014       10.680993                       10.680993
              7       1.7073671       70.809298     0.025378492      0.12380571      0.29882256               0       10.874137      -3.7297014       -3.7297014       10.874137                       10.874137
              6       1.4693561       73.139878     0.027972479      0.12886447      0.29438788               0       10.398115      -3.7297014       -3.7297014       10.398115                       10.398115
              3       1.5667223       71.190103     0.025507085      0.12681539      0.30182652               0       10.592847      -3.7297014       -3.7297014       10.592847                       10.592847
              1       1.5843027       71.831972     0.025991334      0.12706223      0.29787343               0       10.628008      -3.7297014       -3.7297014       10.628008                       10.628008
              7       1.5002521       70.762548     0.024818402      0.12237218      0.29523613               0       10.459907      -3.7297014       -3.7297014       10.459907                       10.459907
              3       2.0170215       68.135495     0.022206492      0.11296131      0.29254393               0       11.493446      -3.7297014       -3.7297014       11.493446                       11.493446
              4       2.0022242       67.374931     0.021165913      0.11484259      0.30103803               0       11.463851      -3.7297014       -3.7297014       11.463851                       11.463851
              4       1.9430724       67.414771     0.021186397      0.11498502      0.30104078               0       11.345548      -3.7297014       -3.7297014       11.345548                       11.345548
              9       1.6840345       64.096266     0.017062734      0.10475916       0.2980919               0       10.827472      -3.7297014       -3.7297014       10.827472                       10.827472
              2       1.7831354       62.948591     0.015164907      0.10439135      0.30334291               0       11.025674      -3.7297014       -3.7297014       11.025674                       11.025674
              2       1.7600552       70.494172     0.024708491      0.12557582      0.30371392               0       10.979513      -3.7297014       -3.7297014       10.979513                       10.979513
              3       1.5882062       68.300401     0.021979332      0.11808264      0.30162439               0       10.635815      -3.7297014       -3.7297014       10.635815                       10.635815
              3       1.5843975       70.404074     0.024324123      0.12469957      0.30194851               0       10.628198      -3.7297014       -3.7297014       10.628198                       10.628198
              5       1.5812908       71.676861     0.026183324      0.12812788      0.30161198               0       10.621984      -3.7297014       -3.7297014       10.621984                       10.621984
              1       1.7573096       74.056433     0.029024806      0.13728575       0.3044199               0       10.974022      -3.7297014       -3.7297014       10.974022                       10.974022
              4       1.5313605       73.536097     0.028300695       0.1304322      0.29473016               0       10.522124      -3.7297014       -3.7297014       10.522124                       10.522124
              4       1.5447764       73.629442     0.028412041      0.13063806      0.29456845               0       10.548956      -3.7297014       -3.7297014       10.548956                       10.548956
              3       1.6130883       72.849354     0.027304894       0.1288759      0.29550422               0        10.68558      -3.7297014       -3.7297014        10.68558                        10.68558
             10       1.6141939       72.860673     0.027317713      0.12891747      0.29551487               0       10.687791      -3.7297014       -3.7297014       10.687791                       10.687791
              5       1.5998822       71.365152     0.025535617      0.12350075      0.29389544               0       10.659167      -3.7297014       -3.7297014       10.659167                       10.659167
              5       2.4709055       73.979478     0.028559581      0.12933968      0.28968474               0       12.401214      -3.7297014       -3.7297014       12.401214                       12.401214
              4        2.015275       71.480396     0.026452279      0.12241498      0.29261757               0       11.489953      -3.7297014       -3.7297014       11.489953                       11.489953
              4       3.1891591       73.674331     0.029387766      0.12350213      0.28286047               0       13.837721      -3.7297014       -3.7297014       13.837721                       13.837721
              1        2.837435       73.613599     0.029310689      0.12452857      0.28507931               0       13.134273      -3.7297014       -3.7297014       13.134273                       13.134273
              4       2.5866457       72.681172     0.028017109      0.12240546      0.28597292               0       12.632694      -3.7297014       -3.7297014       12.632694                       12.632694
              5       2.5195567       72.233434     0.027453168      0.12147306      0.28666128               0       12.498516      -3.7297014       -3.7297014       12.498516                       12.498516
              2       2.5672609       72.075216     0.026020171      0.13394925      0.30917922               0       12.593925      -3.7297014       -3.7297014       12.593925                       12.593925
              2       1.4136445       71.228898     0.025510981      0.12468807      0.29731257               0       10.286692      -3.7297014       -3.7297014       10.286692                       10.286692
              3       1.7204586       74.625294     0.029598091      0.13295025      0.29304076               0        10.90032      -3.7297014       -3.7297014        10.90032                        10.90032
              3       2.3201286       69.939118     0.023383233      0.11921037      0.29283107               0        12.09966      -3.7297014       -3.7297014        12.09966                        12.09966
              4       2.2993564       73.285695      0.02738224      0.13398918      0.30166039               0       12.058116      -3.7297014       -3.7297014       12.058116                       12.058116
              1       1.9478694       70.803074     0.024466055      0.12537727      0.30018991               0       11.355142      -3.7297014       -3.7297014       11.355142                       11.355142
              3       2.8286364       70.400596     0.023634621      0.12430113      0.29978323               0       13.116676      -3.7297014       -3.7297014       13.116676                       13.116676
              5       2.9041047       72.353682     0.026007286      0.13192437       0.3029114               0       13.267612      -3.7297014       -3.7297014       13.267612                       13.267612
              4       4.3531231       73.446844      0.02699837        0.139217      0.30931764               0       16.165649      -3.7297014       -3.7297014       16.165649                       16.165649
              2       3.8527623         73.2386      0.02682315      0.13564244      0.30408835               0       15.164927      -3.7297014       -3.7297014       15.164927                       15.164927
              5       3.9686669       73.426475     0.027023787      0.13616821      0.30388155               0       15.396737      -3.7297014       -3.7297014       15.396737                       15.396737
              2       2.5605457       73.413309      0.02751986      0.13125166      0.29578856               0       12.580494      -3.7297014       -3.7297014       12.580494                       12.580494
              2       2.1797008       71.649062     0.025522381      0.12479521       0.2940667               0       11.818804      -3.7297014       -3.7297014       11.818804                       11.818804
              1         2.15242       69.895623     0.023265395       0.1237198      0.30218485               0       11.764243      -3.7297014       -3.7297014       11.764243                       11.764243
              2       2.3057162       65.875252     0.019517319      0.10746552      0.29410195               0       12.070835      -3.7297014       -3.7297014       12.070835                       12.070835
              3       2.8172074       66.694714     0.020650068      0.10760443      0.28977805               0       13.093818      -3.7297014       -3.7297014       13.093818                       13.093818
              5       1.9772616       74.427924     0.029748902      0.12928447      0.28825175               0       11.413926      -3.7297014       -3.7297014       11.413926                       11.413926
              1       2.3112891       74.426806     0.029360954      0.12958084      0.28809507               0       12.081981      -3.7297014       -3.7297014       12.081981                       12.081981
              9       1.6665158       73.452495     0.028525627       0.1336313      0.30174783               0       10.792435      -3.7297014       -3.7297014       10.792435                       10.792435
              2       1.5826702       72.535919     0.027395312      0.12987431      0.30013299               0       10.624743      -3.7297014       -3.7297014       10.624743                       10.624743
              6       1.6240803       72.654928     0.027621619      0.12983538      0.29950553               0       10.707563      -3.7297014       -3.7297014       10.707563                       10.707563
              6       1.4907111       72.931845     0.027849347       0.1305133      0.29893808               0       10.440825      -3.7297014       -3.7297014       10.440825                       10.440825
              1       1.6106264       71.591544     0.026324751      0.12565996       0.2977921               0       10.680656      -3.7297014       -3.7297014       10.680656                       10.680656
              1       1.5905896       72.289277     0.027211642      0.12727739      0.29686356               0       10.640582      -3.7297014       -3.7297014       10.640582                       10.640582
              6       1.6374199       72.225455     0.027172835      0.12693515      0.29665798               0       10.734243      -3.7297014       -3.7297014       10.734243                       10.734243
              5       1.4789455       73.659908     0.028618579      0.13364744      0.30025193               0       10.417294      -3.7297014       -3.7297014       10.417294                       10.417294
              8       1.7505721       72.941522     0.028026675      0.12605932      0.29082066               0       10.960547      -3.7297014       -3.7297014       10.960547                       10.960547
              2       1.4475513       68.586574     0.022226776      0.11593234      0.29506752               0       10.354505      -3.7297014       -3.7297014       10.354505                       10.354505
              1       1.4373182       71.260029     0.025618431      0.12365917      0.29523824               0       10.334039      -3.7297014       -3.7297014       10.334039                       10.334039
              4       1.9208127       70.445502     0.025100099      0.12037176      0.29443622               0       11.301028      -3.7297014       -3.7297014       11.301028                       11.301028
              3       2.9362247       72.560142     0.027907111      0.13173231       0.3044337               0       13.331852      -3.7297014       -3.7297014       13.331852                       13.331852
              7       2.5765584       72.757193     0.028174086      0.13070586      0.30135222               0        12.61252      -3.7297014       -3.7297014        12.61252                        12.61252
              1       2.7263116       73.428173     0.029083732       0.1327784      0.30140099               0       12.912026      -3.7297014       -3.7297014       12.912026                       12.912026
              1       2.4934807       73.848357      0.02941688      0.13554101      0.30365748               0       12.446364      -3.7297014       -3.7297014       12.446364                       12.446364
              5       2.0004642       67.402672     0.021063351      0.11632507      0.30382766               0       11.460331      -3.7297014       -3.7297014       11.460331                       11.460331
              2       3.1110459       63.977631     0.016857289      0.11008553      0.31170945               0       13.681495      -3.7297014       -3.7297014       13.681495                       13.681495
              5       3.4581057       64.830867     0.018528609      0.10527004      0.29607795               0       14.375614      -3.7297014       -3.7297014       14.375614                       14.375614
              5       1.6362117       64.203017     0.017147439      0.10540614      0.29887649               0       10.731826      -3.7297014       -3.7297014       10.731826                       10.731826
              1       1.5599432       67.383841     0.020521697      0.11501148      0.29991158               0       10.579289      -3.7297014       -3.7297014       10.579289                       10.579289
              3       1.5376194       68.483056     0.021931935      0.11847283      0.30074847               0       10.534642      -3.7297014       -3.7297014       10.534642                       10.534642
              2       4.1157551       68.546941     0.022847527      0.10767427      0.27915466               0       15.690913      -3.7297014       -3.7297014       15.690913                       15.690913
              2       4.0646538        69.24221     0.023848179      0.10989425      0.28029412               0       15.588711      -3.7297014       -3.7297014       15.588711                       15.588711
              5       1.6482662       69.242836     0.023414403      0.11780023       0.2958738               0       10.755935      -3.7297014       -3.7297014       10.755935                       10.755935
              2       1.9398345       68.135163     0.021195324      0.11777914      0.30074656               0       11.339072      -3.7297014       -3.7297014       11.339072                       11.339072
              4       1.9573289       69.155022     0.022433061      0.12069244       0.3006213               0       11.374061      -3.7297014       -3.7297014       11.374061                       11.374061
              1       1.8614655       69.881925     0.023373628      0.12245224      0.29992935               0       11.182334      -3.7297014       -3.7297014       11.182334                       11.182334
              1       1.7093671       69.140955     0.022650235      0.11730593      0.29411386               0       10.878137      -3.7297014       -3.7297014       10.878137                       10.878137
              3       1.6428467       69.061044     0.022590882      0.11715362       0.2943511               0       10.745096      -3.7297014       -3.7297014       10.745096                       10.745096
              4       2.7098537       65.886442     0.019548935      0.11097112      0.30215041               0        12.87911      -3.7297014       -3.7297014        12.87911                        12.87911
              5       2.7982726        73.56784     0.029409564      0.12600429      0.28834338               0       13.055948      -3.7297014       -3.7297014       13.055948                       13.055948
              2       1.8192905       72.085462     0.027119005      0.12634386      0.29656985               0       11.097984      -3.7297014       -3.7297014       11.097984                       11.097984
              2       1.8566108       72.546307     0.027739574       0.1271796      0.29558103               0       11.172625      -3.7297014       -3.7297014       11.172625                       11.172625
              2       1.6115928       69.435786     0.023523279      0.12054898      0.30015876               0       10.682588      -3.7297014       -3.7297014       10.682588                       10.682588
              6       1.5113924       69.678466     0.023764658      0.12088175      0.29925416               0       10.482188      -3.7297014       -3.7297014       10.482188                       10.482188
              4       1.5975532       71.488911     0.025896834      0.12276336      0.29214269               0       10.654509      -3.7297014       -3.7297014       10.654509                       10.654509
              1        1.896804       71.585979     0.025992468      0.12158609      0.28924027               0       11.253011      -3.7297014       -3.7297014       11.253011                       11.253011
              4       1.8960426       71.562772     0.025964145      0.12151882      0.28924124               0       11.251488      -3.7297014       -3.7297014       11.251488                       11.251488
              4       2.1548834       71.179823      0.02561881        0.119118       0.2869417               0        11.76917      -3.7297014       -3.7297014        11.76917                        11.76917
              6         2.41197       70.839809     0.025166436      0.11741244      0.28540268               0       12.283343      -3.7297014       -3.7297014       12.283343                       12.283343
              4       2.4039454        63.42299     0.016158024      0.10711128      0.30805268               0       12.267294      -3.7297014       -3.7297014       12.267294                       12.267294
              3       1.6759248       66.852296     0.019995708      0.10980073      0.29186367               0       10.811252      -3.7297014       -3.7297014       10.811252                       10.811252
             13       1.8081888       66.332006     0.019322277      0.10797308      0.29077587               0        11.07578      -3.7297014       -3.7297014        11.07578                        11.07578
              1       1.7279611       67.405731     0.021049098      0.11508036       0.3010292               0       10.915325      -3.7297014       -3.7297014       10.915325                       10.915325
              3       1.5876189       63.754085      0.01636443      0.10582582       0.3022066               0       10.634641      -3.7297014       -3.7297014       10.634641                       10.634641
              1       2.9560478       72.585762     0.028244634      0.12633108       0.2946079               0       13.371498      -3.7297014       -3.7297014       13.371498                       13.371498
              2       5.2685053       71.467279     0.027108465      0.12771737      0.30439115               0       17.996414      -3.7297014       -3.7297014       17.996414                       17.996414
              1       5.7243651       71.056164     0.026607221      0.12727078      0.30604633               0       18.908133      -3.7297014       -3.7297014       18.908133                       18.908133
              5        3.895195       72.711193      0.02798076      0.13586928      0.31113438               0       15.249793      -3.7297014       -3.7297014       15.249793                       15.249793
              6       3.5292616       72.078195     0.026953101      0.13456395      0.31213257               0       14.517926      -3.7297014       -3.7297014       14.517926                       14.517926
              1       3.9302644       70.956875     0.026356781      0.12298119      0.29788626               0       15.319932      -3.7297014       -3.7297014       15.319932                       15.319932
              6       2.0909359       63.970171     0.017105186      0.10303196      0.29515124               0       11.641275      -3.7297014       -3.7297014       11.641275                       11.641275
              1       2.1573225       64.164268      0.01736509      0.10388648      0.29607512               0       11.774048      -3.7297014       -3.7297014       11.774048                       11.774048
              1       2.4138201       63.692634      0.01687465      0.10226816        0.295278               0       12.287043      -3.7297014       -3.7297014       12.287043                       12.287043
              4       1.6657425       66.282205     0.019612908      0.10792836      0.29177272               0       10.790888      -3.7297014       -3.7297014       10.790888                       10.790888
              8       1.6158871       66.424852     0.019781262      0.10862539      0.29248223               0       10.691177      -3.7297014       -3.7297014       10.691177                       10.691177
              5       1.5304407       67.253122     0.020803282      0.11350023      0.29835988               0       10.520284      -3.7297014       -3.7297014       10.520284                       10.520284
              2       1.5489538        70.92922     0.024894568      0.12479737      0.29882219               0       10.557311      -3.7297014       -3.7297014       10.557311                       10.557311
              2       1.7783368       67.345296     0.020677617      0.11682262      0.30459211               0       11.016076      -3.7297014       -3.7297014       11.016076                       11.016076
              1       2.6923954       65.512348     0.018844054      0.11252442       0.3075878               0       12.844194      -3.7297014       -3.7297014       12.844194                       12.844194
              4       3.5016789       63.265368     0.015664666      0.10991129       0.3153526               0       14.462761      -3.7297014       -3.7297014       14.462761                       14.462761
              6       3.8943561       62.918644     0.015184435      0.10967312      0.31702307               0       15.248115      -3.7297014       -3.7297014       15.248115                       15.248115
              1       3.7232414       63.097057      0.01541379      0.10987609      0.31631867               0       14.905886      -3.7297014       -3.7297014       14.905886                       14.905886
              2       5.0741622       65.253847     0.018544568      0.11630816      0.31821234               0       17.607727      -3.7297014       -3.7297014       17.607727                       17.607727
              1       4.6139998       65.306426     0.018681627      0.11529531      0.31564668               0       16.687403      -3.7297014       -3.7297014       16.687403                       16.687403
              3       2.0342854       68.554976     0.022073008      0.12155871      0.30698397               0       11.527974      -3.7297014       -3.7297014       11.527974                       11.527974
              5       2.0498812       65.564607     0.018988362      0.10927005      0.29986279               0       11.559165      -3.7297014       -3.7297014       11.559165                       11.559165
              6       2.1961399       66.185198     0.019816536      0.11075001      0.29953492               0       11.851683      -3.7297014       -3.7297014       11.851683                       11.851683
              2       1.7428768       63.210504     0.016014033      0.10284161      0.29908083               0       10.945157      -3.7297014       -3.7297014       10.945157                       10.945157
              1       2.6060214       64.161213     0.017173223        0.108822      0.30762638               0       12.671446      -3.7297014       -3.7297014       12.671446                       12.671446
              3       3.5831017       70.331224     0.025460353      0.12153006      0.29846379               0       14.625606      -3.7297014       -3.7297014       14.625606                       14.625606
              2       2.1640668       66.543654     0.020202646      0.11251602      0.30117673               0       11.787536      -3.7297014       -3.7297014       11.787536                       11.787536
              4       2.1019597       67.365064     0.021193443      0.11484244      0.30118655               0       11.663322      -3.7297014       -3.7297014       11.663322                       11.663322
              3       1.9065656       66.569344     0.020071544      0.10776663      0.28993109               0       11.272534      -3.7297014       -3.7297014       11.272534                       11.272534
              1       1.7656059       72.314106     0.027298171      0.12445874      0.29143514               0       10.990615      -3.7297014       -3.7297014       10.990615                       10.990615
              1       2.5239876       73.866921      0.02909769      0.12560751      0.28471438               0       12.507378      -3.7297014       -3.7297014       12.507378                       12.507378
              2       2.8891294        73.31156     0.028584282       0.1228141      0.28289166               0       13.237662      -3.7297014       -3.7297014       13.237662                       13.237662
              3        2.322609       69.284671     0.023177661      0.12419089      0.30833627               0       12.104621      -3.7297014       -3.7297014       12.104621                       12.104621
              1       2.3492056       69.678157     0.023559907      0.12582054      0.30900758               0       12.157814      -3.7297014       -3.7297014       12.157814                       12.157814
              3       1.4727249       72.125975     0.026607193      0.12615545      0.29489075               0       10.404853      -3.7297014       -3.7297014       10.404853                       10.404853
              2       2.2184073       66.773369     0.019741434      0.11693556      0.30798587               0       11.896217      -3.7297014       -3.7297014       11.896217                       11.896217
              1       2.1078499       66.013394     0.018930115      0.11442533      0.30749589               0       11.675103      -3.7297014       -3.7297014       11.675103                       11.675103
              1         2.22545       64.463311     0.016826105       0.1098693      0.30643479               0       11.910303      -3.7297014       -3.7297014       11.910303                       11.910303
              1       2.2833511       64.418126     0.016763702      0.10991815      0.30683216               0       12.026105      -3.7297014       -3.7297014       12.026105                       12.026105
              1       1.4491519       67.738059      0.02107393       0.1152424      0.29848997               0       10.357707      -3.7297014       -3.7297014       10.357707                       10.357707
              2       2.2647083       71.859899     0.025757154      0.13180397      0.30637105               0        11.98882      -3.7297014       -3.7297014        11.98882                        11.98882
              4       2.7485279       71.107125     0.025274869      0.11801429      0.28466563               0       12.956459      -3.7297014       -3.7297014       12.956459                       12.956459
              7       3.2538071       68.943729      0.02265784      0.12585922      0.31380967               0       13.967017      -3.7297014       -3.7297014       13.967017                       13.967017
              3       2.7205077        72.44393     0.026331489      0.13496105      0.30856113               0       12.900418      -3.7297014       -3.7297014       12.900418                       12.900418
              1       2.6871579       73.395761     0.027639075       0.1387216      0.31001809               0       12.833719      -3.7297014       -3.7297014       12.833719                       12.833719
              3       2.8374193       74.413549     0.028607852      0.13608955      0.29859183               0       13.134241      -3.7297014       -3.7297014       13.134241                       13.134241
              3       1.6376482       74.927511     0.029823128      0.13790179       0.2999022               0       10.734699      -3.7297014       -3.7297014       10.734699                       10.734699
              2       2.1924746       71.066065     0.025446216      0.12901059      0.30710713               0       11.844352      -3.7297014       -3.7297014       11.844352                       11.844352
              1       2.1360866       72.382844     0.027504582      0.12982013      0.30150893               0       11.731576      -3.7297014       -3.7297014       11.731576                       11.731576
              6       2.3389889       72.809066     0.028244242      0.12941141      0.29861349               0       12.137381      -3.7297014       -3.7297014       12.137381                       12.137381
             10       2.2910681       73.045407     0.028557153      0.12950305      0.29744246               0       12.041539      -3.7297014       -3.7297014       12.041539                       12.041539
             11       2.3053377        69.62348     0.024051169       0.1147983      0.28776823               0       12.070078      -3.7297014       -3.7297014       12.070078                       12.070078
              1        2.067951       70.293652     0.024854924      0.11752261       0.2894474               0       11.595305      -3.7297014       -3.7297014       11.595305                       11.595305
              2       2.0721336       71.122365     0.025328912      0.11988468      0.28834807               0        11.60367      -3.7297014       -3.7297014        11.60367                        11.60367
              7       1.8446875       72.861576     0.028067405      0.12994475      0.29885476               0       11.148778      -3.7297014       -3.7297014       11.148778                       11.148778
              7        1.880591        74.30965      0.02999778       0.1331371      0.29659774               0       11.220585      -3.7297014       -3.7297014       11.220585                       11.220585
              6       2.1094286       72.661737     0.027916628      0.12975276      0.29985166               0        11.67826      -3.7297014       -3.7297014        11.67826                        11.67826
              3       2.2446468       72.443643     0.027701905      0.12898156      0.29978117               0       11.948696      -3.7297014       -3.7297014       11.948696                       11.948696
              4       2.3289517       73.686914      0.02937271      0.13196774      0.29832727               0       12.117306      -3.7297014       -3.7297014       12.117306                       12.117306
              4       2.6245907       73.580563      0.02933279      0.12593685      0.28797732               0       12.708584      -3.7297014       -3.7297014       12.708584                       12.708584
              7       3.9569482       69.801723     0.023132444      0.11482977      0.28447941               0       15.373299      -3.7297014       -3.7297014       15.373299                       15.373299
              2       3.9397009       69.662028     0.023071337      0.11364564      0.28305549               0       15.338805      -3.7297014       -3.7297014       15.338805                       15.338805
              1       4.2589147       67.868233      0.02209489      0.12001448      0.30992291               0       15.977232      -3.7297014       -3.7297014       15.977232                       15.977232
              2       4.2676895       67.557942     0.021701984      0.11918756      0.31010372               0       15.994782      -3.7297014       -3.7297014       15.994782                       15.994782
              1       5.3440373       68.531636     0.022950498      0.12384412      0.31392757               0       18.147478      -3.7297014       -3.7297014       18.147478                       18.147478
              5       2.8525892       72.548295     0.027097945      0.13643674        0.311934               0       13.164581      -3.7297014       -3.7297014       13.164581                       13.164581
              6       2.0601861       73.812685     0.028803352      0.13764057      0.30667854               0       11.579775      -3.7297014       -3.7297014       11.579775                       11.579775
              1       2.2902338         68.6798     0.021736079      0.12066714      0.30326465               0       12.039871      -3.7297014       -3.7297014       12.039871                       12.039871
              1       1.6058665       63.935012     0.016452618      0.10647504      0.30230258               0       10.671136      -3.7297014       -3.7297014       10.671136                       10.671136
              1       1.8737857       72.270984     0.026394398      0.13141473      0.30337043               0       11.206974      -3.7297014       -3.7297014       11.206974                       11.206974
              4       1.7473646       73.966698      0.02927711      0.13500831      0.30145745               0       10.954132      -3.7297014       -3.7297014       10.954132                       10.954132
              1       1.5189025       66.787407     0.020111322       0.1132729      0.30047443               0       10.497208      -3.7297014       -3.7297014       10.497208                       10.497208
              2       1.5840812       65.760912      0.01903635      0.10869229      0.29685015               0       10.627565      -3.7297014       -3.7297014       10.627565                       10.627565
              2       1.5902624       66.384402     0.019805121      0.10966923      0.29526157               0       10.639928      -3.7297014       -3.7297014       10.639928                       10.639928
              4       2.4152843       66.748877     0.020633516      0.10915458      0.29275008               0       12.289971      -3.7297014       -3.7297014       12.289971                       12.289971
              6       2.5859134       70.924986     0.025809922      0.11774758      0.28666303               0        12.63123      -3.7297014       -3.7297014        12.63123                        12.63123
              7       3.1100895        70.62601     0.025550625      0.11573786      0.28454626               0       13.679582      -3.7297014       -3.7297014       13.679582                       13.679582
              1       1.4993249       73.096508     0.028096457       0.1284639      0.29421967               0       10.458053      -3.7297014       -3.7297014       10.458053                       10.458053
              4       1.5242159       70.804618     0.024858016      0.12233696      0.29489415               0       10.507835      -3.7297014       -3.7297014       10.507835                       10.507835
              1       1.4851802       72.576431     0.027092151      0.12806359      0.29578482               0       10.429763      -3.7297014       -3.7297014       10.429763                       10.429763
              3       1.4581045       71.597121     0.025899433      0.12513988      0.29590144               0       10.375612      -3.7297014       -3.7297014       10.375612                       10.375612
              1       2.1954982       66.774826     0.019430618      0.11356662      0.29971979               0       11.850399      -3.7297014       -3.7297014       11.850399                       11.850399
              2       2.2729994       66.835141      0.01949094      0.11481381      0.30210616               0       12.005402      -3.7297014       -3.7297014       12.005402                       12.005402
              2        2.981079       66.285325      0.01867614      0.11530588      0.30640417               0       13.421561      -3.7297014       -3.7297014       13.421561                       13.421561
              1       2.9528271       69.904409     0.023924687      0.12788125      0.31197408               0       13.365057      -3.7297014       -3.7297014       13.365057                       13.365057
              3       2.8438041       69.818775     0.023819659      0.12734231      0.31141877               0       13.147011      -3.7297014       -3.7297014       13.147011                       13.147011
              1        2.297964       72.343254     0.027483966      0.12221452       0.2872672               0       12.055331      -3.7297014       -3.7297014       12.055331                       12.055331
              1       3.4909591       68.813841      0.02344477      0.11138723       0.2860956               0       14.441321      -3.7297014       -3.7297014       14.441321                       14.441321
              7       4.6324087       70.888013     0.026462152      0.11747167      0.28771102               0        16.72422      -3.7297014       -3.7297014        16.72422                        16.72422
              3       4.9081434       70.944311     0.026593393       0.1174303      0.28743312               0        17.27569      -3.7297014       -3.7297014        17.27569                        17.27569
              2       2.8346973       71.362731     0.026622951      0.12083306      0.29081216               0       13.128798      -3.7297014       -3.7297014       13.128798                       13.128798
             12       3.5532664       64.634996     0.018246031      0.10688727      0.30106986               0       14.565936      -3.7297014       -3.7297014       14.565936                       14.565936
              5        3.337445       69.952985     0.024973458      0.11789651      0.29327975               0       14.134293      -3.7297014       -3.7297014       14.134293                       14.134293
              1       3.6247065       70.973041     0.026346025      0.12169076      0.29516742               0       14.708816      -3.7297014       -3.7297014       14.708816                       14.708816
              2       3.8944561       67.653436     0.021544861      0.12093381      0.31270089               0       15.248315      -3.7297014       -3.7297014       15.248315                       15.248315
              1       5.4294537       66.714442     0.020235958      0.12160093      0.32012332               0        18.31831      -3.7297014       -3.7297014        18.31831                        18.31831
              1       4.5564299       70.054297     0.023399522      0.13248895       0.3189593               0       16.572263      -3.7297014       -3.7297014       16.572263                       16.572263
              1       4.4842295       70.184505     0.023527671       0.1327097      0.31848521               0       16.427862      -3.7297014       -3.7297014       16.427862                       16.427862
              3       4.5072962       70.488421     0.023901303      0.13376631      0.31862335               0       16.473995      -3.7297014       -3.7297014       16.473995                       16.473995
              1       5.5579085       68.929002     0.022343073      0.13056817      0.32319234               0        18.57522      -3.7297014       -3.7297014        18.57522                        18.57522
              2       3.6284737       67.743837     0.021134472      0.12309301      0.31567757               0        14.71635      -3.7297014       -3.7297014        14.71635                        14.71635
              2       4.5779786       66.790379      0.02040625      0.12009161      0.31639413               0        16.61536      -3.7297014       -3.7297014        16.61536                        16.61536
              2       3.6463569        69.10284     0.023056136      0.12641111      0.31435605               0       14.752117      -3.7297014       -3.7297014       14.752117                       14.752117
              3       2.1517476       68.218353     0.022013745      0.11967492      0.30584582               0       11.762898      -3.7297014       -3.7297014       11.762898                       11.762898
              7       2.0536428       68.571001     0.022189795      0.12150415      0.30697283               0       11.566689      -3.7297014       -3.7297014       11.566689                       11.566689
              1       3.2189116       66.089689     0.018840733       0.1175648      0.31376939               0       13.897226      -3.7297014       -3.7297014       13.897226                       13.897226
              3       3.0221208       64.894153     0.017599661      0.11360056      0.31307646               0       13.503645      -3.7297014       -3.7297014       13.503645                       13.503645
              2       3.2631366       62.810008     0.015203722      0.10809023      0.31415725               0       13.985676      -3.7297014       -3.7297014       13.985676                       13.985676
              3        2.754393       66.531786     0.020375668      0.11248658      0.30160858               0       12.968189      -3.7297014       -3.7297014       12.968189                       12.968189
              4       2.5625412       66.073067     0.019826508       0.1095894      0.29791679               0       12.584485      -3.7297014       -3.7297014       12.584485                       12.584485
              1       2.8699485       66.229828     0.020130726      0.10850929       0.2947393               0         13.1993      -3.7297014       -3.7297014         13.1993                         13.1993
              4       2.7302239       65.875177     0.019650003      0.10739459      0.29424493               0       12.919851      -3.7297014       -3.7297014       12.919851                       12.919851
              2       2.8226877       71.150566     0.026100489      0.11749326       0.2849198               0       13.104778      -3.7297014       -3.7297014       13.104778                       13.104778
             13       3.8251284       71.877322     0.027416258      0.11854585      0.28377145               0        15.10966      -3.7297014       -3.7297014        15.10966                        15.10966
              1       3.6403325        71.87463     0.027368974        0.118815      0.28422218               0       14.740068      -3.7297014       -3.7297014       14.740068                       14.740068
              1       3.4510127       73.045992     0.028983344      0.12473458      0.28929956               0       14.361428      -3.7297014       -3.7297014       14.361428                       14.361428
              3       5.1040109       67.529832     0.022246755      0.11131923       0.2943025               0       17.667425      -3.7297014       -3.7297014       17.667425                       17.667425
              1       1.9135518       63.998957     0.016990805      0.10569566       0.3011099               0       11.286506      -3.7297014       -3.7297014       11.286506                       11.286506
              8       3.0416578       65.400262     0.019071383      0.10900264      0.30094065               0       13.542719      -3.7297014       -3.7297014       13.542719                       13.542719
              9       1.6225347       69.321852     0.023182384      0.11637806       0.2917574               0       10.704472      -3.7297014       -3.7297014       10.704472                       10.704472
              1       1.4550982         71.5288     0.026054376      0.12428363      0.29509626               0       10.369599      -3.7297014       -3.7297014       10.369599                       10.369599
              7       1.4862092       68.534353     0.022312518      0.11751025      0.29905935               0       10.431821      -3.7297014       -3.7297014       10.431821                       10.431821
              3       3.6816601       65.176604     0.018722444      0.10066331      0.28255692               0       14.822723      -3.7297014       -3.7297014       14.822723                       14.822723
              1       4.2937739       67.234022     0.021245286      0.10423142      0.27900286               0       16.046951      -3.7297014       -3.7297014       16.046951                       16.046951
              5       3.9272065       67.859177     0.022047341      0.10653357      0.28062704               0       15.313816      -3.7297014       -3.7297014       15.313816                       15.313816
              1       2.0839971       70.269672     0.024954253      0.11942775      0.29370438               0       11.627397      -3.7297014       -3.7297014       11.627397                       11.627397
              1       2.9766982        72.06243     0.027565825      0.12245978      0.29014042               0       13.412799      -3.7297014       -3.7297014       13.412799                       13.412799
              4       1.7480997       72.782812     0.027920658       0.1295203      0.29842366               0       10.955602      -3.7297014       -3.7297014       10.955602                       10.955602
              2       1.4639797       71.608063     0.026203771      0.12535935      0.29683254               0       10.387362      -3.7297014       -3.7297014       10.387362                       10.387362
              2       1.9235649       69.622876     0.023058917      0.12297018      0.30258467               0       11.306533      -3.7297014       -3.7297014       11.306533                       11.306533
              3       1.7551498       63.449334      0.01571406      0.10195059      0.29387514               0       10.969702      -3.7297014       -3.7297014       10.969702                       10.969702
              7       1.4222691       63.044326     0.015489471      0.10154922      0.29608818               0       10.303941      -3.7297014       -3.7297014       10.303941                       10.303941
              4       3.3573272       68.336383     0.022446162       0.1083956      0.28156274               0       14.174057      -3.7297014       -3.7297014       14.174057                       14.174057
              2       3.6139141       65.166728     0.017765394      0.10118695      0.28162198               0       14.687231      -3.7297014       -3.7297014       14.687231                       14.687231
              1       1.8938018       68.446906     0.022446558      0.11299091      0.29046363               0       11.247007      -3.7297014       -3.7297014       11.247007                       11.247007
             10       1.8453735       68.756742      0.02280042       0.1139171       0.2905594               0        11.15015      -3.7297014       -3.7297014        11.15015                        11.15015
              3       2.1279536       72.237228     0.026313482      0.12609404      0.29330259               0        11.71531      -3.7297014       -3.7297014        11.71531                        11.71531
              4       2.8549309       73.180631     0.027042242       0.1342979      0.30246878               0       13.169265      -3.7297014       -3.7297014       13.169265                       13.169265
              1       1.6701478       67.732859     0.021119215       0.1120246      0.29162059               0       10.799699      -3.7297014       -3.7297014       10.799699                       10.799699
              9       1.9305141       64.318014     0.017055059       0.1088234      0.30584602               0       11.320431      -3.7297014       -3.7297014       11.320431                       11.320431
              3       2.6570042       63.429405      0.01659023      0.10330882       0.2996135               0       12.773411      -3.7297014       -3.7297014       12.773411                       12.773411
              5       2.7373939        72.65206     0.026453275      0.13379081      0.30480941               0       12.934191      -3.7297014       -3.7297014       12.934191                       12.934191
              1       2.8510613       73.917912     0.027959117      0.13586068      0.30100333               0       13.161525      -3.7297014       -3.7297014       13.161525                       13.161525
              7       1.6236273       73.262681      0.02808763      0.12804966      0.29209827               0       10.706658      -3.7297014       -3.7297014       10.706658                       10.706658
              1       1.7606138       74.013971     0.028804787       0.1309575      0.29281568               0        10.98063      -3.7297014       -3.7297014        10.98063                        10.98063
              4       1.8082668        71.77132       0.0262876      0.12233275       0.2897708               0       11.075937      -3.7297014       -3.7297014       11.075937                       11.075937
              5       2.1001586       71.327695     0.025793345       0.1197473      0.28733317               0        11.65972      -3.7297014       -3.7297014        11.65972                        11.65972
              2       2.4470239        67.64701     0.020404764      0.11539758       0.2981708               0       12.353451      -3.7297014       -3.7297014       12.353451                       12.353451
              6       2.2646889       68.365114     0.021341476      0.11903373      0.30172382               0       11.988781      -3.7297014       -3.7297014       11.988781                       11.988781
              2       4.0077925       69.812607     0.022614595      0.12310195      0.30030094               0       15.474988      -3.7297014       -3.7297014       15.474988                       15.474988
              6       3.0730194       66.593821     0.019081085      0.10963617      0.29170026               0       13.605442      -3.7297014       -3.7297014       13.605442                       13.605442
              2       3.7808287       66.231206     0.018492616      0.10858442      0.29116393               0        15.02106      -3.7297014       -3.7297014        15.02106                        15.02106
              1       3.1837348       74.263906     0.029061932        0.127182      0.28446859               0       13.826872      -3.7297014       -3.7297014       13.826872                       13.826872
              3       4.5695891        72.45964     0.027191399      0.11758627      0.27697284               0       16.598581      -3.7297014       -3.7297014       16.598581                       16.598581
              8       3.7153364        73.22493     0.028331501      0.12085627       0.2794386               0       14.890076      -3.7297014       -3.7297014       14.890076                       14.890076
              7       1.5286235       66.728639     0.020106553       0.1099794      0.29359661               0        10.51665      -3.7297014       -3.7297014        10.51665                        10.51665
              4       1.4336561       67.844293     0.021397395      0.11401483      0.29559167               0       10.326715      -3.7297014       -3.7297014       10.326715                       10.326715
              4       1.5085374        65.86417     0.018779483      0.10839411      0.29464063               0       10.476478      -3.7297014       -3.7297014       10.476478                       10.476478
              1       1.5118453       66.056168     0.018980334      0.10920219      0.29524257               0       10.483093      -3.7297014       -3.7297014       10.483093                       10.483093
              1       2.3408699       66.439641     0.019259494       0.1076327      0.28892116               0       12.141143      -3.7297014       -3.7297014       12.141143                       12.141143
              5       2.2944759       66.791335     0.019728439      0.10841867      0.28869953               0       12.048355      -3.7297014       -3.7297014       12.048355                       12.048355
              4       1.4600422       63.607562     0.016296724      0.10269119      0.29568552               0       10.379487      -3.7297014       -3.7297014       10.379487                       10.379487
              4       1.6620559       65.022607     0.018180758      0.10581531      0.29480129               0       10.783515      -3.7297014       -3.7297014       10.783515                       10.783515
              2        1.429461       64.756763     0.017620259      0.10583802      0.29594431               0       10.318325      -3.7297014       -3.7297014       10.318325                       10.318325
              1       1.6878603       71.834948     0.026222158      0.12984173      0.30368244               0       10.835123      -3.7297014       -3.7297014       10.835123                       10.835123
              2       1.8079971       69.016705     0.023231495      0.11703453      0.29582431               0       11.075397      -3.7297014       -3.7297014       11.075397                       11.075397
              4       1.7706769       68.519143     0.022580904      0.11599403      0.29653426               0       11.000757      -3.7297014       -3.7297014       11.000757                       11.000757
              3       2.2359264       68.742399     0.023042055      0.11382002      0.29098657               0       11.931256      -3.7297014       -3.7297014       11.931256                       11.931256
              1        2.089333       66.834206     0.020624009       0.1098779      0.29360106               0       11.638069      -3.7297014       -3.7297014       11.638069                       11.638069
              6       1.5878233       67.064699     0.020174509      0.11156915      0.29434725               0        10.63505      -3.7297014       -3.7297014        10.63505                        10.63505
              9       1.5829744       63.863149      0.01635492      0.10264177      0.29334504               0       10.625352      -3.7297014       -3.7297014       10.625352                       10.625352
              1       2.3441935       63.886106     0.016063633      0.10221988      0.29138688               0        12.14779      -3.7297014       -3.7297014        12.14779                        12.14779
              1        1.949329       67.182995     0.020070565      0.11255045      0.29525541               0       11.358061      -3.7297014       -3.7297014       11.358061                       11.358061
              1       1.9706903       67.186934     0.020063485      0.11261824       0.2953553               0       11.400784      -3.7297014       -3.7297014       11.400784                       11.400784
              3       1.6505923       73.168043     0.027629289      0.13296508      0.30117983               0       10.760588      -3.7297014       -3.7297014       10.760588                       10.760588
              4       1.8292136       71.987382     0.026060495      0.13029284      0.30295624               0        11.11783      -3.7297014       -3.7297014        11.11783                        11.11783
              1       1.5113819       72.741043     0.027616791      0.13011151      0.29930954               0       10.482167      -3.7297014       -3.7297014       10.482167                       10.482167
              2       1.4219634       73.238633     0.028043249      0.13142711      0.29850403               0        10.30333      -3.7297014       -3.7297014        10.30333                        10.30333
              3       1.8485257        72.26942     0.026619864       0.1321869      0.30529369               0       11.156454      -3.7297014       -3.7297014       11.156454                       11.156454
              2       3.2779363       71.378039     0.025941752      0.13249037      0.31223108               0       14.015276      -3.7297014       -3.7297014       14.015276                       14.015276
              3       3.9102218       70.422432     0.024657558      0.13122491      0.31562118               0       15.279846      -3.7297014       -3.7297014       15.279846                       15.279846
              7       2.2202489       73.260615     0.028233915      0.13590293       0.3070195               0       11.899901      -3.7297014       -3.7297014       11.899901                       11.899901
              9       2.0638727       73.594662     0.028733528      0.13594533      0.30523942               0       11.587148      -3.7297014       -3.7297014       11.587148                       11.587148
             11       2.0569104       72.985383     0.027194264      0.13435527      0.30448234               0       11.573224      -3.7297014       -3.7297014       11.573224                       11.573224
              1       2.0832156       72.397497     0.026414928      0.12855408      0.29689246               0       11.625834      -3.7297014       -3.7297014       11.625834                       11.625834
              2       2.7637047       69.220864     0.022208712      0.12158091       0.3014357               0       12.986812      -3.7297014       -3.7297014       12.986812                       12.986812
              4       1.9784498       63.622374     0.015778459      0.10323724       0.2956165               0       11.416302      -3.7297014       -3.7297014       11.416302                       11.416302
              2       1.9650093       63.665938     0.015835137       0.1033418      0.29560986               0       11.389421      -3.7297014       -3.7297014       11.389421                       11.389421
              5       2.0446898       64.340365     0.016605862      0.10502666      0.29537689               0       11.548782      -3.7297014       -3.7297014       11.548782                       11.548782
              1        2.382839       67.718741     0.020833396      0.11086845       0.2885978               0       12.225081      -3.7297014       -3.7297014       12.225081                       12.225081
              7       2.2812027       69.074983     0.023409085      0.11379146       0.2889006               0       12.021808      -3.7297014       -3.7297014       12.021808                       12.021808
              1       4.4805251       69.619963     0.022832566      0.11389995       0.2834297               0       16.420453      -3.7297014       -3.7297014       16.420453                       16.420453
              1       4.4798574       69.341605     0.022549787      0.11265317       0.2825287               0       16.419118      -3.7297014       -3.7297014       16.419118                       16.419118
              2       4.6487542       69.426917     0.022644494      0.11266889      0.28206387               0       16.756911      -3.7297014       -3.7297014       16.756911                       16.756911
              4         3.78631       71.785285      0.02631273       0.1171125      0.27957658               0       15.032023      -3.7297014       -3.7297014       15.032023                       15.032023
              8       2.6013695       69.035932     0.023406675      0.11260188      0.28672648               0       12.662142      -3.7297014       -3.7297014       12.662142                       12.662142
              2       1.4817125       70.284355     0.024546066      0.12185442      0.29766777               0       10.422828      -3.7297014       -3.7297014       10.422828                       10.422828
              5       1.4228981       69.134008     0.022852531      0.11864171      0.29739104               0       10.305199      -3.7297014       -3.7297014       10.305199                       10.305199
              2       1.4502906       68.785404     0.022369642       0.1173834      0.29673297               0       10.359984      -3.7297014       -3.7297014       10.359984                       10.359984
              7       3.8157203        68.42768     0.021598439      0.12593925      0.31646909               0       15.090844      -3.7297014       -3.7297014       15.090844                       15.090844
             10       4.3532335       72.136598       0.0257107      0.13823545      0.31629541               0        16.16587      -3.7297014       -3.7297014        16.16587                        16.16587
              1       2.0079311       68.046542     0.021763239      0.11095176      0.28801206               0       11.475265      -3.7297014       -3.7297014       11.475265                       11.475265
              1       1.9294181       66.466109     0.020001362      0.10771216      0.29055027               0       11.318239      -3.7297014       -3.7297014       11.318239                       11.318239
              1       1.7060085       66.093769     0.019429869      0.10739641      0.29180206               0        10.87142      -3.7297014       -3.7297014        10.87142                        10.87142
              2       1.6444206       69.720888     0.023867857      0.12175995      0.30090903               0       10.748244      -3.7297014       -3.7297014       10.748244                       10.748244
              1        1.889551       70.083952     0.024625562       0.1196789       0.2951052               0       11.238505      -3.7297014       -3.7297014       11.238505                       11.238505
              4       2.2542193       69.119057     0.023555211      0.11751879      0.29664007               0       11.967841      -3.7297014       -3.7297014       11.967841                       11.967841
              4       2.1882844       69.191659     0.023633545      0.11689754      0.29488386               0       11.835972      -3.7297014       -3.7297014       11.835972                       11.835972
              2       2.1469373        70.45051     0.025187079      0.11892695       0.2916586               0       11.753277      -3.7297014       -3.7297014       11.753277                       11.753277
              2       2.5586061       66.558974     0.020183265      0.10579436      0.28582163               0       12.576615      -3.7297014       -3.7297014       12.576615                       12.576615
              1       2.5250001       68.587791     0.021619304      0.11577934       0.2934405               0       12.509403      -3.7297014       -3.7297014       12.509403                       12.509403
              4       1.7605625       72.715656     0.027423944      0.13274956        0.304143               0       10.980528      -3.7297014       -3.7297014       10.980528                       10.980528
              3       1.4114326       74.743108     0.029974059      0.13563538      0.29759708               0       10.282268      -3.7297014       -3.7297014       10.282268                       10.282268
              2       1.4135728       74.649546     0.029858337       0.1355145      0.29791896               0       10.286549      -3.7297014       -3.7297014       10.286549                       10.286549
              4       1.8063399       72.807856     0.027714826      0.13240239        0.303267               0       11.072083      -3.7297014       -3.7297014       11.072083                       11.072083
              1       1.7941746       70.662182     0.024641059      0.12688975      0.30476778               0       11.047752      -3.7297014       -3.7297014       11.047752                       11.047752
              2       2.2789198       74.339489     0.029131468      0.13021144      0.28949807               0       12.017243      -3.7297014       -3.7297014       12.017243                       12.017243
              2       2.2865881       74.216174      0.02901225      0.12954343      0.28903168               0       12.032579      -3.7297014       -3.7297014       12.032579                       12.032579
              4       1.5669179        74.26814     0.029102397      0.13375217      0.29642116               0       10.593239      -3.7297014       -3.7297014       10.593239                       10.593239
              2       1.5845847       74.170195     0.028970107      0.13331853      0.29617583               0       10.628572      -3.7297014       -3.7297014       10.628572                       10.628572
              9       1.7863805       74.037933     0.028594715      0.13450916      0.29872217               0       11.032164      -3.7297014       -3.7297014       11.032164                       11.032164
              3       1.5466539       73.209874      0.02789431      0.12922423      0.29435062               0       10.552711      -3.7297014       -3.7297014       10.552711                       10.552711
              1       1.5531675       72.913111     0.027519121      0.12826037       0.2942328               0       10.565738      -3.7297014       -3.7297014       10.565738                       10.565738
              1       2.1548523       73.287172     0.027485411       0.1315314      0.29726431               0       11.769108      -3.7297014       -3.7297014       11.769108                       11.769108
              2       2.0475411       72.616438     0.026665239      0.13096295      0.30014775               0       11.554485      -3.7297014       -3.7297014       11.554485                       11.554485
              4       1.6951881       69.939278     0.023586145       0.1205252      0.29593255               0       10.849779      -3.7297014       -3.7297014       10.849779                       10.849779
              7       3.8699051       70.933036     0.023999928      0.12812559      0.30362673               0       15.199213      -3.7297014       -3.7297014       15.199213                       15.199213
              1       3.5009603       74.196801      0.02811308      0.13671391      0.30057431               0       14.461323      -3.7297014       -3.7297014       14.461323                       14.461323
              1       2.5920285       72.365551     0.027559752      0.12128868      0.28546696               0        12.64346      -3.7297014       -3.7297014        12.64346                        12.64346
              9       2.2981765       72.271173     0.027565885      0.12349157      0.29044234               0       12.055756      -3.7297014       -3.7297014       12.055756                       12.055756
              1        2.272578       72.151425     0.027406683      0.12329697      0.29072759               0       12.004559      -3.7297014       -3.7297014       12.004559                       12.004559
             12       1.5132131       72.272297     0.027004746      0.12565021      0.29349172               0       10.485829      -3.7297014       -3.7297014       10.485829                       10.485829
              2       1.5610369       69.894555     0.023944559      0.11831673      0.29252436               0       10.581477      -3.7297014       -3.7297014       10.581477                       10.581477
              3       1.6605788       70.432017     0.024496335      0.11956661       0.2917088               0       10.780561      -3.7297014       -3.7297014       10.780561                       10.780561
             10       1.8513787       66.276077     0.018980986      0.11228924      0.30031601               0        11.16216      -3.7297014       -3.7297014        11.16216                        11.16216
              2       2.0711392       65.708999     0.018202884      0.10959571       0.2974814               0       11.601681      -3.7297014       -3.7297014       11.601681                       11.601681
              5       1.8957511       65.350658     0.017854167      0.10815851      0.29657096               0       11.250905      -3.7297014       -3.7297014       11.250905                       11.250905
              3        1.539545       72.277171     0.026631625      0.12975703      0.30059936               0       10.538493      -3.7297014       -3.7297014       10.538493                       10.538493
              2       1.4544563       72.523998     0.027242519      0.12948363      0.29919839               0       10.368316      -3.7297014       -3.7297014       10.368316                       10.368316
              6       1.4491105       72.432556     0.027109373      0.12922536      0.29920826               0       10.357624      -3.7297014       -3.7297014       10.357624                       10.357624
              8       1.5399895       74.135818     0.028992484        0.135825      0.30105171               0       10.539382      -3.7297014       -3.7297014       10.539382                       10.539382
              4       1.8272201       73.766225     0.028294545      0.13199999      0.29576399               0       11.113843      -3.7297014       -3.7297014       11.113843                       11.113843
              2       2.4774696       68.870178     0.021965551      0.11683539      0.29399557               0       12.414342      -3.7297014       -3.7297014       12.414342                       12.414342
              1         3.36112       69.619482     0.022593683      0.12000728      0.29554132               0       14.181643      -3.7297014       -3.7297014       14.181643                       14.181643
              1       1.7392533       74.698081     0.029611241       0.1337842       0.2939881               0        10.93791      -3.7297014       -3.7297014        10.93791                        10.93791
              4       1.4791771       71.216727     0.025735073      0.12396604      0.29643242               0       10.417757      -3.7297014       -3.7297014       10.417757                       10.417757
              3       1.7460119       71.891838     0.026800101      0.12655215      0.29795547               0       10.951427      -3.7297014       -3.7297014       10.951427                       10.951427
              3        2.080122       68.076469     0.021156783      0.11423189      0.29352806               0       11.619647      -3.7297014       -3.7297014       11.619647                       11.619647
              2       1.6373427       67.300939     0.020978699       0.1123214      0.29572073               0       10.734088      -3.7297014       -3.7297014       10.734088                       10.734088
              1       4.2377131       64.750947      0.01825933      0.11098342      0.30979404               0       15.934829      -3.7297014       -3.7297014       15.934829                       15.934829
              2       4.6584046        71.10746     0.025888496      0.13277194      0.31506336               0       16.776212      -3.7297014       -3.7297014       16.776212                       16.776212
              1       4.1807938        63.24081     0.016109716      0.10930069      0.31518364               0       15.820991      -3.7297014       -3.7297014       15.820991                       15.820991
              3       4.6877111       63.098831     0.015592001      0.11109687      0.31981465               0       16.834825      -3.7297014       -3.7297014       16.834825                       16.834825
             10       4.6373021       63.147671     0.015677289      0.11109042      0.31951785               0       16.734007      -3.7297014       -3.7297014       16.734007                       16.734007
              3       1.6104278       72.687047       0.0276361      0.13010211      0.29977314               0       10.680258      -3.7297014       -3.7297014       10.680258                       10.680258
              1       1.5298641       72.977266     0.027776608      0.13194559       0.3011189               0       10.519131      -3.7297014       -3.7297014       10.519131                       10.519131
              2       1.4156679       71.020257     0.025236699      0.12409875      0.29734982               0       10.290739      -3.7297014       -3.7297014       10.290739                       10.290739
              3       1.4734855       72.224402     0.026617825      0.12873038      0.29904418               0       10.406374      -3.7297014       -3.7297014       10.406374                       10.406374
              1       1.8187349       69.882705     0.024331485      0.11925404      0.29533517               0       11.096873      -3.7297014       -3.7297014       11.096873                       11.096873
              1       1.8123397       69.884875      0.02433054      0.11912188       0.2950443               0       11.084082      -3.7297014       -3.7297014       11.084082                       11.084082
              2       1.6657666       68.264087     0.022197215      0.11530712      0.29645686               0       10.790936      -3.7297014       -3.7297014       10.790936                       10.790936
              3       1.5085421       67.596011     0.020881869      0.11579376      0.30053214               0       10.476487      -3.7297014       -3.7297014       10.476487                       10.476487
              1       1.4735336       65.576949     0.018574408      0.10980486      0.30003097               0        10.40647      -3.7297014       -3.7297014        10.40647                        10.40647
              2       3.2935946       69.146509     0.023845235      0.11281708      0.28717751               0       14.046592      -3.7297014       -3.7297014       14.046592                       14.046592
              6       4.5677361       68.681169     0.023601694      0.11185477      0.28852583               0       16.594875      -3.7297014       -3.7297014       16.594875                       16.594875
              3       2.6245141       72.389671     0.027875124      0.12626637      0.29537751               0       12.708431      -3.7297014       -3.7297014       12.708431                       12.708431
             12       1.8271482       72.903216     0.027166096      0.13261934      0.30184991               0       11.113699      -3.7297014       -3.7297014       11.113699                       11.113699
              1       2.6936925       70.706806      0.02574899      0.12024187      0.29330211               0       12.846788      -3.7297014       -3.7297014       12.846788                       12.846788
              7        2.494717       65.515736     0.019096713      0.10515526      0.29097632               0       12.448837      -3.7297014       -3.7297014       12.448837                       12.448837
              2       2.1452452       64.287807     0.017495004      0.10297976      0.29305874               0       11.749893      -3.7297014       -3.7297014       11.749893                       11.749893
              4       3.0083578       67.569885     0.021571407       0.1175176      0.30605049               0       13.476118      -3.7297014       -3.7297014       13.476118                       13.476118
              3       4.0232099       69.359867     0.023837391      0.12504143      0.31080742               0       15.505823      -3.7297014       -3.7297014       15.505823                       15.505823
              1       3.4357591       72.188769     0.027236722      0.13373927      0.31013886               0       14.330921      -3.7297014       -3.7297014       14.330921                       14.330921
              1        2.740858       71.787889     0.026394449      0.13274772      0.31005389               0       12.941119      -3.7297014       -3.7297014       12.941119                       12.941119
              3       1.6570472       73.163659     0.028356722      0.13044225      0.29786188               0       10.773497      -3.7297014       -3.7297014       10.773497                       10.773497
              3       1.7313505       72.604947     0.027728458      0.12785566      0.29636516               0       10.922104      -3.7297014       -3.7297014       10.922104                       10.922104
              5       2.5457754       72.343325     0.027742113      0.12757356      0.29799965               0       12.550954      -3.7297014       -3.7297014       12.550954                       12.550954
              6       2.9792566       71.318327     0.026367256      0.11766678      0.28444657               0       13.417916      -3.7297014       -3.7297014       13.417916                       13.417916
              3       1.9190703       71.838461     0.026279817       0.1308839      0.30578386               0       11.297543      -3.7297014       -3.7297014       11.297543                       11.297543
              3       1.8088683         72.8161     0.028055604      0.12724161      0.29410775               0       11.077139      -3.7297014       -3.7297014       11.077139                       11.077139
              1       1.5685899        74.12227      0.02949271      0.13115966      0.29358072               0       10.596583      -3.7297014       -3.7297014       10.596583                       10.596583
              1       1.8746351       73.416533     0.028585948      0.12664886      0.28920095               0       11.208673      -3.7297014       -3.7297014       11.208673                       11.208673
              1       1.6485865       74.108626     0.029590418       0.1323741        0.296078               0       10.756576      -3.7297014       -3.7297014       10.756576                       10.756576
              1       1.7670766       72.364431     0.027408871      0.12807826      0.29815328               0       10.993556      -3.7297014       -3.7297014       10.993556                       10.993556
              3       2.2597937       73.310535     0.027533588       0.1362765      0.30599354               0        11.97899      -3.7297014       -3.7297014        11.97899                        11.97899
              2        2.150441       73.152722     0.027348017      0.13504226      0.30466202               0       11.760285      -3.7297014       -3.7297014       11.760285                       11.760285
              1       1.9052947       74.257191     0.029930277      0.13334897      0.29727875               0       11.269992      -3.7297014       -3.7297014       11.269992                       11.269992
              7       2.2201946       73.532493     0.029053767      0.13276982      0.30047512               0       11.899792      -3.7297014       -3.7297014       11.899792                       11.899792
              5       1.9590437       73.940849     0.029437716      0.13425566      0.30058537               0        11.37749      -3.7297014       -3.7297014        11.37749                        11.37749
              1       2.0537329       73.338369     0.028647789      0.13316132      0.30204101               0       11.566869      -3.7297014       -3.7297014       11.566869                       11.566869
              3       1.6572775       72.097189     0.026371581      0.13032158      0.30268787               0       10.773958      -3.7297014       -3.7297014       10.773958                       10.773958
              2       1.8705221       73.979206     0.029493512      0.12898084      0.29073768               0       11.200447      -3.7297014       -3.7297014       11.200447                       11.200447
              1       1.8938849       73.832362     0.029281764      0.12821788      0.29010726               0       11.247173      -3.7297014       -3.7297014       11.247173                       11.247173
              1       1.8379163        73.49774     0.028852186       0.1276346      0.29087989               0       11.135236      -3.7297014       -3.7297014       11.135236                       11.135236
              1       2.1236005       73.099414     0.028526363      0.12589417      0.29019175               0       11.706604      -3.7297014       -3.7297014       11.706604                       11.706604
              5       2.2288656       72.485726     0.027729956      0.12332437      0.28871956               0       11.917134      -3.7297014       -3.7297014       11.917134                       11.917134
              2       1.5444052       64.973498     0.018029305      0.10714149      0.29802979               0       10.548213      -3.7297014       -3.7297014       10.548213                       10.548213
              2        1.440561       66.480801     0.019552753      0.11091043      0.29664325               0       10.340525      -3.7297014       -3.7297014       10.340525                       10.340525
              4       1.4729196       65.951847     0.018871728      0.10927393      0.29609258               0       10.405242      -3.7297014       -3.7297014       10.405242                       10.405242
              9        1.600896       65.596935     0.018306238      0.10983233      0.29928879               0       10.661195      -3.7297014       -3.7297014       10.661195                       10.661195
              6         2.04455        63.11127     0.015163648      0.10442241      0.30185593               0       11.548503      -3.7297014       -3.7297014       11.548503                       11.548503
              1       1.8966443       63.893482     0.016369532      0.10772782      0.30556092               0       11.252692      -3.7297014       -3.7297014       11.252692                       11.252692
              5       1.8587021       65.055403     0.017765982      0.11078819      0.30527418               0       11.176807      -3.7297014       -3.7297014       11.176807                       11.176807
              1        1.707221        67.93348      0.02109692      0.11489367      0.29606928               0       10.873845      -3.7297014       -3.7297014       10.873845                       10.873845
              2       1.5868894       73.135197     0.027636974      0.13244452      0.30049156               0       10.633182      -3.7297014       -3.7297014       10.633182                       10.633182
              4       1.7550285       70.997889     0.025067255      0.12771005      0.30436533               0        10.96946      -3.7297014       -3.7297014        10.96946                        10.96946
              3       1.8534527       69.751256     0.023476802      0.12439321      0.30525569               0       11.166308      -3.7297014       -3.7297014       11.166308                       11.166308
              5       1.7687533       69.291137     0.023506765      0.11931659      0.29881207               0        10.99691      -3.7297014       -3.7297014        10.99691                        10.99691
              1       2.1932265       68.972777     0.022184743      0.12221162      0.30488346               0       11.845856      -3.7297014       -3.7297014       11.845856                       11.845856
              2       2.0767274       74.082227     0.028476425      0.13596499       0.3008022               0       11.612858      -3.7297014       -3.7297014       11.612858                       11.612858
              3       4.8530086       75.089812     0.029076359      0.13565578       0.2932994               0        17.16542      -3.7297014       -3.7297014        17.16542                        17.16542
              3       5.2821151        66.97688     0.019066187      0.11167728      0.29289001               0       18.023633      -3.7297014       -3.7297014       18.023633                       18.023633
              9       5.3257998       67.000857     0.019085468      0.11180009      0.29299695               0       18.111002      -3.7297014       -3.7297014       18.111002                       18.111002
             13       1.7714256       69.300838     0.023566973      0.11731475      0.29468555               0       11.002254      -3.7297014       -3.7297014       11.002254                       11.002254
              2        1.872281       72.690739     0.026886887      0.13232704      0.30253553               0       11.203965      -3.7297014       -3.7297014       11.203965                       11.203965
              3       1.7002968       73.671884     0.028275119      0.13535805      0.30267324               0       10.859996      -3.7297014       -3.7297014       10.859996                       10.859996
              1       1.6095324       72.562234     0.026951255      0.13130038       0.3017804               0       10.678468      -3.7297014       -3.7297014       10.678468                       10.678468
              2       2.1816342         72.2887     0.026203985      0.13108891      0.30223388               0       11.822671      -3.7297014       -3.7297014       11.822671                       11.822671
              1       2.0462666       63.946019     0.016833568        0.100452      0.28840061               0       11.551936      -3.7297014       -3.7297014       11.551936                       11.551936
              2       2.0868507       64.252659     0.017370386      0.10198832      0.29067609               0       11.633104      -3.7297014       -3.7297014       11.633104                       11.633104
              4       1.7201316       65.134899     0.018336837      0.10562165      0.29369712               0       10.899666      -3.7297014       -3.7297014       10.899666                       10.899666
              3       1.6190885       68.848424     0.022880885      0.11594795      0.29424024               0        10.69758      -3.7297014       -3.7297014        10.69758                        10.69758
              7       1.5599761        69.24846     0.023327091      0.11718383      0.29435826               0       10.579355      -3.7297014       -3.7297014       10.579355                       10.579355
              1       1.5746079       73.960616     0.028677656      0.13485967      0.30013945               0       10.608619      -3.7297014       -3.7297014       10.608619                       10.608619
              5       2.5420321       70.008562     0.023257094      0.12229069      0.29827789               0       12.543467      -3.7297014       -3.7297014       12.543467                       12.543467
              1       3.3333806       72.036373      0.02584705      0.12333908      0.28873263               0       14.126164      -3.7297014       -3.7297014       14.126164                       14.126164
              2        4.587485       72.006429     0.025468674      0.12376056      0.28905595               0       16.634373      -3.7297014       -3.7297014       16.634373                       16.634373
              1       6.0792002       70.828555     0.023557578      0.13379928      0.31495104               0       19.617803      -3.7297014       -3.7297014       19.617803                       19.617803
              2       5.1183315       70.071459     0.023166388      0.13303756      0.31944558               0       17.696066      -3.7297014       -3.7297014       17.696066                       17.696066
              2       5.1924802       69.997997     0.023067721      0.13291563      0.31966623               0       17.844363      -3.7297014       -3.7297014       17.844363                       17.844363
              5       1.7107998       63.058703     0.015215303      0.10274125      0.29826145               0       10.881003      -3.7297014       -3.7297014       10.881003                       10.881003
              5       1.4334844       74.712242     0.029825805      0.13592761      0.29810098               0       10.326372      -3.7297014       -3.7297014       10.326372                       10.326372
              1        2.718204       70.949168     0.024620412      0.13086244      0.31015828               0       12.895811      -3.7297014       -3.7297014       12.895811                       12.895811
              5       3.0435288       70.413058     0.023632294      0.12767503      0.30647741               0       13.546461      -3.7297014       -3.7297014       13.546461                       13.546461
              2       2.9843133       70.200587     0.023411025      0.12729268      0.30711055               0       13.428029      -3.7297014       -3.7297014       13.428029                       13.428029
              4       2.5488506       71.352175     0.024940316      0.12983078       0.3052665               0       12.557104      -3.7297014       -3.7297014       12.557104                       12.557104
              2       3.8875172       71.481547     0.024828375      0.13393119      0.31196834               0       15.234437      -3.7297014       -3.7297014       15.234437                       15.234437
              1       2.1912893       70.234861     0.024249735      0.12702247      0.30796334               0       11.841982      -3.7297014       -3.7297014       11.841982                       11.841982
             14       1.5640218       70.230153     0.024252201      0.11957378       0.2929077               0       10.587446      -3.7297014       -3.7297014       10.587446                       10.587446
              2       1.5469215       69.428797     0.023055803      0.11919188      0.29643405               0       10.553246      -3.7297014       -3.7297014       10.553246                       10.553246
              3       2.2405411       72.466468     0.026395902      0.13013963      0.29931066               0       11.940485      -3.7297014       -3.7297014       11.940485                       11.940485
              3       1.9491935       69.796245     0.023222424      0.12185034      0.29912023               0        11.35779      -3.7297014       -3.7297014        11.35779                        11.35779
              1       2.2912639        67.72487     0.020672212      0.11289209      0.29260617               0       12.041931      -3.7297014       -3.7297014       12.041931                       12.041931
              2       1.9906579       68.452416     0.021878266      0.11327556      0.28981154               0       11.440719      -3.7297014       -3.7297014       11.440719                       11.440719
              7       1.4872188       68.696259     0.022218982      0.11851967      0.29959212               0       10.433841      -3.7297014       -3.7297014       10.433841                       10.433841
              4       1.6962842       66.170282     0.019010474      0.11272561      0.30234107               0       10.851971      -3.7297014       -3.7297014       10.851971                       10.851971
              1       2.3293508       67.911688     0.020855633      0.11947099      0.30566097               0       12.118104      -3.7297014       -3.7297014       12.118104                       12.118104
              4       1.5961397       69.992653     0.023688141      0.12228027      0.29927211               0       10.651682      -3.7297014       -3.7297014       10.651682                       10.651682
              1       1.7293344       67.099993     0.020106601      0.11183672      0.29448116               0       10.918072      -3.7297014       -3.7297014       10.918072                       10.918072
              1       2.2746184       68.820862     0.022790663      0.11213479      0.28623456               0        12.00864      -3.7297014       -3.7297014        12.00864                        12.00864
              1       2.7876887       68.110659     0.022188718      0.11896406      0.30565861               0        13.03478      -3.7297014       -3.7297014        13.03478                        13.03478
              9       2.5959861       65.814007     0.018909804      0.11478016      0.31013416               0       12.651375      -3.7297014       -3.7297014       12.651375                       12.651375
              4       5.6285279       65.278419     0.018561402      0.11725356      0.32023089               0       18.716459      -3.7297014       -3.7297014       18.716459                       18.716459
              3       2.2353414       69.624856     0.023996464      0.12224205      0.30299948               0       11.930086      -3.7297014       -3.7297014       11.930086                       11.930086
              6       2.2123099       70.098757     0.024554086      0.12393364      0.30349378               0       11.884023      -3.7297014       -3.7297014       11.884023                       11.884023
              6        1.491724       65.701116     0.018873094      0.10891628      0.29753144               0       10.442851      -3.7297014       -3.7297014       10.442851                       10.442851
              2       1.7936919       68.392732     0.022172502      0.11276224      0.28984921               0       11.046787      -3.7297014       -3.7297014       11.046787                       11.046787
              5       2.7399399       70.208071     0.024578063      0.11456758      0.28359681               0       12.939283      -3.7297014       -3.7297014       12.939283                       12.939283
              4       1.6792936       69.990808     0.024100257      0.12351691      0.30265358               0        10.81799      -3.7297014       -3.7297014        10.81799                        10.81799
              8       2.3018321       68.791739     0.022023707      0.11531445      0.29157533               0       12.063067      -3.7297014       -3.7297014       12.063067                       12.063067
              2       3.5041777       71.674321     0.025000017      0.12914012      0.30130036               0       14.467758      -3.7297014       -3.7297014       14.467758                       14.467758
              7       3.0099651       71.977708     0.026380172      0.13500258      0.31274549               0       13.479333      -3.7297014       -3.7297014       13.479333                       13.479333
              1       2.7126463       72.428226     0.026931293       0.1357044      0.31125537               0       12.884695      -3.7297014       -3.7297014       12.884695                       12.884695
              1       3.0674862        72.74728     0.027048348      0.13812351      0.31332344               0       13.594375      -3.7297014       -3.7297014       13.594375                       13.594375
              2       4.2208426       63.595182     0.015192064      0.10631511      0.30202974               0       15.901088      -3.7297014       -3.7297014       15.901088                       15.901088
              1       2.2668594       67.288674     0.021224123      0.11349328      0.29895881               0       11.993122      -3.7297014       -3.7297014       11.993122                       11.993122
              4       1.4475691       73.775039     0.028923082      0.13190274      0.29666945               0       10.354541      -3.7297014       -3.7297014       10.354541                       10.354541
              4       3.5224533       70.601179     0.023854725      0.12113274      0.29216738               0        14.50431      -3.7297014       -3.7297014        14.50431                        14.50431
              1       5.0344263       70.990937     0.024115194      0.12091538      0.28905357               0       17.528255      -3.7297014       -3.7297014       17.528255                       17.528255
              2       4.8948506       71.874953     0.025312209      0.12254792       0.2874642               0       17.249104      -3.7297014       -3.7297014       17.249104                       17.249104
              1       2.9522593       63.416262     0.015958738      0.10907313      0.31250077               0       13.363922      -3.7297014       -3.7297014       13.363922                       13.363922
              1       2.9670223       63.445534      0.01599405      0.10918306       0.3125733               0       13.393448      -3.7297014       -3.7297014       13.393448                       13.393448
              2       2.8647838       63.223807     0.015565086      0.10858192       0.3121925               0        13.18897      -3.7297014       -3.7297014        13.18897                        13.18897
              2       2.8995783       66.197855     0.019825099      0.10427549      0.28466518               0        13.25856      -3.7297014       -3.7297014        13.25856                        13.25856
              2       2.2899415       66.392212     0.019872454      0.10588711      0.28676459               0       12.039286      -3.7297014       -3.7297014       12.039286                       12.039286
              4       2.0362663       71.229301     0.025216458      0.12970456       0.3066161               0       11.531935      -3.7297014       -3.7297014       11.531935                       11.531935
              2         2.01435       71.152245     0.025135959      0.12938705      0.30649442               0       11.488103      -3.7297014       -3.7297014       11.488103                       11.488103
              2       2.9302933       68.343339     0.021737388       0.1236471      0.31264076               0       13.319989      -3.7297014       -3.7297014       13.319989                       13.319989
              1       2.9907971       66.008375     0.018470957      0.11583384      0.30972152               0       13.440997      -3.7297014       -3.7297014       13.440997                       13.440997
              1       3.6343366       73.150922     0.026804712      0.13697995      0.30728281               0       14.728076      -3.7297014       -3.7297014       14.728076                       14.728076
              2        3.353447       75.092003      0.02987252      0.13088254      0.28622924               0       14.166297      -3.7297014       -3.7297014       14.166297                       14.166297
              3       2.8597248       63.832486     0.015742983      0.10499267      0.29789477               0       13.178852      -3.7297014       -3.7297014       13.178852                       13.178852
              2       3.0831907       68.318789     0.021302426      0.12338703       0.3113764               0       13.625784      -3.7297014       -3.7297014       13.625784                       13.625784
              3       3.7237623        73.60522     0.027320274      0.13506727      0.30092258               0       14.906927      -3.7297014       -3.7297014       14.906927                       14.906927
              4        3.771791       73.544334     0.027234698      0.13479187      0.30075365               0       15.002985      -3.7297014       -3.7297014       15.002985                       15.002985
              1       1.6965164       72.762413     0.027062208      0.13020995      0.29827219               0       10.852436      -3.7297014       -3.7297014       10.852436                       10.852436
              4       1.8999289       71.792314     0.025870122      0.12471635      0.29341601               0       11.259261      -3.7297014       -3.7297014       11.259261                       11.259261
              1       1.9075967       71.584544     0.025522848      0.12525476      0.29549472               0       11.274596      -3.7297014       -3.7297014       11.274596                       11.274596
              1       2.1419246       71.306133     0.025781959      0.11951414      0.28702602               0       11.743252      -3.7297014       -3.7297014       11.743252                       11.743252
              5       1.8350059       64.785794     0.017779263      0.10319078      0.28975081               0       11.129415      -3.7297014       -3.7297014       11.129415                       11.129415
              4       2.4606608       63.095891     0.015140238      0.10643985      0.30701185               0       12.380724      -3.7297014       -3.7297014       12.380724                       12.380724
              4       1.7696085        63.40956     0.015660567      0.10521212       0.3022226               0        10.99862      -3.7297014       -3.7297014        10.99862                        10.99862
              1       1.7745209       64.790773     0.017821475      0.10840497      0.30222793               0       11.008445      -3.7297014       -3.7297014       11.008445                       11.008445
              2       1.6652472       65.286762     0.017996237      0.11032453      0.30256681               0       10.789897      -3.7297014       -3.7297014       10.789897                       10.789897
              1       1.4694146       70.335441     0.024493908       0.1204472      0.29428555               0       10.398232      -3.7297014       -3.7297014       10.398232                       10.398232
              2       1.5062856       70.313325     0.024492684      0.11996871      0.29350039               0       10.471974      -3.7297014       -3.7297014       10.471974                       10.471974
              3       1.7195289       69.091913     0.023273311      0.11700616      0.29520881               0       10.898461      -3.7297014       -3.7297014       10.898461                       10.898461
              2       2.2220597       71.337202     0.026378012      0.12292923      0.29465805               0       11.903522      -3.7297014       -3.7297014       11.903522                       11.903522
              1       1.4825572        73.09986     0.027718318      0.13173343      0.29960363               0       10.424517      -3.7297014       -3.7297014       10.424517                       10.424517
             13        1.593004       73.927868     0.028736988      0.13157566      0.29450517               0       10.645411      -3.7297014       -3.7297014       10.645411                       10.645411
              6       2.0882437       70.051211     0.023482212       0.1239951      0.30184686               0        11.63589      -3.7297014       -3.7297014        11.63589                        11.63589
              5       1.5967304       69.484855     0.023265372      0.11749338      0.29287208               0       10.652864      -3.7297014       -3.7297014       10.652864                       10.652864
              1       1.6388048       69.707337     0.023495122      0.11814431      0.29281799               0       10.737013      -3.7297014       -3.7297014       10.737013                       10.737013
              8        2.436433       70.186976     0.023571146      0.12118154      0.29514936               0       12.332269      -3.7297014       -3.7297014       12.332269                       12.332269
              4       2.2930184       71.976739     0.025850501      0.12635642      0.29504218               0        12.04544      -3.7297014       -3.7297014        12.04544                        12.04544
              5         2.28386       71.967969     0.025842025      0.12634794      0.29508137               0       12.027123      -3.7297014       -3.7297014       12.027123                       12.027123
              4       1.4543368       73.164706     0.028092341      0.12907399      0.29480344               0       10.368077      -3.7297014       -3.7297014       10.368077                       10.368077
             14        1.469281        73.28183     0.028249845      0.12919819       0.2943864               0       10.397965      -3.7297014       -3.7297014       10.397965                       10.397965
              1       1.5623639       66.736619     0.019933741      0.10979989      0.29273532               0       10.584131      -3.7297014       -3.7297014       10.584131                       10.584131
              1       1.8450717       70.147045     0.024405819      0.12417674      0.30326883               0       11.149546      -3.7297014       -3.7297014       11.149546                       11.149546
              1       1.7515946       70.569516     0.024853006      0.12549502      0.30319366               0       10.962592      -3.7297014       -3.7297014       10.962592                       10.962592
              2       1.6484326       71.256687     0.025806248      0.12627942      0.30079634               0       10.756268      -3.7297014       -3.7297014       10.756268                       10.756268
              1        2.167325       70.466779     0.024987123       0.1251275      0.30360835               0       11.794053      -3.7297014       -3.7297014       11.794053                       11.794053
              1       2.8052787       69.061757     0.023680679       0.1163699      0.29498677               0        13.06996      -3.7297014       -3.7297014        13.06996                        13.06996
              4       1.6128501       72.195981     0.026502421      0.13024434      0.30196289               0       10.685103      -3.7297014       -3.7297014       10.685103                       10.685103
             14       1.8730053       63.305097     0.016177511      0.10046501      0.29266531               0       11.205414      -3.7297014       -3.7297014       11.205414                       11.205414
             12       1.4330444       65.431507     0.018462448      0.10816437        0.297273               0       10.325492      -3.7297014       -3.7297014       10.325492                       10.325492
              1       1.5778722       67.309225     0.020585733      0.11147727      0.29291736               0       10.615147      -3.7297014       -3.7297014       10.615147                       10.615147
              2       1.9649973       66.865824     0.019634749       0.1131539      0.29843801               0       11.389397      -3.7297014       -3.7297014       11.389397                       11.389397
              2       1.5058994       71.994943     0.026564514      0.12492061      0.29350044               0       10.471202      -3.7297014       -3.7297014       10.471202                       10.471202
              3       1.8918426       70.538394     0.025035554       0.1185061      0.28978195               0       11.243088      -3.7297014       -3.7297014       11.243088                       11.243088
              1       2.4935908       70.092698     0.024618387      0.11522551      0.28595243               0       12.446585      -3.7297014       -3.7297014       12.446585                       12.446585
              4       3.2038012        68.76792     0.023078648      0.11009373      0.28296839               0       13.867005      -3.7297014       -3.7297014       13.867005                       13.867005
              5       2.2025199       66.248111     0.019305465      0.10601595      0.28701513               0       11.864443      -3.7297014       -3.7297014       11.864443                       11.864443
              2       2.2063671        66.24178     0.019295499      0.10599602      0.28700186               0       11.872137      -3.7297014       -3.7297014       11.872137                       11.872137
              2       2.9310757        65.39249      0.01841092      0.10178354      0.28258554               0       13.321554      -3.7297014       -3.7297014       13.321554                       13.321554
              1       4.4772889       66.684018     0.019007258      0.10829656      0.28773309               0       16.413981      -3.7297014       -3.7297014       16.413981                       16.413981
              1       4.8611296       66.121203     0.018182576      0.11796883      0.31288912               0       17.181662      -3.7297014       -3.7297014       17.181662                       17.181662
              6       3.7740078       67.266347     0.019924013       0.1215597      0.31411124               0       15.007418      -3.7297014       -3.7297014       15.007418                       15.007418
              3       4.2556087       72.082317     0.027299034      0.13374342      0.31118347               0        15.97062      -3.7297014       -3.7297014        15.97062                        15.97062
              3       5.6927586       71.042465     0.025749902      0.13468123      0.31914851               0        18.84492      -3.7297014       -3.7297014        18.84492                        18.84492
              1       5.1381474       69.524296     0.022599629      0.13158545      0.32031679               0       17.735698      -3.7297014       -3.7297014       17.735698                       17.735698
              2       5.1143062       69.105103     0.022100396      0.13018741      0.32024177               0       17.688015      -3.7297014       -3.7297014       17.688015                       17.688015
              1       5.0707829       69.243655     0.022263573      0.13054218      0.32004173               0       17.600969      -3.7297014       -3.7297014       17.600969                       17.600969
              2       2.2184052       71.414566     0.026198902      0.12806234      0.30373364               0       11.896213      -3.7297014       -3.7297014       11.896213                       11.896213
              2       2.2297289       71.115098     0.025822575      0.12717971      0.30380773               0       11.918861      -3.7297014       -3.7297014       11.918861                       11.918861
              1        1.631518       72.925059     0.027725955      0.12675433      0.29169339               0       10.722439      -3.7297014       -3.7297014       10.722439                       10.722439
              3       1.7176729        73.21083     0.028162035      0.12693603      0.29057326               0       10.894749      -3.7297014       -3.7297014       10.894749                       10.894749
              3       2.7034778       67.102415      0.02077465      0.10656524      0.28423626               0       12.866358      -3.7297014       -3.7297014       12.866358                       12.866358
              1        2.520195       67.724246     0.021527573      0.10861885      0.28515963               0       12.499793      -3.7297014       -3.7297014       12.499793                       12.499793
              2       3.7421666         65.3171     0.019155169      0.10796312      0.29946727               0       14.943736      -3.7297014       -3.7297014       14.943736                       14.943736
              4       2.1839137       63.085859     0.015545909      0.10638575      0.30799288               0        11.82723      -3.7297014       -3.7297014        11.82723                        11.82723
              5       1.9376961       63.531505     0.016281236      0.10596478      0.30446599               0       11.334795      -3.7297014       -3.7297014       11.334795                       11.334795
              1       2.8096262       63.640971     0.016914238      0.10272531      0.29698406               0       13.078655      -3.7297014       -3.7297014       13.078655                       13.078655
              4       2.1894763       66.766971     0.020497964      0.10809059      0.28990055               0       11.838355      -3.7297014       -3.7297014       11.838355                       11.838355
              5       1.6039155        66.13475     0.019503701      0.10883019      0.29488745               0       10.667234      -3.7297014       -3.7297014       10.667234                       10.667234
              1       1.6470435       73.559768     0.028127046      0.13425742      0.30128888               0        10.75349      -3.7297014       -3.7297014        10.75349                        10.75349
              3       2.3763487       74.824037     0.029542843      0.13308982      0.29163671               0         12.2121      -3.7297014       -3.7297014         12.2121                         12.2121
              3       2.3668901        74.81559     0.029591188      0.13252461      0.29077917               0       12.193183      -3.7297014       -3.7297014       12.193183                       12.193183
              1       4.8911708       69.301214     0.022729568      0.11042074      0.27858414               0       17.241744      -3.7297014       -3.7297014       17.241744                       17.241744
              3       4.5920701        68.30839     0.023123661      0.11072138      0.28823004               0       16.643543      -3.7297014       -3.7297014       16.643543                       16.643543
              1       3.9540799       68.299502     0.023007082      0.11302389      0.29299105               0       15.367563      -3.7297014       -3.7297014       15.367563                       15.367563
              5       3.6022699       70.934563     0.026306159      0.12022786      0.29250113               0       14.663943      -3.7297014       -3.7297014       14.663943                       14.663943
              9        2.990584       73.663018     0.029450349       0.1245018      0.28490498               0       13.440571      -3.7297014       -3.7297014       13.440571                       13.440571
              3       2.9094211       73.488393     0.029198378      0.12416524      0.28517083               0       13.278245      -3.7297014       -3.7297014       13.278245                       13.278245
              3       2.9675996       68.710891     0.023285695      0.11463746      0.29350098               0       13.394602      -3.7297014       -3.7297014       13.394602                       13.394602
              2       3.2289628       67.524954     0.021843853      0.11048343      0.29162833               0       13.917329      -3.7297014       -3.7297014       13.917329                       13.917329
              3       3.3196505       69.538822     0.024236695      0.11266177      0.28443469               0       14.098704      -3.7297014       -3.7297014       14.098704                       14.098704
              2       3.4129721       69.205729     0.023798523      0.11141891      0.28366942               0       14.285347      -3.7297014       -3.7297014       14.285347                       14.285347
              4       2.1620792       72.644955      0.02766155      0.12316949      0.28703216               0       11.783561      -3.7297014       -3.7297014       11.783561                       11.783561
             13       2.4865648       72.504928     0.027584484      0.12170891      0.28521692               0       12.432532      -3.7297014       -3.7297014       12.432532                       12.432532
              2       2.8697321       65.459302     0.019171568      0.10642261      0.29461066               0       13.198867      -3.7297014       -3.7297014       13.198867                       13.198867
              4        2.372902       64.411457      0.01771667      0.10290778      0.29229546               0       12.205207      -3.7297014       -3.7297014       12.205207                       12.205207
              1       1.6820641       65.602567     0.018258795      0.11001127      0.29954294               0       10.823531      -3.7297014       -3.7297014       10.823531                       10.823531
             10       1.6871968       65.535847     0.018173306      0.10973942      0.29932116               0       10.833796      -3.7297014       -3.7297014       10.833796                       10.833796
              1       1.7093532       68.290798     0.022258317      0.11539257      0.29653924               0       10.878109      -3.7297014       -3.7297014       10.878109                       10.878109
              1       1.4269967       71.873487     0.026313762      0.12736442      0.29873858               0       10.313396      -3.7297014       -3.7297014       10.313396                       10.313396
              1       1.4511383       72.708043     0.027536008      0.12944943      0.29817608               0       10.361679      -3.7297014       -3.7297014       10.361679                       10.361679
              9       1.7887706        71.98314     0.026591248      0.13021521      0.30386643               0       11.036944      -3.7297014       -3.7297014       11.036944                       11.036944
              3       2.2903829       71.192906     0.025505435      0.13013712      0.30835327               0       12.040169      -3.7297014       -3.7297014       12.040169                       12.040169
              5       1.4554181       68.516415     0.022240254      0.11746516      0.29896597               0       10.370239      -3.7297014       -3.7297014       10.370239                       10.370239
             28        1.555034       62.626669     0.015230992      0.10070239      0.29723241               0       10.569471      -3.7297014       -3.7297014       10.569471                       10.569471
              2       1.8279667       67.604198     0.021003623      0.11077509      0.28974477               0       11.115336      -3.7297014       -3.7297014       11.115336                       11.115336
              5       1.5767968       68.468329     0.021819822      0.11765679        0.298898               0       10.612996      -3.7297014       -3.7297014       10.612996                       10.612996
              3       1.5956364       69.277031     0.023192505       0.1209701      0.30172427               0       10.650676      -3.7297014       -3.7297014       10.650676                       10.650676
             13       1.4140068       72.505364     0.027114136      0.12853569       0.2973048               0       10.287417      -3.7297014       -3.7297014       10.287417                       10.287417
              1       1.4671185       72.193458      0.02689912      0.12803861      0.29851303               0        10.39364      -3.7297014       -3.7297014        10.39364                        10.39364
              2       1.6259687       73.658061     0.028951893      0.12941483      0.29308003               0        10.71134      -3.7297014       -3.7297014        10.71134                        10.71134
              1       1.5390336       67.941981      0.02152043      0.11302954      0.29287435               0        10.53747      -3.7297014       -3.7297014        10.53747                        10.53747
              8        2.613082       66.838793     0.019813257      0.11833193      0.31066968               0       12.685567      -3.7297014       -3.7297014       12.685567                       12.685567
              1         2.89704       66.702598     0.019509712      0.11850355      0.31164312               0       13.253483      -3.7297014       -3.7297014       13.253483                       13.253483
              1       1.9994782       70.676723     0.024311005      0.12617866       0.3025581               0       11.458359      -3.7297014       -3.7297014       11.458359                       11.458359
              3       2.0207732        69.13872     0.022382972      0.11968954      0.29856024               0       11.500949      -3.7297014       -3.7297014       11.500949                       11.500949
             12       1.5521426       73.250531     0.027796354      0.13199366       0.2990028               0       10.563688      -3.7297014       -3.7297014       10.563688                       10.563688
              7       1.6568993       72.798201     0.027273252      0.12793084      0.29407668               0       10.773201      -3.7297014       -3.7297014       10.773201                       10.773201
              1       1.5529017       71.131645     0.025158413       0.1259589      0.29994095               0       10.565206      -3.7297014       -3.7297014       10.565206                       10.565206
              7        2.416017       64.633051     0.017761653      0.10125056      0.28643524               0       12.291437      -3.7297014       -3.7297014       12.291437                       12.291437
              6       3.4598112       73.874366     0.029933236      0.12480833      0.28472363               0       14.379025      -3.7297014       -3.7297014       14.379025                       14.379025
              1       2.1442987       69.677796     0.024162189      0.11614507      0.29032242               0          11.748      -3.7297014       -3.7297014          11.748                          11.748
              2       2.2819827       69.246507      0.02371774      0.11551689      0.29171318               0       12.023368      -3.7297014       -3.7297014       12.023368                       12.023368
              4        2.050866       69.803559     0.024220202      0.11617999      0.28946796               0       11.561135      -3.7297014       -3.7297014       11.561135                       11.561135
              1        1.598577       65.067363      0.01819771      0.10624765       0.2954571               0       10.656557      -3.7297014       -3.7297014       10.656557                       10.656557
              7       3.6809727       69.438934     0.023275709      0.12827016      0.31563128               0       14.821348      -3.7297014       -3.7297014       14.821348                       14.821348
              2       3.2417594       63.757785     0.015723302      0.10937747      0.30933137               0       13.942922      -3.7297014       -3.7297014       13.942922                       13.942922
              3       1.5172214       62.762428     0.015344909      0.10021457      0.29499875               0       10.493846      -3.7297014       -3.7297014       10.493846                       10.493846
              3       4.0259511       63.871812     0.015554443      0.10759418      0.30344276               0       15.511305      -3.7297014       -3.7297014       15.511305                       15.511305
              3       4.0698616       73.697368     0.027473502      0.13198125      0.29477073               0       15.599126      -3.7297014       -3.7297014       15.599126                       15.599126
              2       4.0470917       73.457721     0.027203525      0.13082815      0.29405991               0       15.553586      -3.7297014       -3.7297014       15.553586                       15.553586
              1       4.0693918       73.965798     0.027886982      0.13147263       0.2924612               0       15.598187      -3.7297014       -3.7297014       15.598187                       15.598187
              3       3.4250804        68.01629      0.02110282      0.10974296      0.28422781               0       14.309564      -3.7297014       -3.7297014       14.309564                       14.309564
              6       2.9552954       66.684358     0.019555471      0.10666671      0.28529777               0       13.369994      -3.7297014       -3.7297014       13.369994                       13.369994
              5        1.740313       68.468429     0.022163768        0.119566      0.30370342               0       10.940029      -3.7297014       -3.7297014       10.940029                       10.940029
              1        1.757127       68.546091     0.022268005      0.11984077      0.30382225               0       10.973657      -3.7297014       -3.7297014       10.973657                       10.973657
              1       1.7430084       69.121583     0.023313844      0.11800758      0.29713625               0        10.94542      -3.7297014       -3.7297014        10.94542                        10.94542
              5       1.4537935       65.069658      0.01785618      0.10661887      0.29550637               0        10.36699      -3.7297014       -3.7297014        10.36699                        10.36699
              4        1.458738       68.812456     0.022438198       0.1168454       0.2955083               0       10.376879      -3.7297014       -3.7297014       10.376879                       10.376879
              2       1.5147185       68.990169      0.02261505       0.1199401      0.30086138               0        10.48884      -3.7297014       -3.7297014        10.48884                        10.48884
              4       1.9777706       72.258274     0.026255507       0.1296441      0.29981996               0       11.414944      -3.7297014       -3.7297014       11.414944                       11.414944
              2        1.524357       68.343514     0.022181427      0.11559648      0.29635391               0       10.508117      -3.7297014       -3.7297014       10.508117                       10.508117
              5       1.5138938        68.25692     0.022060227      0.11508828      0.29575538               0        10.48719      -3.7297014       -3.7297014        10.48719                        10.48719
              4       2.9712397       70.063909     0.023834941      0.12910657      0.31286855               0       13.401882      -3.7297014       -3.7297014       13.401882                       13.401882
              1       2.6577684       70.887585     0.024330851      0.12853628      0.30549203               0        12.77494      -3.7297014       -3.7297014        12.77494                        12.77494
              2       2.5707261       69.461844       0.0230803      0.11452825      0.28653717               0       12.600855      -3.7297014       -3.7297014       12.600855                       12.600855
              2       2.0039137       65.890276     0.018952471      0.10545816      0.28804318               0        11.46723      -3.7297014       -3.7297014        11.46723                        11.46723
              3       3.1693052       64.837484     0.017036154      0.10382541      0.28903094               0       13.798013      -3.7297014       -3.7297014       13.798013                       13.798013
              3       1.6649743       68.847565     0.022246512      0.11752314      0.29623242               0       10.789351      -3.7297014       -3.7297014       10.789351                       10.789351
              3       1.5348738       71.547228     0.025746673      0.12763624      0.30089251               0       10.529151      -3.7297014       -3.7297014       10.529151                       10.529151
              5       1.5828871       71.761463     0.025909389      0.12788345      0.29989465               0       10.625177      -3.7297014       -3.7297014       10.625177                       10.625177
             10       1.5481926       71.275683     0.025331576      0.12608136      0.29931181               0       10.555788      -3.7297014       -3.7297014       10.555788                       10.555788
              4       1.9897273       67.459473     0.021200085      0.10979794      0.28927381               0       11.438857      -3.7297014       -3.7297014       11.438857                       11.438857
              1       1.7365763       69.808387     0.023862609      0.11698334      0.29034263               0       10.932555      -3.7297014       -3.7297014       10.932555                       10.932555
              1       2.8333168        73.09571     0.028234238       0.1223748      0.28308752               0       13.126037      -3.7297014       -3.7297014       13.126037                       13.126037
              8       3.2401837        72.71909     0.027664185      0.12044442      0.28129894               0        13.93977      -3.7297014       -3.7297014        13.93977                        13.93977
              1       4.2738678       71.232667     0.024431521      0.12358865      0.29298696               0       16.007138      -3.7297014       -3.7297014       16.007138                       16.007138
              3       3.0079623        73.56426      0.02747179      0.13644734      0.30408791               0       13.475328      -3.7297014       -3.7297014       13.475328                       13.475328
              4        3.310485       67.561429      0.02136412      0.10637867      0.28126982               0       14.080373      -3.7297014       -3.7297014       14.080373                       14.080373
              2       2.4252232       65.626874     0.018162326      0.10621864      0.29029113               0       12.309849      -3.7297014       -3.7297014       12.309849                       12.309849
              7       2.7762262       65.231166     0.017475824      0.10674289      0.29344246               0       13.011855      -3.7297014       -3.7297014       13.011855                       13.011855
              5       2.4568614       69.927999     0.024124113      0.11460888      0.28502917               0       12.373126      -3.7297014       -3.7297014       12.373126                       12.373126
              4        1.980532       69.560194     0.023429481      0.11556587      0.28859359               0       11.420467      -3.7297014       -3.7297014       11.420467                       11.420467
              3       2.4274086        71.28336      0.02607082      0.11855123      0.28588292               0        12.31422      -3.7297014       -3.7297014        12.31422                        12.31422
              6       1.8203819       71.491893     0.026018708      0.12131721      0.28952736               0       11.100167      -3.7297014       -3.7297014       11.100167                       11.100167
              1       2.4475031       63.981949      0.01720372      0.10471509       0.2993948               0       12.354409      -3.7297014       -3.7297014       12.354409                       12.354409
              1       2.2893058       63.950865     0.017149158      0.10333418      0.29617598               0       12.038014      -3.7297014       -3.7297014       12.038014                       12.038014
              4       2.4983066       63.862646     0.017106085      0.10281719      0.29562157               0       12.456016      -3.7297014       -3.7297014       12.456016                       12.456016
              7       2.8643243       63.165109     0.016355212      0.10069784      0.29499292               0       13.188051      -3.7297014       -3.7297014       13.188051                       13.188051
              9       2.6272165        63.83634      0.01710289      0.10337623      0.29722928               0       12.713836      -3.7297014       -3.7297014       12.713836                       12.713836
              1       2.0084939        63.57381     0.016511912      0.10467483      0.30144001               0       11.476391      -3.7297014       -3.7297014       11.476391                       11.476391
              1       1.9329463       63.822287     0.016353984      0.10070979      0.28897544               0       11.325296      -3.7297014       -3.7297014       11.325296                       11.325296
             17       1.7611787       72.668121     0.027183379      0.12626552      0.29180662               0        10.98176      -3.7297014       -3.7297014        10.98176                        10.98176
              1       1.5925863       73.254695     0.028052936      0.12834814      0.29265354               0       10.644576      -3.7297014       -3.7297014       10.644576                       10.644576
              7       2.0156734       73.813097     0.028187932      0.13591806      0.30238408               0        11.49075      -3.7297014       -3.7297014        11.49075                        11.49075
              7       1.9590019       73.869595     0.028282643      0.13573351      0.30175705               0       11.377407      -3.7297014       -3.7297014       11.377407                       11.377407
              2       2.1844551       69.573009     0.023595872      0.12435464      0.30698814               0       11.828313      -3.7297014       -3.7297014       11.828313                       11.828313
              2       2.2195659       69.633547     0.024135695       0.1204305      0.29947493               0       11.898535      -3.7297014       -3.7297014       11.898535                       11.898535
              1       1.6297077       69.306216     0.023479161      0.11773658      0.29533518               0       10.718818      -3.7297014       -3.7297014       10.718818                       10.718818
              2       2.2925678       70.292291      0.02506074      0.12071468      0.29633549               0       12.044538      -3.7297014       -3.7297014       12.044538                       12.044538
              2       2.2867959        70.43747     0.025248974       0.1208643      0.29579616               0       12.032995      -3.7297014       -3.7297014       12.032995                       12.032995
              2       2.0293936       67.150853     0.020857806      0.11473667      0.30213228               0        11.51819      -3.7297014       -3.7297014        11.51819                        11.51819
              2       2.1163576       66.843443     0.020516119      0.11385787      0.30218607               0       11.692118      -3.7297014       -3.7297014       11.692118                       11.692118
              3        2.140194       66.513408     0.020020714      0.11393635      0.30424996               0       11.739791      -3.7297014       -3.7297014       11.739791                       11.739791
              7       1.4483437       68.902735     0.022726511      0.11840036      0.29861698               0        10.35609      -3.7297014       -3.7297014        10.35609                        10.35609
             17        1.471524       71.349188     0.025530629      0.12492539      0.29681568               0       10.402451      -3.7297014       -3.7297014       10.402451                       10.402451
              1       1.4460411       68.931439     0.022652598      0.11899841      0.29947143               0       10.351485      -3.7297014       -3.7297014       10.351485                       10.351485
              1       1.4195165        68.52087      0.02214154       0.1172608      0.29828159               0       10.298436      -3.7297014       -3.7297014       10.298436                       10.298436
              8       1.4941717       67.174408     0.020534191      0.11439751      0.30045165               0       10.447746      -3.7297014       -3.7297014       10.447746                       10.447746
              1       1.8165971       67.725024     0.020749453      0.11565016      0.29878646               0       11.092597      -3.7297014       -3.7297014       11.092597                       11.092597
              5       2.0134688       72.439435     0.026484698      0.13164839      0.30257853               0        11.48634      -3.7297014       -3.7297014        11.48634                        11.48634
              3       2.2143887       73.364103     0.028449545      0.13574715      0.30626515               0        11.88818      -3.7297014       -3.7297014        11.88818                        11.88818
              4       2.8133472       73.053089     0.027804853       0.1377538       0.3114305               0       13.086097      -3.7297014       -3.7297014       13.086097                       13.086097
              2       1.6232282       65.741746     0.018500486      0.10844944      0.29522151               0       10.705859      -3.7297014       -3.7297014       10.705859                       10.705859
              1       1.4356098       65.572778     0.018484072      0.10811748       0.2959347               0       10.330623      -3.7297014       -3.7297014       10.330623                       10.330623
              5       1.6557237       69.113907     0.023053299        0.115467      0.29133817               0        10.77085      -3.7297014       -3.7297014        10.77085                        10.77085
              2       1.6601066       69.082224     0.023021984      0.11535847      0.29131241               0       10.779616      -3.7297014       -3.7297014       10.779616                       10.779616
              6       1.6673081        69.32714     0.023344969      0.11600979      0.29128495               0       10.794019      -3.7297014       -3.7297014       10.794019                       10.794019
             13       1.9403293        72.45325     0.027304538      0.12350718      0.28851627               0       11.340062      -3.7297014       -3.7297014       11.340062                       11.340062
              1       1.9390634       72.577298     0.027456877      0.12387657      0.28852134               0        11.33753      -3.7297014       -3.7297014        11.33753                        11.33753
              5       1.6507304        72.29433     0.027106958      0.12462209      0.29154128               0       10.760864      -3.7297014       -3.7297014       10.760864                       10.760864
              6       1.8800162       71.447012     0.026350224      0.12390787      0.29561571               0       11.219435      -3.7297014       -3.7297014       11.219435                       11.219435
              6       1.7022186        71.07805     0.025748673      0.12393104      0.29754789               0        10.86384      -3.7297014       -3.7297014        10.86384                        10.86384
              5       1.9606676        72.01274      0.02697107      0.12844669      0.30093882               0       11.380738      -3.7297014       -3.7297014       11.380738                       11.380738
              6       2.7491145       73.425878     0.027442921      0.13195992      0.29685828               0       12.957632      -3.7297014       -3.7297014       12.957632                       12.957632
              3       1.4573759       69.444021     0.023251237       0.1206791      0.29979327               0       10.374155      -3.7297014       -3.7297014       10.374155                       10.374155
              2       1.5181281       70.966408     0.025108888      0.12247561      0.29432454               0       10.495659      -3.7297014       -3.7297014       10.495659                       10.495659
              2        1.484526       69.506308     0.023213944      0.11948905      0.29671574               0       10.428455      -3.7297014       -3.7297014       10.428455                       10.428455
              7       1.4503898       67.181394     0.020382291       0.1131399      0.29726618               0       10.360182      -3.7297014       -3.7297014       10.360182                       10.360182
              3       1.4280213       67.184228      0.02043204      0.11304153      0.29713339               0       10.315445      -3.7297014       -3.7297014       10.315445                       10.315445
              4       1.5436506       72.439243     0.026799786      0.12987585      0.29980268               0       10.546704      -3.7297014       -3.7297014       10.546704                       10.546704
              6       1.5455575       72.447701     0.026808358      0.12991264      0.29981911               0       10.550518      -3.7297014       -3.7297014       10.550518                       10.550518
              9         3.27106       74.544595     0.029483534      0.12745913      0.28358777               0       14.001523      -3.7297014       -3.7297014       14.001523                       14.001523
              4       1.9568926       70.830176     0.024788059      0.12048236      0.29084525               0       11.373188      -3.7297014       -3.7297014       11.373188                       11.373188
              1       2.0284748       72.249349     0.026983483      0.12261827      0.28782911               0       11.516353      -3.7297014       -3.7297014       11.516353                       11.516353
              1       2.5668034       68.218359     0.022274397      0.11008814      0.28580571               0        12.59301      -3.7297014       -3.7297014        12.59301                        12.59301
              7       2.2811191       67.674934     0.021676067      0.11525368      0.30038644               0       12.021641      -3.7297014       -3.7297014       12.021641                       12.021641
              2       2.0765842       67.104321     0.020874942      0.11389035      0.30071004               0       11.612571      -3.7297014       -3.7297014       11.612571                       11.612571
              2       2.0603273        66.95997     0.020734819      0.11267681      0.29898886               0       11.580057      -3.7297014       -3.7297014       11.580057                       11.580057
              1       1.5433517       69.384211      0.02314317      0.12142285      0.30163081               0       10.546106      -3.7297014       -3.7297014       10.546106                       10.546106
              5       1.5381099       74.292887     0.029642959      0.13166242      0.29341694               0       10.535623      -3.7297014       -3.7297014       10.535623                       10.535623
             13       1.9686203       73.345251     0.027821802      0.13605276      0.30582378               0       11.396643      -3.7297014       -3.7297014       11.396643                       11.396643
              7       2.0097779       74.461508     0.029100583      0.13941746      0.30509817               0       11.478959      -3.7297014       -3.7297014       11.478959                       11.478959
              1       6.2453082       71.708515     0.024745576       0.1236637      0.28986812               0       19.950019      -3.7297014       -3.7297014       19.950019                       19.950019
              1       6.0533946       71.188412     0.024140826      0.12207824      0.28979734               0       19.566192      -3.7297014       -3.7297014       19.566192                       19.566192
              5       6.9213498       74.536714     0.029187793      0.12288666      0.27488524               0       21.302102      -3.7297014       -3.7297014       21.302102                       21.302102
              5       4.4217141       74.959287     0.029900063      0.12697003      0.28032956               0       16.302831      -3.7297014       -3.7297014       16.302831                       16.302831
              1       1.6124843       66.292867     0.019279306      0.10887307      0.29306941               0       10.684372      -3.7297014       -3.7297014       10.684372                       10.684372
              2       1.5913804       66.341734     0.019477965      0.10846746      0.29216761               0       10.642164      -3.7297014       -3.7297014       10.642164                       10.642164
              4       1.4800854        71.28541     0.025535844      0.12364816      0.29484385               0       10.419574      -3.7297014       -3.7297014       10.419574                       10.419574
              2       1.9700766       74.667784      0.02973898      0.13119983      0.28982043               0       11.399556      -3.7297014       -3.7297014       11.399556                       11.399556
              1       1.6864164       72.808716     0.027463196      0.12651824      0.29168532               0       10.832236      -3.7297014       -3.7297014       10.832236                       10.832236
              9       1.5443383       74.116516     0.029442409      0.13390708      0.29853619               0       10.548079      -3.7297014       -3.7297014       10.548079                       10.548079
             10       1.6585487        74.45092     0.029640683       0.1376022      0.30288444               0         10.7765      -3.7297014       -3.7297014         10.7765                         10.7765
              2       1.6555594       74.460035     0.029654715      0.13760175       0.3028348               0       10.770522      -3.7297014       -3.7297014       10.770522                       10.770522
              2       1.7473098       74.615421     0.029826356      0.13876007      0.30396362               0       10.954023      -3.7297014       -3.7297014       10.954023                       10.954023
              1       2.1870135       66.070561     0.019587159      0.10593687      0.28902393               0        11.83343      -3.7297014       -3.7297014        11.83343                        11.83343
              2       2.2119759       64.310822     0.017549452       0.1030618      0.29317904               0       11.883355      -3.7297014       -3.7297014       11.883355                       11.883355
              4       2.1987298       64.719325     0.017100327      0.11028343      0.30565861               0       11.856863      -3.7297014       -3.7297014       11.856863                       11.856863
             10       1.7276596       64.876438     0.017405195        0.108933      0.30169583               0       10.914722      -3.7297014       -3.7297014       10.914722                       10.914722
              3       1.7131818       65.311162     0.018357655      0.11018069      0.30285086               0       10.885766      -3.7297014       -3.7297014       10.885766                       10.885766
              1        1.497772        68.81991     0.022673743      0.11842063      0.29926758               0       10.454947      -3.7297014       -3.7297014       10.454947                       10.454947
              3        1.841049       67.586954     0.021433828      0.11179961      0.29307724               0       11.141501      -3.7297014       -3.7297014       11.141501                       11.141501
              5       2.9923222       65.619247     0.019238399      0.11106271      0.30410758               0       13.444047      -3.7297014       -3.7297014       13.444047                       13.444047
              2       1.6585354        70.19335     0.024368005      0.12391392      0.30225867               0       10.776474      -3.7297014       -3.7297014       10.776474                       10.776474
              7       1.4703903       68.797597     0.022344362      0.11834258      0.29860091               0       10.400184      -3.7297014       -3.7297014       10.400184                       10.400184
              1       2.2215319       67.084117     0.020992441       0.1106926      0.29404663               0       11.902467      -3.7297014       -3.7297014       11.902467                       11.902467
              1       3.8778978       65.420281     0.018784829       0.1001468      0.27939482               0       15.215199      -3.7297014       -3.7297014       15.215199                       15.215199
              7        2.967068       68.995621     0.022457752      0.11250265       0.2848598               0       13.393539      -3.7297014       -3.7297014       13.393539                       13.393539
              3       1.5960414       73.523458     0.028424463      0.12900499      0.29242027               0       10.651486      -3.7297014       -3.7297014       10.651486                       10.651486
              1       1.4784397       71.721173     0.026031353      0.12541845      0.29567673               0       10.416282      -3.7297014       -3.7297014       10.416282                       10.416282
              1       1.4323134       71.869669     0.026243204      0.12694452       0.2978208               0        10.32403      -3.7297014       -3.7297014        10.32403                        10.32403
              1       2.6198858       71.772727     0.025395861      0.13027718      0.30345046               0       12.699175      -3.7297014       -3.7297014       12.699175                       12.699175
              3       2.6993767        75.03352     0.029407029      0.13880241      0.29991599               0       12.858156      -3.7297014       -3.7297014       12.858156                       12.858156
              2        2.281184       73.499792     0.028273292      0.12640611      0.28751802               0       12.021771      -3.7297014       -3.7297014       12.021771                       12.021771
              3       2.3202973       73.473724     0.028240001      0.12620232      0.28728289               0       12.099998      -3.7297014       -3.7297014       12.099998                       12.099998
              3       3.5324003       71.219498     0.025371866      0.11681011      0.28158519               0       14.524204      -3.7297014       -3.7297014       14.524204                       14.524204
              4       3.4535114       71.872462     0.026183355      0.11885642      0.28202432               0       14.366426      -3.7297014       -3.7297014       14.366426                       14.366426
              2       2.2310707       74.362702     0.029476241      0.12869389      0.28719653               0       11.921544      -3.7297014       -3.7297014       11.921544                       11.921544
             16       1.6129501       69.015827     0.023058197      0.11857792      0.29870827               0       10.685303      -3.7297014       -3.7297014       10.685303                       10.685303
              3       1.5475068       67.897279     0.021588111      0.11571597      0.29923428               0       10.554416      -3.7297014       -3.7297014       10.554416                       10.554416
              8       3.5858562       65.545429     0.017639956       0.1134423      0.30661116               0       14.631115      -3.7297014       -3.7297014       14.631115                       14.631115
              5       4.4108068       65.072664     0.016898397      0.11195975      0.30583013               0       16.281017      -3.7297014       -3.7297014       16.281017                       16.281017
              3       3.0609323       64.900911     0.016943912      0.10852857      0.29941304               0       13.581268      -3.7297014       -3.7297014       13.581268                       13.581268
              9       1.7144143        66.30155     0.019083683      0.11091811      0.29719979               0       10.888231      -3.7297014       -3.7297014       10.888231                       10.888231
              1       2.8225604       66.233397     0.018897226      0.11677095      0.31072845               0       13.104524      -3.7297014       -3.7297014       13.104524                       13.104524
              1       2.8063179        66.68196     0.019434683      0.11804611      0.31063856               0       13.072039      -3.7297014       -3.7297014       13.072039                       13.072039
              1       2.5530893       68.122511     0.022015432      0.11987934      0.30715114               0       12.565582      -3.7297014       -3.7297014       12.565582                       12.565582
              2       2.4389241       63.919877      0.01714676      0.10387609      0.29778368               0       12.337251      -3.7297014       -3.7297014       12.337251                       12.337251
             15       2.7193181       67.703099     0.021522971       0.1080616      0.28411204               0       12.898039      -3.7297014       -3.7297014       12.898039                       12.898039
              9         1.76176       63.100023     0.015917875      0.10164682       0.2968868               0       10.982923      -3.7297014       -3.7297014       10.982923                       10.982923
              3       4.8859036       70.740178      0.02625146      0.12289006      0.29932151               0        17.23121      -3.7297014       -3.7297014        17.23121                        17.23121
              1       4.3082657       69.480755     0.024523738      0.11924588      0.29914345               0       16.075934      -3.7297014       -3.7297014       16.075934                       16.075934
              3       2.2639719       70.219687     0.024968322       0.1191083      0.29350335               0       11.987347      -3.7297014       -3.7297014       11.987347                       11.987347
              4       2.6942349       66.770219     0.019634179        0.118234       0.3106868               0       12.847873      -3.7297014       -3.7297014       12.847873                       12.847873
              1       2.4503662       68.494803     0.021602709      0.12211299      0.30770257               0       12.360135      -3.7297014       -3.7297014       12.360135                       12.360135
              7       1.7544515       71.905729     0.026844775       0.1260412      0.29693856               0       10.968306      -3.7297014       -3.7297014       10.968306                       10.968306
              1       2.3023903       71.871575     0.027021593      0.12677926      0.29899194               0       12.064183      -3.7297014       -3.7297014       12.064183                       12.064183
              1       2.2977629       71.395808     0.026348813      0.12640836      0.30094259               0       12.054929      -3.7297014       -3.7297014       12.054929                       12.054929
              3       1.9093649       74.081696     0.029510938       0.1355544      0.30194338               0       11.278133      -3.7297014       -3.7297014       11.278133                       11.278133
              3       1.8105383       71.745674     0.026554377       0.1275817      0.30069347               0       11.080479      -3.7297014       -3.7297014       11.080479                       11.080479
              1       1.5642817       71.716563     0.026285005      0.12780697      0.30085189               0       10.587966      -3.7297014       -3.7297014       10.587966                       10.587966
              2       1.4716548       70.417899     0.024352887      0.12303777      0.29853667               0       10.402713      -3.7297014       -3.7297014       10.402713                       10.402713
              1        1.940889       68.099667     0.021351068      0.11969989      0.30553773               0       11.341181      -3.7297014       -3.7297014       11.341181                       11.341181
              2       1.8909592       63.012857     0.015201736      0.10489942      0.30409681               0       11.241321      -3.7297014       -3.7297014       11.241321                       11.241321
              1       1.7226053         63.3979     0.016011022      0.10532554      0.30348789               0       10.904613      -3.7297014       -3.7297014       10.904613                       10.904613
              5       1.7235133       63.037889     0.015476546      0.10468835      0.30401574               0       10.906429      -3.7297014       -3.7297014       10.906429                       10.906429
              4       2.0577395       68.429296     0.021962862      0.12120907      0.30713074               0       11.574882      -3.7297014       -3.7297014       11.574882                       11.574882
              9       1.9063641       68.300936     0.021868091      0.12011582      0.30573955               0       11.272131      -3.7297014       -3.7297014       11.272131                       11.272131
              7       1.8981422       73.351413     0.028097289      0.13580399      0.30582206               0       11.255687      -3.7297014       -3.7297014       11.255687                       11.255687
              5       2.0241855       71.491944     0.025745139      0.13046969      0.30689877               0       11.507774      -3.7297014       -3.7297014       11.507774                       11.507774
              1       1.7830601       66.265572     0.019300855       0.1138524      0.30469949               0       11.025523      -3.7297014       -3.7297014       11.025523                       11.025523
              2       1.8685766       68.324629     0.022257053      0.11260607      0.29027391               0       11.196556      -3.7297014       -3.7297014       11.196556                       11.196556
              1       2.0870188       67.322753     0.021147641      0.10969982      0.29011772               0        11.63344      -3.7297014       -3.7297014        11.63344                        11.63344
              3       2.1714456       67.580978     0.021509313      0.11025634       0.2899153               0       11.802294      -3.7297014       -3.7297014       11.802294                       11.802294
              3       3.9265861       70.100471     0.025290649      0.11611899      0.28907525               0       15.312575      -3.7297014       -3.7297014       15.312575                       15.312575
              1       3.2398331       68.434514     0.022657605      0.12059893      0.30726454               0       13.939069      -3.7297014       -3.7297014       13.939069                       13.939069
              2       1.7637738       72.493325     0.027084657      0.13225076      0.30441667               0        10.98695      -3.7297014       -3.7297014        10.98695                        10.98695
              3       1.5641674       68.740507     0.022667049      0.11791026       0.2988651               0       10.587738      -3.7297014       -3.7297014       10.587738                       10.587738
              1       1.8041398       66.235173     0.018965537       0.1104255       0.2964036               0       11.067682      -3.7297014       -3.7297014       11.067682                       11.067682
              1       2.2182558       68.772197     0.022119671      0.11442506      0.29006349               0       11.895914      -3.7297014       -3.7297014       11.895914                       11.895914
              1       2.5948887       68.869415      0.02259528       0.1239566      0.31034394               0        12.64918      -3.7297014       -3.7297014        12.64918                        12.64918
              6       2.5385962       68.411028     0.022266733      0.12137647      0.30830175               0       12.536595      -3.7297014       -3.7297014       12.536595                       12.536595
              1       2.5967232       68.757006     0.022634068      0.12290021      0.30920701               0       12.652849      -3.7297014       -3.7297014       12.652849                       12.652849
              2       2.2350562       70.689808     0.025173767      0.12683392      0.30548394               0       11.929515      -3.7297014       -3.7297014       11.929515                       11.929515
             11       3.2618184       63.437794       0.0164218      0.10757403      0.30971425               0        13.98304      -3.7297014       -3.7297014        13.98304                        13.98304
              2       2.2627038       66.448622     0.020013873      0.11355533      0.30396511               0       11.984811      -3.7297014       -3.7297014       11.984811                       11.984811
              2       1.7313149       64.812305     0.017917803      0.10739535      0.29985298               0       10.922033      -3.7297014       -3.7297014       10.922033                       10.922033
              4       1.7637575       65.821125     0.019220661      0.10884063      0.29707511               0       10.986918      -3.7297014       -3.7297014       10.986918                       10.986918
              1       1.4351632       69.729112     0.023560139      0.12039349      0.29739476               0       10.329729      -3.7297014       -3.7297014       10.329729                       10.329729
              7       1.6807945       69.855774     0.023568821      0.11922721      0.29394506               0       10.820992      -3.7297014       -3.7297014       10.820992                       10.820992
              5       1.7339292       69.836924      0.02354384      0.11881862      0.29321479               0       10.927261      -3.7297014       -3.7297014       10.927261                       10.927261
              5       1.7456969        71.13201     0.025307603      0.12145521      0.29133174               0       10.950797      -3.7297014       -3.7297014       10.950797                       10.950797
              2       1.7776052       72.852593     0.027799674      0.13219404      0.30266197               0       11.014613      -3.7297014       -3.7297014       11.014613                       11.014613
              1       1.8025799       71.277341     0.026085988      0.12372269      0.29614018               0       11.064563      -3.7297014       -3.7297014       11.064563                       11.064563
              1       2.0361989       68.076306     0.022056839      0.11677373      0.30095634               0       11.531801      -3.7297014       -3.7297014       11.531801                       11.531801
              4       1.9602402       73.277837     0.027646306      0.13533593      0.30472495               0       11.379883      -3.7297014       -3.7297014       11.379883                       11.379883
              2       2.1012045       72.287771     0.026846539        0.133027      0.30718018               0       11.661812      -3.7297014       -3.7297014       11.661812                       11.661812
             14       2.1289957       72.611849      0.02705213      0.13456028      0.30774232               0       11.717394      -3.7297014       -3.7297014       11.717394                       11.717394
              5       1.6983405       71.568971     0.026317054      0.12266087      0.29210977               0       10.856084      -3.7297014       -3.7297014       10.856084                       10.856084
              1        2.703252        67.66262     0.021779264      0.10947148      0.28809142               0       12.865907      -3.7297014       -3.7297014       12.865907                       12.865907
              3       2.2006134       64.978505       0.0182348      0.10903706       0.3029601               0        11.86063      -3.7297014       -3.7297014        11.86063                        11.86063
             11       1.6413977       67.847381     0.021472728      0.11680967      0.30179985               0       10.742198      -3.7297014       -3.7297014       10.742198                       10.742198
              6       1.8157989       65.784197     0.018931705      0.11197216      0.30397727               0       11.091001      -3.7297014       -3.7297014       11.091001                       11.091001
              9       1.9180199       69.941585     0.024320446      0.11687807      0.28995854               0       11.295443      -3.7297014       -3.7297014       11.295443                       11.295443
              5       1.7216558       65.320679     0.018250356      0.10506926      0.29053158               0       10.902714      -3.7297014       -3.7297014       10.902714                       10.902714
              1       1.4538064       66.845607     0.020234447      0.11154879       0.2963685               0       10.367016      -3.7297014       -3.7297014       10.367016                       10.367016
              1       2.0376133       69.667588     0.023023837      0.12139397      0.29887661               0       11.534629      -3.7297014       -3.7297014       11.534629                       11.534629
              1       2.0643051        72.50553     0.026799828      0.12566185      0.29123892               0       11.588013      -3.7297014       -3.7297014       11.588013                       11.588013
              2       2.0559066       68.032604     0.021161874      0.11349448      0.29232448               0       11.571216      -3.7297014       -3.7297014       11.571216                       11.571216
              3       1.9507719       67.609506      0.02067384      0.11796866      0.30471506               0       11.360947      -3.7297014       -3.7297014       11.360947                       11.360947
              3       1.4512405       68.905379     0.022735676      0.11668537      0.29500129               0       10.361884      -3.7297014       -3.7297014       10.361884                       10.361884
              8       1.6894874       65.831881      0.01904707      0.11108984      0.30176738               0       10.838378      -3.7297014       -3.7297014       10.838378                       10.838378
              1       1.8124889       67.746956     0.021505073      0.11622978      0.30150226               0       11.084381      -3.7297014       -3.7297014       11.084381                       11.084381
              1        1.809718       67.754849     0.021510813      0.11627755      0.30154859               0       11.078839      -3.7297014       -3.7297014       11.078839                       11.078839
              6       1.8174268       64.650313     0.017609236      0.10856036      0.30340658               0       11.094257      -3.7297014       -3.7297014       11.094257                       11.094257
              9       1.6765666       65.170785     0.018323614      0.10832931      0.29971776               0       10.812536      -3.7297014       -3.7297014       10.812536                       10.812536
              8       1.9439524       62.521166     0.015281144      0.10104641      0.29924481               0       11.347308      -3.7297014       -3.7297014       11.347308                       11.347308
             13       1.8024167       70.436884     0.024198506      0.12110657       0.2941721               0       11.064236      -3.7297014       -3.7297014       11.064236                       11.064236
              4       2.1217505        69.47268      0.02323976      0.11514849      0.28806326               0       11.702904      -3.7297014       -3.7297014       11.702904                       11.702904
              4       1.4959124       67.750971     0.021199481       0.1130252      0.29381942               0       10.451228      -3.7297014       -3.7297014       10.451228                       10.451228
              6       2.2007421       71.629495     0.026619767       0.1209489      0.28886967               0       11.860887      -3.7297014       -3.7297014       11.860887                       11.860887
              2       2.4663774       71.877892     0.026889972      0.12022983      0.28600774               0       12.392158      -3.7297014       -3.7297014       12.392158                       12.392158
              9       1.6663597       74.208864     0.029721857      0.13136481      0.29368461               0       10.792122      -3.7297014       -3.7297014       10.792122                       10.792122
              3       1.6537024         74.0288     0.029482754      0.13091212      0.29385269               0       10.766808      -3.7297014       -3.7297014       10.766808                       10.766808
              3       1.6076015        73.89381     0.029283064      0.13150896      0.29565464               0       10.674606      -3.7297014       -3.7297014       10.674606                       10.674606
              3       2.0253528       71.921616      0.02681719      0.12180864      0.28857158               0       11.510108      -3.7297014       -3.7297014       11.510108                       11.510108
             14       2.6397548       74.466961     0.029246578      0.12972316      0.28783485               0       12.738913      -3.7297014       -3.7297014       12.738913                       12.738913
              1       2.5069263       71.311848      0.02534472      0.13177153      0.31022342               0       12.473255      -3.7297014       -3.7297014       12.473255                       12.473255
             10        2.104361       63.011056      0.01586918      0.10328239      0.30172252               0       11.668125      -3.7297014       -3.7297014       11.668125                       11.668125
              1       2.2932117       63.105545     0.015890188      0.10522394      0.30574784               0       12.045826      -3.7297014       -3.7297014       12.045826                       12.045826
              1       2.6508478       63.808414     0.017065754      0.10372611      0.29825761               0       12.761099      -3.7297014       -3.7297014       12.761099                       12.761099
              2        1.660528       69.301726     0.023461267      0.11920195      0.29838732               0       10.780459      -3.7297014       -3.7297014       10.780459                       10.780459
              3       1.5741759       74.513194     0.029782281       0.1319053      0.29237283               0       10.607755      -3.7297014       -3.7297014       10.607755                       10.607755
              1       1.7467246       72.041949      0.02702271      0.12608836      0.29625038               0       10.952852      -3.7297014       -3.7297014       10.952852                       10.952852
              1       3.1763825       70.927781     0.026022423      0.11691404      0.28540594               0       13.812168      -3.7297014       -3.7297014       13.812168                       13.812168
              7       2.7678412       68.956682     0.023318444       0.1118618      0.28564394               0       12.995085      -3.7297014       -3.7297014       12.995085                       12.995085
              3       2.0306143       68.464854     0.021982086      0.11269398      0.28868702               0       11.520632      -3.7297014       -3.7297014       11.520632                       11.520632
              5        1.984812       67.285697     0.020669711      0.10917251      0.28821701               0       11.429027      -3.7297014       -3.7297014       11.429027                       11.429027
              3       2.2682232       66.727518     0.019422781       0.1108006      0.29391512               0       11.995849      -3.7297014       -3.7297014       11.995849                       11.995849
              5       1.7684443        66.30666     0.019191708      0.10882545      0.29263995               0       10.996292      -3.7297014       -3.7297014       10.996292                       10.996292
              4       1.7643483       66.200903     0.019069662      0.10850364      0.29256292               0         10.9881      -3.7297014       -3.7297014         10.9881                         10.9881
              1       2.3814399       72.769245     0.027261606      0.12437704      0.28757761               0       12.222283      -3.7297014       -3.7297014       12.222283                       12.222283
             14       2.0416911       72.653586     0.027117659      0.12522395      0.28982567               0       11.542785      -3.7297014       -3.7297014       11.542785                       11.542785
              1       2.0021393       74.442182     0.029506509      0.13009059      0.28915859               0       11.463681      -3.7297014       -3.7297014       11.463681                       11.463681
              1       2.2395034        71.20556     0.026213951      0.12169721      0.29299508               0        11.93841      -3.7297014       -3.7297014        11.93841                        11.93841
              2       3.8257025       73.381542     0.029364473      0.12262785      0.28345533               0       15.110808      -3.7297014       -3.7297014       15.110808                       15.110808
              1       2.9238014       73.914882     0.029852989      0.13299415      0.29924769               0       13.307006      -3.7297014       -3.7297014       13.307006                       13.307006
              3       2.7611895       72.227971     0.025950081      0.13310189      0.30611421               0       12.981782      -3.7297014       -3.7297014       12.981782                       12.981782
             10       2.5909022       72.808419     0.026689579      0.13376534      0.30389936               0       12.641207      -3.7297014       -3.7297014       12.641207                       12.641207
              1       2.1819313       70.681608     0.024326527      0.12779106      0.30577481               0       11.823266      -3.7297014       -3.7297014       11.823266                       11.823266
              1        1.670101       68.368904     0.021706422      0.11892293      0.30223407               0       10.799605      -3.7297014       -3.7297014       10.799605                       10.799605
              6       1.6074945        72.33602     0.027028311      0.12505342      0.29187936               0       10.674392      -3.7297014       -3.7297014       10.674392                       10.674392
              1       1.6522077       73.161138     0.027680974      0.12963663      0.29511482               0       10.763818      -3.7297014       -3.7297014       10.763818                       10.763818
              1       2.9244306       69.524752     0.022800471      0.11652792      0.28957689               0       13.308264      -3.7297014       -3.7297014       13.308264                       13.308264
              2       3.2002135       71.107411      0.02444169      0.13021433      0.30714409               0        13.85983      -3.7297014       -3.7297014        13.85983                        13.85983
              6       3.5874672       74.715538      0.02871439      0.13952313      0.30252455               0       14.634337      -3.7297014       -3.7297014       14.634337                       14.634337
              5       1.7749053       74.455259     0.029522308      0.13117899      0.29104888               0       11.009214      -3.7297014       -3.7297014       11.009214                       11.009214
             10       3.4321196       70.170674     0.024452899      0.12893279      0.31281928               0       14.323642      -3.7297014       -3.7297014       14.323642                       14.323642
              5       1.9257028        68.74177     0.022329112      0.12165908      0.30607226               0       11.310808      -3.7297014       -3.7297014       11.310808                       11.310808
              1       1.6715091       72.565439     0.027116739      0.13206119      0.30351285               0       10.802421      -3.7297014       -3.7297014       10.802421                       10.802421
              1       1.7677033       72.451961     0.027089715      0.13196465      0.30422895               0        10.99481      -3.7297014       -3.7297014        10.99481                        10.99481
              1       1.5439165       72.032662     0.026801783      0.12739505      0.29841934               0       10.547236      -3.7297014       -3.7297014       10.547236                       10.547236
             10       1.4326584       73.313638     0.028301612      0.13053026      0.29670565               0        10.32472      -3.7297014       -3.7297014        10.32472                        10.32472
              1       2.6178204       68.453369     0.022849733       0.1137341      0.29285522               0       12.695044      -3.7297014       -3.7297014       12.695044                       12.695044
              1       1.9181455       67.001447     0.020335503      0.11618985      0.30555483               0       11.295694      -3.7297014       -3.7297014       11.295694                       11.295694
              1        1.585625       66.869643     0.019870209      0.11360052       0.2999293               0       10.630653      -3.7297014       -3.7297014       10.630653                       10.630653
              3       1.6881501       70.158072     0.023829836      0.12335044      0.30032458               0       10.835703      -3.7297014       -3.7297014       10.835703                       10.835703
              3       2.0653238       69.287163     0.022901532       0.1239142      0.30716256               0       11.590051      -3.7297014       -3.7297014       11.590051                       11.590051
              2       1.6994242       68.659048     0.022405151      0.11988732      0.30321307               0       10.858251      -3.7297014       -3.7297014       10.858251                       10.858251
              2       1.6885946       68.738943     0.022520222      0.11998671      0.30296252               0       10.836592      -3.7297014       -3.7297014       10.836592                       10.836592
              1       1.8915861       69.382521     0.023011674      0.12345452      0.30559273               0       11.242575      -3.7297014       -3.7297014       11.242575                       11.242575
              4        1.568461       70.761195     0.024665504       0.1241345      0.29846168               0       10.596325      -3.7297014       -3.7297014       10.596325                       10.596325
              4       1.7800475       63.401687     0.015597998      0.10448382      0.30033019               0       11.019498      -3.7297014       -3.7297014       11.019498                       11.019498
              3       1.5918984       64.658814     0.017377647      0.10424154      0.29244266               0         10.6432      -3.7297014       -3.7297014         10.6432                         10.6432
              1       2.0828708       66.897602     0.020476837       0.1078514      0.28818779               0       11.625145      -3.7297014       -3.7297014       11.625145                       11.625145
              1       1.6073159       68.417784     0.022254245      0.11405848      0.29258077               0       10.674035      -3.7297014       -3.7297014       10.674035                       10.674035
              4       1.6507774       68.875637     0.022692172      0.11484952      0.29129448               0       10.760958      -3.7297014       -3.7297014       10.760958                       10.760958
              1       1.8734828       69.120946     0.022943973       0.1145705      0.28917358               0       11.206368      -3.7297014       -3.7297014       11.206368                       11.206368
              3       1.8004964       68.553237     0.022054123      0.11405106      0.29098409               0       11.060396      -3.7297014       -3.7297014       11.060396                       11.060396
              7         1.67497       65.209161     0.018067158      0.11033149       0.3034705               0       10.809343      -3.7297014       -3.7297014       10.809343                       10.809343
              4       2.4998844       65.945435     0.019567014       0.1110292      0.30178517               0       12.459172      -3.7297014       -3.7297014       12.459172                       12.459172
              7        2.616913       72.453671     0.027965032      0.12579031      0.29412032               0       12.693229      -3.7297014       -3.7297014       12.693229                       12.693229
              5       2.6043236       68.195929     0.022440899      0.11658766      0.30032717               0        12.66805      -3.7297014       -3.7297014        12.66805                        12.66805
              3       3.9471739       68.419237     0.023151623      0.11423716      0.29486703               0       15.353751      -3.7297014       -3.7297014       15.353751                       15.353751
              1       2.1160158       67.902186     0.021977763      0.11354033      0.29531747               0       11.691435      -3.7297014       -3.7297014       11.691435                       11.691435
              7       3.3058099       64.604566     0.018092746      0.10085511      0.28653368               0       14.071023      -3.7297014       -3.7297014       14.071023                       14.071023
              5       2.2681008       68.461179     0.022642084       0.1176841      0.30077306               0       11.995604      -3.7297014       -3.7297014       11.995604                       11.995604
              1       2.2762875       68.465035     0.022651365      0.11767208      0.30073333               0       12.011978      -3.7297014       -3.7297014       12.011978                       12.011978
              4       1.9150987       68.107896     0.022128919      0.11318255       0.2930908               0         11.2896      -3.7297014       -3.7297014         11.2896                         11.2896
              3       1.8283946       66.785779     0.020098416      0.11510467      0.30456694               0       11.116192      -3.7297014       -3.7297014       11.116192                       11.116192
              2       1.8953561       73.104737     0.027540661      0.13490246      0.30516096               0       11.250115      -3.7297014       -3.7297014       11.250115                       11.250115
              1       2.0182082        73.42559     0.028146743      0.13665645      0.30687738               0       11.495819      -3.7297014       -3.7297014       11.495819                       11.495819
              9       1.7074663       73.548197     0.028423936      0.13526026      0.30378645               0       10.874335      -3.7297014       -3.7297014       10.874335                       10.874335
              5       1.4658756       73.688137     0.028614388      0.13368548      0.30008427               0       10.391154      -3.7297014       -3.7297014       10.391154                       10.391154
              3       2.9055996       70.800682     0.025278146      0.12943639      0.30992787               0       13.270602      -3.7297014       -3.7297014       13.270602                       13.270602
              2       1.6328059       71.188989     0.025834153      0.12234293      0.29365622               0       10.725015      -3.7297014       -3.7297014       10.725015                       10.725015
              3       1.6804797       71.168902     0.025837546       0.1219931      0.29313803               0       10.820362      -3.7297014       -3.7297014       10.820362                       10.820362
              3       1.8581887       68.677032     0.022007027      0.12072956       0.3039959               0        11.17578      -3.7297014       -3.7297014        11.17578                        11.17578
              3       2.1683666       69.338362     0.022793181      0.12421603      0.30711154               0       11.796136      -3.7297014       -3.7297014       11.796136                       11.796136
              3       2.0427581       68.297138      0.02240905      0.11610499      0.29833467               0       11.544919      -3.7297014       -3.7297014       11.544919                       11.544919
              1       1.5482791        68.60043     0.022502582      0.11540176      0.29440697               0       10.555961      -3.7297014       -3.7297014       10.555961                       10.555961
              5       1.5077332       71.820571     0.026480198      0.12454267      0.29403119               0       10.474869      -3.7297014       -3.7297014       10.474869                       10.474869
              3       2.1041032       73.456186     0.028416353       0.1364042      0.30665396               0       11.667609      -3.7297014       -3.7297014       11.667609                       11.667609
              1       4.6739986       71.034223     0.026422719      0.12663689      0.30461353               0         16.8074      -3.7297014       -3.7297014         16.8074                         16.8074
             10       3.8529221       65.217549     0.018978851      0.10932864      0.30317814               0       15.165247      -3.7297014       -3.7297014       15.165247                       15.165247
              2       3.8235865       64.864337     0.018562799      0.10790982      0.30212791               0       15.106576      -3.7297014       -3.7297014       15.106576                       15.106576
              1       1.6092668       67.638474     0.021372934      0.11297097       0.2950582               0       10.677937      -3.7297014       -3.7297014       10.677937                       10.677937
              2       1.4670361       64.715752     0.017371833      0.10624521      0.29669859               0       10.393475      -3.7297014       -3.7297014       10.393475                       10.393475
              5       2.1881894       67.939353     0.020847805       0.1174071      0.30092374               0       11.835782      -3.7297014       -3.7297014       11.835782                       11.835782
              3       2.5715278       66.161522     0.018749041       0.1077639       0.2904889               0       12.602458      -3.7297014       -3.7297014       12.602458                       12.602458
              3       2.4106961       66.355362     0.019036091      0.10828094      0.29062044               0       12.280795      -3.7297014       -3.7297014       12.280795                       12.280795
              4       1.9517309       65.989531     0.018587275      0.11035391      0.29758136               0       11.362865      -3.7297014       -3.7297014       11.362865                       11.362865
              2       2.4944324       67.083499     0.020754512      0.10708841      0.28551436               0       12.448268      -3.7297014       -3.7297014       12.448268                       12.448268
              2       2.6744711       72.545351     0.027738052      0.12137706      0.28456042               0       12.808345      -3.7297014       -3.7297014       12.808345                       12.808345
              1       1.9568724       71.534915     0.025986345      0.12978305       0.3056597               0       11.373148      -3.7297014       -3.7297014       11.373148                       11.373148
              1       1.8264396       72.150777     0.026473542      0.13169324      0.30506918               0       11.112282      -3.7297014       -3.7297014       11.112282                       11.112282
              9        1.673988       74.609193     0.029590032      0.13866742      0.30342337               0       10.807379      -3.7297014       -3.7297014       10.807379                       10.807379
              1       1.8971061       71.879218     0.026315303      0.13096005      0.30565327               0       11.253615      -3.7297014       -3.7297014       11.253615                       11.253615
              7        1.760668       66.880933     0.020459283      0.10946167      0.29189215               0       10.980739      -3.7297014       -3.7297014       10.980739                       10.980739
              2       1.7710042       67.010779     0.020701431      0.11126514      0.29531754               0       11.001411      -3.7297014       -3.7297014       11.001411                       11.001411
              3       1.6930471       66.724694     0.020280914      0.10990204      0.29384919               0       10.845497      -3.7297014       -3.7297014       10.845497                       10.845497
              2       1.6591975       65.290108     0.018461191      0.10860479      0.29959221               0       10.777798      -3.7297014       -3.7297014       10.777798                       10.777798
              1       1.5396544       65.710501     0.018790141      0.11050372      0.30093079               0       10.538712      -3.7297014       -3.7297014       10.538712                       10.538712
              5       1.5401641       65.799319     0.018895193      0.11076772      0.30097132               0       10.539731      -3.7297014       -3.7297014       10.539731                       10.539731
              8       1.7498519       71.349938     0.025259374      0.12676328      0.29988682               0       10.959107      -3.7297014       -3.7297014       10.959107                       10.959107
              1       1.5783324       71.619984     0.025729057      0.12711915      0.29923906               0       10.616068      -3.7297014       -3.7297014       10.616068                       10.616068
              2       1.7966259       62.985013     0.015406808      0.10486487      0.30479558               0       11.052655      -3.7297014       -3.7297014       11.052655                       11.052655
              2       2.2276617       68.407739     0.021724889      0.12179821      0.30807474               0       11.914726      -3.7297014       -3.7297014       11.914726                       11.914726
              2       1.4676793       65.454764      0.01851461       0.1087782      0.29861626               0       10.394761      -3.7297014       -3.7297014       10.394761                       10.394761
              2       1.7967845       69.801834     0.024032257      0.11674466      0.29025547               0       11.052972      -3.7297014       -3.7297014       11.052972                       11.052972
              6       2.5149037       70.120571     0.024935959      0.11936074      0.29478126               0        12.48921      -3.7297014       -3.7297014        12.48921                        12.48921
              2       1.8326478       72.099563      0.02614001      0.12871453      0.29913101               0       11.124698      -3.7297014       -3.7297014       11.124698                       11.124698
              1       2.1317622         69.8819      0.02350257      0.11783388       0.2907365               0       11.722927      -3.7297014       -3.7297014       11.722927                       11.722927
              9        3.226057       73.993195     0.028716128      0.12628694      0.28428751               0       13.911517      -3.7297014       -3.7297014       13.911517                       13.911517
              4       4.3210897       74.810583     0.029852129      0.12599103       0.2796102               0       16.101582      -3.7297014       -3.7297014       16.101582                       16.101582
              2       4.2222942       67.762412      0.02123761      0.10573018      0.27791599               0       15.903991      -3.7297014       -3.7297014       15.903991                       15.903991
              3       4.4068216        67.14824     0.020448496      0.10397329      0.27737652               0       16.273046      -3.7297014       -3.7297014       16.273046                       16.273046
              4       1.5930673       69.371881     0.023298925      0.11660452      0.29204948               0       10.645538      -3.7297014       -3.7297014       10.645538                       10.645538
              1       2.6072855       72.507118     0.026386803      0.12822619      0.29531824               0       12.673974      -3.7297014       -3.7297014       12.673974                       12.673974
              4       2.5657459       72.287972     0.026046617      0.12993786      0.29973607               0       12.590895      -3.7297014       -3.7297014       12.590895                       12.590895
              3       3.3887908       70.103225     0.023621406      0.13024639      0.31440253               0       14.236984      -3.7297014       -3.7297014       14.236984                       14.236984
              1       3.3804006       70.393666     0.023950639      0.13111771      0.31423625               0       14.220204      -3.7297014       -3.7297014       14.220204                       14.220204
              5       1.9329307       70.522464     0.024211269      0.12631702      0.30396084               0       11.325264      -3.7297014       -3.7297014       11.325264                       11.325264
              5       2.7898341       70.598758     0.024711014      0.12989539      0.31148632               0       13.039071      -3.7297014       -3.7297014       13.039071                       13.039071
              3        1.916758       71.672017     0.026601498      0.12616592      0.29864744               0       11.292919      -3.7297014       -3.7297014       11.292919                       11.292919
              3        2.693889       70.879518     0.025970396      0.12070859      0.29324418               0       12.847181      -3.7297014       -3.7297014       12.847181                       12.847181
              2       4.0591809       71.382898     0.026491195      0.11518077      0.27929662               0       15.577765      -3.7297014       -3.7297014       15.577765                       15.577765
              1       2.7155792       69.828693     0.023411307      0.11595963      0.28714878               0       12.890561      -3.7297014       -3.7297014       12.890561                       12.890561
             10        2.467151       70.754255     0.024648092      0.11874126      0.28771225               0       12.393705      -3.7297014       -3.7297014       12.393705                       12.393705
              1       1.4186252       66.084417     0.019114292      0.11007306       0.2972911               0       10.296653      -3.7297014       -3.7297014       10.296653                       10.296653
              4       2.7017792       67.545142     0.021717822      0.11072616      0.29170983               0       12.862961      -3.7297014       -3.7297014       12.862961                       12.862961
              8       1.6236706       72.767846     0.027303738      0.12748385      0.29353549               0       10.706744      -3.7297014       -3.7297014       10.706744                       10.706744
              3       1.4513033       73.810365     0.028813753          0.1312      0.29489495               0        10.36201      -3.7297014       -3.7297014        10.36201                        10.36201
              5       1.4546969       73.805349     0.028681032      0.13384795      0.29955249               0       10.368797      -3.7297014       -3.7297014       10.368797                       10.368797
              7       2.2573163       72.622689     0.027919644      0.12977442      0.30022099               0       11.974035      -3.7297014       -3.7297014       11.974035                       11.974035
              3       2.1322182       74.008463     0.029300228      0.13728662      0.30531909               0       11.723839      -3.7297014       -3.7297014       11.723839                       11.723839
              3        2.106794       74.067533     0.029347932      0.13754892      0.30539739               0       11.672991      -3.7297014       -3.7297014       11.672991                       11.672991
              3       1.7667531       70.092717     0.024386089      0.12320387      0.30171876               0       10.992909      -3.7297014       -3.7297014       10.992909                       10.992909
              5       1.8513287       71.610238     0.026536288      0.12474295      0.29626092               0        11.16206      -3.7297014       -3.7297014        11.16206                        11.16206
              5       1.6703641       74.418256     0.029912387      0.13519643      0.29929696               0       10.800131      -3.7297014       -3.7297014       10.800131                       10.800131
              2       2.9559293       71.838768     0.027136468      0.11981945      0.28600181               0       13.371262      -3.7297014       -3.7297014       13.371262                       13.371262
              7         2.90068       71.835001     0.027103736      0.11981981      0.28596906               0       13.260763      -3.7297014       -3.7297014       13.260763                       13.260763
              1       2.5855605       72.212269     0.027123623      0.12053555      0.28439953               0       12.630524      -3.7297014       -3.7297014       12.630524                       12.630524
              6       2.0509992       64.401255     0.017260831      0.10140258      0.28765987               0       11.561401      -3.7297014       -3.7297014       11.561401                       11.561401
              1       2.6576882       65.384407       0.0179384      0.10427356      0.28737457               0       12.774779      -3.7297014       -3.7297014       12.774779                       12.774779
              2        2.008668       67.174836     0.020009887       0.1131574      0.29653772               0       11.476739      -3.7297014       -3.7297014       11.476739                       11.476739
              2       4.3021346       71.511412     0.024622403      0.12820768      0.30011295               0       16.063672      -3.7297014       -3.7297014       16.063672                       16.063672
              4       1.4211053       67.085625     0.020451696      0.11279714      0.29750812               0       10.301613      -3.7297014       -3.7297014       10.301613                       10.301613
              8       1.5616656       65.570822     0.018570727      0.10654559      0.29249795               0       10.582734      -3.7297014       -3.7297014       10.582734                       10.582734
              1       1.5625593       65.028004     0.017909931      0.10512549       0.2924806               0       10.584521      -3.7297014       -3.7297014       10.584521                       10.584521
              1       2.6107059       65.256517     0.017605103      0.11247701      0.30698348               0       12.680815      -3.7297014       -3.7297014       12.680815                       12.680815
              2       3.3585491       66.403959     0.019687678      0.11795023      0.31360129               0       14.176501      -3.7297014       -3.7297014       14.176501                       14.176501
              8       3.5619281        65.25327       0.0188732      0.10147688      0.28415812               0       14.583259      -3.7297014       -3.7297014       14.583259                       14.583259
              1       2.7244443       66.265558     0.019942632      0.10513226      0.28630261               0       12.908292      -3.7297014       -3.7297014       12.908292                       12.908292
              4       1.6314584       62.806091      0.01541401      0.10258305      0.30076824               0        10.72232      -3.7297014       -3.7297014        10.72232                        10.72232
              1       2.6733956       65.849635     0.019538112       0.1100792      0.30040637               0       12.806194      -3.7297014       -3.7297014       12.806194                       12.806194
              4       1.9212153       72.029102     0.026977903      0.12841782      0.30075963               0       11.301834      -3.7297014       -3.7297014       11.301834                       11.301834
              5       1.8427387       71.873406     0.026743923      0.12786533      0.30054163               0        11.14488      -3.7297014       -3.7297014        11.14488                        11.14488
             10       1.5982575       74.257018      0.02963201      0.13486753      0.29949319               0       10.655918      -3.7297014       -3.7297014       10.655918                       10.655918
              5       1.5907735       68.132378     0.021802425      0.11743347      0.30133434               0        10.64095      -3.7297014       -3.7297014        10.64095                        10.64095
              2       1.4129649       65.559798     0.018513329      0.10871332      0.29750626               0       10.285333      -3.7297014       -3.7297014       10.285333                       10.285333
             19       2.3264505       65.624214     0.019139356      0.10507435      0.28992628               0       12.112304      -3.7297014       -3.7297014       12.112304                       12.112304
              5       2.3214128       66.650068     0.020387656      0.10744362      0.28921368               0       12.102228      -3.7297014       -3.7297014       12.102228                       12.102228
              3       1.9862063       67.975811     0.021722678      0.11827941      0.30438222               0       11.431816      -3.7297014       -3.7297014       11.431816                       11.431816
              1       2.5963495       72.522075     0.026459159      0.13483828      0.30790582               0       12.652102      -3.7297014       -3.7297014       12.652102                       12.652102
              1       2.6218033       65.826805     0.019050582      0.11433857      0.30931938               0        12.70301      -3.7297014       -3.7297014        12.70301                        12.70301
              2       1.6264234       65.718102     0.018972271      0.10960564      0.29920343               0        10.71225      -3.7297014       -3.7297014        10.71225                        10.71225
              3       1.4251311       65.422658     0.018432227      0.10783823      0.29652081               0       10.309665      -3.7297014       -3.7297014       10.309665                       10.309665
              3       1.5830373       69.760185     0.023413317      0.12164173      0.29939315               0       10.625478      -3.7297014       -3.7297014       10.625478                       10.625478
              1       1.4478873       70.425689     0.024426535      0.12194878      0.29642346               0       10.355178      -3.7297014       -3.7297014       10.355178                       10.355178
              2       1.5109136       69.071159     0.022991183      0.11926031      0.29951974               0        10.48123      -3.7297014       -3.7297014        10.48123                        10.48123
              1       1.4123587       69.895307     0.023900088        0.120731      0.29736889               0        10.28412      -3.7297014       -3.7297014        10.28412                        10.28412
              1       3.4740391       69.484478      0.02419315      0.11221061      0.28385515               0       14.407481      -3.7297014       -3.7297014       14.407481                       14.407481
              3       3.2297018       72.932537     0.028654547      0.12262055      0.28560783               0       13.918806      -3.7297014       -3.7297014       13.918806                       13.918806
              3       3.6480667       73.049348     0.028965657      0.12283867      0.28568691               0       14.755536      -3.7297014       -3.7297014       14.755536                       14.755536
              9       3.5838912       70.515348     0.024749335       0.1138898      0.28011196               0       14.627185      -3.7297014       -3.7297014       14.627185                       14.627185
              1        3.410917       68.948703     0.022887583      0.10982896      0.28052759               0       14.281237      -3.7297014       -3.7297014       14.281237                       14.281237
              1       2.9316289       70.930915     0.024854205      0.11808328      0.28538275               0       13.322661      -3.7297014       -3.7297014       13.322661                       13.322661
              7       2.4172846       72.467765     0.026942347      0.12304969      0.28683989               0       12.293972      -3.7297014       -3.7297014       12.293972                       12.293972
              9       2.0619254       72.484016     0.027737391      0.12791588       0.2974865               0       11.583254      -3.7297014       -3.7297014       11.583254                       11.583254
              1        5.233931       63.778399     0.015408962      0.11144338      0.31343751               0       17.927265      -3.7297014       -3.7297014       17.927265                       17.927265
              3       5.3773654       66.631486     0.018570594      0.11271698      0.29715988               0       18.214134      -3.7297014       -3.7297014       18.214134                       18.214134
              8       3.5886097        70.01346     0.023040804      0.12784583      0.30912757               0       14.636622      -3.7297014       -3.7297014       14.636622                       14.636622
              1       3.7299484       69.025848      0.02207538      0.12706357      0.31436867               0         14.9193      -3.7297014       -3.7297014         14.9193                         14.9193
              5       1.6709129       72.037448     0.026245812      0.12997687       0.3022835               0       10.801229      -3.7297014       -3.7297014       10.801229                       10.801229
              2       1.4747583       65.637213     0.018478456      0.10966537      0.29893378               0        10.40892      -3.7297014       -3.7297014        10.40892                        10.40892
              3       1.4851528       67.526389     0.020893476      0.11548917      0.30050964               0       10.429708      -3.7297014       -3.7297014       10.429708                       10.429708
             12       2.0872818       67.186531      0.02001306      0.11268573      0.29539663               0       11.633967      -3.7297014       -3.7297014       11.633967                       11.633967
              3       2.4503186       69.525283     0.022785289      0.11862766      0.29388497               0        12.36004      -3.7297014       -3.7297014        12.36004                        12.36004
              3       1.9994289       69.460512     0.022785956       0.1215017      0.30039155               0       11.458261      -3.7297014       -3.7297014       11.458261                       11.458261
              8       2.1654196       67.974614     0.021479275      0.12005594        0.307711               0       11.790242      -3.7297014       -3.7297014       11.790242                       11.790242
              1       1.6054446       73.865815     0.028537122      0.13487703       0.3006846               0       10.670292      -3.7297014       -3.7297014       10.670292                       10.670292
              4        1.551958       73.485366     0.028093633      0.13226648      0.29815054               0       10.563319      -3.7297014       -3.7297014       10.563319                       10.563319
              1        1.754002       71.075874     0.024937849      0.12668228      0.30140717               0       10.967407      -3.7297014       -3.7297014       10.967407                       10.967407
